日付,開催場,R,race_id,racekey,発走,番組表示,馬番,馬名,コンピ順位,コンピ指数,コンピ元表示,source_url,source_status
2026-08-29,新潟,2,202604030302,04263302,10:15,2R ダ1800 ３歳未勝利 10:15,1,ロマンス,11,46,2R ３歳未勝利 ダ1800m,https://goku-uma.nikkansports.com/chuo/compi_detail_v1.php?kaicode=12026040829000,PASS_LOGGED_IN_DOM
2026-08-29,新潟,2,202604030302,04263302,10:15,2R ダ1800 ３歳未勝利 10:15,2,オーパパ,9,48,2R ３歳未勝利 ダ1800m,https://goku-uma.nikkansports.com/chuo/compi_detail_v1.php?kaicode=12026040829000,PASS_LOGGED_IN_DOM
2026-08-29,新潟,2,202604030302,04263302,10:15,2R ダ1800 ３歳未勝利 10:15,3,ネイティヴプライド,6,54,2R ３歳未勝利 ダ1800m,https://goku-uma.nikkansports.com/chuo/compi_detail_v1.php?kaicode=12026040829000,PASS_LOGGED_IN_DOM
2026-08-29,新潟,2,202604030302,04263302,10:15,2R ダ1800 ３歳未勝利 10:15,4,ダイヒョウカーク,10,47,2R ３歳未勝利 ダ1800m,https://goku-uma.nikkansports.com/chuo/compi_detail_v1.php?kaicode=12026040829000,PASS_LOGGED_IN_DOM
2026-08-29,新潟,2,202604030302,04263302,10:15,2R ダ1800 ３歳未勝利 10:15,5,プリヴィマーク,14,41,2R ３歳未勝利 ダ1800m,https://goku-uma.nikkansports.com/chuo/compi_detail_v1.php?kaicode=12026040829000,PASS_LOGGED_IN_DOM
2026-08-29,新潟,2,202604030302,04263302,10:15,2R ダ1800 ３歳未勝利 10:15,6,ガードオブオナー,4,64,2R ３歳未勝利 ダ1800m,https://goku-uma.nikkansports.com/chuo/compi_detail_v1.php?kaicode=12026040829000,PASS_LOGGED_IN_DOM
2026-08-29,新潟,2,202604030302,04263302,10:15,2R ダ1800 ３歳未勝利 10:15,7,ゴールドプレイヤー,1,70,2R ３歳未勝利 ダ1800m,https://goku-uma.nikkansports.com/chuo/compi_detail_v1.php?kaicode=12026040829000,PASS_LOGGED_IN_DOM
2026-08-29,新潟,2,202604030302,04263302,10:15,2R ダ1800 ３歳未勝利 10:15,8,エターナルホープ,5,63,2R ３歳未勝利 ダ1800m,https://goku-uma.nikkansports.com/chuo/compi_detail_v1.php?kaicode=12026040829000,PASS_LOGGED_IN_DOM
2026-08-29,新潟,2,202604030302,04263302,10:15,2R ダ1800 ３歳未勝利 10:15,9,オウケンサクラコ,8,52,2R ３歳未勝利 ダ1800m,https://goku-uma.nikkansports.com/chuo/compi_detail_v1.php?kaicode=12026040829000,PASS_LOGGED_IN_DOM
2026-08-29,新潟,2,202604030302,04263302,10:15,2R ダ1800 ３歳未勝利 10:15,10,マーゴットライズ,7,53,2R ３歳未勝利 ダ1800m,https://goku-uma.nikkansports.com/chuo/compi_detail_v1.php?kaicode=12026040829000,PASS_LOGGED_IN_DOM
2026-08-29,新潟,2,202604030302,04263302,10:15,2R ダ1800 ３歳未勝利 10:15,11,アデルフィー,2,69,2R ３歳未勝利 ダ1800m,https://goku-uma.nikkansports.com/chuo/compi_detail_v1.php?kaicode=12026040829000,PASS_LOGGED_IN_DOM
2026-08-29,新潟,2,202604030302,04263302,10:15,2R ダ1800 ３歳未勝利 10:15,12,ヌビアン,13,42,2R ３歳未勝利 ダ1800m,https://goku-uma.nikkansports.com/chuo/compi_detail_v1.php?kaicode=12026040829000,PASS_LOGGED_IN_DOM
2026-08-29,新潟,2,202604030302,04263302,10:15,2R ダ1800 ３歳未勝利 10:15,13,バターショコラ,12,43,2R ３歳未勝利 ダ1800m,https://goku-uma.nikkansports.com/chuo/compi_detail_v1.php?kaicode=12026040829000,PASS_LOGGED_IN_DOM
2026-08-29,新潟,2,202604030302,04263302,10:15,2R ダ1800 ３歳未勝利 10:15,14,ハチマン,15,40,2R ３歳未勝利 ダ1800m,https://goku-uma.nikkansports.com/chuo/compi_detail_v1.php?kaicode=12026040829000,PASS_LOGGED_IN_DOM
2026-08-29,新潟,2,202604030302,04263302,10:15,2R ダ1800 ３歳未勝利 10:15,15,カシマライフウ,3,67,2R ３歳未勝利 ダ1800m,https://goku-uma.nikkansports.com/chuo/compi_detail_v1.php?kaicode=12026040829000,PASS_LOGGED_IN_DOM
2026-08-29,新潟,3,202604030303,04263303,10:45,3R 芝1600 ２歳未勝利 10:45,1,マムダッドベル,11,40,3R ２歳未勝利 芝1600m,https://goku-uma.nikkansports.com/chuo/compi_detail_v1.php?kaicode=12026040829000,PASS_LOGGED_IN_DOM
2026-08-29,新潟,3,202604030303,04263303,10:45,3R 芝1600 ２歳未勝利 10:45,2,ノルトハウゼン,3,62,3R ２歳未勝利 芝1600m,https://goku-uma.nikkansports.com/chuo/compi_detail_v1.php?kaicode=12026040829000,PASS_LOGGED_IN_DOM
2026-08-29,新潟,3,202604030303,04263303,10:45,3R 芝1600 ２歳未勝利 10:45,3,ルクスマグナ,7,54,3R ２歳未勝利 芝1600m,https://goku-uma.nikkansports.com/chuo/compi_detail_v1.php?kaicode=12026040829000,PASS_LOGGED_IN_DOM
2026-08-29,新潟,3,202604030303,04263303,10:45,3R 芝1600 ２歳未勝利 10:45,4,ビスクヴィート,9,42,3R ２歳未勝利 芝1600m,https://goku-uma.nikkansports.com/chuo/compi_detail_v1.php?kaicode=12026040829000,PASS_LOGGED_IN_DOM
2026-08-29,新潟,3,202604030303,04263303,10:45,3R 芝1600 ２歳未勝利 10:45,5,アルアンダルス,8,48,3R ２歳未勝利 芝1600m,https://goku-uma.nikkansports.com/chuo/compi_detail_v1.php?kaicode=12026040829000,PASS_LOGGED_IN_DOM
2026-08-29,新潟,3,202604030303,04263303,10:45,3R 芝1600 ２歳未勝利 10:45,6,ホウオウビリーヴ,5,56,3R ２歳未勝利 芝1600m,https://goku-uma.nikkansports.com/chuo/compi_detail_v1.php?kaicode=12026040829000,PASS_LOGGED_IN_DOM
2026-08-29,新潟,3,202604030303,04263303,10:45,3R 芝1600 ２歳未勝利 10:45,7,レーゲンシャウアー,10,41,3R ２歳未勝利 芝1600m,https://goku-uma.nikkansports.com/chuo/compi_detail_v1.php?kaicode=12026040829000,PASS_LOGGED_IN_DOM
2026-08-29,新潟,3,202604030303,04263303,10:45,3R 芝1600 ２歳未勝利 10:45,8,アウアリイ,2,73,3R ２歳未勝利 芝1600m,https://goku-uma.nikkansports.com/chuo/compi_detail_v1.php?kaicode=12026040829000,PASS_LOGGED_IN_DOM
2026-08-29,新潟,3,202604030303,04263303,10:45,3R 芝1600 ２歳未勝利 10:45,9,パープルタウン,6,55,3R ２歳未勝利 芝1600m,https://goku-uma.nikkansports.com/chuo/compi_detail_v1.php?kaicode=12026040829000,PASS_LOGGED_IN_DOM
2026-08-29,新潟,3,202604030303,04263303,10:45,3R 芝1600 ２歳未勝利 10:45,10,サウンドシェリー,1,82,3R ２歳未勝利 芝1600m,https://goku-uma.nikkansports.com/chuo/compi_detail_v1.php?kaicode=12026040829000,PASS_LOGGED_IN_DOM
2026-08-29,新潟,3,202604030303,04263303,10:45,3R 芝1600 ２歳未勝利 10:45,11,キムケンシーサー,4,57,3R ２歳未勝利 芝1600m,https://goku-uma.nikkansports.com/chuo/compi_detail_v1.php?kaicode=12026040829000,PASS_LOGGED_IN_DOM
2026-08-29,新潟,4,202604030304,04263304,11:15,4R 芝1400 ２歳新馬 11:15,1,ポケットブック,14,44,4R ２歳新馬 芝1400m,https://goku-uma.nikkansports.com/chuo/compi_detail_v1.php?kaicode=12026040829000,PASS_LOGGED_IN_DOM
2026-08-29,新潟,4,202604030304,04263304,11:15,4R 芝1400 ２歳新馬 11:15,2,ジェイエルキール,15,43,4R ２歳新馬 芝1400m,https://goku-uma.nikkansports.com/chuo/compi_detail_v1.php?kaicode=12026040829000,PASS_LOGGED_IN_DOM
2026-08-29,新潟,4,202604030304,04263304,11:15,4R 芝1400 ２歳新馬 11:15,3,クラウンロムパイア,18,40,4R ２歳新馬 芝1400m,https://goku-uma.nikkansports.com/chuo/compi_detail_v1.php?kaicode=12026040829000,PASS_LOGGED_IN_DOM
2026-08-29,新潟,4,202604030304,04263304,11:15,4R 芝1400 ２歳新馬 11:15,4,エクラドリオン,1,86,4R ２歳新馬 芝1400m,https://goku-uma.nikkansports.com/chuo/compi_detail_v1.php?kaicode=12026040829000,PASS_LOGGED_IN_DOM
2026-08-29,新潟,4,202604030304,04263304,11:15,4R 芝1400 ２歳新馬 11:15,5,ショウナンバッカス,9,49,4R ２歳新馬 芝1400m,https://goku-uma.nikkansports.com/chuo/compi_detail_v1.php?kaicode=12026040829000,PASS_LOGGED_IN_DOM
2026-08-29,新潟,4,202604030304,04263304,11:15,4R 芝1400 ２歳新馬 11:15,6,ヨツバ,13,45,4R ２歳新馬 芝1400m,https://goku-uma.nikkansports.com/chuo/compi_detail_v1.php?kaicode=12026040829000,PASS_LOGGED_IN_DOM
2026-08-29,新潟,4,202604030304,04263304,11:15,4R 芝1400 ２歳新馬 11:15,7,タワーウマザンマイ,7,52,4R ２歳新馬 芝1400m,https://goku-uma.nikkansports.com/chuo/compi_detail_v1.php?kaicode=12026040829000,PASS_LOGGED_IN_DOM
2026-08-29,新潟,4,202604030304,04263304,11:15,4R 芝1400 ２歳新馬 11:15,8,チョトツモウシン,12,46,4R ２歳新馬 芝1400m,https://goku-uma.nikkansports.com/chuo/compi_detail_v1.php?kaicode=12026040829000,PASS_LOGGED_IN_DOM
2026-08-29,新潟,4,202604030304,04263304,11:15,4R 芝1400 ２歳新馬 11:15,9,ニシノムホウモノ,10,48,4R ２歳新馬 芝1400m,https://goku-uma.nikkansports.com/chuo/compi_detail_v1.php?kaicode=12026040829000,PASS_LOGGED_IN_DOM
2026-08-29,新潟,4,202604030304,04263304,11:15,4R 芝1400 ２歳新馬 11:15,10,レッドアバンドーネ,5,57,4R ２歳新馬 芝1400m,https://goku-uma.nikkansports.com/chuo/compi_detail_v1.php?kaicode=12026040829000,PASS_LOGGED_IN_DOM
2026-08-29,新潟,4,202604030304,04263304,11:15,4R 芝1400 ２歳新馬 11:15,11,アヴァンデセール,11,47,4R ２歳新馬 芝1400m,https://goku-uma.nikkansports.com/chuo/compi_detail_v1.php?kaicode=12026040829000,PASS_LOGGED_IN_DOM
2026-08-29,新潟,4,202604030304,04263304,11:15,4R 芝1400 ２歳新馬 11:15,12,セレスティナ,2,70,4R ２歳新馬 芝1400m,https://goku-uma.nikkansports.com/chuo/compi_detail_v1.php?kaicode=12026040829000,PASS_LOGGED_IN_DOM
2026-08-29,新潟,4,202604030304,04263304,11:15,4R 芝1400 ２歳新馬 11:15,13,イントリー,4,58,4R ２歳新馬 芝1400m,https://goku-uma.nikkansports.com/chuo/compi_detail_v1.php?kaicode=12026040829000,PASS_LOGGED_IN_DOM
2026-08-29,新潟,4,202604030304,04263304,11:15,4R 芝1400 ２歳新馬 11:15,14,イデアモッコス,16,42,4R ２歳新馬 芝1400m,https://goku-uma.nikkansports.com/chuo/compi_detail_v1.php?kaicode=12026040829000,PASS_LOGGED_IN_DOM
2026-08-29,新潟,4,202604030304,04263304,11:15,4R 芝1400 ２歳新馬 11:15,15,コメットサン,3,59,4R ２歳新馬 芝1400m,https://goku-uma.nikkansports.com/chuo/compi_detail_v1.php?kaicode=12026040829000,PASS_LOGGED_IN_DOM
2026-08-29,新潟,4,202604030304,04263304,11:15,4R 芝1400 ２歳新馬 11:15,16,ホワイトホール,8,50,4R ２歳新馬 芝1400m,https://goku-uma.nikkansports.com/chuo/compi_detail_v1.php?kaicode=12026040829000,PASS_LOGGED_IN_DOM
2026-08-29,新潟,4,202604030304,04263304,11:15,4R 芝1400 ２歳新馬 11:15,17,モチロンコクラ,17,41,4R ２歳新馬 芝1400m,https://goku-uma.nikkansports.com/chuo/compi_detail_v1.php?kaicode=12026040829000,PASS_LOGGED_IN_DOM
2026-08-29,新潟,4,202604030304,04263304,11:15,4R 芝1400 ２歳新馬 11:15,18,ショウナンワンパク,6,56,4R ２歳新馬 芝1400m,https://goku-uma.nikkansports.com/chuo/compi_detail_v1.php?kaicode=12026040829000,PASS_LOGGED_IN_DOM
2026-08-29,新潟,5,202604030305,04263305,11:45,5R 芝2200 ３歳未勝利 11:45,1,ローレルエース,16,42,5R ３歳未勝利 芝2200m,https://goku-uma.nikkansports.com/chuo/compi_detail_v1.php?kaicode=12026040829000,PASS_LOGGED_IN_DOM
2026-08-29,新潟,5,202604030305,04263305,11:45,5R 芝2200 ３歳未勝利 11:45,2,イクオクコウネン,3,62,5R ３歳未勝利 芝2200m,https://goku-uma.nikkansports.com/chuo/compi_detail_v1.php?kaicode=12026040829000,PASS_LOGGED_IN_DOM
2026-08-29,新潟,5,202604030305,04263305,11:45,5R 芝2200 ３歳未勝利 11:45,3,レイランディ,10,48,5R ３歳未勝利 芝2200m,https://goku-uma.nikkansports.com/chuo/compi_detail_v1.php?kaicode=12026040829000,PASS_LOGGED_IN_DOM
2026-08-29,新潟,5,202604030305,04263305,11:45,5R 芝2200 ３歳未勝利 11:45,4,ブリックアブラック,15,43,5R ３歳未勝利 芝2200m,https://goku-uma.nikkansports.com/chuo/compi_detail_v1.php?kaicode=12026040829000,PASS_LOGGED_IN_DOM
2026-08-29,新潟,5,202604030305,04263305,11:45,5R 芝2200 ３歳未勝利 11:45,5,ピクシーゲイル,18,40,5R ３歳未勝利 芝2200m,https://goku-uma.nikkansports.com/chuo/compi_detail_v1.php?kaicode=12026040829000,PASS_LOGGED_IN_DOM
2026-08-29,新潟,5,202604030305,04263305,11:45,5R 芝2200 ３歳未勝利 11:45,6,サヴマ,5,57,5R ３歳未勝利 芝2200m,https://goku-uma.nikkansports.com/chuo/compi_detail_v1.php?kaicode=12026040829000,PASS_LOGGED_IN_DOM
2026-08-29,新潟,5,202604030305,04263305,11:45,5R 芝2200 ３歳未勝利 11:45,7,ヤマメホープ,1,79,5R ３歳未勝利 芝2200m,https://goku-uma.nikkansports.com/chuo/compi_detail_v1.php?kaicode=12026040829000,PASS_LOGGED_IN_DOM
2026-08-29,新潟,5,202604030305,04263305,11:45,5R 芝2200 ３歳未勝利 11:45,8,ピグマリオン,14,44,5R ３歳未勝利 芝2200m,https://goku-uma.nikkansports.com/chuo/compi_detail_v1.php?kaicode=12026040829000,PASS_LOGGED_IN_DOM
2026-08-29,新潟,5,202604030305,04263305,11:45,5R 芝2200 ３歳未勝利 11:45,9,ゾネブルーム,2,72,5R ３歳未勝利 芝2200m,https://goku-uma.nikkansports.com/chuo/compi_detail_v1.php?kaicode=12026040829000,PASS_LOGGED_IN_DOM
2026-08-29,新潟,5,202604030305,04263305,11:45,5R 芝2200 ３歳未勝利 11:45,10,アルティマローネ,8,54,5R ３歳未勝利 芝2200m,https://goku-uma.nikkansports.com/chuo/compi_detail_v1.php?kaicode=12026040829000,PASS_LOGGED_IN_DOM
2026-08-29,新潟,5,202604030305,04263305,11:45,5R 芝2200 ３歳未勝利 11:45,11,キコリータ,4,58,5R ３歳未勝利 芝2200m,https://goku-uma.nikkansports.com/chuo/compi_detail_v1.php?kaicode=12026040829000,PASS_LOGGED_IN_DOM
2026-08-29,新潟,5,202604030305,04263305,11:45,5R 芝2200 ３歳未勝利 11:45,12,アージェンタイド,12,46,5R ３歳未勝利 芝2200m,https://goku-uma.nikkansports.com/chuo/compi_detail_v1.php?kaicode=12026040829000,PASS_LOGGED_IN_DOM
2026-08-29,新潟,5,202604030305,04263305,11:45,5R 芝2200 ３歳未勝利 11:45,13,ゴールドエンバー,6,56,5R ３歳未勝利 芝2200m,https://goku-uma.nikkansports.com/chuo/compi_detail_v1.php?kaicode=12026040829000,PASS_LOGGED_IN_DOM
2026-08-29,新潟,5,202604030305,04263305,11:45,5R 芝2200 ３歳未勝利 11:45,14,アティラン,11,47,5R ３歳未勝利 芝2200m,https://goku-uma.nikkansports.com/chuo/compi_detail_v1.php?kaicode=12026040829000,PASS_LOGGED_IN_DOM
2026-08-29,新潟,5,202604030305,04263305,11:45,5R 芝2200 ３歳未勝利 11:45,15,アンヴデット,7,55,5R ３歳未勝利 芝2200m,https://goku-uma.nikkansports.com/chuo/compi_detail_v1.php?kaicode=12026040829000,PASS_LOGGED_IN_DOM
2026-08-29,新潟,5,202604030305,04263305,11:45,5R 芝2200 ３歳未勝利 11:45,16,ルミナスレイナ,13,45,5R ３歳未勝利 芝2200m,https://goku-uma.nikkansports.com/chuo/compi_detail_v1.php?kaicode=12026040829000,PASS_LOGGED_IN_DOM
2026-08-29,新潟,5,202604030305,04263305,11:45,5R 芝2200 ３歳未勝利 11:45,17,ホウライブラック,17,41,5R ３歳未勝利 芝2200m,https://goku-uma.nikkansports.com/chuo/compi_detail_v1.php?kaicode=12026040829000,PASS_LOGGED_IN_DOM
2026-08-29,新潟,5,202604030305,04263305,11:45,5R 芝2200 ３歳未勝利 11:45,18,オレンジフィールド,9,50,5R ３歳未勝利 芝2200m,https://goku-uma.nikkansports.com/chuo/compi_detail_v1.php?kaicode=12026040829000,PASS_LOGGED_IN_DOM
2026-08-29,新潟,6,202604030306,04263306,14:35,6R ダ1800 新発田城特別 1勝クラス 14:35,1,ボールドタワー,6,55,6R 新発田城特別 ダ1800m,https://goku-uma.nikkansports.com/chuo/compi_detail_v1.php?kaicode=12026040829000,PASS_LOGGED_IN_DOM
2026-08-29,新潟,6,202604030306,04263306,14:35,6R ダ1800 新発田城特別 1勝クラス 14:35,2,コスモシェルベット,10,51,6R 新発田城特別 ダ1800m,https://goku-uma.nikkansports.com/chuo/compi_detail_v1.php?kaicode=12026040829000,PASS_LOGGED_IN_DOM
2026-08-29,新潟,6,202604030306,04263306,14:35,6R ダ1800 新発田城特別 1勝クラス 14:35,3,ルーナディサングエ,1,80,6R 新発田城特別 ダ1800m,https://goku-uma.nikkansports.com/chuo/compi_detail_v1.php?kaicode=12026040829000,PASS_LOGGED_IN_DOM
2026-08-29,新潟,6,202604030306,04263306,14:35,6R ダ1800 新発田城特別 1勝クラス 14:35,4,ヨドノタイヨウ,4,57,6R 新発田城特別 ダ1800m,https://goku-uma.nikkansports.com/chuo/compi_detail_v1.php?kaicode=12026040829000,PASS_LOGGED_IN_DOM
2026-08-29,新潟,6,202604030306,04263306,14:35,6R ダ1800 新発田城特別 1勝クラス 14:35,5,トレベルオール,5,56,6R 新発田城特別 ダ1800m,https://goku-uma.nikkansports.com/chuo/compi_detail_v1.php?kaicode=12026040829000,PASS_LOGGED_IN_DOM
2026-08-29,新潟,6,202604030306,04263306,14:35,6R ダ1800 新発田城特別 1勝クラス 14:35,6,ルシャルムール,2,76,6R 新発田城特別 ダ1800m,https://goku-uma.nikkansports.com/chuo/compi_detail_v1.php?kaicode=12026040829000,PASS_LOGGED_IN_DOM
2026-08-29,新潟,6,202604030306,04263306,14:35,6R ダ1800 新発田城特別 1勝クラス 14:35,7,アバレリュウ,8,53,6R 新発田城特別 ダ1800m,https://goku-uma.nikkansports.com/chuo/compi_detail_v1.php?kaicode=12026040829000,PASS_LOGGED_IN_DOM
2026-08-29,新潟,6,202604030306,04263306,14:35,6R ダ1800 新発田城特別 1勝クラス 14:35,8,アビヤント,3,61,6R 新発田城特別 ダ1800m,https://goku-uma.nikkansports.com/chuo/compi_detail_v1.php?kaicode=12026040829000,PASS_LOGGED_IN_DOM
2026-08-29,新潟,6,202604030306,04263306,14:35,6R ダ1800 新発田城特別 1勝クラス 14:35,9,ゴットランド,12,46,6R 新発田城特別 ダ1800m,https://goku-uma.nikkansports.com/chuo/compi_detail_v1.php?kaicode=12026040829000,PASS_LOGGED_IN_DOM
2026-08-29,新潟,6,202604030306,04263306,14:35,6R ダ1800 新発田城特別 1勝クラス 14:35,10,リアライズオーラム,7,54,6R 新発田城特別 ダ1800m,https://goku-uma.nikkansports.com/chuo/compi_detail_v1.php?kaicode=12026040829000,PASS_LOGGED_IN_DOM
2026-08-29,新潟,6,202604030306,04263306,14:35,6R ダ1800 新発田城特別 1勝クラス 14:35,11,ヴェーヌドール,13,42,6R 新発田城特別 ダ1800m,https://goku-uma.nikkansports.com/chuo/compi_detail_v1.php?kaicode=12026040829000,PASS_LOGGED_IN_DOM
2026-08-29,新潟,6,202604030306,04263306,14:35,6R ダ1800 新発田城特別 1勝クラス 14:35,12,サウジバラード,11,47,6R 新発田城特別 ダ1800m,https://goku-uma.nikkansports.com/chuo/compi_detail_v1.php?kaicode=12026040829000,PASS_LOGGED_IN_DOM
2026-08-29,新潟,6,202604030306,04263306,14:35,6R ダ1800 新発田城特別 1勝クラス 14:35,13,マルカベント,15,40,6R 新発田城特別 ダ1800m,https://goku-uma.nikkansports.com/chuo/compi_detail_v1.php?kaicode=12026040829000,PASS_LOGGED_IN_DOM
2026-08-29,新潟,6,202604030306,04263306,14:35,6R ダ1800 新発田城特別 1勝クラス 14:35,14,ジンガー,14,41,6R 新発田城特別 ダ1800m,https://goku-uma.nikkansports.com/chuo/compi_detail_v1.php?kaicode=12026040829000,PASS_LOGGED_IN_DOM
2026-08-29,新潟,6,202604030306,04263306,14:35,6R ダ1800 新発田城特別 1勝クラス 14:35,15,サトノラポール,9,52,6R 新発田城特別 ダ1800m,https://goku-uma.nikkansports.com/chuo/compi_detail_v1.php?kaicode=12026040829000,PASS_LOGGED_IN_DOM
2026-08-29,新潟,7,202604030307,04263307,15:10,7R 芝2000 赤倉特別 2勝クラス WIN5 15:10,1,ハギノコラソン,15,42,7R 赤倉特別 芝2000m,https://goku-uma.nikkansports.com/chuo/compi_detail_v1.php?kaicode=12026040829000,PASS_LOGGED_IN_DOM
2026-08-29,新潟,7,202604030307,04263307,15:10,7R 芝2000 赤倉特別 2勝クラス WIN5 15:10,2,ボウウィンドウ,1,84,7R 赤倉特別 芝2000m,https://goku-uma.nikkansports.com/chuo/compi_detail_v1.php?kaicode=12026040829000,PASS_LOGGED_IN_DOM
2026-08-29,新潟,7,202604030307,04263307,15:10,7R 芝2000 赤倉特別 2勝クラス WIN5 15:10,3,バンフィエルド,17,40,7R 赤倉特別 芝2000m,https://goku-uma.nikkansports.com/chuo/compi_detail_v1.php?kaicode=12026040829000,PASS_LOGGED_IN_DOM
2026-08-29,新潟,7,202604030307,04263307,15:10,7R 芝2000 赤倉特別 2勝クラス WIN5 15:10,4,ツルマウカタチ,8,52,7R 赤倉特別 芝2000m,https://goku-uma.nikkansports.com/chuo/compi_detail_v1.php?kaicode=12026040829000,PASS_LOGGED_IN_DOM
2026-08-29,新潟,7,202604030307,04263307,15:10,7R 芝2000 赤倉特別 2勝クラス WIN5 15:10,5,ロールザダイス,11,49,7R 赤倉特別 芝2000m,https://goku-uma.nikkansports.com/chuo/compi_detail_v1.php?kaicode=12026040829000,PASS_LOGGED_IN_DOM
2026-08-29,新潟,7,202604030307,04263307,15:10,7R 芝2000 赤倉特別 2勝クラス WIN5 15:10,6,オリバナム,9,51,7R 赤倉特別 芝2000m,https://goku-uma.nikkansports.com/chuo/compi_detail_v1.php?kaicode=12026040829000,PASS_LOGGED_IN_DOM
2026-08-29,新潟,7,202604030307,04263307,15:10,7R 芝2000 赤倉特別 2勝クラス WIN5 15:10,7,ジャンビ,13,46,7R 赤倉特別 芝2000m,https://goku-uma.nikkansports.com/chuo/compi_detail_v1.php?kaicode=12026040829000,PASS_LOGGED_IN_DOM
2026-08-29,新潟,7,202604030307,04263307,15:10,7R 芝2000 赤倉特別 2勝クラス WIN5 15:10,8,ホウオウタイタン,2,73,7R 赤倉特別 芝2000m,https://goku-uma.nikkansports.com/chuo/compi_detail_v1.php?kaicode=12026040829000,PASS_LOGGED_IN_DOM
2026-08-29,新潟,7,202604030307,04263307,15:10,7R 芝2000 赤倉特別 2勝クラス WIN5 15:10,9,バガン,14,43,7R 赤倉特別 芝2000m,https://goku-uma.nikkansports.com/chuo/compi_detail_v1.php?kaicode=12026040829000,PASS_LOGGED_IN_DOM
2026-08-29,新潟,7,202604030307,04263307,15:10,7R 芝2000 赤倉特別 2勝クラス WIN5 15:10,10,ペッレグリーニ,10,50,7R 赤倉特別 芝2000m,https://goku-uma.nikkansports.com/chuo/compi_detail_v1.php?kaicode=12026040829000,PASS_LOGGED_IN_DOM
2026-08-29,新潟,7,202604030307,04263307,15:10,7R 芝2000 赤倉特別 2勝クラス WIN5 15:10,11,ティムール,12,47,7R 赤倉特別 芝2000m,https://goku-uma.nikkansports.com/chuo/compi_detail_v1.php?kaicode=12026040829000,PASS_LOGGED_IN_DOM
2026-08-29,新潟,7,202604030307,04263307,15:10,7R 芝2000 赤倉特別 2勝クラス WIN5 15:10,12,マイネルアズーロ,3,57,7R 赤倉特別 芝2000m,https://goku-uma.nikkansports.com/chuo/compi_detail_v1.php?kaicode=12026040829000,PASS_LOGGED_IN_DOM
2026-08-29,新潟,7,202604030307,04263307,15:10,7R 芝2000 赤倉特別 2勝クラス WIN5 15:10,13,エリーナストーム,7,53,7R 赤倉特別 芝2000m,https://goku-uma.nikkansports.com/chuo/compi_detail_v1.php?kaicode=12026040829000,PASS_LOGGED_IN_DOM
2026-08-29,新潟,7,202604030307,04263307,15:10,7R 芝2000 赤倉特別 2勝クラス WIN5 15:10,14,カフェアローロ,16,41,7R 赤倉特別 芝2000m,https://goku-uma.nikkansports.com/chuo/compi_detail_v1.php?kaicode=12026040829000,PASS_LOGGED_IN_DOM
2026-08-29,新潟,7,202604030307,04263307,15:10,7R 芝2000 赤倉特別 2勝クラス WIN5 15:10,15,スピンザブラッド,6,54,7R 赤倉特別 芝2000m,https://goku-uma.nikkansports.com/chuo/compi_detail_v1.php?kaicode=12026040829000,PASS_LOGGED_IN_DOM
2026-08-29,新潟,7,202604030307,04263307,15:10,7R 芝2000 赤倉特別 2勝クラス WIN5 15:10,16,ピエナフェーヴル,4,56,7R 赤倉特別 芝2000m,https://goku-uma.nikkansports.com/chuo/compi_detail_v1.php?kaicode=12026040829000,PASS_LOGGED_IN_DOM
2026-08-29,新潟,7,202604030307,04263307,15:10,7R 芝2000 赤倉特別 2勝クラス WIN5 15:10,17,マイネルアレス,5,55,7R 赤倉特別 芝2000m,https://goku-uma.nikkansports.com/chuo/compi_detail_v1.php?kaicode=12026040829000,PASS_LOGGED_IN_DOM
2026-08-29,新潟,8,202604030308,04263308,15:45,8R ダ1800 ＢＳＮ賞 WIN5 15:45,1,ピカピカサンダー,3,63,8R ＢＳＮ賞 ダ1800m,https://goku-uma.nikkansports.com/chuo/compi_detail_v1.php?kaicode=12026040829000,PASS_LOGGED_IN_DOM
2026-08-29,新潟,8,202604030308,04263308,15:45,8R ダ1800 ＢＳＮ賞 WIN5 15:45,2,アムールドパリ,4,62,8R ＢＳＮ賞 ダ1800m,https://goku-uma.nikkansports.com/chuo/compi_detail_v1.php?kaicode=12026040829000,PASS_LOGGED_IN_DOM
2026-08-29,新潟,8,202604030308,04263308,15:45,8R ダ1800 ＢＳＮ賞 WIN5 15:45,3,タガノバビロン,1,85,8R ＢＳＮ賞 ダ1800m,https://goku-uma.nikkansports.com/chuo/compi_detail_v1.php?kaicode=12026040829000,PASS_LOGGED_IN_DOM
2026-08-29,新潟,8,202604030308,04263308,15:45,8R ダ1800 ＢＳＮ賞 WIN5 15:45,4,フタイテンロック,9,48,8R ＢＳＮ賞 ダ1800m,https://goku-uma.nikkansports.com/chuo/compi_detail_v1.php?kaicode=12026040829000,PASS_LOGGED_IN_DOM
2026-08-29,新潟,8,202604030308,04263308,15:45,8R ダ1800 ＢＳＮ賞 WIN5 15:45,5,ショウナンライシン,7,51,8R ＢＳＮ賞 ダ1800m,https://goku-uma.nikkansports.com/chuo/compi_detail_v1.php?kaicode=12026040829000,PASS_LOGGED_IN_DOM
2026-08-29,新潟,8,202604030308,04263308,15:45,8R ダ1800 ＢＳＮ賞 WIN5 15:45,6,カズタンジャー,2,64,8R ＢＳＮ賞 ダ1800m,https://goku-uma.nikkansports.com/chuo/compi_detail_v1.php?kaicode=12026040829000,PASS_LOGGED_IN_DOM
2026-08-29,新潟,8,202604030308,04263308,15:45,8R ダ1800 ＢＳＮ賞 WIN5 15:45,7,メイショウズイウン,6,52,8R ＢＳＮ賞 ダ1800m,https://goku-uma.nikkansports.com/chuo/compi_detail_v1.php?kaicode=12026040829000,PASS_LOGGED_IN_DOM
2026-08-29,新潟,8,202604030308,04263308,15:45,8R ダ1800 ＢＳＮ賞 WIN5 15:45,8,ピースオブザライフ,11,46,8R ＢＳＮ賞 ダ1800m,https://goku-uma.nikkansports.com/chuo/compi_detail_v1.php?kaicode=12026040829000,PASS_LOGGED_IN_DOM
2026-08-29,新潟,8,202604030308,04263308,15:45,8R ダ1800 ＢＳＮ賞 WIN5 15:45,9,ハセドン,8,49,8R ＢＳＮ賞 ダ1800m,https://goku-uma.nikkansports.com/chuo/compi_detail_v1.php?kaicode=12026040829000,PASS_LOGGED_IN_DOM
2026-08-29,新潟,8,202604030308,04263308,15:45,8R ダ1800 ＢＳＮ賞 WIN5 15:45,10,ハビレ,5,58,8R ＢＳＮ賞 ダ1800m,https://goku-uma.nikkansports.com/chuo/compi_detail_v1.php?kaicode=12026040829000,PASS_LOGGED_IN_DOM
2026-08-29,新潟,8,202604030308,04263308,15:45,8R ダ1800 ＢＳＮ賞 WIN5 15:45,11,ベルイストワール,10,47,8R ＢＳＮ賞 ダ1800m,https://goku-uma.nikkansports.com/chuo/compi_detail_v1.php?kaicode=12026040829000,PASS_LOGGED_IN_DOM
2026-08-29,新潟,9,202604030309,04263309,16:25,9R 芝2200 ３歳上１勝クラス(無料開放レース) 16:25,1,ダンシングアウェイ,11,42,9R ３歳上１勝クラス 芝2200m,https://goku-uma.nikkansports.com/chuo/compi_detail_v1.php?kaicode=12026040829000,PASS_LOGGED_IN_DOM
2026-08-29,新潟,9,202604030309,04263309,16:25,9R 芝2200 ３歳上１勝クラス(無料開放レース) 16:25,2,プレイザリード,2,73,9R ３歳上１勝クラス 芝2200m,https://goku-uma.nikkansports.com/chuo/compi_detail_v1.php?kaicode=12026040829000,PASS_LOGGED_IN_DOM
2026-08-29,新潟,9,202604030309,04263309,16:25,9R 芝2200 ３歳上１勝クラス(無料開放レース) 16:25,3,ディーンズリスター,6,55,9R ３歳上１勝クラス 芝2200m,https://goku-uma.nikkansports.com/chuo/compi_detail_v1.php?kaicode=12026040829000,PASS_LOGGED_IN_DOM
2026-08-29,新潟,9,202604030309,04263309,16:25,9R 芝2200 ３歳上１勝クラス(無料開放レース) 16:25,4,シャインフリーリー,10,46,9R ３歳上１勝クラス 芝2200m,https://goku-uma.nikkansports.com/chuo/compi_detail_v1.php?kaicode=12026040829000,PASS_LOGGED_IN_DOM
2026-08-29,新潟,9,202604030309,04263309,16:25,9R 芝2200 ３歳上１勝クラス(無料開放レース) 16:25,5,ノーマジック,13,40,9R ３歳上１勝クラス 芝2200m,https://goku-uma.nikkansports.com/chuo/compi_detail_v1.php?kaicode=12026040829000,PASS_LOGGED_IN_DOM
2026-08-29,新潟,9,202604030309,04263309,16:25,9R 芝2200 ３歳上１勝クラス(無料開放レース) 16:25,6,オプレントジュエル,5,56,9R ３歳上１勝クラス 芝2200m,https://goku-uma.nikkansports.com/chuo/compi_detail_v1.php?kaicode=12026040829000,PASS_LOGGED_IN_DOM
2026-08-29,新潟,9,202604030309,04263309,16:25,9R 芝2200 ３歳上１勝クラス(無料開放レース) 16:25,7,ミッドセンチュリー,7,54,9R ３歳上１勝クラス 芝2200m,https://goku-uma.nikkansports.com/chuo/compi_detail_v1.php?kaicode=12026040829000,PASS_LOGGED_IN_DOM
2026-08-29,新潟,9,202604030309,04263309,16:25,9R 芝2200 ３歳上１勝クラス(無料開放レース) 16:25,8,ゴンファロニエーレ,1,74,9R ３歳上１勝クラス 芝2200m,https://goku-uma.nikkansports.com/chuo/compi_detail_v1.php?kaicode=12026040829000,PASS_LOGGED_IN_DOM
2026-08-29,新潟,9,202604030309,04263309,16:25,9R 芝2200 ３歳上１勝クラス(無料開放レース) 16:25,9,コウセイケンタロス,12,41,9R ３歳上１勝クラス 芝2200m,https://goku-uma.nikkansports.com/chuo/compi_detail_v1.php?kaicode=12026040829000,PASS_LOGGED_IN_DOM
2026-08-29,新潟,9,202604030309,04263309,16:25,9R 芝2200 ３歳上１勝クラス(無料開放レース) 16:25,10,フォーグッド,9,47,9R ３歳上１勝クラス 芝2200m,https://goku-uma.nikkansports.com/chuo/compi_detail_v1.php?kaicode=12026040829000,PASS_LOGGED_IN_DOM
2026-08-29,新潟,9,202604030309,04263309,16:25,9R 芝2200 ３歳上１勝クラス(無料開放レース) 16:25,11,ランブルスコ,3,68,9R ３歳上１勝クラス 芝2200m,https://goku-uma.nikkansports.com/chuo/compi_detail_v1.php?kaicode=12026040829000,PASS_LOGGED_IN_DOM
2026-08-29,新潟,9,202604030309,04263309,16:25,9R 芝2200 ３歳上１勝クラス(無料開放レース) 16:25,12,テイキットイージー,8,49,9R ３歳上１勝クラス 芝2200m,https://goku-uma.nikkansports.com/chuo/compi_detail_v1.php?kaicode=12026040829000,PASS_LOGGED_IN_DOM
2026-08-29,新潟,9,202604030309,04263309,16:25,9R 芝2200 ３歳上１勝クラス(無料開放レース) 16:25,13,マイネルリーヒム,4,63,9R ３歳上１勝クラス 芝2200m,https://goku-uma.nikkansports.com/chuo/compi_detail_v1.php?kaicode=12026040829000,PASS_LOGGED_IN_DOM
2026-08-29,新潟,10,202604030310,04263310,17:00,10R 芝1400 ３歳上１勝クラス 17:00,1,ビリオネアボーイ,12,46,10R ３歳上１勝クラス 芝1400m,https://goku-uma.nikkansports.com/chuo/compi_detail_v1.php?kaicode=12026040829000,PASS_LOGGED_IN_DOM
2026-08-29,新潟,10,202604030310,04263310,17:00,10R 芝1400 ３歳上１勝クラス 17:00,2,アルシャンティ,13,45,10R ３歳上１勝クラス 芝1400m,https://goku-uma.nikkansports.com/chuo/compi_detail_v1.php?kaicode=12026040829000,PASS_LOGGED_IN_DOM
2026-08-29,新潟,10,202604030310,04263310,17:00,10R 芝1400 ３歳上１勝クラス 17:00,3,キャトルエピス,11,48,10R ３歳上１勝クラス 芝1400m,https://goku-uma.nikkansports.com/chuo/compi_detail_v1.php?kaicode=12026040829000,PASS_LOGGED_IN_DOM
2026-08-29,新潟,10,202604030310,04263310,17:00,10R 芝1400 ３歳上１勝クラス 17:00,4,ソードスレイプニル,8,53,10R ３歳上１勝クラス 芝1400m,https://goku-uma.nikkansports.com/chuo/compi_detail_v1.php?kaicode=12026040829000,PASS_LOGGED_IN_DOM
2026-08-29,新潟,10,202604030310,04263310,17:00,10R 芝1400 ３歳上１勝クラス 17:00,5,メイリー,3,62,10R ３歳上１勝クラス 芝1400m,https://goku-uma.nikkansports.com/chuo/compi_detail_v1.php?kaicode=12026040829000,PASS_LOGGED_IN_DOM
2026-08-29,新潟,10,202604030310,04263310,17:00,10R 芝1400 ３歳上１勝クラス 17:00,6,タイセイフレッサ,2,74,10R ３歳上１勝クラス 芝1400m,https://goku-uma.nikkansports.com/chuo/compi_detail_v1.php?kaicode=12026040829000,PASS_LOGGED_IN_DOM
2026-08-29,新潟,10,202604030310,04263310,17:00,10R 芝1400 ３歳上１勝クラス 17:00,7,ベレーバスク,4,58,10R ３歳上１勝クラス 芝1400m,https://goku-uma.nikkansports.com/chuo/compi_detail_v1.php?kaicode=12026040829000,PASS_LOGGED_IN_DOM
2026-08-29,新潟,10,202604030310,04263310,17:00,10R 芝1400 ３歳上１勝クラス 17:00,8,フェーダーローター,16,42,10R ３歳上１勝クラス 芝1400m,https://goku-uma.nikkansports.com/chuo/compi_detail_v1.php?kaicode=12026040829000,PASS_LOGGED_IN_DOM
2026-08-29,新潟,10,202604030310,04263310,17:00,10R 芝1400 ３歳上１勝クラス 17:00,9,ライネリーベ,1,77,10R ３歳上１勝クラス 芝1400m,https://goku-uma.nikkansports.com/chuo/compi_detail_v1.php?kaicode=12026040829000,PASS_LOGGED_IN_DOM
2026-08-29,新潟,10,202604030310,04263310,17:00,10R 芝1400 ３歳上１勝クラス 17:00,10,ワカミヤイリオス,17,41,10R ３歳上１勝クラス 芝1400m,https://goku-uma.nikkansports.com/chuo/compi_detail_v1.php?kaicode=12026040829000,PASS_LOGGED_IN_DOM
2026-08-29,新潟,10,202604030310,04263310,17:00,10R 芝1400 ３歳上１勝クラス 17:00,11,ダイユウルミナス,14,44,10R ３歳上１勝クラス 芝1400m,https://goku-uma.nikkansports.com/chuo/compi_detail_v1.php?kaicode=12026040829000,PASS_LOGGED_IN_DOM
2026-08-29,新潟,10,202604030310,04263310,17:00,10R 芝1400 ３歳上１勝クラス 17:00,12,カシノリアーナ,18,40,10R ３歳上１勝クラス 芝1400m,https://goku-uma.nikkansports.com/chuo/compi_detail_v1.php?kaicode=12026040829000,PASS_LOGGED_IN_DOM
2026-08-29,新潟,10,202604030310,04263310,17:00,10R 芝1400 ３歳上１勝クラス 17:00,13,サーロー,9,50,10R ３歳上１勝クラス 芝1400m,https://goku-uma.nikkansports.com/chuo/compi_detail_v1.php?kaicode=12026040829000,PASS_LOGGED_IN_DOM
2026-08-29,新潟,10,202604030310,04263310,17:00,10R 芝1400 ３歳上１勝クラス 17:00,14,ホットゥトロット,10,49,10R ３歳上１勝クラス 芝1400m,https://goku-uma.nikkansports.com/chuo/compi_detail_v1.php?kaicode=12026040829000,PASS_LOGGED_IN_DOM
2026-08-29,新潟,10,202604030310,04263310,17:00,10R 芝1400 ３歳上１勝クラス 17:00,15,ディサイドオンミー,15,43,10R ３歳上１勝クラス 芝1400m,https://goku-uma.nikkansports.com/chuo/compi_detail_v1.php?kaicode=12026040829000,PASS_LOGGED_IN_DOM
2026-08-29,新潟,10,202604030310,04263310,17:00,10R 芝1400 ３歳上１勝クラス 17:00,16,リラベガ,6,55,10R ３歳上１勝クラス 芝1400m,https://goku-uma.nikkansports.com/chuo/compi_detail_v1.php?kaicode=12026040829000,PASS_LOGGED_IN_DOM
2026-08-29,新潟,10,202604030310,04263310,17:00,10R 芝1400 ３歳上１勝クラス 17:00,17,ガミーヌ,7,54,10R ３歳上１勝クラス 芝1400m,https://goku-uma.nikkansports.com/chuo/compi_detail_v1.php?kaicode=12026040829000,PASS_LOGGED_IN_DOM
2026-08-29,新潟,10,202604030310,04263310,17:00,10R 芝1400 ３歳上１勝クラス 17:00,18,タイキオーベロン,5,56,10R ３歳上１勝クラス 芝1400m,https://goku-uma.nikkansports.com/chuo/compi_detail_v1.php?kaicode=12026040829000,PASS_LOGGED_IN_DOM
2026-08-29,新潟,11,202604030311,04263311,17:30,11R 芝2000 ３歳未勝利 17:30,1,ウィズアツインクル,11,48,11R ３歳未勝利 芝2000m,https://goku-uma.nikkansports.com/chuo/compi_detail_v1.php?kaicode=12026040829000,PASS_LOGGED_IN_DOM
2026-08-29,新潟,11,202604030311,04263311,17:30,11R 芝2000 ３歳未勝利 17:30,2,ムーングレイル,4,58,11R ３歳未勝利 芝2000m,https://goku-uma.nikkansports.com/chuo/compi_detail_v1.php?kaicode=12026040829000,PASS_LOGGED_IN_DOM
2026-08-29,新潟,11,202604030311,04263311,17:30,11R 芝2000 ３歳未勝利 17:30,3,エリュグレイス,2,66,11R ３歳未勝利 芝2000m,https://goku-uma.nikkansports.com/chuo/compi_detail_v1.php?kaicode=12026040829000,PASS_LOGGED_IN_DOM
2026-08-29,新潟,11,202604030311,04263311,17:30,11R 芝2000 ３歳未勝利 17:30,4,ジーナグレイス,9,50,11R ３歳未勝利 芝2000m,https://goku-uma.nikkansports.com/chuo/compi_detail_v1.php?kaicode=12026040829000,PASS_LOGGED_IN_DOM
2026-08-29,新潟,11,202604030311,04263311,17:30,11R 芝2000 ３歳未勝利 17:30,5,グランフルス,10,49,11R ３歳未勝利 芝2000m,https://goku-uma.nikkansports.com/chuo/compi_detail_v1.php?kaicode=12026040829000,PASS_LOGGED_IN_DOM
2026-08-29,新潟,11,202604030311,04263311,17:30,11R 芝2000 ３歳未勝利 17:30,6,レインボーワールド,18,40,11R ３歳未勝利 芝2000m,https://goku-uma.nikkansports.com/chuo/compi_detail_v1.php?kaicode=12026040829000,PASS_LOGGED_IN_DOM
2026-08-29,新潟,11,202604030311,04263311,17:30,11R 芝2000 ３歳未勝利 17:30,7,ミリオングローリー,7,54,11R ３歳未勝利 芝2000m,https://goku-uma.nikkansports.com/chuo/compi_detail_v1.php?kaicode=12026040829000,PASS_LOGGED_IN_DOM
2026-08-29,新潟,11,202604030311,04263311,17:30,11R 芝2000 ３歳未勝利 17:30,8,スイートハイデン,14,44,11R ３歳未勝利 芝2000m,https://goku-uma.nikkansports.com/chuo/compi_detail_v1.php?kaicode=12026040829000,PASS_LOGGED_IN_DOM
2026-08-29,新潟,11,202604030311,04263311,17:30,11R 芝2000 ３歳未勝利 17:30,9,ヘルヴィッツ,15,43,11R ３歳未勝利 芝2000m,https://goku-uma.nikkansports.com/chuo/compi_detail_v1.php?kaicode=12026040829000,PASS_LOGGED_IN_DOM
2026-08-29,新潟,11,202604030311,04263311,17:30,11R 芝2000 ３歳未勝利 17:30,10,ノブステップ,16,42,11R ３歳未勝利 芝2000m,https://goku-uma.nikkansports.com/chuo/compi_detail_v1.php?kaicode=12026040829000,PASS_LOGGED_IN_DOM
2026-08-29,新潟,11,202604030311,04263311,17:30,11R 芝2000 ３歳未勝利 17:30,11,ヤマニンリンキング,3,63,11R ３歳未勝利 芝2000m,https://goku-uma.nikkansports.com/chuo/compi_detail_v1.php?kaicode=12026040829000,PASS_LOGGED_IN_DOM
2026-08-29,新潟,11,202604030311,04263311,17:30,11R 芝2000 ３歳未勝利 17:30,12,イベリスアマラ,12,47,11R ３歳未勝利 芝2000m,https://goku-uma.nikkansports.com/chuo/compi_detail_v1.php?kaicode=12026040829000,PASS_LOGGED_IN_DOM
2026-08-29,新潟,11,202604030311,04263311,17:30,11R 芝2000 ３歳未勝利 17:30,13,イノーマル,6,56,11R ３歳未勝利 芝2000m,https://goku-uma.nikkansports.com/chuo/compi_detail_v1.php?kaicode=12026040829000,PASS_LOGGED_IN_DOM
2026-08-29,新潟,11,202604030311,04263311,17:30,11R 芝2000 ３歳未勝利 17:30,14,マイネルアルゴー,17,41,11R ３歳未勝利 芝2000m,https://goku-uma.nikkansports.com/chuo/compi_detail_v1.php?kaicode=12026040829000,PASS_LOGGED_IN_DOM
2026-08-29,新潟,11,202604030311,04263311,17:30,11R 芝2000 ３歳未勝利 17:30,15,レッドレガリア,1,84,11R ３歳未勝利 芝2000m,https://goku-uma.nikkansports.com/chuo/compi_detail_v1.php?kaicode=12026040829000,PASS_LOGGED_IN_DOM
2026-08-29,新潟,11,202604030311,04263311,17:30,11R 芝2000 ３歳未勝利 17:30,16,トーアシチフクジン,13,46,11R ３歳未勝利 芝2000m,https://goku-uma.nikkansports.com/chuo/compi_detail_v1.php?kaicode=12026040829000,PASS_LOGGED_IN_DOM
2026-08-29,新潟,11,202604030311,04263311,17:30,11R 芝2000 ３歳未勝利 17:30,17,コスモアルペジオ,5,57,11R ３歳未勝利 芝2000m,https://goku-uma.nikkansports.com/chuo/compi_detail_v1.php?kaicode=12026040829000,PASS_LOGGED_IN_DOM
2026-08-29,新潟,11,202604030311,04263311,17:30,11R 芝2000 ３歳未勝利 17:30,18,ピースフルマインド,8,52,11R ３歳未勝利 芝2000m,https://goku-uma.nikkansports.com/chuo/compi_detail_v1.php?kaicode=12026040829000,PASS_LOGGED_IN_DOM
2026-08-29,新潟,12,202604030312,04263312,18:05,12R ダ1200 ３歳未勝利 18:05,1,ペイシャラム,10,49,12R ３歳未勝利 ダ1200m,https://goku-uma.nikkansports.com/chuo/compi_detail_v1.php?kaicode=12026040829000,PASS_LOGGED_IN_DOM
2026-08-29,新潟,12,202604030312,04263312,18:05,12R ダ1200 ３歳未勝利 18:05,2,リベラル,11,47,12R ３歳未勝利 ダ1200m,https://goku-uma.nikkansports.com/chuo/compi_detail_v1.php?kaicode=12026040829000,PASS_LOGGED_IN_DOM
2026-08-29,新潟,12,202604030312,04263312,18:05,12R ダ1200 ３歳未勝利 18:05,3,エリースノー,3,65,12R ３歳未勝利 ダ1200m,https://goku-uma.nikkansports.com/chuo/compi_detail_v1.php?kaicode=12026040829000,PASS_LOGGED_IN_DOM
2026-08-29,新潟,12,202604030312,04263312,18:05,12R ダ1200 ３歳未勝利 18:05,4,チュラヴェール,2,69,12R ３歳未勝利 ダ1200m,https://goku-uma.nikkansports.com/chuo/compi_detail_v1.php?kaicode=12026040829000,PASS_LOGGED_IN_DOM
2026-08-29,新潟,12,202604030312,04263312,18:05,12R ダ1200 ３歳未勝利 18:05,5,シカゴキャッツ,15,40,12R ３歳未勝利 ダ1200m,https://goku-uma.nikkansports.com/chuo/compi_detail_v1.php?kaicode=12026040829000,PASS_LOGGED_IN_DOM
2026-08-29,新潟,12,202604030312,04263312,18:05,12R ダ1200 ３歳未勝利 18:05,6,ペイシャダンシング,8,51,12R ３歳未勝利 ダ1200m,https://goku-uma.nikkansports.com/chuo/compi_detail_v1.php?kaicode=12026040829000,PASS_LOGGED_IN_DOM
2026-08-29,新潟,12,202604030312,04263312,18:05,12R ダ1200 ３歳未勝利 18:05,7,ロンバスブレス,1,82,12R ３歳未勝利 ダ1200m,https://goku-uma.nikkansports.com/chuo/compi_detail_v1.php?kaicode=12026040829000,PASS_LOGGED_IN_DOM
2026-08-29,新潟,12,202604030312,04263312,18:05,12R ダ1200 ３歳未勝利 18:05,8,ブライティアロード,7,52,12R ３歳未勝利 ダ1200m,https://goku-uma.nikkansports.com/chuo/compi_detail_v1.php?kaicode=12026040829000,PASS_LOGGED_IN_DOM
2026-08-29,新潟,12,202604030312,04263312,18:05,12R ダ1200 ３歳未勝利 18:05,9,サンシュノジンギ,13,42,12R ３歳未勝利 ダ1200m,https://goku-uma.nikkansports.com/chuo/compi_detail_v1.php?kaicode=12026040829000,PASS_LOGGED_IN_DOM
2026-08-29,新潟,12,202604030312,04263312,18:05,12R ダ1200 ３歳未勝利 18:05,10,ガヤーズベース,12,46,12R ３歳未勝利 ダ1200m,https://goku-uma.nikkansports.com/chuo/compi_detail_v1.php?kaicode=12026040829000,PASS_LOGGED_IN_DOM
2026-08-29,新潟,12,202604030312,04263312,18:05,12R ダ1200 ３歳未勝利 18:05,11,ケイツーキップ,6,53,12R ３歳未勝利 ダ1200m,https://goku-uma.nikkansports.com/chuo/compi_detail_v1.php?kaicode=12026040829000,PASS_LOGGED_IN_DOM
2026-08-29,新潟,12,202604030312,04263312,18:05,12R ダ1200 ３歳未勝利 18:05,12,カフェオドヴィー,9,50,12R ３歳未勝利 ダ1200m,https://goku-uma.nikkansports.com/chuo/compi_detail_v1.php?kaicode=12026040829000,PASS_LOGGED_IN_DOM
2026-08-29,新潟,12,202604030312,04263312,18:05,12R ダ1200 ３歳未勝利 18:05,13,テラシエスタ,14,41,12R ３歳未勝利 ダ1200m,https://goku-uma.nikkansports.com/chuo/compi_detail_v1.php?kaicode=12026040829000,PASS_LOGGED_IN_DOM
2026-08-29,新潟,12,202604030312,04263312,18:05,12R ダ1200 ３歳未勝利 18:05,14,トリエンナーレ,4,59,12R ３歳未勝利 ダ1200m,https://goku-uma.nikkansports.com/chuo/compi_detail_v1.php?kaicode=12026040829000,PASS_LOGGED_IN_DOM
2026-08-29,新潟,12,202604030312,04263312,18:05,12R ダ1200 ３歳未勝利 18:05,15,ライヴマティーニ,5,56,12R ３歳未勝利 ダ1200m,https://goku-uma.nikkansports.com/chuo/compi_detail_v1.php?kaicode=12026040829000,PASS_LOGGED_IN_DOM
2026-08-29,中京,1,202607030301,07263301,09:50,1R 芝2000 ２歳未勝利 09:50,1,エンルートフライト,1,80,1R ２歳未勝利 芝2000m,https://goku-uma.nikkansports.com/chuo/compi_detail_v1.php?kaicode=12026070829000,PASS_LOGGED_IN_DOM
2026-08-29,中京,1,202607030301,07263301,09:50,1R 芝2000 ２歳未勝利 09:50,2,ブラックミューズ,2,69,1R ２歳未勝利 芝2000m,https://goku-uma.nikkansports.com/chuo/compi_detail_v1.php?kaicode=12026070829000,PASS_LOGGED_IN_DOM
2026-08-29,中京,1,202607030301,07263301,09:50,1R 芝2000 ２歳未勝利 09:50,3,プッシュザリミット,10,41,1R ２歳未勝利 芝2000m,https://goku-uma.nikkansports.com/chuo/compi_detail_v1.php?kaicode=12026070829000,PASS_LOGGED_IN_DOM
2026-08-29,中京,1,202607030301,07263301,09:50,1R 芝2000 ２歳未勝利 09:50,4,ディープナイト,11,40,1R ２歳未勝利 芝2000m,https://goku-uma.nikkansports.com/chuo/compi_detail_v1.php?kaicode=12026070829000,PASS_LOGGED_IN_DOM
2026-08-29,中京,1,202607030301,07263301,09:50,1R 芝2000 ２歳未勝利 09:50,5,レイデアルマス,7,55,1R ２歳未勝利 芝2000m,https://goku-uma.nikkansports.com/chuo/compi_detail_v1.php?kaicode=12026070829000,PASS_LOGGED_IN_DOM
2026-08-29,中京,1,202607030301,07263301,09:50,1R 芝2000 ２歳未勝利 09:50,6,ピュアノーブル,6,56,1R ２歳未勝利 芝2000m,https://goku-uma.nikkansports.com/chuo/compi_detail_v1.php?kaicode=12026070829000,PASS_LOGGED_IN_DOM
2026-08-29,中京,1,202607030301,07263301,09:50,1R 芝2000 ２歳未勝利 09:50,7,マンナット,3,63,1R ２歳未勝利 芝2000m,https://goku-uma.nikkansports.com/chuo/compi_detail_v1.php?kaicode=12026070829000,PASS_LOGGED_IN_DOM
2026-08-29,中京,1,202607030301,07263301,09:50,1R 芝2000 ２歳未勝利 09:50,8,ハルカカナタ,8,54,1R ２歳未勝利 芝2000m,https://goku-uma.nikkansports.com/chuo/compi_detail_v1.php?kaicode=12026070829000,PASS_LOGGED_IN_DOM
2026-08-29,中京,1,202607030301,07263301,09:50,1R 芝2000 ２歳未勝利 09:50,9,ゴルディアス,9,46,1R ２歳未勝利 芝2000m,https://goku-uma.nikkansports.com/chuo/compi_detail_v1.php?kaicode=12026070829000,PASS_LOGGED_IN_DOM
2026-08-29,中京,1,202607030301,07263301,09:50,1R 芝2000 ２歳未勝利 09:50,10,ホットロッドハート,4,58,1R ２歳未勝利 芝2000m,https://goku-uma.nikkansports.com/chuo/compi_detail_v1.php?kaicode=12026070829000,PASS_LOGGED_IN_DOM
2026-08-29,中京,1,202607030301,07263301,09:50,1R 芝2000 ２歳未勝利 09:50,11,メモリアデルレ,5,57,1R ２歳未勝利 芝2000m,https://goku-uma.nikkansports.com/chuo/compi_detail_v1.php?kaicode=12026070829000,PASS_LOGGED_IN_DOM
2026-08-29,中京,2,202607030302,07263302,10:25,2R ダ1800 ２歳未勝利 10:25,1,ドリームオブコージ,11,46,2R ２歳未勝利 ダ1800m,https://goku-uma.nikkansports.com/chuo/compi_detail_v1.php?kaicode=12026070829000,PASS_LOGGED_IN_DOM
2026-08-29,中京,2,202607030302,07263302,10:25,2R ダ1800 ２歳未勝利 10:25,2,ボビーザグレート,4,60,2R ２歳未勝利 ダ1800m,https://goku-uma.nikkansports.com/chuo/compi_detail_v1.php?kaicode=12026070829000,PASS_LOGGED_IN_DOM
2026-08-29,中京,2,202607030302,07263302,10:25,2R ダ1800 ２歳未勝利 10:25,3,ダノンアズール,3,63,2R ２歳未勝利 ダ1800m,https://goku-uma.nikkansports.com/chuo/compi_detail_v1.php?kaicode=12026070829000,PASS_LOGGED_IN_DOM
2026-08-29,中京,2,202607030302,07263302,10:25,2R ダ1800 ２歳未勝利 10:25,4,ゴールドシューター,10,47,2R ２歳未勝利 ダ1800m,https://goku-uma.nikkansports.com/chuo/compi_detail_v1.php?kaicode=12026070829000,PASS_LOGGED_IN_DOM
2026-08-29,中京,2,202607030302,07263302,10:25,2R ダ1800 ２歳未勝利 10:25,5,バミューダブーケ,7,53,2R ２歳未勝利 ダ1800m,https://goku-uma.nikkansports.com/chuo/compi_detail_v1.php?kaicode=12026070829000,PASS_LOGGED_IN_DOM
2026-08-29,中京,2,202607030302,07263302,10:25,2R ダ1800 ２歳未勝利 10:25,6,ダヌラーサナ,2,66,2R ２歳未勝利 ダ1800m,https://goku-uma.nikkansports.com/chuo/compi_detail_v1.php?kaicode=12026070829000,PASS_LOGGED_IN_DOM
2026-08-29,中京,2,202607030302,07263302,10:25,2R ダ1800 ２歳未勝利 10:25,7,オーリエイト,1,79,2R ２歳未勝利 ダ1800m,https://goku-uma.nikkansports.com/chuo/compi_detail_v1.php?kaicode=12026070829000,PASS_LOGGED_IN_DOM
2026-08-29,中京,2,202607030302,07263302,10:25,2R ダ1800 ２歳未勝利 10:25,8,アンナモエ,12,40,2R ２歳未勝利 ダ1800m,https://goku-uma.nikkansports.com/chuo/compi_detail_v1.php?kaicode=12026070829000,PASS_LOGGED_IN_DOM
2026-08-29,中京,2,202607030302,07263302,10:25,2R ダ1800 ２歳未勝利 10:25,9,ルガルデ,9,51,2R ２歳未勝利 ダ1800m,https://goku-uma.nikkansports.com/chuo/compi_detail_v1.php?kaicode=12026070829000,PASS_LOGGED_IN_DOM
2026-08-29,中京,2,202607030302,07263302,10:25,2R ダ1800 ２歳未勝利 10:25,10,ミリオンカラー,6,54,2R ２歳未勝利 ダ1800m,https://goku-uma.nikkansports.com/chuo/compi_detail_v1.php?kaicode=12026070829000,PASS_LOGGED_IN_DOM
2026-08-29,中京,2,202607030302,07263302,10:25,2R ダ1800 ２歳未勝利 10:25,11,ソリドゥス,5,57,2R ２歳未勝利 ダ1800m,https://goku-uma.nikkansports.com/chuo/compi_detail_v1.php?kaicode=12026070829000,PASS_LOGGED_IN_DOM
2026-08-29,中京,2,202607030302,07263302,10:25,2R ダ1800 ２歳未勝利 10:25,12,ジュンヴァグネル,8,52,2R ２歳未勝利 ダ1800m,https://goku-uma.nikkansports.com/chuo/compi_detail_v1.php?kaicode=12026070829000,PASS_LOGGED_IN_DOM
2026-08-29,中京,3,202607030303,07263303,10:55,3R 芝1400 ２歳新馬 10:55,1,クリノライジング,9,43,3R ２歳新馬 芝1400m,https://goku-uma.nikkansports.com/chuo/compi_detail_v1.php?kaicode=12026070829000,PASS_LOGGED_IN_DOM
2026-08-29,中京,3,202607030303,07263303,10:55,3R 芝1400 ２歳新馬 10:55,2,ワンキャンパス,12,40,3R ２歳新馬 芝1400m,https://goku-uma.nikkansports.com/chuo/compi_detail_v1.php?kaicode=12026070829000,PASS_LOGGED_IN_DOM
2026-08-29,中京,3,202607030303,07263303,10:55,3R 芝1400 ２歳新馬 10:55,3,パルフェクシオン,1,77,3R ２歳新馬 芝1400m,https://goku-uma.nikkansports.com/chuo/compi_detail_v1.php?kaicode=12026070829000,PASS_LOGGED_IN_DOM
2026-08-29,中京,3,202607030303,07263303,10:55,3R 芝1400 ２歳新馬 10:55,4,リムリックアイル,2,71,3R ２歳新馬 芝1400m,https://goku-uma.nikkansports.com/chuo/compi_detail_v1.php?kaicode=12026070829000,PASS_LOGGED_IN_DOM
2026-08-29,中京,3,202607030303,07263303,10:55,3R 芝1400 ２歳新馬 10:55,5,ビンチャリ,4,59,3R ２歳新馬 芝1400m,https://goku-uma.nikkansports.com/chuo/compi_detail_v1.php?kaicode=12026070829000,PASS_LOGGED_IN_DOM
2026-08-29,中京,3,202607030303,07263303,10:55,3R 芝1400 ２歳新馬 10:55,6,ジーティーハルカゼ,6,54,3R ２歳新馬 芝1400m,https://goku-uma.nikkansports.com/chuo/compi_detail_v1.php?kaicode=12026070829000,PASS_LOGGED_IN_DOM
2026-08-29,中京,3,202607030303,07263303,10:55,3R 芝1400 ２歳新馬 10:55,7,サルーミアモール,5,55,3R ２歳新馬 芝1400m,https://goku-uma.nikkansports.com/chuo/compi_detail_v1.php?kaicode=12026070829000,PASS_LOGGED_IN_DOM
2026-08-29,中京,3,202607030303,07263303,10:55,3R 芝1400 ２歳新馬 10:55,8,インティサール,3,69,3R ２歳新馬 芝1400m,https://goku-uma.nikkansports.com/chuo/compi_detail_v1.php?kaicode=12026070829000,PASS_LOGGED_IN_DOM
2026-08-29,中京,3,202607030303,07263303,10:55,3R 芝1400 ２歳新馬 10:55,9,マイフレダ,7,53,3R ２歳新馬 芝1400m,https://goku-uma.nikkansports.com/chuo/compi_detail_v1.php?kaicode=12026070829000,PASS_LOGGED_IN_DOM
2026-08-29,中京,3,202607030303,07263303,10:55,3R 芝1400 ２歳新馬 10:55,10,ドリームリボン,8,52,3R ２歳新馬 芝1400m,https://goku-uma.nikkansports.com/chuo/compi_detail_v1.php?kaicode=12026070829000,PASS_LOGGED_IN_DOM
2026-08-29,中京,3,202607030303,07263303,10:55,3R 芝1400 ２歳新馬 10:55,11,カラスアゲハ,10,42,3R ２歳新馬 芝1400m,https://goku-uma.nikkansports.com/chuo/compi_detail_v1.php?kaicode=12026070829000,PASS_LOGGED_IN_DOM
2026-08-29,中京,3,202607030303,07263303,10:55,3R 芝1400 ２歳新馬 10:55,12,ウルウノマーズ,11,41,3R ２歳新馬 芝1400m,https://goku-uma.nikkansports.com/chuo/compi_detail_v1.php?kaicode=12026070829000,PASS_LOGGED_IN_DOM
2026-08-29,中京,4,202607030304,07263304,11:25,4R 芝2200 ３歳未勝利 11:25,1,タイセイグローバル,10,47,4R ３歳未勝利 芝2200m,https://goku-uma.nikkansports.com/chuo/compi_detail_v1.php?kaicode=12026070829000,PASS_LOGGED_IN_DOM
2026-08-29,中京,4,202607030304,07263304,11:25,4R 芝2200 ３歳未勝利 11:25,2,アメジストブリエ,12,44,4R ３歳未勝利 芝2200m,https://goku-uma.nikkansports.com/chuo/compi_detail_v1.php?kaicode=12026070829000,PASS_LOGGED_IN_DOM
2026-08-29,中京,4,202607030304,07263304,11:25,4R 芝2200 ３歳未勝利 11:25,3,プロスト,9,49,4R ３歳未勝利 芝2200m,https://goku-uma.nikkansports.com/chuo/compi_detail_v1.php?kaicode=12026070829000,PASS_LOGGED_IN_DOM
2026-08-29,中京,4,202607030304,07263304,11:25,4R 芝2200 ３歳未勝利 11:25,4,ヴィスメンティス,6,53,4R ３歳未勝利 芝2200m,https://goku-uma.nikkansports.com/chuo/compi_detail_v1.php?kaicode=12026070829000,PASS_LOGGED_IN_DOM
2026-08-29,中京,4,202607030304,07263304,11:25,4R 芝2200 ３歳未勝利 11:25,5,ジュンヴァッテッド,15,41,4R ３歳未勝利 芝2200m,https://goku-uma.nikkansports.com/chuo/compi_detail_v1.php?kaicode=12026070829000,PASS_LOGGED_IN_DOM
2026-08-29,中京,4,202607030304,07263304,11:25,4R 芝2200 ３歳未勝利 11:25,6,カパルア,11,46,4R ３歳未勝利 芝2200m,https://goku-uma.nikkansports.com/chuo/compi_detail_v1.php?kaicode=12026070829000,PASS_LOGGED_IN_DOM
2026-08-29,中京,4,202607030304,07263304,11:25,4R 芝2200 ３歳未勝利 11:25,7,クールドリオン,3,61,4R ３歳未勝利 芝2200m,https://goku-uma.nikkansports.com/chuo/compi_detail_v1.php?kaicode=12026070829000,PASS_LOGGED_IN_DOM
2026-08-29,中京,4,202607030304,07263304,11:25,4R 芝2200 ３歳未勝利 11:25,8,スクランプシャス,4,59,4R ３歳未勝利 芝2200m,https://goku-uma.nikkansports.com/chuo/compi_detail_v1.php?kaicode=12026070829000,PASS_LOGGED_IN_DOM
2026-08-29,中京,4,202607030304,07263304,11:25,4R 芝2200 ３歳未勝利 11:25,9,サンタカタリナ,8,50,4R ３歳未勝利 芝2200m,https://goku-uma.nikkansports.com/chuo/compi_detail_v1.php?kaicode=12026070829000,PASS_LOGGED_IN_DOM
2026-08-29,中京,4,202607030304,07263304,11:25,4R 芝2200 ３歳未勝利 11:25,10,テイエムプレミラン,7,51,4R ３歳未勝利 芝2200m,https://goku-uma.nikkansports.com/chuo/compi_detail_v1.php?kaicode=12026070829000,PASS_LOGGED_IN_DOM
2026-08-29,中京,4,202607030304,07263304,11:25,4R 芝2200 ３歳未勝利 11:25,11,パシフィックドーン,5,58,4R ３歳未勝利 芝2200m,https://goku-uma.nikkansports.com/chuo/compi_detail_v1.php?kaicode=12026070829000,PASS_LOGGED_IN_DOM
2026-08-29,中京,4,202607030304,07263304,11:25,4R 芝2200 ３歳未勝利 11:25,12,チュオンソン,13,43,4R ３歳未勝利 芝2200m,https://goku-uma.nikkansports.com/chuo/compi_detail_v1.php?kaicode=12026070829000,PASS_LOGGED_IN_DOM
2026-08-29,中京,4,202607030304,07263304,11:25,4R 芝2200 ３歳未勝利 11:25,13,マイコンプリート,1,86,4R ３歳未勝利 芝2200m,https://goku-uma.nikkansports.com/chuo/compi_detail_v1.php?kaicode=12026070829000,PASS_LOGGED_IN_DOM
2026-08-29,中京,4,202607030304,07263304,11:25,4R 芝2200 ３歳未勝利 11:25,14,マテンロウルクス,16,40,4R ３歳未勝利 芝2200m,https://goku-uma.nikkansports.com/chuo/compi_detail_v1.php?kaicode=12026070829000,PASS_LOGGED_IN_DOM
2026-08-29,中京,4,202607030304,07263304,11:25,4R 芝2200 ３歳未勝利 11:25,15,レイアン,14,42,4R ３歳未勝利 芝2200m,https://goku-uma.nikkansports.com/chuo/compi_detail_v1.php?kaicode=12026070829000,PASS_LOGGED_IN_DOM
2026-08-29,中京,4,202607030304,07263304,11:25,4R 芝2200 ３歳未勝利 11:25,16,ナムラヴンダー,2,67,4R ３歳未勝利 芝2200m,https://goku-uma.nikkansports.com/chuo/compi_detail_v1.php?kaicode=12026070829000,PASS_LOGGED_IN_DOM
2026-08-29,中京,5,202607030305,07263305,11:55,5R 芝2000 ３歳未勝利(無料開放レース) 11:55,1,ワンダーデリエール,3,63,5R ３歳未勝利 芝2000m,https://goku-uma.nikkansports.com/chuo/compi_detail_v1.php?kaicode=12026070829000,PASS_LOGGED_IN_DOM
2026-08-29,中京,5,202607030305,07263305,11:55,5R 芝2000 ３歳未勝利(無料開放レース) 11:55,2,リアライズアリス,8,51,5R ３歳未勝利 芝2000m,https://goku-uma.nikkansports.com/chuo/compi_detail_v1.php?kaicode=12026070829000,PASS_LOGGED_IN_DOM
2026-08-29,中京,5,202607030305,07263305,11:55,5R 芝2000 ３歳未勝利(無料開放レース) 11:55,3,サンスベリア,13,40,5R ３歳未勝利 芝2000m,https://goku-uma.nikkansports.com/chuo/compi_detail_v1.php?kaicode=12026070829000,PASS_LOGGED_IN_DOM
2026-08-29,中京,5,202607030305,07263305,11:55,5R 芝2000 ３歳未勝利(無料開放レース) 11:55,4,コスモフィレンツェ,2,68,5R ３歳未勝利 芝2000m,https://goku-uma.nikkansports.com/chuo/compi_detail_v1.php?kaicode=12026070829000,PASS_LOGGED_IN_DOM
2026-08-29,中京,5,202607030305,07263305,11:55,5R 芝2000 ３歳未勝利(無料開放レース) 11:55,5,クランズクラウン,4,59,5R ３歳未勝利 芝2000m,https://goku-uma.nikkansports.com/chuo/compi_detail_v1.php?kaicode=12026070829000,PASS_LOGGED_IN_DOM
2026-08-29,中京,5,202607030305,07263305,11:55,5R 芝2000 ３歳未勝利(無料開放レース) 11:55,6,パンキー,5,57,5R ３歳未勝利 芝2000m,https://goku-uma.nikkansports.com/chuo/compi_detail_v1.php?kaicode=12026070829000,PASS_LOGGED_IN_DOM
2026-08-29,中京,5,202607030305,07263305,11:55,5R 芝2000 ３歳未勝利(無料開放レース) 11:55,7,スリーキズナヒメ,11,42,5R ３歳未勝利 芝2000m,https://goku-uma.nikkansports.com/chuo/compi_detail_v1.php?kaicode=12026070829000,PASS_LOGGED_IN_DOM
2026-08-29,中京,5,202607030305,07263305,11:55,5R 芝2000 ３歳未勝利(無料開放レース) 11:55,8,ゴールデンテティス,6,54,5R ３歳未勝利 芝2000m,https://goku-uma.nikkansports.com/chuo/compi_detail_v1.php?kaicode=12026070829000,PASS_LOGGED_IN_DOM
2026-08-29,中京,5,202607030305,07263305,11:55,5R 芝2000 ３歳未勝利(無料開放レース) 11:55,9,ウインリーブル,12,41,5R ３歳未勝利 芝2000m,https://goku-uma.nikkansports.com/chuo/compi_detail_v1.php?kaicode=12026070829000,PASS_LOGGED_IN_DOM
2026-08-29,中京,5,202607030305,07263305,11:55,5R 芝2000 ３歳未勝利(無料開放レース) 11:55,10,ビクスバイト,1,84,5R ３歳未勝利 芝2000m,https://goku-uma.nikkansports.com/chuo/compi_detail_v1.php?kaicode=12026070829000,PASS_LOGGED_IN_DOM
2026-08-29,中京,5,202607030305,07263305,11:55,5R 芝2000 ３歳未勝利(無料開放レース) 11:55,11,ラピス,7,53,5R ３歳未勝利 芝2000m,https://goku-uma.nikkansports.com/chuo/compi_detail_v1.php?kaicode=12026070829000,PASS_LOGGED_IN_DOM
2026-08-29,中京,5,202607030305,07263305,11:55,5R 芝2000 ３歳未勝利(無料開放レース) 11:55,12,クラリノ,9,46,5R ３歳未勝利 芝2000m,https://goku-uma.nikkansports.com/chuo/compi_detail_v1.php?kaicode=12026070829000,PASS_LOGGED_IN_DOM
2026-08-29,中京,5,202607030305,07263305,11:55,5R 芝2000 ３歳未勝利(無料開放レース) 11:55,13,プリティウーマン,10,43,5R ３歳未勝利 芝2000m,https://goku-uma.nikkansports.com/chuo/compi_detail_v1.php?kaicode=12026070829000,PASS_LOGGED_IN_DOM
2026-08-29,中京,6,202607030306,07263306,15:00,6R ダ1200 清洲特別 2勝クラス WIN5 15:00,1,フィドルファドル,4,63,6R 清洲特別 ダ1200m,https://goku-uma.nikkansports.com/chuo/compi_detail_v1.php?kaicode=12026070829000,PASS_LOGGED_IN_DOM
2026-08-29,中京,6,202607030306,07263306,15:00,6R ダ1200 清洲特別 2勝クラス WIN5 15:00,2,ザウリ,8,49,6R 清洲特別 ダ1200m,https://goku-uma.nikkansports.com/chuo/compi_detail_v1.php?kaicode=12026070829000,PASS_LOGGED_IN_DOM
2026-08-29,中京,6,202607030306,07263306,15:00,6R ダ1200 清洲特別 2勝クラス WIN5 15:00,3,オコタンペ,7,52,6R 清洲特別 ダ1200m,https://goku-uma.nikkansports.com/chuo/compi_detail_v1.php?kaicode=12026070829000,PASS_LOGGED_IN_DOM
2026-08-29,中京,6,202607030306,07263306,15:00,6R ダ1200 清洲特別 2勝クラス WIN5 15:00,4,シルフズミスチーフ,3,68,6R 清洲特別 ダ1200m,https://goku-uma.nikkansports.com/chuo/compi_detail_v1.php?kaicode=12026070829000,PASS_LOGGED_IN_DOM
2026-08-29,中京,6,202607030306,07263306,15:00,6R ダ1200 清洲特別 2勝クラス WIN5 15:00,5,ルクスレイモンド,2,69,6R 清洲特別 ダ1200m,https://goku-uma.nikkansports.com/chuo/compi_detail_v1.php?kaicode=12026070829000,PASS_LOGGED_IN_DOM
2026-08-29,中京,6,202607030306,07263306,15:00,6R ダ1200 清洲特別 2勝クラス WIN5 15:00,6,ダノンモンテローザ,6,54,6R 清洲特別 ダ1200m,https://goku-uma.nikkansports.com/chuo/compi_detail_v1.php?kaicode=12026070829000,PASS_LOGGED_IN_DOM
2026-08-29,中京,6,202607030306,07263306,15:00,6R ダ1200 清洲特別 2勝クラス WIN5 15:00,7,ローマンレイク,13,40,6R 清洲特別 ダ1200m,https://goku-uma.nikkansports.com/chuo/compi_detail_v1.php?kaicode=12026070829000,PASS_LOGGED_IN_DOM
2026-08-29,中京,6,202607030306,07263306,15:00,6R ダ1200 清洲特別 2勝クラス WIN5 15:00,8,ブルーノート,12,41,6R 清洲特別 ダ1200m,https://goku-uma.nikkansports.com/chuo/compi_detail_v1.php?kaicode=12026070829000,PASS_LOGGED_IN_DOM
2026-08-29,中京,6,202607030306,07263306,15:00,6R ダ1200 清洲特別 2勝クラス WIN5 15:00,9,シアター,10,47,6R 清洲特別 ダ1200m,https://goku-uma.nikkansports.com/chuo/compi_detail_v1.php?kaicode=12026070829000,PASS_LOGGED_IN_DOM
2026-08-29,中京,6,202607030306,07263306,15:00,6R ダ1200 清洲特別 2勝クラス WIN5 15:00,10,リードプリンシパル,11,46,6R 清洲特別 ダ1200m,https://goku-uma.nikkansports.com/chuo/compi_detail_v1.php?kaicode=12026070829000,PASS_LOGGED_IN_DOM
2026-08-29,中京,6,202607030306,07263306,15:00,6R ダ1200 清洲特別 2勝クラス WIN5 15:00,11,アオイレーギーナ,5,57,6R 清洲特別 ダ1200m,https://goku-uma.nikkansports.com/chuo/compi_detail_v1.php?kaicode=12026070829000,PASS_LOGGED_IN_DOM
2026-08-29,中京,6,202607030306,07263306,15:00,6R ダ1200 清洲特別 2勝クラス WIN5 15:00,12,バッハアルプゼー,1,74,6R 清洲特別 ダ1200m,https://goku-uma.nikkansports.com/chuo/compi_detail_v1.php?kaicode=12026070829000,PASS_LOGGED_IN_DOM
2026-08-29,中京,6,202607030306,07263306,15:00,6R ダ1200 清洲特別 2勝クラス WIN5 15:00,13,ゲーベル,9,48,6R 清洲特別 ダ1200m,https://goku-uma.nikkansports.com/chuo/compi_detail_v1.php?kaicode=12026070829000,PASS_LOGGED_IN_DOM
2026-08-29,中京,7,202607030307,07263307,15:35,7R 芝1400 長篠ステークス 3勝クラス WIN5 15:35,1,ボンヌソワレ,4,60,7R 長篠Ｓ 芝1400m,https://goku-uma.nikkansports.com/chuo/compi_detail_v1.php?kaicode=12026070829000,PASS_LOGGED_IN_DOM
2026-08-29,中京,7,202607030307,07263307,15:35,7R 芝1400 長篠ステークス 3勝クラス WIN5 15:35,2,ロードマイライフ,13,46,7R 長篠Ｓ 芝1400m,https://goku-uma.nikkansports.com/chuo/compi_detail_v1.php?kaicode=12026070829000,PASS_LOGGED_IN_DOM
2026-08-29,中京,7,202607030307,07263307,15:35,7R 芝1400 長篠ステークス 3勝クラス WIN5 15:35,3,ビップジーニー,11,48,7R 長篠Ｓ 芝1400m,https://goku-uma.nikkansports.com/chuo/compi_detail_v1.php?kaicode=12026070829000,PASS_LOGGED_IN_DOM
2026-08-29,中京,7,202607030307,07263307,15:35,7R 芝1400 長篠ステークス 3勝クラス WIN5 15:35,4,ブルクトーア,6,54,7R 長篠Ｓ 芝1400m,https://goku-uma.nikkansports.com/chuo/compi_detail_v1.php?kaicode=12026070829000,PASS_LOGGED_IN_DOM
2026-08-29,中京,7,202607030307,07263307,15:35,7R 芝1400 長篠ステークス 3勝クラス WIN5 15:35,5,チャンネルトンネル,2,67,7R 長篠Ｓ 芝1400m,https://goku-uma.nikkansports.com/chuo/compi_detail_v1.php?kaicode=12026070829000,PASS_LOGGED_IN_DOM
2026-08-29,中京,7,202607030307,07263307,15:35,7R 芝1400 長篠ステークス 3勝クラス WIN5 15:35,6,セシリエプラージュ,15,40,7R 長篠Ｓ 芝1400m,https://goku-uma.nikkansports.com/chuo/compi_detail_v1.php?kaicode=12026070829000,PASS_LOGGED_IN_DOM
2026-08-29,中京,7,202607030307,07263307,15:35,7R 芝1400 長篠ステークス 3勝クラス WIN5 15:35,7,コト,12,47,7R 長篠Ｓ 芝1400m,https://goku-uma.nikkansports.com/chuo/compi_detail_v1.php?kaicode=12026070829000,PASS_LOGGED_IN_DOM
2026-08-29,中京,7,202607030307,07263307,15:35,7R 芝1400 長篠ステークス 3勝クラス WIN5 15:35,8,ダークエクリプス,14,41,7R 長篠Ｓ 芝1400m,https://goku-uma.nikkansports.com/chuo/compi_detail_v1.php?kaicode=12026070829000,PASS_LOGGED_IN_DOM
2026-08-29,中京,7,202607030307,07263307,15:35,7R 芝1400 長篠ステークス 3勝クラス WIN5 15:35,9,モジャーリオ,8,51,7R 長篠Ｓ 芝1400m,https://goku-uma.nikkansports.com/chuo/compi_detail_v1.php?kaicode=12026070829000,PASS_LOGGED_IN_DOM
2026-08-29,中京,7,202607030307,07263307,15:35,7R 芝1400 長篠ステークス 3勝クラス WIN5 15:35,10,ポッドロワール,1,82,7R 長篠Ｓ 芝1400m,https://goku-uma.nikkansports.com/chuo/compi_detail_v1.php?kaicode=12026070829000,PASS_LOGGED_IN_DOM
2026-08-29,中京,7,202607030307,07263307,15:35,7R 芝1400 長篠ステークス 3勝クラス WIN5 15:35,11,フライングブレード,9,50,7R 長篠Ｓ 芝1400m,https://goku-uma.nikkansports.com/chuo/compi_detail_v1.php?kaicode=12026070829000,PASS_LOGGED_IN_DOM
2026-08-29,中京,7,202607030307,07263307,15:35,7R 芝1400 長篠ステークス 3勝クラス WIN5 15:35,12,ポエットリー,10,49,7R 長篠Ｓ 芝1400m,https://goku-uma.nikkansports.com/chuo/compi_detail_v1.php?kaicode=12026070829000,PASS_LOGGED_IN_DOM
2026-08-29,中京,7,202607030307,07263307,15:35,7R 芝1400 長篠ステークス 3勝クラス WIN5 15:35,13,ユハンヌス,3,61,7R 長篠Ｓ 芝1400m,https://goku-uma.nikkansports.com/chuo/compi_detail_v1.php?kaicode=12026070829000,PASS_LOGGED_IN_DOM
2026-08-29,中京,7,202607030307,07263307,15:35,7R 芝1400 長篠ステークス 3勝クラス WIN5 15:35,14,ガンマジーティーピ,7,53,7R 長篠Ｓ 芝1400m,https://goku-uma.nikkansports.com/chuo/compi_detail_v1.php?kaicode=12026070829000,PASS_LOGGED_IN_DOM
2026-08-29,中京,7,202607030307,07263307,15:35,7R 芝1400 長篠ステークス 3勝クラス WIN5 15:35,15,ユウファラオ,5,59,7R 長篠Ｓ 芝1400m,https://goku-uma.nikkansports.com/chuo/compi_detail_v1.php?kaicode=12026070829000,PASS_LOGGED_IN_DOM
2026-08-29,中京,8,202607030308,07263308,16:10,8R 芝1400 桑名特別 2勝クラス 16:10,1,カウンティフェア,8,49,8R 桑名特別 芝1400m,https://goku-uma.nikkansports.com/chuo/compi_detail_v1.php?kaicode=12026070829000,PASS_LOGGED_IN_DOM
2026-08-29,中京,8,202607030308,07263308,16:10,8R 芝1400 桑名特別 2勝クラス 16:10,2,ツーネサーン,7,53,8R 桑名特別 芝1400m,https://goku-uma.nikkansports.com/chuo/compi_detail_v1.php?kaicode=12026070829000,PASS_LOGGED_IN_DOM
2026-08-29,中京,8,202607030308,07263308,16:10,8R 芝1400 桑名特別 2勝クラス 16:10,3,サロニコス,11,46,8R 桑名特別 芝1400m,https://goku-uma.nikkansports.com/chuo/compi_detail_v1.php?kaicode=12026070829000,PASS_LOGGED_IN_DOM
2026-08-29,中京,8,202607030308,07263308,16:10,8R 芝1400 桑名特別 2勝クラス 16:10,4,アムールリーベ,9,48,8R 桑名特別 芝1400m,https://goku-uma.nikkansports.com/chuo/compi_detail_v1.php?kaicode=12026070829000,PASS_LOGGED_IN_DOM
2026-08-29,中京,8,202607030308,07263308,16:10,8R 芝1400 桑名特別 2勝クラス 16:10,5,サクラオーラ,10,47,8R 桑名特別 芝1400m,https://goku-uma.nikkansports.com/chuo/compi_detail_v1.php?kaicode=12026070829000,PASS_LOGGED_IN_DOM
2026-08-29,中京,8,202607030308,07263308,16:10,8R 芝1400 桑名特別 2勝クラス 16:10,6,トライアンフパス,2,69,8R 桑名特別 芝1400m,https://goku-uma.nikkansports.com/chuo/compi_detail_v1.php?kaicode=12026070829000,PASS_LOGGED_IN_DOM
2026-08-29,中京,8,202607030308,07263308,16:10,8R 芝1400 桑名特別 2勝クラス 16:10,7,リアライズ,4,60,8R 桑名特別 芝1400m,https://goku-uma.nikkansports.com/chuo/compi_detail_v1.php?kaicode=12026070829000,PASS_LOGGED_IN_DOM
2026-08-29,中京,8,202607030308,07263308,16:10,8R 芝1400 桑名特別 2勝クラス 16:10,8,キャッスルレイク,6,56,8R 桑名特別 芝1400m,https://goku-uma.nikkansports.com/chuo/compi_detail_v1.php?kaicode=12026070829000,PASS_LOGGED_IN_DOM
2026-08-29,中京,8,202607030308,07263308,16:10,8R 芝1400 桑名特別 2勝クラス 16:10,9,エーデルヴェーグ,3,63,8R 桑名特別 芝1400m,https://goku-uma.nikkansports.com/chuo/compi_detail_v1.php?kaicode=12026070829000,PASS_LOGGED_IN_DOM
2026-08-29,中京,8,202607030308,07263308,16:10,8R 芝1400 桑名特別 2勝クラス 16:10,10,ワンコールアウェイ,5,59,8R 桑名特別 芝1400m,https://goku-uma.nikkansports.com/chuo/compi_detail_v1.php?kaicode=12026070829000,PASS_LOGGED_IN_DOM
2026-08-29,中京,8,202607030308,07263308,16:10,8R 芝1400 桑名特別 2勝クラス 16:10,11,アスクキングコング,13,41,8R 桑名特別 芝1400m,https://goku-uma.nikkansports.com/chuo/compi_detail_v1.php?kaicode=12026070829000,PASS_LOGGED_IN_DOM
2026-08-29,中京,8,202607030308,07263308,16:10,8R 芝1400 桑名特別 2勝クラス 16:10,12,サヴァビアン,14,40,8R 桑名特別 芝1400m,https://goku-uma.nikkansports.com/chuo/compi_detail_v1.php?kaicode=12026070829000,PASS_LOGGED_IN_DOM
2026-08-29,中京,8,202607030308,07263308,16:10,8R 芝1400 桑名特別 2勝クラス 16:10,13,モンテディアーナ,12,42,8R 桑名特別 芝1400m,https://goku-uma.nikkansports.com/chuo/compi_detail_v1.php?kaicode=12026070829000,PASS_LOGGED_IN_DOM
2026-08-29,中京,8,202607030308,07263308,16:10,8R 芝1400 桑名特別 2勝クラス 16:10,14,ダガーリング,1,78,8R 桑名特別 芝1400m,https://goku-uma.nikkansports.com/chuo/compi_detail_v1.php?kaicode=12026070829000,PASS_LOGGED_IN_DOM
2026-08-29,中京,9,202607030309,07263309,16:45,9R ダ1800 ３歳上１勝クラス 16:45,1,ラグナトーレ,9,47,9R ３歳上１勝クラス ダ1800m,https://goku-uma.nikkansports.com/chuo/compi_detail_v1.php?kaicode=12026070829000,PASS_LOGGED_IN_DOM
2026-08-29,中京,9,202607030309,07263309,16:45,9R ダ1800 ３歳上１勝クラス 16:45,2,ブラッドムーン,8,48,9R ３歳上１勝クラス ダ1800m,https://goku-uma.nikkansports.com/chuo/compi_detail_v1.php?kaicode=12026070829000,PASS_LOGGED_IN_DOM
2026-08-29,中京,9,202607030309,07263309,16:45,9R ダ1800 ３歳上１勝クラス 16:45,3,コンテナライン,7,51,9R ３歳上１勝クラス ダ1800m,https://goku-uma.nikkansports.com/chuo/compi_detail_v1.php?kaicode=12026070829000,PASS_LOGGED_IN_DOM
2026-08-29,中京,9,202607030309,07263309,16:45,9R ダ1800 ３歳上１勝クラス 16:45,4,セレーノ,3,67,9R ３歳上１勝クラス ダ1800m,https://goku-uma.nikkansports.com/chuo/compi_detail_v1.php?kaicode=12026070829000,PASS_LOGGED_IN_DOM
2026-08-29,中京,9,202607030309,07263309,16:45,9R ダ1800 ３歳上１勝クラス 16:45,5,クラテロス,6,53,9R ３歳上１勝クラス ダ1800m,https://goku-uma.nikkansports.com/chuo/compi_detail_v1.php?kaicode=12026070829000,PASS_LOGGED_IN_DOM
2026-08-29,中京,9,202607030309,07263309,16:45,9R ダ1800 ３歳上１勝クラス 16:45,6,ラテライト,4,57,9R ３歳上１勝クラス ダ1800m,https://goku-uma.nikkansports.com/chuo/compi_detail_v1.php?kaicode=12026070829000,PASS_LOGGED_IN_DOM
2026-08-29,中京,9,202607030309,07263309,16:45,9R ダ1800 ３歳上１勝クラス 16:45,7,リアンクトワ,5,56,9R ３歳上１勝クラス ダ1800m,https://goku-uma.nikkansports.com/chuo/compi_detail_v1.php?kaicode=12026070829000,PASS_LOGGED_IN_DOM
2026-08-29,中京,9,202607030309,07263309,16:45,9R ダ1800 ３歳上１勝クラス 16:45,8,シエーナカラー,2,72,9R ３歳上１勝クラス ダ1800m,https://goku-uma.nikkansports.com/chuo/compi_detail_v1.php?kaicode=12026070829000,PASS_LOGGED_IN_DOM
2026-08-29,中京,9,202607030309,07263309,16:45,9R ダ1800 ３歳上１勝クラス 16:45,9,メイショウアカリ,1,76,9R ３歳上１勝クラス ダ1800m,https://goku-uma.nikkansports.com/chuo/compi_detail_v1.php?kaicode=12026070829000,PASS_LOGGED_IN_DOM
2026-08-29,中京,10,202607030310,07263310,17:15,10R ダ1400 ３歳上１勝クラス 17:15,1,ワイドグンサ,2,72,10R ３歳上１勝クラス ダ1400m,https://goku-uma.nikkansports.com/chuo/compi_detail_v1.php?kaicode=12026070829000,PASS_LOGGED_IN_DOM
2026-08-29,中京,10,202607030310,07263310,17:15,10R ダ1400 ３歳上１勝クラス 17:15,2,パヴィーア,6,54,10R ３歳上１勝クラス ダ1400m,https://goku-uma.nikkansports.com/chuo/compi_detail_v1.php?kaicode=12026070829000,PASS_LOGGED_IN_DOM
2026-08-29,中京,10,202607030310,07263310,17:15,10R ダ1400 ３歳上１勝クラス 17:15,3,ハッピーラブソング,13,43,10R ３歳上１勝クラス ダ1400m,https://goku-uma.nikkansports.com/chuo/compi_detail_v1.php?kaicode=12026070829000,PASS_LOGGED_IN_DOM
2026-08-29,中京,10,202607030310,07263310,17:15,10R ダ1400 ３歳上１勝クラス 17:15,4,タイニーワンダー,1,74,10R ３歳上１勝クラス ダ1400m,https://goku-uma.nikkansports.com/chuo/compi_detail_v1.php?kaicode=12026070829000,PASS_LOGGED_IN_DOM
2026-08-29,中京,10,202607030310,07263310,17:15,10R ダ1400 ３歳上１勝クラス 17:15,5,ヴィヴァシャス,14,42,10R ３歳上１勝クラス ダ1400m,https://goku-uma.nikkansports.com/chuo/compi_detail_v1.php?kaicode=12026070829000,PASS_LOGGED_IN_DOM
2026-08-29,中京,10,202607030310,07263310,17:15,10R ダ1400 ３歳上１勝クラス 17:15,6,ジューンセクレタ,4,59,10R ３歳上１勝クラス ダ1400m,https://goku-uma.nikkansports.com/chuo/compi_detail_v1.php?kaicode=12026070829000,PASS_LOGGED_IN_DOM
2026-08-29,中京,10,202607030310,07263310,17:15,10R ダ1400 ３歳上１勝クラス 17:15,7,ウォーターパラディ,9,50,10R ３歳上１勝クラス ダ1400m,https://goku-uma.nikkansports.com/chuo/compi_detail_v1.php?kaicode=12026070829000,PASS_LOGGED_IN_DOM
2026-08-29,中京,10,202607030310,07263310,17:15,10R ダ1400 ３歳上１勝クラス 17:15,8,メイショウサトノヒ,12,44,10R ３歳上１勝クラス ダ1400m,https://goku-uma.nikkansports.com/chuo/compi_detail_v1.php?kaicode=12026070829000,PASS_LOGGED_IN_DOM
2026-08-29,中京,10,202607030310,07263310,17:15,10R ダ1400 ３歳上１勝クラス 17:15,9,ピョイットハレルヤ,8,52,10R ３歳上１勝クラス ダ1400m,https://goku-uma.nikkansports.com/chuo/compi_detail_v1.php?kaicode=12026070829000,PASS_LOGGED_IN_DOM
2026-08-29,中京,10,202607030310,07263310,17:15,10R ダ1400 ３歳上１勝クラス 17:15,10,リンゲルブルーメ,5,55,10R ３歳上１勝クラス ダ1400m,https://goku-uma.nikkansports.com/chuo/compi_detail_v1.php?kaicode=12026070829000,PASS_LOGGED_IN_DOM
2026-08-29,中京,10,202607030310,07263310,17:15,10R ダ1400 ３歳上１勝クラス 17:15,11,アルプスオジョー,11,46,10R ３歳上１勝クラス ダ1400m,https://goku-uma.nikkansports.com/chuo/compi_detail_v1.php?kaicode=12026070829000,PASS_LOGGED_IN_DOM
2026-08-29,中京,10,202607030310,07263310,17:15,10R ダ1400 ３歳上１勝クラス 17:15,12,マダムカマラード,10,49,10R ３歳上１勝クラス ダ1400m,https://goku-uma.nikkansports.com/chuo/compi_detail_v1.php?kaicode=12026070829000,PASS_LOGGED_IN_DOM
2026-08-29,中京,10,202607030310,07263310,17:15,10R ダ1400 ３歳上１勝クラス 17:15,13,グランメドウ,7,53,10R ３歳上１勝クラス ダ1400m,https://goku-uma.nikkansports.com/chuo/compi_detail_v1.php?kaicode=12026070829000,PASS_LOGGED_IN_DOM
2026-08-29,中京,10,202607030310,07263310,17:15,10R ダ1400 ３歳上１勝クラス 17:15,14,ハンザキ,15,41,10R ３歳上１勝クラス ダ1400m,https://goku-uma.nikkansports.com/chuo/compi_detail_v1.php?kaicode=12026070829000,PASS_LOGGED_IN_DOM
2026-08-29,中京,10,202607030310,07263310,17:15,10R ダ1400 ３歳上１勝クラス 17:15,15,タイセイレグノ,16,40,10R ３歳上１勝クラス ダ1400m,https://goku-uma.nikkansports.com/chuo/compi_detail_v1.php?kaicode=12026070829000,PASS_LOGGED_IN_DOM
2026-08-29,中京,10,202607030310,07263310,17:15,10R ダ1400 ３歳上１勝クラス 17:15,16,ジャンヌドゥレーヴ,3,70,10R ３歳上１勝クラス ダ1400m,https://goku-uma.nikkansports.com/chuo/compi_detail_v1.php?kaicode=12026070829000,PASS_LOGGED_IN_DOM
2026-08-29,中京,11,202607030311,07263311,17:45,11R 芝1600 ３歳上１勝クラス 17:45,1,オーバースタンド,4,59,11R ３歳上１勝クラス 芝1600m,https://goku-uma.nikkansports.com/chuo/compi_detail_v1.php?kaicode=12026070829000,PASS_LOGGED_IN_DOM
2026-08-29,中京,11,202607030311,07263311,17:45,11R 芝1600 ３歳上１勝クラス 17:45,2,エンベッカ,9,48,11R ３歳上１勝クラス 芝1600m,https://goku-uma.nikkansports.com/chuo/compi_detail_v1.php?kaicode=12026070829000,PASS_LOGGED_IN_DOM
2026-08-29,中京,11,202607030311,07263311,17:45,11R 芝1600 ３歳上１勝クラス 17:45,3,ファルカータ,1,78,11R ３歳上１勝クラス 芝1600m,https://goku-uma.nikkansports.com/chuo/compi_detail_v1.php?kaicode=12026070829000,PASS_LOGGED_IN_DOM
2026-08-29,中京,11,202607030311,07263311,17:45,11R 芝1600 ３歳上１勝クラス 17:45,4,リアンマヒナ,3,68,11R ３歳上１勝クラス 芝1600m,https://goku-uma.nikkansports.com/chuo/compi_detail_v1.php?kaicode=12026070829000,PASS_LOGGED_IN_DOM
2026-08-29,中京,11,202607030311,07263311,17:45,11R 芝1600 ３歳上１勝クラス 17:45,5,メイショウビストロ,7,52,11R ３歳上１勝クラス 芝1600m,https://goku-uma.nikkansports.com/chuo/compi_detail_v1.php?kaicode=12026070829000,PASS_LOGGED_IN_DOM
2026-08-29,中京,11,202607030311,07263311,17:45,11R 芝1600 ３歳上１勝クラス 17:45,6,レッドリガーレ,5,56,11R ３歳上１勝クラス 芝1600m,https://goku-uma.nikkansports.com/chuo/compi_detail_v1.php?kaicode=12026070829000,PASS_LOGGED_IN_DOM
2026-08-29,中京,11,202607030311,07263311,17:45,11R 芝1600 ３歳上１勝クラス 17:45,7,チャンピオンロード,11,46,11R ３歳上１勝クラス 芝1600m,https://goku-uma.nikkansports.com/chuo/compi_detail_v1.php?kaicode=12026070829000,PASS_LOGGED_IN_DOM
2026-08-29,中京,11,202607030311,07263311,17:45,11R 芝1600 ３歳上１勝クラス 17:45,8,フレイムスター,10,47,11R ３歳上１勝クラス 芝1600m,https://goku-uma.nikkansports.com/chuo/compi_detail_v1.php?kaicode=12026070829000,PASS_LOGGED_IN_DOM
2026-08-29,中京,11,202607030311,07263311,17:45,11R 芝1600 ３歳上１勝クラス 17:45,9,ヴォーカライズ,2,69,11R ３歳上１勝クラス 芝1600m,https://goku-uma.nikkansports.com/chuo/compi_detail_v1.php?kaicode=12026070829000,PASS_LOGGED_IN_DOM
2026-08-29,中京,11,202607030311,07263311,17:45,11R 芝1600 ３歳上１勝クラス 17:45,10,エイズルブルーム,8,51,11R ３歳上１勝クラス 芝1600m,https://goku-uma.nikkansports.com/chuo/compi_detail_v1.php?kaicode=12026070829000,PASS_LOGGED_IN_DOM
2026-08-29,中京,11,202607030311,07263311,17:45,11R 芝1600 ３歳上１勝クラス 17:45,11,ギザキズラヴ,12,41,11R ３歳上１勝クラス 芝1600m,https://goku-uma.nikkansports.com/chuo/compi_detail_v1.php?kaicode=12026070829000,PASS_LOGGED_IN_DOM
2026-08-29,中京,11,202607030311,07263311,17:45,11R 芝1600 ３歳上１勝クラス 17:45,12,グローブアマランス,6,53,11R ３歳上１勝クラス 芝1600m,https://goku-uma.nikkansports.com/chuo/compi_detail_v1.php?kaicode=12026070829000,PASS_LOGGED_IN_DOM
2026-08-29,中京,11,202607030311,07263311,17:45,11R 芝1600 ３歳上１勝クラス 17:45,13,リオンプライム,13,40,11R ３歳上１勝クラス 芝1600m,https://goku-uma.nikkansports.com/chuo/compi_detail_v1.php?kaicode=12026070829000,PASS_LOGGED_IN_DOM
2026-08-29,中京,12,202607030312,07263312,18:15,12R ダ1800 ３歳未勝利 18:15,1,クロレ,3,60,12R ３歳未勝利 ダ1800m,https://goku-uma.nikkansports.com/chuo/compi_detail_v1.php?kaicode=12026070829000,PASS_LOGGED_IN_DOM
2026-08-29,中京,12,202607030312,07263312,18:15,12R ダ1800 ３歳未勝利 18:15,2,ゴールデンドラゴン,1,77,12R ３歳未勝利 ダ1800m,https://goku-uma.nikkansports.com/chuo/compi_detail_v1.php?kaicode=12026070829000,PASS_LOGGED_IN_DOM
2026-08-29,中京,12,202607030312,07263312,18:15,12R ダ1800 ３歳未勝利 18:15,3,タガノランパート,2,69,12R ３歳未勝利 ダ1800m,https://goku-uma.nikkansports.com/chuo/compi_detail_v1.php?kaicode=12026070829000,PASS_LOGGED_IN_DOM
2026-08-29,中京,12,202607030312,07263312,18:15,12R ダ1800 ３歳未勝利 18:15,4,クリコバロー,7,53,12R ３歳未勝利 ダ1800m,https://goku-uma.nikkansports.com/chuo/compi_detail_v1.php?kaicode=12026070829000,PASS_LOGGED_IN_DOM
2026-08-29,中京,12,202607030312,07263312,18:15,12R ダ1800 ３歳未勝利 18:15,5,シャイニングスター,8,52,12R ３歳未勝利 ダ1800m,https://goku-uma.nikkansports.com/chuo/compi_detail_v1.php?kaicode=12026070829000,PASS_LOGGED_IN_DOM
2026-08-29,中京,12,202607030312,07263312,18:15,12R ダ1800 ３歳未勝利 18:15,6,ブクブクー,6,57,12R ３歳未勝利 ダ1800m,https://goku-uma.nikkansports.com/chuo/compi_detail_v1.php?kaicode=12026070829000,PASS_LOGGED_IN_DOM
2026-08-29,中京,12,202607030312,07263312,18:15,12R ダ1800 ３歳未勝利 18:15,7,ベルラフィネ,13,47,12R ３歳未勝利 ダ1800m,https://goku-uma.nikkansports.com/chuo/compi_detail_v1.php?kaicode=12026070829000,PASS_LOGGED_IN_DOM
2026-08-29,中京,12,202607030312,07263312,18:15,12R ダ1800 ３歳未勝利 18:15,8,シホノグラツィア,5,58,12R ３歳未勝利 ダ1800m,https://goku-uma.nikkansports.com/chuo/compi_detail_v1.php?kaicode=12026070829000,PASS_LOGGED_IN_DOM
2026-08-29,中京,12,202607030312,07263312,18:15,12R ダ1800 ３歳未勝利 18:15,9,クロームクロス,12,48,12R ３歳未勝利 ダ1800m,https://goku-uma.nikkansports.com/chuo/compi_detail_v1.php?kaicode=12026070829000,PASS_LOGGED_IN_DOM
2026-08-29,中京,12,202607030312,07263312,18:15,12R ダ1800 ３歳未勝利 18:15,10,ガラード,10,50,12R ３歳未勝利 ダ1800m,https://goku-uma.nikkansports.com/chuo/compi_detail_v1.php?kaicode=12026070829000,PASS_LOGGED_IN_DOM
2026-08-29,中京,12,202607030312,07263312,18:15,12R ダ1800 ３歳未勝利 18:15,11,メイショウハーブス,4,59,12R ３歳未勝利 ダ1800m,https://goku-uma.nikkansports.com/chuo/compi_detail_v1.php?kaicode=12026070829000,PASS_LOGGED_IN_DOM
2026-08-29,中京,12,202607030312,07263312,18:15,12R ダ1800 ３歳未勝利 18:15,12,トラッドロア,9,51,12R ３歳未勝利 ダ1800m,https://goku-uma.nikkansports.com/chuo/compi_detail_v1.php?kaicode=12026070829000,PASS_LOGGED_IN_DOM
2026-08-29,中京,12,202607030312,07263312,18:15,12R ダ1800 ３歳未勝利 18:15,13,サマーナジュム,14,46,12R ３歳未勝利 ダ1800m,https://goku-uma.nikkansports.com/chuo/compi_detail_v1.php?kaicode=12026070829000,PASS_LOGGED_IN_DOM
2026-08-29,中京,12,202607030312,07263312,18:15,12R ダ1800 ３歳未勝利 18:15,14,メイショウジンソウ,11,49,12R ３歳未勝利 ダ1800m,https://goku-uma.nikkansports.com/chuo/compi_detail_v1.php?kaicode=12026070829000,PASS_LOGGED_IN_DOM
2026-08-29,札幌,1,202601020301,01262301,10:00,1R ダ1700 ３歳未勝利 10:00,1,アズライトアスール,13,41,1R ３歳未勝利 ダ1700m,https://goku-uma.nikkansports.com/chuo/compi_detail_v1.php?kaicode=12026010829000,PASS_LOGGED_IN_DOM
2026-08-29,札幌,1,202601020301,01262301,10:00,1R ダ1700 ３歳未勝利 10:00,2,ロードステラート,8,52,1R ３歳未勝利 ダ1700m,https://goku-uma.nikkansports.com/chuo/compi_detail_v1.php?kaicode=12026010829000,PASS_LOGGED_IN_DOM
2026-08-29,札幌,1,202601020301,01262301,10:00,1R ダ1700 ３歳未勝利 10:00,3,アスコットダンス,14,40,1R ３歳未勝利 ダ1700m,https://goku-uma.nikkansports.com/chuo/compi_detail_v1.php?kaicode=12026010829000,PASS_LOGGED_IN_DOM
2026-08-29,札幌,1,202601020301,01262301,10:00,1R ダ1700 ３歳未勝利 10:00,4,ショウナンタヅナ,9,49,1R ３歳未勝利 ダ1700m,https://goku-uma.nikkansports.com/chuo/compi_detail_v1.php?kaicode=12026010829000,PASS_LOGGED_IN_DOM
2026-08-29,札幌,1,202601020301,01262301,10:00,1R ダ1700 ３歳未勝利 10:00,5,フロムザムーン,10,48,1R ３歳未勝利 ダ1700m,https://goku-uma.nikkansports.com/chuo/compi_detail_v1.php?kaicode=12026010829000,PASS_LOGGED_IN_DOM
2026-08-29,札幌,1,202601020301,01262301,10:00,1R ダ1700 ３歳未勝利 10:00,6,ワンダーアスク,4,59,1R ３歳未勝利 ダ1700m,https://goku-uma.nikkansports.com/chuo/compi_detail_v1.php?kaicode=12026010829000,PASS_LOGGED_IN_DOM
2026-08-29,札幌,1,202601020301,01262301,10:00,1R ダ1700 ３歳未勝利 10:00,7,ダリアフレイバー,12,42,1R ３歳未勝利 ダ1700m,https://goku-uma.nikkansports.com/chuo/compi_detail_v1.php?kaicode=12026010829000,PASS_LOGGED_IN_DOM
2026-08-29,札幌,1,202601020301,01262301,10:00,1R ダ1700 ３歳未勝利 10:00,8,アイムスティルミー,11,47,1R ３歳未勝利 ダ1700m,https://goku-uma.nikkansports.com/chuo/compi_detail_v1.php?kaicode=12026010829000,PASS_LOGGED_IN_DOM
2026-08-29,札幌,1,202601020301,01262301,10:00,1R ダ1700 ３歳未勝利 10:00,9,ゴールデンダガー,1,74,1R ３歳未勝利 ダ1700m,https://goku-uma.nikkansports.com/chuo/compi_detail_v1.php?kaicode=12026010829000,PASS_LOGGED_IN_DOM
2026-08-29,札幌,1,202601020301,01262301,10:00,1R ダ1700 ３歳未勝利 10:00,10,クールフィデル,7,53,1R ３歳未勝利 ダ1700m,https://goku-uma.nikkansports.com/chuo/compi_detail_v1.php?kaicode=12026010829000,PASS_LOGGED_IN_DOM
2026-08-29,札幌,1,202601020301,01262301,10:00,1R ダ1700 ３歳未勝利 10:00,11,メイショウタイザン,6,54,1R ３歳未勝利 ダ1700m,https://goku-uma.nikkansports.com/chuo/compi_detail_v1.php?kaicode=12026010829000,PASS_LOGGED_IN_DOM
2026-08-29,札幌,1,202601020301,01262301,10:00,1R ダ1700 ３歳未勝利 10:00,12,サンオブザサン,2,71,1R ３歳未勝利 ダ1700m,https://goku-uma.nikkansports.com/chuo/compi_detail_v1.php?kaicode=12026010829000,PASS_LOGGED_IN_DOM
2026-08-29,札幌,1,202601020301,01262301,10:00,1R ダ1700 ３歳未勝利 10:00,13,ベルアズーロ,3,64,1R ３歳未勝利 ダ1700m,https://goku-uma.nikkansports.com/chuo/compi_detail_v1.php?kaicode=12026010829000,PASS_LOGGED_IN_DOM
2026-08-29,札幌,1,202601020301,01262301,10:00,1R ダ1700 ３歳未勝利 10:00,14,アーデルブリックス,5,56,1R ３歳未勝利 ダ1700m,https://goku-uma.nikkansports.com/chuo/compi_detail_v1.php?kaicode=12026010829000,PASS_LOGGED_IN_DOM
2026-08-29,札幌,2,202601020302,01262302,10:30,2R 芝1500 ２歳未勝利 10:30,1,セールデュクール,12,41,2R ２歳未勝利 芝1500m,https://goku-uma.nikkansports.com/chuo/compi_detail_v1.php?kaicode=12026010829000,PASS_LOGGED_IN_DOM
2026-08-29,札幌,2,202601020302,01262302,10:30,2R 芝1500 ２歳未勝利 10:30,2,ロゼハイスクール,10,46,2R ２歳未勝利 芝1500m,https://goku-uma.nikkansports.com/chuo/compi_detail_v1.php?kaicode=12026010829000,PASS_LOGGED_IN_DOM
2026-08-29,札幌,2,202601020302,01262302,10:30,2R 芝1500 ２歳未勝利 10:30,3,フォルトゥナロッサ,1,84,2R ２歳未勝利 芝1500m,https://goku-uma.nikkansports.com/chuo/compi_detail_v1.php?kaicode=12026010829000,PASS_LOGGED_IN_DOM
2026-08-29,札幌,2,202601020302,01262302,10:30,2R 芝1500 ２歳未勝利 10:30,4,セイレイカ,6,57,2R ２歳未勝利 芝1500m,https://goku-uma.nikkansports.com/chuo/compi_detail_v1.php?kaicode=12026010829000,PASS_LOGGED_IN_DOM
2026-08-29,札幌,2,202601020302,01262302,10:30,2R 芝1500 ２歳未勝利 10:30,5,タプティ,2,65,2R ２歳未勝利 芝1500m,https://goku-uma.nikkansports.com/chuo/compi_detail_v1.php?kaicode=12026010829000,PASS_LOGGED_IN_DOM
2026-08-29,札幌,2,202601020302,01262302,10:30,2R 芝1500 ２歳未勝利 10:30,6,ルギッドドランジュ,4,59,2R ２歳未勝利 芝1500m,https://goku-uma.nikkansports.com/chuo/compi_detail_v1.php?kaicode=12026010829000,PASS_LOGGED_IN_DOM
2026-08-29,札幌,2,202601020302,01262302,10:30,2R 芝1500 ２歳未勝利 10:30,7,コイゾラ,11,42,2R ２歳未勝利 芝1500m,https://goku-uma.nikkansports.com/chuo/compi_detail_v1.php?kaicode=12026010829000,PASS_LOGGED_IN_DOM
2026-08-29,札幌,2,202601020302,01262302,10:30,2R 芝1500 ２歳未勝利 10:30,8,リラカリス,9,47,2R ２歳未勝利 芝1500m,https://goku-uma.nikkansports.com/chuo/compi_detail_v1.php?kaicode=12026010829000,PASS_LOGGED_IN_DOM
2026-08-29,札幌,2,202601020302,01262302,10:30,2R 芝1500 ２歳未勝利 10:30,9,ソーハッピー,5,58,2R ２歳未勝利 芝1500m,https://goku-uma.nikkansports.com/chuo/compi_detail_v1.php?kaicode=12026010829000,PASS_LOGGED_IN_DOM
2026-08-29,札幌,2,202601020302,01262302,10:30,2R 芝1500 ２歳未勝利 10:30,10,アヴレディール,3,63,2R ２歳未勝利 芝1500m,https://goku-uma.nikkansports.com/chuo/compi_detail_v1.php?kaicode=12026010829000,PASS_LOGGED_IN_DOM
2026-08-29,札幌,2,202601020302,01262302,10:30,2R 芝1500 ２歳未勝利 10:30,11,ルイスイメル,13,40,2R ２歳未勝利 芝1500m,https://goku-uma.nikkansports.com/chuo/compi_detail_v1.php?kaicode=12026010829000,PASS_LOGGED_IN_DOM
2026-08-29,札幌,2,202601020302,01262302,10:30,2R 芝1500 ２歳未勝利 10:30,12,バタフライ,8,52,2R ２歳未勝利 芝1500m,https://goku-uma.nikkansports.com/chuo/compi_detail_v1.php?kaicode=12026010829000,PASS_LOGGED_IN_DOM
2026-08-29,札幌,2,202601020302,01262302,10:30,2R 芝1500 ２歳未勝利 10:30,13,サトノパラディ,7,53,2R ２歳未勝利 芝1500m,https://goku-uma.nikkansports.com/chuo/compi_detail_v1.php?kaicode=12026010829000,PASS_LOGGED_IN_DOM
2026-08-29,札幌,3,202601020303,01262303,11:00,3R 芝1800 ２歳未勝利 11:00,1,ダノンキューブ,1,90,3R ２歳未勝利 芝1800m,https://goku-uma.nikkansports.com/chuo/compi_detail_v1.php?kaicode=12026010829000,PASS_LOGGED_IN_DOM
2026-08-29,札幌,3,202601020303,01262303,11:00,3R 芝1800 ２歳未勝利 11:00,2,サンゴート,9,46,3R ２歳未勝利 芝1800m,https://goku-uma.nikkansports.com/chuo/compi_detail_v1.php?kaicode=12026010829000,PASS_LOGGED_IN_DOM
2026-08-29,札幌,3,202601020303,01262303,11:00,3R 芝1800 ２歳未勝利 11:00,3,エコロナイン,2,64,3R ２歳未勝利 芝1800m,https://goku-uma.nikkansports.com/chuo/compi_detail_v1.php?kaicode=12026010829000,PASS_LOGGED_IN_DOM
2026-08-29,札幌,3,202601020303,01262303,11:00,3R 芝1800 ２歳未勝利 11:00,4,アイアムツヨスギル,7,50,3R ２歳未勝利 芝1800m,https://goku-uma.nikkansports.com/chuo/compi_detail_v1.php?kaicode=12026010829000,PASS_LOGGED_IN_DOM
2026-08-29,札幌,3,202601020303,01262303,11:00,3R 芝1800 ２歳未勝利 11:00,5,ロマノヴェリテ,5,58,3R ２歳未勝利 芝1800m,https://goku-uma.nikkansports.com/chuo/compi_detail_v1.php?kaicode=12026010829000,PASS_LOGGED_IN_DOM
2026-08-29,札幌,3,202601020303,01262303,11:00,3R 芝1800 ２歳未勝利 11:00,6,チェッリーニ,8,48,3R ２歳未勝利 芝1800m,https://goku-uma.nikkansports.com/chuo/compi_detail_v1.php?kaicode=12026010829000,PASS_LOGGED_IN_DOM
2026-08-29,札幌,3,202601020303,01262303,11:00,3R 芝1800 ２歳未勝利 11:00,7,マシュマロデイズ,3,60,3R ２歳未勝利 芝1800m,https://goku-uma.nikkansports.com/chuo/compi_detail_v1.php?kaicode=12026010829000,PASS_LOGGED_IN_DOM
2026-08-29,札幌,3,202601020303,01262303,11:00,3R 芝1800 ２歳未勝利 11:00,8,トルネードサンダー,6,55,3R ２歳未勝利 芝1800m,https://goku-uma.nikkansports.com/chuo/compi_detail_v1.php?kaicode=12026010829000,PASS_LOGGED_IN_DOM
2026-08-29,札幌,3,202601020303,01262303,11:00,3R 芝1800 ２歳未勝利 11:00,9,イドム,4,59,3R ２歳未勝利 芝1800m,https://goku-uma.nikkansports.com/chuo/compi_detail_v1.php?kaicode=12026010829000,PASS_LOGGED_IN_DOM
2026-08-29,札幌,3,202601020303,01262303,11:00,3R 芝1800 ２歳未勝利 11:00,10,マイネルサリーレ,10,41,3R ２歳未勝利 芝1800m,https://goku-uma.nikkansports.com/chuo/compi_detail_v1.php?kaicode=12026010829000,PASS_LOGGED_IN_DOM
2026-08-29,札幌,3,202601020303,01262303,11:00,3R 芝1800 ２歳未勝利 11:00,11,シャイニーヒーロー,11,40,3R ２歳未勝利 芝1800m,https://goku-uma.nikkansports.com/chuo/compi_detail_v1.php?kaicode=12026010829000,PASS_LOGGED_IN_DOM
2026-08-29,札幌,4,202601020304,01262304,11:30,4R ダ1000 ３歳未勝利 11:30,1,ニシノギャルズ,5,57,4R ３歳未勝利 ダ1000m,https://goku-uma.nikkansports.com/chuo/compi_detail_v1.php?kaicode=12026010829000,PASS_LOGGED_IN_DOM
2026-08-29,札幌,4,202601020304,01262304,11:30,4R ダ1000 ３歳未勝利 11:30,2,ゲレイロ,6,53,4R ３歳未勝利 ダ1000m,https://goku-uma.nikkansports.com/chuo/compi_detail_v1.php?kaicode=12026010829000,PASS_LOGGED_IN_DOM
2026-08-29,札幌,4,202601020304,01262304,11:30,4R ダ1000 ３歳未勝利 11:30,3,ハクサンレイホウ,7,51,4R ３歳未勝利 ダ1000m,https://goku-uma.nikkansports.com/chuo/compi_detail_v1.php?kaicode=12026010829000,PASS_LOGGED_IN_DOM
2026-08-29,札幌,4,202601020304,01262304,11:30,4R ダ1000 ３歳未勝利 11:30,4,オスロクィーン,10,47,4R ３歳未勝利 ダ1000m,https://goku-uma.nikkansports.com/chuo/compi_detail_v1.php?kaicode=12026010829000,PASS_LOGGED_IN_DOM
2026-08-29,札幌,4,202601020304,01262304,11:30,4R ダ1000 ３歳未勝利 11:30,5,アニマレイ,3,70,4R ３歳未勝利 ダ1000m,https://goku-uma.nikkansports.com/chuo/compi_detail_v1.php?kaicode=12026010829000,PASS_LOGGED_IN_DOM
2026-08-29,札幌,4,202601020304,01262304,11:30,4R ダ1000 ３歳未勝利 11:30,6,ハイティー,1,75,4R ３歳未勝利 ダ1000m,https://goku-uma.nikkansports.com/chuo/compi_detail_v1.php?kaicode=12026010829000,PASS_LOGGED_IN_DOM
2026-08-29,札幌,4,202601020304,01262304,11:30,4R ダ1000 ３歳未勝利 11:30,7,フェイスリフト,2,71,4R ３歳未勝利 ダ1000m,https://goku-uma.nikkansports.com/chuo/compi_detail_v1.php?kaicode=12026010829000,PASS_LOGGED_IN_DOM
2026-08-29,札幌,4,202601020304,01262304,11:30,4R ダ1000 ３歳未勝利 11:30,8,ジューンマロン,12,40,4R ３歳未勝利 ダ1000m,https://goku-uma.nikkansports.com/chuo/compi_detail_v1.php?kaicode=12026010829000,PASS_LOGGED_IN_DOM
2026-08-29,札幌,4,202601020304,01262304,11:30,4R ダ1000 ３歳未勝利 11:30,9,ディースカウ,11,41,4R ３歳未勝利 ダ1000m,https://goku-uma.nikkansports.com/chuo/compi_detail_v1.php?kaicode=12026010829000,PASS_LOGGED_IN_DOM
2026-08-29,札幌,4,202601020304,01262304,11:30,4R ダ1000 ３歳未勝利 11:30,10,マッシブショット,9,48,4R ３歳未勝利 ダ1000m,https://goku-uma.nikkansports.com/chuo/compi_detail_v1.php?kaicode=12026010829000,PASS_LOGGED_IN_DOM
2026-08-29,札幌,4,202601020304,01262304,11:30,4R ダ1000 ３歳未勝利 11:30,11,ミスマラッカ,8,49,4R ３歳未勝利 ダ1000m,https://goku-uma.nikkansports.com/chuo/compi_detail_v1.php?kaicode=12026010829000,PASS_LOGGED_IN_DOM
2026-08-29,札幌,4,202601020304,01262304,11:30,4R ダ1000 ３歳未勝利 11:30,12,スマートコーラル,4,59,4R ３歳未勝利 ダ1000m,https://goku-uma.nikkansports.com/chuo/compi_detail_v1.php?kaicode=12026010829000,PASS_LOGGED_IN_DOM
2026-08-29,札幌,5,202601020305,01262305,12:20,5R ダ1700 ２歳新馬 12:20,1,ユーフォナイト,3,62,5R ２歳新馬 ダ1700m,https://goku-uma.nikkansports.com/chuo/compi_detail_v1.php?kaicode=12026010829000,PASS_LOGGED_IN_DOM
2026-08-29,札幌,5,202601020305,01262305,12:20,5R ダ1700 ２歳新馬 12:20,2,ハイネスプラウド,7,52,5R ２歳新馬 ダ1700m,https://goku-uma.nikkansports.com/chuo/compi_detail_v1.php?kaicode=12026010829000,PASS_LOGGED_IN_DOM
2026-08-29,札幌,5,202601020305,01262305,12:20,5R ダ1700 ２歳新馬 12:20,3,ロンバルディア,5,54,5R ２歳新馬 ダ1700m,https://goku-uma.nikkansports.com/chuo/compi_detail_v1.php?kaicode=12026010829000,PASS_LOGGED_IN_DOM
2026-08-29,札幌,5,202601020305,01262305,12:20,5R ダ1700 ２歳新馬 12:20,4,ウィナーズクロノ,13,46,5R ２歳新馬 ダ1700m,https://goku-uma.nikkansports.com/chuo/compi_detail_v1.php?kaicode=12026010829000,PASS_LOGGED_IN_DOM
2026-08-29,札幌,5,202601020305,01262305,12:20,5R ダ1700 ２歳新馬 12:20,5,フィールザウィル,6,53,5R ２歳新馬 ダ1700m,https://goku-uma.nikkansports.com/chuo/compi_detail_v1.php?kaicode=12026010829000,PASS_LOGGED_IN_DOM
2026-08-29,札幌,5,202601020305,01262305,12:20,5R ダ1700 ２歳新馬 12:20,6,コスモセイント,12,47,5R ２歳新馬 ダ1700m,https://goku-uma.nikkansports.com/chuo/compi_detail_v1.php?kaicode=12026010829000,PASS_LOGGED_IN_DOM
2026-08-29,札幌,5,202601020305,01262305,12:20,5R ダ1700 ２歳新馬 12:20,7,フクノブロッサム,14,40,5R ２歳新馬 ダ1700m,https://goku-uma.nikkansports.com/chuo/compi_detail_v1.php?kaicode=12026010829000,PASS_LOGGED_IN_DOM
2026-08-29,札幌,5,202601020305,01262305,12:20,5R ダ1700 ２歳新馬 12:20,8,テンラッキーロード,4,58,5R ２歳新馬 ダ1700m,https://goku-uma.nikkansports.com/chuo/compi_detail_v1.php?kaicode=12026010829000,PASS_LOGGED_IN_DOM
2026-08-29,札幌,5,202601020305,01262305,12:20,5R ダ1700 ２歳新馬 12:20,9,ハリケンライズ,10,49,5R ２歳新馬 ダ1700m,https://goku-uma.nikkansports.com/chuo/compi_detail_v1.php?kaicode=12026010829000,PASS_LOGGED_IN_DOM
2026-08-29,札幌,5,202601020305,01262305,12:20,5R ダ1700 ２歳新馬 12:20,10,ゴーストミステリー,1,88,5R ２歳新馬 ダ1700m,https://goku-uma.nikkansports.com/chuo/compi_detail_v1.php?kaicode=12026010829000,PASS_LOGGED_IN_DOM
2026-08-29,札幌,5,202601020305,01262305,12:20,5R ダ1700 ２歳新馬 12:20,11,モントリオール,2,63,5R ２歳新馬 ダ1700m,https://goku-uma.nikkansports.com/chuo/compi_detail_v1.php?kaicode=12026010829000,PASS_LOGGED_IN_DOM
2026-08-29,札幌,5,202601020305,01262305,12:20,5R ダ1700 ２歳新馬 12:20,12,リュウノタキノボリ,9,50,5R ２歳新馬 ダ1700m,https://goku-uma.nikkansports.com/chuo/compi_detail_v1.php?kaicode=12026010829000,PASS_LOGGED_IN_DOM
2026-08-29,札幌,5,202601020305,01262305,12:20,5R ダ1700 ２歳新馬 12:20,13,ルクシエル,11,48,5R ２歳新馬 ダ1700m,https://goku-uma.nikkansports.com/chuo/compi_detail_v1.php?kaicode=12026010829000,PASS_LOGGED_IN_DOM
2026-08-29,札幌,5,202601020305,01262305,12:20,5R ダ1700 ２歳新馬 12:20,14,ルボワ,8,51,5R ２歳新馬 ダ1700m,https://goku-uma.nikkansports.com/chuo/compi_detail_v1.php?kaicode=12026010829000,PASS_LOGGED_IN_DOM
2026-08-29,札幌,6,202601020306,01262306,12:50,6R 芝1500 ３歳未勝利 12:50,1,ヒルノボローニャ,9,49,6R ３歳未勝利 芝1500m,https://goku-uma.nikkansports.com/chuo/compi_detail_v1.php?kaicode=12026010829000,PASS_LOGGED_IN_DOM
2026-08-29,札幌,6,202601020306,01262306,12:50,6R 芝1500 ３歳未勝利 12:50,2,フレンチブラッサム,10,47,6R ３歳未勝利 芝1500m,https://goku-uma.nikkansports.com/chuo/compi_detail_v1.php?kaicode=12026010829000,PASS_LOGGED_IN_DOM
2026-08-29,札幌,6,202601020306,01262306,12:50,6R 芝1500 ３歳未勝利 12:50,3,イトシサ,3,62,6R ３歳未勝利 芝1500m,https://goku-uma.nikkansports.com/chuo/compi_detail_v1.php?kaicode=12026010829000,PASS_LOGGED_IN_DOM
2026-08-29,札幌,6,202601020306,01262306,12:50,6R 芝1500 ３歳未勝利 12:50,4,ヒメヒオウギ,8,55,6R ３歳未勝利 芝1500m,https://goku-uma.nikkansports.com/chuo/compi_detail_v1.php?kaicode=12026010829000,PASS_LOGGED_IN_DOM
2026-08-29,札幌,6,202601020306,01262306,12:50,6R 芝1500 ３歳未勝利 12:50,5,グリニッジローズ,14,40,6R ３歳未勝利 芝1500m,https://goku-uma.nikkansports.com/chuo/compi_detail_v1.php?kaicode=12026010829000,PASS_LOGGED_IN_DOM
2026-08-29,札幌,6,202601020306,01262306,12:50,6R 芝1500 ３歳未勝利 12:50,6,エイシンキーンラン,6,57,6R ３歳未勝利 芝1500m,https://goku-uma.nikkansports.com/chuo/compi_detail_v1.php?kaicode=12026010829000,PASS_LOGGED_IN_DOM
2026-08-29,札幌,6,202601020306,01262306,12:50,6R 芝1500 ３歳未勝利 12:50,7,ランウェイミューズ,4,59,6R ３歳未勝利 芝1500m,https://goku-uma.nikkansports.com/chuo/compi_detail_v1.php?kaicode=12026010829000,PASS_LOGGED_IN_DOM
2026-08-29,札幌,6,202601020306,01262306,12:50,6R 芝1500 ３歳未勝利 12:50,8,サートゥルチェア,7,56,6R ３歳未勝利 芝1500m,https://goku-uma.nikkansports.com/chuo/compi_detail_v1.php?kaicode=12026010829000,PASS_LOGGED_IN_DOM
2026-08-29,札幌,6,202601020306,01262306,12:50,6R 芝1500 ３歳未勝利 12:50,9,ハイバーニアン,12,42,6R ３歳未勝利 芝1500m,https://goku-uma.nikkansports.com/chuo/compi_detail_v1.php?kaicode=12026010829000,PASS_LOGGED_IN_DOM
2026-08-29,札幌,6,202601020306,01262306,12:50,6R 芝1500 ３歳未勝利 12:50,10,ジャーナーリア,11,46,6R ３歳未勝利 芝1500m,https://goku-uma.nikkansports.com/chuo/compi_detail_v1.php?kaicode=12026010829000,PASS_LOGGED_IN_DOM
2026-08-29,札幌,6,202601020306,01262306,12:50,6R 芝1500 ３歳未勝利 12:50,11,ペカリーナ,2,63,6R ３歳未勝利 芝1500m,https://goku-uma.nikkansports.com/chuo/compi_detail_v1.php?kaicode=12026010829000,PASS_LOGGED_IN_DOM
2026-08-29,札幌,6,202601020306,01262306,12:50,6R 芝1500 ３歳未勝利 12:50,12,サウンドファミリエ,1,80,6R ３歳未勝利 芝1500m,https://goku-uma.nikkansports.com/chuo/compi_detail_v1.php?kaicode=12026010829000,PASS_LOGGED_IN_DOM
2026-08-29,札幌,6,202601020306,01262306,12:50,6R 芝1500 ３歳未勝利 12:50,13,シンデレラカラー,13,41,6R ３歳未勝利 芝1500m,https://goku-uma.nikkansports.com/chuo/compi_detail_v1.php?kaicode=12026010829000,PASS_LOGGED_IN_DOM
2026-08-29,札幌,6,202601020306,01262306,12:50,6R 芝1500 ３歳未勝利 12:50,14,ビロングトゥミー,5,58,6R ３歳未勝利 芝1500m,https://goku-uma.nikkansports.com/chuo/compi_detail_v1.php?kaicode=12026010829000,PASS_LOGGED_IN_DOM
2026-08-29,札幌,7,202601020307,01262307,13:20,7R 芝1200 ３歳上１勝クラス 13:20,1,ハッピーラッキー,3,62,7R ３歳上１勝クラス 芝1200m,https://goku-uma.nikkansports.com/chuo/compi_detail_v1.php?kaicode=12026010829000,PASS_LOGGED_IN_DOM
2026-08-29,札幌,7,202601020307,01262307,13:20,7R 芝1200 ３歳上１勝クラス 13:20,2,プリュノワール,9,51,7R ３歳上１勝クラス 芝1200m,https://goku-uma.nikkansports.com/chuo/compi_detail_v1.php?kaicode=12026010829000,PASS_LOGGED_IN_DOM
2026-08-29,札幌,7,202601020307,01262307,13:20,7R 芝1200 ３歳上１勝クラス 13:20,3,レッドカメリア,12,44,7R ３歳上１勝クラス 芝1200m,https://goku-uma.nikkansports.com/chuo/compi_detail_v1.php?kaicode=12026010829000,PASS_LOGGED_IN_DOM
2026-08-29,札幌,7,202601020307,01262307,13:20,7R 芝1200 ３歳上１勝クラス 13:20,4,ニルマーネル,4,60,7R ３歳上１勝クラス 芝1200m,https://goku-uma.nikkansports.com/chuo/compi_detail_v1.php?kaicode=12026010829000,PASS_LOGGED_IN_DOM
2026-08-29,札幌,7,202601020307,01262307,13:20,7R 芝1200 ３歳上１勝クラス 13:20,5,グロリアスマーチ,8,54,7R ３歳上１勝クラス 芝1200m,https://goku-uma.nikkansports.com/chuo/compi_detail_v1.php?kaicode=12026010829000,PASS_LOGGED_IN_DOM
2026-08-29,札幌,7,202601020307,01262307,13:20,7R 芝1200 ３歳上１勝クラス 13:20,6,ロードヴェルテクス,13,43,7R ３歳上１勝クラス 芝1200m,https://goku-uma.nikkansports.com/chuo/compi_detail_v1.php?kaicode=12026010829000,PASS_LOGGED_IN_DOM
2026-08-29,札幌,7,202601020307,01262307,13:20,7R 芝1200 ３歳上１勝クラス 13:20,7,ミレニアルピンク,10,48,7R ３歳上１勝クラス 芝1200m,https://goku-uma.nikkansports.com/chuo/compi_detail_v1.php?kaicode=12026010829000,PASS_LOGGED_IN_DOM
2026-08-29,札幌,7,202601020307,01262307,13:20,7R 芝1200 ３歳上１勝クラス 13:20,8,ジーティーエスピ,5,58,7R ３歳上１勝クラス 芝1200m,https://goku-uma.nikkansports.com/chuo/compi_detail_v1.php?kaicode=12026010829000,PASS_LOGGED_IN_DOM
2026-08-29,札幌,7,202601020307,01262307,13:20,7R 芝1200 ３歳上１勝クラス 13:20,9,ラプランセス,2,67,7R ３歳上１勝クラス 芝1200m,https://goku-uma.nikkansports.com/chuo/compi_detail_v1.php?kaicode=12026010829000,PASS_LOGGED_IN_DOM
2026-08-29,札幌,7,202601020307,01262307,13:20,7R 芝1200 ３歳上１勝クラス 13:20,10,ハルヒメ,6,57,7R ３歳上１勝クラス 芝1200m,https://goku-uma.nikkansports.com/chuo/compi_detail_v1.php?kaicode=12026010829000,PASS_LOGGED_IN_DOM
2026-08-29,札幌,7,202601020307,01262307,13:20,7R 芝1200 ３歳上１勝クラス 13:20,11,ペガサスノース,11,47,7R ３歳上１勝クラス 芝1200m,https://goku-uma.nikkansports.com/chuo/compi_detail_v1.php?kaicode=12026010829000,PASS_LOGGED_IN_DOM
2026-08-29,札幌,7,202601020307,01262307,13:20,7R 芝1200 ３歳上１勝クラス 13:20,12,ペイシャアーサー,16,40,7R ３歳上１勝クラス 芝1200m,https://goku-uma.nikkansports.com/chuo/compi_detail_v1.php?kaicode=12026010829000,PASS_LOGGED_IN_DOM
2026-08-29,札幌,7,202601020307,01262307,13:20,7R 芝1200 ３歳上１勝クラス 13:20,13,ナンナンプー,15,41,7R ３歳上１勝クラス 芝1200m,https://goku-uma.nikkansports.com/chuo/compi_detail_v1.php?kaicode=12026010829000,PASS_LOGGED_IN_DOM
2026-08-29,札幌,7,202601020307,01262307,13:20,7R 芝1200 ３歳上１勝クラス 13:20,14,マグネシアブリック,7,56,7R ３歳上１勝クラス 芝1200m,https://goku-uma.nikkansports.com/chuo/compi_detail_v1.php?kaicode=12026010829000,PASS_LOGGED_IN_DOM
2026-08-29,札幌,7,202601020307,01262307,13:20,7R 芝1200 ３歳上１勝クラス 13:20,15,ツルノマイハシ,1,68,7R ３歳上１勝クラス 芝1200m,https://goku-uma.nikkansports.com/chuo/compi_detail_v1.php?kaicode=12026010829000,PASS_LOGGED_IN_DOM
2026-08-29,札幌,7,202601020307,01262307,13:20,7R 芝1200 ３歳上１勝クラス 13:20,16,スプリングデイ,14,42,7R ３歳上１勝クラス 芝1200m,https://goku-uma.nikkansports.com/chuo/compi_detail_v1.php?kaicode=12026010829000,PASS_LOGGED_IN_DOM
2026-08-29,札幌,8,202601020308,01262308,13:50,8R ダ1700 ３歳上１勝クラス(無料開放レース) 13:50,1,エコロゼルダ,9,42,8R ３歳上１勝クラス ダ1700m,https://goku-uma.nikkansports.com/chuo/compi_detail_v1.php?kaicode=12026010829000,PASS_LOGGED_IN_DOM
2026-08-29,札幌,8,202601020308,01262308,13:50,8R ダ1700 ３歳上１勝クラス(無料開放レース) 13:50,2,ガビーズメロディ,11,40,8R ３歳上１勝クラス ダ1700m,https://goku-uma.nikkansports.com/chuo/compi_detail_v1.php?kaicode=12026010829000,PASS_LOGGED_IN_DOM
2026-08-29,札幌,8,202601020308,01262308,13:50,8R ダ1700 ３歳上１勝クラス(無料開放レース) 13:50,3,ロードアルディート,2,65,8R ３歳上１勝クラス ダ1700m,https://goku-uma.nikkansports.com/chuo/compi_detail_v1.php?kaicode=12026010829000,PASS_LOGGED_IN_DOM
2026-08-29,札幌,8,202601020308,01262308,13:50,8R ダ1700 ３歳上１勝クラス(無料開放レース) 13:50,4,エタンセル,6,55,8R ３歳上１勝クラス ダ1700m,https://goku-uma.nikkansports.com/chuo/compi_detail_v1.php?kaicode=12026010829000,PASS_LOGGED_IN_DOM
2026-08-29,札幌,8,202601020308,01262308,13:50,8R ダ1700 ３歳上１勝クラス(無料開放レース) 13:50,5,アチーヴァー,1,80,8R ３歳上１勝クラス ダ1700m,https://goku-uma.nikkansports.com/chuo/compi_detail_v1.php?kaicode=12026010829000,PASS_LOGGED_IN_DOM
2026-08-29,札幌,8,202601020308,01262308,13:50,8R ダ1700 ３歳上１勝クラス(無料開放レース) 13:50,6,レッドフロイデ,4,63,8R ３歳上１勝クラス ダ1700m,https://goku-uma.nikkansports.com/chuo/compi_detail_v1.php?kaicode=12026010829000,PASS_LOGGED_IN_DOM
2026-08-29,札幌,8,202601020308,01262308,13:50,8R ダ1700 ３歳上１勝クラス(無料開放レース) 13:50,7,グローリーバローズ,7,49,8R ３歳上１勝クラス ダ1700m,https://goku-uma.nikkansports.com/chuo/compi_detail_v1.php?kaicode=12026010829000,PASS_LOGGED_IN_DOM
2026-08-29,札幌,8,202601020308,01262308,13:50,8R ダ1700 ３歳上１勝クラス(無料開放レース) 13:50,8,ピエナオルカ,3,64,8R ３歳上１勝クラス ダ1700m,https://goku-uma.nikkansports.com/chuo/compi_detail_v1.php?kaicode=12026010829000,PASS_LOGGED_IN_DOM
2026-08-29,札幌,8,202601020308,01262308,13:50,8R ダ1700 ３歳上１勝クラス(無料開放レース) 13:50,9,スターオブロンドン,5,60,8R ３歳上１勝クラス ダ1700m,https://goku-uma.nikkansports.com/chuo/compi_detail_v1.php?kaicode=12026010829000,PASS_LOGGED_IN_DOM
2026-08-29,札幌,8,202601020308,01262308,13:50,8R ダ1700 ３歳上１勝クラス(無料開放レース) 13:50,10,ルージュエピック,10,41,8R ３歳上１勝クラス ダ1700m,https://goku-uma.nikkansports.com/chuo/compi_detail_v1.php?kaicode=12026010829000,PASS_LOGGED_IN_DOM
2026-08-29,札幌,8,202601020308,01262308,13:50,8R ダ1700 ３歳上１勝クラス(無料開放レース) 13:50,11,ノリノドラゴン,8,48,8R ３歳上１勝クラス ダ1700m,https://goku-uma.nikkansports.com/chuo/compi_detail_v1.php?kaicode=12026010829000,PASS_LOGGED_IN_DOM
2026-08-29,札幌,9,202601020309,01262309,14:20,9R 芝1800 ３歳上１勝クラス 14:20,1,ミエノストロング,4,57,9R ３歳上１勝クラス 芝1800m,https://goku-uma.nikkansports.com/chuo/compi_detail_v1.php?kaicode=12026010829000,PASS_LOGGED_IN_DOM
2026-08-29,札幌,9,202601020309,01262309,14:20,9R 芝1800 ３歳上１勝クラス 14:20,2,マイバラード,9,48,9R ３歳上１勝クラス 芝1800m,https://goku-uma.nikkansports.com/chuo/compi_detail_v1.php?kaicode=12026010829000,PASS_LOGGED_IN_DOM
2026-08-29,札幌,9,202601020309,01262309,14:20,9R 芝1800 ３歳上１勝クラス 14:20,3,アイドクレース,1,79,9R ３歳上１勝クラス 芝1800m,https://goku-uma.nikkansports.com/chuo/compi_detail_v1.php?kaicode=12026010829000,PASS_LOGGED_IN_DOM
2026-08-29,札幌,9,202601020309,01262309,14:20,9R 芝1800 ３歳上１勝クラス 14:20,4,ウインイルネージュ,12,40,9R ３歳上１勝クラス 芝1800m,https://goku-uma.nikkansports.com/chuo/compi_detail_v1.php?kaicode=12026010829000,PASS_LOGGED_IN_DOM
2026-08-29,札幌,9,202601020309,01262309,14:20,9R 芝1800 ３歳上１勝クラス 14:20,5,カージオイド,6,54,9R ３歳上１勝クラス 芝1800m,https://goku-uma.nikkansports.com/chuo/compi_detail_v1.php?kaicode=12026010829000,PASS_LOGGED_IN_DOM
2026-08-29,札幌,9,202601020309,01262309,14:20,9R 芝1800 ３歳上１勝クラス 14:20,6,ブランドブラン,2,70,9R ３歳上１勝クラス 芝1800m,https://goku-uma.nikkansports.com/chuo/compi_detail_v1.php?kaicode=12026010829000,PASS_LOGGED_IN_DOM
2026-08-29,札幌,9,202601020309,01262309,14:20,9R 芝1800 ３歳上１勝クラス 14:20,7,グランセゾン,3,69,9R ３歳上１勝クラス 芝1800m,https://goku-uma.nikkansports.com/chuo/compi_detail_v1.php?kaicode=12026010829000,PASS_LOGGED_IN_DOM
2026-08-29,札幌,9,202601020309,01262309,14:20,9R 芝1800 ３歳上１勝クラス 14:20,8,キタノサリスカ,5,56,9R ３歳上１勝クラス 芝1800m,https://goku-uma.nikkansports.com/chuo/compi_detail_v1.php?kaicode=12026010829000,PASS_LOGGED_IN_DOM
2026-08-29,札幌,9,202601020309,01262309,14:20,9R 芝1800 ３歳上１勝クラス 14:20,9,カイシンパジェント,10,46,9R ３歳上１勝クラス 芝1800m,https://goku-uma.nikkansports.com/chuo/compi_detail_v1.php?kaicode=12026010829000,PASS_LOGGED_IN_DOM
2026-08-29,札幌,9,202601020309,01262309,14:20,9R 芝1800 ３歳上１勝クラス 14:20,10,エオアリイ,7,53,9R ３歳上１勝クラス 芝1800m,https://goku-uma.nikkansports.com/chuo/compi_detail_v1.php?kaicode=12026010829000,PASS_LOGGED_IN_DOM
2026-08-29,札幌,9,202601020309,01262309,14:20,9R 芝1800 ３歳上１勝クラス 14:20,11,エイトスターズ,11,41,9R ３歳上１勝クラス 芝1800m,https://goku-uma.nikkansports.com/chuo/compi_detail_v1.php?kaicode=12026010829000,PASS_LOGGED_IN_DOM
2026-08-29,札幌,9,202601020309,01262309,14:20,9R 芝1800 ３歳上１勝クラス 14:20,12,コスモキャバリエ,8,52,9R ３歳上１勝クラス 芝1800m,https://goku-uma.nikkansports.com/chuo/compi_detail_v1.php?kaicode=12026010829000,PASS_LOGGED_IN_DOM
2026-08-29,札幌,10,202601020310,01262310,14:50,10R 芝1200 すずらん賞 オープン 14:50,1,ルアシュエル,6,55,10R すずらん賞 芝1200m,https://goku-uma.nikkansports.com/chuo/compi_detail_v1.php?kaicode=12026010829000,PASS_LOGGED_IN_DOM
2026-08-29,札幌,10,202601020310,01262310,14:50,10R 芝1200 すずらん賞 オープン 14:50,2,ルベルグラン,10,48,10R すずらん賞 芝1200m,https://goku-uma.nikkansports.com/chuo/compi_detail_v1.php?kaicode=12026010829000,PASS_LOGGED_IN_DOM
2026-08-29,札幌,10,202601020310,01262310,14:50,10R 芝1200 すずらん賞 オープン 14:50,3,ワールドエンジェル,2,69,10R すずらん賞 芝1200m,https://goku-uma.nikkansports.com/chuo/compi_detail_v1.php?kaicode=12026010829000,PASS_LOGGED_IN_DOM
2026-08-29,札幌,10,202601020310,01262310,14:50,10R 芝1200 すずらん賞 オープン 14:50,4,スハッチェ,11,41,10R すずらん賞 芝1200m,https://goku-uma.nikkansports.com/chuo/compi_detail_v1.php?kaicode=12026010829000,PASS_LOGGED_IN_DOM
2026-08-29,札幌,10,202601020310,01262310,14:50,10R 芝1200 すずらん賞 オープン 14:50,5,ピンクゴールド,12,40,10R すずらん賞 芝1200m,https://goku-uma.nikkansports.com/chuo/compi_detail_v1.php?kaicode=12026010829000,PASS_LOGGED_IN_DOM
2026-08-29,札幌,10,202601020310,01262310,14:50,10R 芝1200 すずらん賞 オープン 14:50,6,トラデスカンティア,8,53,10R すずらん賞 芝1200m,https://goku-uma.nikkansports.com/chuo/compi_detail_v1.php?kaicode=12026010829000,PASS_LOGGED_IN_DOM
2026-08-29,札幌,10,202601020310,01262310,14:50,10R 芝1200 すずらん賞 オープン 14:50,7,ピクニックマーチ,5,56,10R すずらん賞 芝1200m,https://goku-uma.nikkansports.com/chuo/compi_detail_v1.php?kaicode=12026010829000,PASS_LOGGED_IN_DOM
2026-08-29,札幌,10,202601020310,01262310,14:50,10R 芝1200 すずらん賞 オープン 14:50,8,タイフーンナイン,3,58,10R すずらん賞 芝1200m,https://goku-uma.nikkansports.com/chuo/compi_detail_v1.php?kaicode=12026010829000,PASS_LOGGED_IN_DOM
2026-08-29,札幌,10,202601020310,01262310,14:50,10R 芝1200 すずらん賞 オープン 14:50,9,ムーンベリル,7,54,10R すずらん賞 芝1200m,https://goku-uma.nikkansports.com/chuo/compi_detail_v1.php?kaicode=12026010829000,PASS_LOGGED_IN_DOM
2026-08-29,札幌,10,202601020310,01262310,14:50,10R 芝1200 すずらん賞 オープン 14:50,10,ヌーンベルク,4,57,10R すずらん賞 芝1200m,https://goku-uma.nikkansports.com/chuo/compi_detail_v1.php?kaicode=12026010829000,PASS_LOGGED_IN_DOM
2026-08-29,札幌,10,202601020310,01262310,14:50,10R 芝1200 すずらん賞 オープン 14:50,11,ラビリンスティアラ,9,49,10R すずらん賞 芝1200m,https://goku-uma.nikkansports.com/chuo/compi_detail_v1.php?kaicode=12026010829000,PASS_LOGGED_IN_DOM
2026-08-29,札幌,10,202601020310,01262310,14:50,10R 芝1200 すずらん賞 オープン 14:50,12,ウインガラハッド,1,90,10R すずらん賞 芝1200m,https://goku-uma.nikkansports.com/chuo/compi_detail_v1.php?kaicode=12026010829000,PASS_LOGGED_IN_DOM
2026-08-29,札幌,11,202601020311,01262311,15:25,11R 芝2000 札幌日刊スポーツ杯 2勝クラス WIN5 15:25,1,エボルヴィング,7,53,11R 札幌日刊スポーツ杯 芝2000m,https://goku-uma.nikkansports.com/chuo/compi_detail_v1.php?kaicode=12026010829000,PASS_LOGGED_IN_DOM
2026-08-29,札幌,11,202601020311,01262311,15:25,11R 芝2000 札幌日刊スポーツ杯 2勝クラス WIN5 15:25,2,マイネルバーテクス,12,42,11R 札幌日刊スポーツ杯 芝2000m,https://goku-uma.nikkansports.com/chuo/compi_detail_v1.php?kaicode=12026010829000,PASS_LOGGED_IN_DOM
2026-08-29,札幌,11,202601020311,01262311,15:25,11R 芝2000 札幌日刊スポーツ杯 2勝クラス WIN5 15:25,3,マイネルフォルツァ,6,54,11R 札幌日刊スポーツ杯 芝2000m,https://goku-uma.nikkansports.com/chuo/compi_detail_v1.php?kaicode=12026010829000,PASS_LOGGED_IN_DOM
2026-08-29,札幌,11,202601020311,01262311,15:25,11R 芝2000 札幌日刊スポーツ杯 2勝クラス WIN5 15:25,4,ウィルサヴァイブ,4,56,11R 札幌日刊スポーツ杯 芝2000m,https://goku-uma.nikkansports.com/chuo/compi_detail_v1.php?kaicode=12026010829000,PASS_LOGGED_IN_DOM
2026-08-29,札幌,11,202601020311,01262311,15:25,11R 芝2000 札幌日刊スポーツ杯 2勝クラス WIN5 15:25,5,ハニードレス,10,47,11R 札幌日刊スポーツ杯 芝2000m,https://goku-uma.nikkansports.com/chuo/compi_detail_v1.php?kaicode=12026010829000,PASS_LOGGED_IN_DOM
2026-08-29,札幌,11,202601020311,01262311,15:25,11R 芝2000 札幌日刊スポーツ杯 2勝クラス WIN5 15:25,6,アリスメティーク,1,90,11R 札幌日刊スポーツ杯 芝2000m,https://goku-uma.nikkansports.com/chuo/compi_detail_v1.php?kaicode=12026010829000,PASS_LOGGED_IN_DOM
2026-08-29,札幌,11,202601020311,01262311,15:25,11R 芝2000 札幌日刊スポーツ杯 2勝クラス WIN5 15:25,7,メイショウアイル,3,60,11R 札幌日刊スポーツ杯 芝2000m,https://goku-uma.nikkansports.com/chuo/compi_detail_v1.php?kaicode=12026010829000,PASS_LOGGED_IN_DOM
2026-08-29,札幌,11,202601020311,01262311,15:25,11R 芝2000 札幌日刊スポーツ杯 2勝クラス WIN5 15:25,8,レジェンドシップ,5,55,11R 札幌日刊スポーツ杯 芝2000m,https://goku-uma.nikkansports.com/chuo/compi_detail_v1.php?kaicode=12026010829000,PASS_LOGGED_IN_DOM
2026-08-29,札幌,11,202601020311,01262311,15:25,11R 芝2000 札幌日刊スポーツ杯 2勝クラス WIN5 15:25,9,ナグルファル,11,46,11R 札幌日刊スポーツ杯 芝2000m,https://goku-uma.nikkansports.com/chuo/compi_detail_v1.php?kaicode=12026010829000,PASS_LOGGED_IN_DOM
2026-08-29,札幌,11,202601020311,01262311,15:25,11R 芝2000 札幌日刊スポーツ杯 2勝クラス WIN5 15:25,10,ドッビアーコ,14,40,11R 札幌日刊スポーツ杯 芝2000m,https://goku-uma.nikkansports.com/chuo/compi_detail_v1.php?kaicode=12026010829000,PASS_LOGGED_IN_DOM
2026-08-29,札幌,11,202601020311,01262311,15:25,11R 芝2000 札幌日刊スポーツ杯 2勝クラス WIN5 15:25,11,フォルテフィオーレ,13,41,11R 札幌日刊スポーツ杯 芝2000m,https://goku-uma.nikkansports.com/chuo/compi_detail_v1.php?kaicode=12026010829000,PASS_LOGGED_IN_DOM
2026-08-29,札幌,11,202601020311,01262311,15:25,11R 芝2000 札幌日刊スポーツ杯 2勝クラス WIN5 15:25,12,バルティカ,2,63,11R 札幌日刊スポーツ杯 芝2000m,https://goku-uma.nikkansports.com/chuo/compi_detail_v1.php?kaicode=12026010829000,PASS_LOGGED_IN_DOM
2026-08-29,札幌,11,202601020311,01262311,15:25,11R 芝2000 札幌日刊スポーツ杯 2勝クラス WIN5 15:25,13,コリカンチャ,9,51,11R 札幌日刊スポーツ杯 芝2000m,https://goku-uma.nikkansports.com/chuo/compi_detail_v1.php?kaicode=12026010829000,PASS_LOGGED_IN_DOM
2026-08-29,札幌,11,202601020311,01262311,15:25,11R 芝2000 札幌日刊スポーツ杯 2勝クラス WIN5 15:25,14,バースライト,8,52,11R 札幌日刊スポーツ杯 芝2000m,https://goku-uma.nikkansports.com/chuo/compi_detail_v1.php?kaicode=12026010829000,PASS_LOGGED_IN_DOM
2026-08-29,札幌,12,202601020312,01262312,16:00,12R ダ1700 千歳特別 2勝クラス 16:00,1,エンプレスフレーム,8,50,12R 千歳特別 ダ1700m,https://goku-uma.nikkansports.com/chuo/compi_detail_v1.php?kaicode=12026010829000,PASS_LOGGED_IN_DOM
2026-08-29,札幌,12,202601020312,01262312,16:00,12R ダ1700 千歳特別 2勝クラス 16:00,2,ルージュマローネ,10,46,12R 千歳特別 ダ1700m,https://goku-uma.nikkansports.com/chuo/compi_detail_v1.php?kaicode=12026010829000,PASS_LOGGED_IN_DOM
2026-08-29,札幌,12,202601020312,01262312,16:00,12R ダ1700 千歳特別 2勝クラス 16:00,3,ディアウス,3,58,12R 千歳特別 ダ1700m,https://goku-uma.nikkansports.com/chuo/compi_detail_v1.php?kaicode=12026010829000,PASS_LOGGED_IN_DOM
2026-08-29,札幌,12,202601020312,01262312,16:00,12R ダ1700 千歳特別 2勝クラス 16:00,4,アラナコア,6,54,12R 千歳特別 ダ1700m,https://goku-uma.nikkansports.com/chuo/compi_detail_v1.php?kaicode=12026010829000,PASS_LOGGED_IN_DOM
2026-08-29,札幌,12,202601020312,01262312,16:00,12R ダ1700 千歳特別 2勝クラス 16:00,5,ホレーショ,4,57,12R 千歳特別 ダ1700m,https://goku-uma.nikkansports.com/chuo/compi_detail_v1.php?kaicode=12026010829000,PASS_LOGGED_IN_DOM
2026-08-29,札幌,12,202601020312,01262312,16:00,12R ダ1700 千歳特別 2勝クラス 16:00,6,レディゴディヴァ,12,40,12R 千歳特別 ダ1700m,https://goku-uma.nikkansports.com/chuo/compi_detail_v1.php?kaicode=12026010829000,PASS_LOGGED_IN_DOM
2026-08-29,札幌,12,202601020312,01262312,16:00,12R ダ1700 千歳特別 2勝クラス 16:00,7,リメンバーヒム,7,52,12R 千歳特別 ダ1700m,https://goku-uma.nikkansports.com/chuo/compi_detail_v1.php?kaicode=12026010829000,PASS_LOGGED_IN_DOM
2026-08-29,札幌,12,202601020312,01262312,16:00,12R ダ1700 千歳特別 2勝クラス 16:00,8,ヤコブセン,11,41,12R 千歳特別 ダ1700m,https://goku-uma.nikkansports.com/chuo/compi_detail_v1.php?kaicode=12026010829000,PASS_LOGGED_IN_DOM
2026-08-29,札幌,12,202601020312,01262312,16:00,12R ダ1700 千歳特別 2勝クラス 16:00,9,マーゴットサンズ,5,56,12R 千歳特別 ダ1700m,https://goku-uma.nikkansports.com/chuo/compi_detail_v1.php?kaicode=12026010829000,PASS_LOGGED_IN_DOM
2026-08-29,札幌,12,202601020312,01262312,16:00,12R ダ1700 千歳特別 2勝クラス 16:00,10,オンザムービー,1,90,12R 千歳特別 ダ1700m,https://goku-uma.nikkansports.com/chuo/compi_detail_v1.php?kaicode=12026010829000,PASS_LOGGED_IN_DOM
2026-08-29,札幌,12,202601020312,01262312,16:00,12R ダ1700 千歳特別 2勝クラス 16:00,11,タガノエルー,2,71,12R 千歳特別 ダ1700m,https://goku-uma.nikkansports.com/chuo/compi_detail_v1.php?kaicode=12026010829000,PASS_LOGGED_IN_DOM
2026-08-29,札幌,12,202601020312,01262312,16:00,12R ダ1700 千歳特別 2勝クラス 16:00,12,シャンハイナイト,9,48,12R 千歳特別 ダ1700m,https://goku-uma.nikkansports.com/chuo/compi_detail_v1.php?kaicode=12026010829000,PASS_LOGGED_IN_DOM
