日付,開催場,R,race_id,racekey,発走,番組表示,馬番,馬名,枠,印,性齢,斤量,騎手,最高指数,5走平均,距離指数,コース指数,3走,2走,前走,単勝オッズ,人気,source_url,source_status
2026-08-29,新潟,2,202604030302,04263302,10:15,2R ダ1800 ３歳未勝利 10:15,1,ロマンス,1,--,牝3,55,石橋脩,-,-,未,未,-,63,64,49,9,https://race.netkeiba.com/race/speed.html?race_id=202604030302,PASS
2026-08-29,新潟,2,202604030302,04263302,10:15,2R ダ1800 ３歳未勝利 10:15,2,オーパパ,2,--,牡3,54,▲佐藤翔馬,79,51,44,未,70,55,48,174.3,13,https://race.netkeiba.com/race/speed.html?race_id=202604030302,PASS
2026-08-29,新潟,2,202604030302,04263302,10:15,2R ダ1800 ３歳未勝利 10:15,3,ネイティヴプライド,2,--,牡3,57,松山弘平,77,69,62,54,77,74,54,10.4,5,https://race.netkeiba.com/race/speed.html?race_id=202604030302,PASS
2026-08-29,新潟,2,202604030302,04263302,10:15,2R ダ1800 ３歳未勝利 10:15,4,ダイヒョウカーク,3,--,牡3,57,杉原誠人,47,37*,36,36,47,28,36,75.9,10,https://race.netkeiba.com/race/speed.html?race_id=202604030302,PASS
2026-08-29,新潟,2,202604030302,04263302,10:15,2R ダ1800 ３歳未勝利 10:15,5,プリヴィマーク,3,--,牡3,57,武藤雅,-,-,未,未,-,63,67,182.8,14,https://race.netkeiba.com/race/speed.html?race_id=202604030302,PASS
2026-08-29,新潟,2,202604030302,04263302,10:15,2R ダ1800 ３歳未勝利 10:15,6,ガードオブオナー,4,--,牡3,57,津村明秀,-,-,未,未,83,84,82,4.7,2,https://race.netkeiba.com/race/speed.html?race_id=202604030302,PASS
2026-08-29,新潟,2,202604030302,04263302,10:15,2R ダ1800 ３歳未勝利 10:15,7,ゴールドプレイヤー,4,--,牡3,57,戸崎圭太,73,65,73,45,70,70,45,3.2,1,https://race.netkeiba.com/race/speed.html?race_id=202604030302,PASS
2026-08-29,新潟,2,202604030302,04263302,10:15,2R ダ1800 ３歳未勝利 10:15,8,エターナルホープ,5,--,牡3,57,原優介,71,61,57,57,71,69,57,11.1,6,https://race.netkeiba.com/race/speed.html?race_id=202604030302,PASS
2026-08-29,新潟,2,202604030302,04263302,10:15,2R ダ1800 ３歳未勝利 10:15,9,オウケンサクラコ,5,--,牝3,55,丸田恭介,75,69*,61,61,75,66,61,17.9,8,https://race.netkeiba.com/race/speed.html?race_id=202604030302,PASS
2026-08-29,新潟,2,202604030302,04263302,10:15,2R ダ1800 ３歳未勝利 10:15,10,マーゴットライズ,6,--,牡3,57,菊沢一樹,74,61*,74,74,61,74,63,16.3,7,https://race.netkeiba.com/race/speed.html?race_id=202604030302,PASS
2026-08-29,新潟,2,202604030302,04263302,10:15,2R ダ1800 ３歳未勝利 10:15,11,アデルフィー,6,--,牡3,57,三浦皇成,78,69,74,70,70,56,67,5.3,3,https://race.netkeiba.com/race/speed.html?race_id=202604030302,PASS
2026-08-29,新潟,2,202604030302,04263302,10:15,2R ダ1800 ３歳未勝利 10:15,12,ヌビアン,7,--,牡3,55,△石田拓郎,57,45*,57,57,42,36,57,218.3,15,https://race.netkeiba.com/race/speed.html?race_id=202604030302,PASS
2026-08-29,新潟,2,202604030302,04263302,10:15,2R ダ1800 ３歳未勝利 10:15,13,バターショコラ,7,--,牝3,55,小崎綾也,67,60,未,53,67,53,53,135.5,11,https://race.netkeiba.com/race/speed.html?race_id=202604030302,PASS
2026-08-29,新潟,2,202604030302,04263302,10:15,2R ダ1800 ３歳未勝利 10:15,14,ハチマン,8,--,牡3,54,▲水沼元輝,52,48*,未,未,54,52,43,144.8,12,https://race.netkeiba.com/race/speed.html?race_id=202604030302,PASS
2026-08-29,新潟,2,202604030302,04263302,10:15,2R ダ1800 ３歳未勝利 10:15,15,カシマライフウ,8,--,牡3,57,大野拓弥,81,71,81,67,78,64,67,6.1,4,https://race.netkeiba.com/race/speed.html?race_id=202604030302,PASS
2026-08-29,新潟,3,202604030303,04263303,10:45,3R 芝1600 ２歳未勝利 10:45,1,マムダッドベル,1,--,牝2,51,★谷原柚希,57,57*,未,57,-,-,57,140.3,10,https://race.netkeiba.com/race/speed.html?race_id=202604030303,PASS
2026-08-29,新潟,3,202604030303,04263303,10:45,3R 芝1600 ２歳未勝利 10:45,2,ノルトハウゼン,2,--,牡2,55,三浦皇成,66,66*,未,未,-,-,66,3.6,2,https://race.netkeiba.com/race/speed.html?race_id=202604030303,PASS
2026-08-29,新潟,3,202604030303,04263303,10:45,3R 芝1600 ２歳未勝利 10:45,3,ルクスマグナ,3,--,牡2,55,岩田康誠,57,57*,57,未,-,-,57,9.9,5,https://race.netkeiba.com/race/speed.html?race_id=202604030303,PASS
2026-08-29,新潟,3,202604030303,04263303,10:45,3R 芝1600 ２歳未勝利 10:45,4,ビスクヴィート,4,--,牡2,55,内田博幸,48,48*,48,48,-,-,48,69.9,9,https://race.netkeiba.com/race/speed.html?race_id=202604030303,PASS
2026-08-29,新潟,3,202604030303,04263303,10:45,3R 芝1600 ２歳未勝利 10:45,5,アルアンダルス,5,--,牝2,55,石橋脩,73,64*,73,73,-,55,73,35.2,8,https://race.netkeiba.com/race/speed.html?race_id=202604030303,PASS
2026-08-29,新潟,3,202604030303,04263303,10:45,3R 芝1600 ２歳未勝利 10:45,6,ホウオウビリーヴ,6,--,牡2,55,戸崎圭太,48,48*,未,未,-,-,48,8.9,4,https://race.netkeiba.com/race/speed.html?race_id=202604030303,PASS
2026-08-29,新潟,3,202604030303,04263303,10:45,3R 芝1600 ２歳未勝利 10:45,7,レーゲンシャウアー,6,--,牝2,55,柴田大知,57,52*,57,57,-,47,57,192.4,11,https://race.netkeiba.com/race/speed.html?race_id=202604030303,PASS
2026-08-29,新潟,3,202604030303,04263303,10:45,3R 芝1600 ２歳未勝利 10:45,8,アウアリイ,7,--,牡2,55,菊沢一樹,55,55*,55,55,-,-,55,3.7,3,https://race.netkeiba.com/race/speed.html?race_id=202604030303,PASS
2026-08-29,新潟,3,202604030303,04263303,10:45,3R 芝1600 ２歳未勝利 10:45,9,パープルタウン,7,--,牝2,55,津村明秀,66,66*,66,66,-,-,66,19.1,7,https://race.netkeiba.com/race/speed.html?race_id=202604030303,PASS
2026-08-29,新潟,3,202604030303,04263303,10:45,3R 芝1600 ２歳未勝利 10:45,10,サウンドシェリー,8,--,牝2,55,松山弘平,62,62*,62,未,-,-,62,3.2,1,https://race.netkeiba.com/race/speed.html?race_id=202604030303,PASS
2026-08-29,新潟,3,202604030303,04263303,10:45,3R 芝1600 ２歳未勝利 10:45,11,キムケンシーサー,8,--,牡2,53,◇今村聖奈,76,68*,未,未,-,59,76,15.7,6,https://race.netkeiba.com/race/speed.html?race_id=202604030303,PASS
2026-08-29,新潟,4,202604030304,04263304,11:15,4R 芝1400 ２歳新馬 11:15,1,ポケットブック,,,,55,小崎綾,,,,,,,,,,https://race.netkeiba.com/race/speed.html?race_id=202604030304,HOLD_SOURCE_NOT_PUBLISHED
2026-08-29,新潟,4,202604030304,04263304,11:15,4R 芝1400 ２歳新馬 11:15,2,ジェイエルキール,,,,55,江田照,,,,,,,,,,https://race.netkeiba.com/race/speed.html?race_id=202604030304,HOLD_SOURCE_NOT_PUBLISHED
2026-08-29,新潟,4,202604030304,04263304,11:15,4R 芝1400 ２歳新馬 11:15,3,クラウンロムパイア,,,,55,木幡育,,,,,,,,,,https://race.netkeiba.com/race/speed.html?race_id=202604030304,HOLD_SOURCE_NOT_PUBLISHED
2026-08-29,新潟,4,202604030304,04263304,11:15,4R 芝1400 ２歳新馬 11:15,4,エクラドリオン,,,,55,ルメー,,,,,,,,,,https://race.netkeiba.com/race/speed.html?race_id=202604030304,HOLD_SOURCE_NOT_PUBLISHED
2026-08-29,新潟,4,202604030304,04263304,11:15,4R 芝1400 ２歳新馬 11:15,5,ショウナンバッカス,,,,55,岩田康,,,,,,,,,,https://race.netkeiba.com/race/speed.html?race_id=202604030304,HOLD_SOURCE_NOT_PUBLISHED
2026-08-29,新潟,4,202604030304,04263304,11:15,4R 芝1400 ２歳新馬 11:15,6,ヨツバ,,,,55,杉原誠,,,,,,,,,,https://race.netkeiba.com/race/speed.html?race_id=202604030304,HOLD_SOURCE_NOT_PUBLISHED
2026-08-29,新潟,4,202604030304,04263304,11:15,4R 芝1400 ２歳新馬 11:15,7,タワーウマザンマイ,,,,55,原優介,,,,,,,,,,https://race.netkeiba.com/race/speed.html?race_id=202604030304,HOLD_SOURCE_NOT_PUBLISHED
2026-08-29,新潟,4,202604030304,04263304,11:15,4R 芝1400 ２歳新馬 11:15,8,チョトツモウシン,,,,55,菅原隆,,,,,,,,,,https://race.netkeiba.com/race/speed.html?race_id=202604030304,HOLD_SOURCE_NOT_PUBLISHED
2026-08-29,新潟,4,202604030304,04263304,11:15,4R 芝1400 ２歳新馬 11:15,9,ニシノムホウモノ,,,,55,ミシェ,,,,,,,,,,https://race.netkeiba.com/race/speed.html?race_id=202604030304,HOLD_SOURCE_NOT_PUBLISHED
2026-08-29,新潟,4,202604030304,04263304,11:15,4R 芝1400 ２歳新馬 11:15,10,レッドアバンドーネ,,,,55,津村明,,,,,,,,,,https://race.netkeiba.com/race/speed.html?race_id=202604030304,HOLD_SOURCE_NOT_PUBLISHED
2026-08-29,新潟,4,202604030304,04263304,11:15,4R 芝1400 ２歳新馬 11:15,11,アヴァンデセール,,,,52▲,佐藤翔,,,,,,,,,,https://race.netkeiba.com/race/speed.html?race_id=202604030304,HOLD_SOURCE_NOT_PUBLISHED
2026-08-29,新潟,4,202604030304,04263304,11:15,4R 芝1400 ２歳新馬 11:15,12,セレスティナ,,,,53◇,今村聖,,,,,,,,,,https://race.netkeiba.com/race/speed.html?race_id=202604030304,HOLD_SOURCE_NOT_PUBLISHED
2026-08-29,新潟,4,202604030304,04263304,11:15,4R 芝1400 ２歳新馬 11:15,13,イントリー,,,,55,武藤雅,,,,,,,,,,https://race.netkeiba.com/race/speed.html?race_id=202604030304,HOLD_SOURCE_NOT_PUBLISHED
2026-08-29,新潟,4,202604030304,04263304,11:15,4R 芝1400 ２歳新馬 11:15,14,イデアモッコス,,,,55,野中悠,,,,,,,,,,https://race.netkeiba.com/race/speed.html?race_id=202604030304,HOLD_SOURCE_NOT_PUBLISHED
2026-08-29,新潟,4,202604030304,04263304,11:15,4R 芝1400 ２歳新馬 11:15,15,コメットサン,,,,55,松山弘,,,,,,,,,,https://race.netkeiba.com/race/speed.html?race_id=202604030304,HOLD_SOURCE_NOT_PUBLISHED
2026-08-29,新潟,4,202604030304,04263304,11:15,4R 芝1400 ２歳新馬 11:15,16,ホワイトホール,,,,55,嶋田純,,,,,,,,,,https://race.netkeiba.com/race/speed.html?race_id=202604030304,HOLD_SOURCE_NOT_PUBLISHED
2026-08-29,新潟,4,202604030304,04263304,11:15,4R 芝1400 ２歳新馬 11:15,17,モチロンコクラ,,,,55,小林凌,,,,,,,,,,https://race.netkeiba.com/race/speed.html?race_id=202604030304,HOLD_SOURCE_NOT_PUBLISHED
2026-08-29,新潟,4,202604030304,04263304,11:15,4R 芝1400 ２歳新馬 11:15,18,ショウナンワンパク,,,,55,丸山元,,,,,,,,,,https://race.netkeiba.com/race/speed.html?race_id=202604030304,HOLD_SOURCE_NOT_PUBLISHED
2026-08-29,新潟,5,202604030305,04263305,11:45,5R 芝2200 ３歳未勝利 11:45,1,ローレルエース,1,--,牡3,57,江田照男,73,63*,65,65,65,73,65,213.3,12,https://race.netkeiba.com/race/speed.html?race_id=202604030305,PASS
2026-08-29,新潟,5,202604030305,04263305,11:45,5R 芝2200 ３歳未勝利 11:45,2,イクオクコウネン,1,--,セ3,57,Ｃ．ルメール,91,84*,91,未,78,84,91,4,2,https://race.netkeiba.com/race/speed.html?race_id=202604030305,PASS
2026-08-29,新潟,5,202604030305,04263305,11:45,5R 芝2200 ３歳未勝利 11:45,3,レイランディ,2,--,牡3,57,川須栄彦,80,76*,69,80,45,62,80,103.8,10,https://race.netkeiba.com/race/speed.html?race_id=202604030305,PASS
2026-08-29,新潟,5,202604030305,04263305,11:45,5R 芝2200 ３歳未勝利 11:45,4,ブリックアブラック,2,--,牡3,54,▲佐藤翔馬,81,73,63,未,80,76,66,156.4,11,https://race.netkeiba.com/race/speed.html?race_id=202604030305,PASS
2026-08-29,新潟,5,202604030305,04263305,11:45,5R 芝2200 ３歳未勝利 11:45,5,ピクシーゲイル,3,--,牡3,57,木幡育也,-,-,未,未,43,51,49,618.7,18,https://race.netkeiba.com/race/speed.html?race_id=202604030305,PASS
2026-08-29,新潟,5,202604030305,04263305,11:45,5R 芝2200 ３歳未勝利 11:45,6,サヴマ,3,--,牡3,57,菊沢一樹,80,74*,80,80,67,80,80,20.2,8,https://race.netkeiba.com/race/speed.html?race_id=202604030305,PASS
2026-08-29,新潟,5,202604030305,04263305,11:45,5R 芝2200 ３歳未勝利 11:45,7,ヤマメホープ,4,--,牡3,57,戸崎圭太,84,81,84,84,84,77,84,2.5,1,https://race.netkeiba.com/race/speed.html?race_id=202604030305,PASS
2026-08-29,新潟,5,202604030305,04263305,11:45,5R 芝2200 ３歳未勝利 11:45,8,ピグマリオン,4,--,牡3,57,嶋田純次,-,-,未,未,47,59,25,493.2,16,https://race.netkeiba.com/race/speed.html?race_id=202604030305,PASS
2026-08-29,新潟,5,202604030305,04263305,11:45,5R 芝2200 ３歳未勝利 11:45,9,ゾネブルーム,5,--,牡3,57,丸山元気,95,83*,95,81,75,82,81,5,3,https://race.netkeiba.com/race/speed.html?race_id=202604030305,PASS
2026-08-29,新潟,5,202604030305,04263305,11:45,5R 芝2200 ３歳未勝利 11:45,10,アルティマローネ,5,--,牝3,55,武藤雅,84,75*,未,76,81,84,76,17.6,7,https://race.netkeiba.com/race/speed.html?race_id=202604030305,PASS
2026-08-29,新潟,5,202604030305,04263305,11:45,5R 芝2200 ３歳未勝利 11:45,11,キコリータ,6,--,牝3,53,◇今村聖奈,82,68,78,78,82,78,74,15.3,6,https://race.netkeiba.com/race/speed.html?race_id=202604030305,PASS
2026-08-29,新潟,5,202604030305,04263305,11:45,5R 芝2200 ３歳未勝利 11:45,12,アージェンタイド,6,--,牡3,57,小崎綾也,67,50*,未,67,46,37,67,547.8,17,https://race.netkeiba.com/race/speed.html?race_id=202604030305,PASS
2026-08-29,新潟,5,202604030305,04263305,11:45,5R 芝2200 ３歳未勝利 11:45,13,ゴールドエンバー,7,--,牡3,57,大野拓弥,89,72*,75,78,89,80,78,31.1,9,https://race.netkeiba.com/race/speed.html?race_id=202604030305,PASS
2026-08-29,新潟,5,202604030305,04263305,11:45,5R 芝2200 ３歳未勝利 11:45,14,アティラン,7,--,牝3,55,原優介,-,-,未,未,35,60,60,242.9,13,https://race.netkeiba.com/race/speed.html?race_id=202604030305,PASS
2026-08-29,新潟,5,202604030305,04263305,11:45,5R 芝2200 ３歳未勝利 11:45,15,アンヴデット,7,--,牝3,53,△石神深道,89,73*,未,未,89,71,83,11.3,4,https://race.netkeiba.com/race/speed.html?race_id=202604030305,PASS
2026-08-29,新潟,5,202604030305,04263305,11:45,5R 芝2200 ３歳未勝利 11:45,16,ルミナスレイナ,8,--,牝3,53,△石田拓郎,71,70*,未,未,69,69,71,289.4,15,https://race.netkeiba.com/race/speed.html?race_id=202604030305,PASS
2026-08-29,新潟,5,202604030305,04263305,11:45,5R 芝2200 ３歳未勝利 11:45,17,ホウライブラック,8,--,牝3,55,野中悠太郎,-,-,未,未,-,-,47,252.6,14,https://race.netkeiba.com/race/speed.html?race_id=202604030305,PASS
2026-08-29,新潟,5,202604030305,04263305,11:45,5R 芝2200 ３歳未勝利 11:45,18,オレンジフィールド,8,--,牝3,55,松山弘平,88,81,未,76,81,88,79,14.6,5,https://race.netkeiba.com/race/speed.html?race_id=202604030305,PASS
2026-08-29,新潟,6,202604030306,04263306,14:35,6R ダ1800 新発田城特別 1勝クラス 14:35,1,ボールドタワー,1,--,牡3,55,Ｍ．ミシェル,75,68,74,74,72,62,74,31.2,11,https://race.netkeiba.com/race/speed.html?race_id=202604030306,PASS
2026-08-29,新潟,6,202604030306,04263306,14:35,6R ダ1800 新発田城特別 1勝クラス 14:35,2,コスモシェルベット,2,--,牡4,58,武藤雅,90,80,78,78,77,90,77,29.3,10,https://race.netkeiba.com/race/speed.html?race_id=202604030306,PASS
2026-08-29,新潟,6,202604030306,04263306,14:35,6R ダ1800 新発田城特別 1勝クラス 14:35,3,ルーナディサングエ,2,--,牡3,55,菅原隆一,100,84,100,86,100,82,86,3.5,1,https://race.netkeiba.com/race/speed.html?race_id=202604030306,PASS
2026-08-29,新潟,6,202604030306,04263306,14:35,6R ダ1800 新発田城特別 1勝クラス 14:35,4,ヨドノタイヨウ,3,--,牡4,58,松山弘平,79,59,84,84,67,51,79,15.2,6,https://race.netkeiba.com/race/speed.html?race_id=202604030306,PASS
2026-08-29,新潟,6,202604030306,04263306,14:35,6R ダ1800 新発田城特別 1勝クラス 14:35,5,トレベルオール,3,--,牡5,58,大野拓弥,-,-,60,未,87,99,80,8.6,4,https://race.netkeiba.com/race/speed.html?race_id=202604030306,PASS
2026-08-29,新潟,6,202604030306,04263306,14:35,6R ダ1800 新発田城特別 1勝クラス 14:35,6,ルシャルムール,4,--,セ4,58,原優介,104,90,104,未,91,88,84,5,3,https://race.netkeiba.com/race/speed.html?race_id=202604030306,PASS
2026-08-29,新潟,6,202604030306,04263306,14:35,6R ダ1800 新発田城特別 1勝クラス 14:35,7,アバレリュウ,4,--,牡4,58,野中悠太郎,76,76,82,82,73,74,76,13.7,5,https://race.netkeiba.com/race/speed.html?race_id=202604030306,PASS
2026-08-29,新潟,6,202604030306,04263306,14:35,6R ダ1800 新発田城特別 1勝クラス 14:35,8,アビヤント,5,--,牡3,55,三浦皇成,81,81*,81,未,-,69,81,4.2,2,https://race.netkeiba.com/race/speed.html?race_id=202604030306,PASS
2026-08-29,新潟,6,202604030306,04263306,14:35,6R ダ1800 新発田城特別 1勝クラス 14:35,9,ゴットランド,5,--,牡4,58,岩田康誠,85,68,82,77,67,75,44,46.2,12,https://race.netkeiba.com/race/speed.html?race_id=202604030306,PASS
2026-08-29,新潟,6,202604030306,04263306,14:35,6R ダ1800 新発田城特別 1勝クラス 14:35,10,リアライズオーラム,6,--,セ4,58,石橋脩,86,79*,87,未,72,88,87,21.5,9,https://race.netkeiba.com/race/speed.html?race_id=202604030306,PASS
2026-08-29,新潟,6,202604030306,04263306,14:35,6R ダ1800 新発田城特別 1勝クラス 14:35,11,ヴェーヌドール,6,--,牡4,58,菊沢一樹,84,72,79,未,72,84,81,65.1,13,https://race.netkeiba.com/race/speed.html?race_id=202604030306,PASS
2026-08-29,新潟,6,202604030306,04263306,14:35,6R ダ1800 新発田城特別 1勝クラス 14:35,12,サウジバラード,7,--,牡3,55,丸山元気,78,67*,78,未,-,68,78,20.4,8,https://race.netkeiba.com/race/speed.html?race_id=202604030306,PASS
2026-08-29,新潟,6,202604030306,04263306,14:35,6R ダ1800 新発田城特別 1勝クラス 14:35,13,マルカベント,7,--,牡4,58,小林脩斗,56,42,73,73,55,25,46,82.6,14,https://race.netkeiba.com/race/speed.html?race_id=202604030306,PASS
2026-08-29,新潟,6,202604030306,04263306,14:35,6R ダ1800 新発田城特別 1勝クラス 14:35,14,ジンガー,8,--,牡4,58,柴田大知,58,50,未,未,58,53,50,135.7,15,https://race.netkeiba.com/race/speed.html?race_id=202604030306,PASS
2026-08-29,新潟,6,202604030306,04263306,14:35,6R ダ1800 新発田城特別 1勝クラス 14:35,15,サトノラポール,8,--,セ4,58,津村明秀,61,61*,61,61,73,88,61,18.9,7,https://race.netkeiba.com/race/speed.html?race_id=202604030306,PASS
2026-08-29,新潟,7,202604030307,04263307,15:10,7R 芝2000 赤倉特別 2勝クラス WIN5 15:10,1,ハギノコラソン,1,--,牝4,53,小崎綾也,-,-,未,未,85,73,71,37.9,11,https://race.netkeiba.com/race/speed.html?race_id=202604030307,PASS
2026-08-29,新潟,7,202604030307,04263307,15:10,7R 芝2000 赤倉特別 2勝クラス WIN5 15:10,2,ボウウィンドウ,1,--,牝4,55,Ｃ．ルメール,107,102,107,80,102,104,97,2.3,1,https://race.netkeiba.com/race/speed.html?race_id=202604030307,PASS
2026-08-29,新潟,7,202604030307,04263307,15:10,7R 芝2000 赤倉特別 2勝クラス WIN5 15:10,3,バンフィエルド,2,--,牡7,53,柴田大知,99,76,99,79,87,69,76,767.6,17,https://race.netkeiba.com/race/speed.html?race_id=202604030307,PASS
2026-08-29,新潟,7,202604030307,04263307,15:10,7R 芝2000 赤倉特別 2勝クラス WIN5 15:10,4,ツルマウカタチ,2,--,牡5,55,嶋田純次,99,90,85,93,76,93,87,34.1,10,https://race.netkeiba.com/race/speed.html?race_id=202604030307,PASS
2026-08-29,新潟,7,202604030307,04263307,15:10,7R 芝2000 赤倉特別 2勝クラス WIN5 15:10,5,ロールザダイス,3,--,セ4,55,Ｍ．ミシェル,97,81,80,未,72,82,86,31.4,9,https://race.netkeiba.com/race/speed.html?race_id=202604030307,PASS
2026-08-29,新潟,7,202604030307,04263307,15:10,7R 芝2000 赤倉特別 2勝クラス WIN5 15:10,6,オリバナム,3,--,牝4,54,戸崎圭太,99,91,71,未,99,93,89,9.4,3,https://race.netkeiba.com/race/speed.html?race_id=202604030307,PASS
2026-08-29,新潟,7,202604030307,04263307,15:10,7R 芝2000 赤倉特別 2勝クラス WIN5 15:10,7,ジャンビ,4,--,牝5,52,木幡育也,99,84,99,99,93,74,83,86.9,15,https://race.netkeiba.com/race/speed.html?race_id=202604030307,PASS
2026-08-29,新潟,7,202604030307,04263307,15:10,7R 芝2000 赤倉特別 2勝クラス WIN5 15:10,8,ホウオウタイタン,4,--,牝4,55,丸山元気,102,89,102,未,86,102,84,5.6,2,https://race.netkeiba.com/race/speed.html?race_id=202604030307,PASS
2026-08-29,新潟,7,202604030307,04263307,15:10,7R 芝2000 赤倉特別 2勝クラス WIN5 15:10,9,バガン,5,--,牡8,55,岩田康誠,103,87,93,91,78,86,89,60.1,14,https://race.netkeiba.com/race/speed.html?race_id=202604030307,PASS
2026-08-29,新潟,7,202604030307,04263307,15:10,7R 芝2000 赤倉特別 2勝クラス WIN5 15:10,10,ペッレグリーニ,5,--,セ5,55,内田博幸,99,90*,99,86,92,72,82,38.2,12,https://race.netkeiba.com/race/speed.html?race_id=202604030307,PASS
2026-08-29,新潟,7,202604030307,04263307,15:10,7R 芝2000 赤倉特別 2勝クラス WIN5 15:10,11,ティムール,6,--,牡6,55,原優介,101,87,92,未,72,99,91,45.4,13,https://race.netkeiba.com/race/speed.html?race_id=202604030307,PASS
2026-08-29,新潟,7,202604030307,04263307,15:10,7R 芝2000 赤倉特別 2勝クラス WIN5 15:10,12,マイネルアズーロ,6,--,牡4,55,津村明秀,102,91,90,86,95,90,86,12.8,6,https://race.netkeiba.com/race/speed.html?race_id=202604030307,PASS
2026-08-29,新潟,7,202604030307,04263307,15:10,7R 芝2000 赤倉特別 2勝クラス WIN5 15:10,13,エリーナストーム,7,--,牝4,53,三浦皇成,100,94*,100,76,100,95,74,12.1,4,https://race.netkeiba.com/race/speed.html?race_id=202604030307,PASS
2026-08-29,新潟,7,202604030307,04263307,15:10,7R 芝2000 赤倉特別 2勝クラス WIN5 15:10,14,カフェアローロ,7,--,牝5,52,石神深道,91,85*,91,80,70,90,80,114.1,16,https://race.netkeiba.com/race/speed.html?race_id=202604030307,PASS
2026-08-29,新潟,7,202604030307,04263307,15:10,7R 芝2000 赤倉特別 2勝クラス WIN5 15:10,15,スピンザブラッド,8,--,牡5,55,松山弘平,97,83,85,86,74,69,86,21.4,8,https://race.netkeiba.com/race/speed.html?race_id=202604030307,PASS
2026-08-29,新潟,7,202604030307,04263307,15:10,7R 芝2000 赤倉特別 2勝クラス WIN5 15:10,16,ピエナフェーヴル,8,--,牡4,56,田辺裕信,91,91*,81,未,36,46,91,14,7,https://race.netkeiba.com/race/speed.html?race_id=202604030307,PASS
2026-08-29,新潟,7,202604030307,04263307,15:10,7R 芝2000 赤倉特別 2勝クラス WIN5 15:10,17,マイネルアレス,8,--,牡4,56,菊沢一樹,98,85,98,88,75,80,96,12.2,5,https://race.netkeiba.com/race/speed.html?race_id=202604030307,PASS
2026-08-29,新潟,8,202604030308,04263308,15:45,8R ダ1800 ＢＳＮ賞 WIN5 15:45,1,ピカピカサンダー,1,--,牡4,57,三浦皇成,102,89,99,99,81,102,90,7.6,4,https://race.netkeiba.com/race/speed.html?race_id=202604030308,PASS
2026-08-29,新潟,8,202604030308,04263308,15:45,8R ダ1800 ＢＳＮ賞 WIN5 15:45,2,アムールドパリ,2,--,牝5,55,田辺裕信,103,94,100,89,100,103,88,14,5,https://race.netkeiba.com/race/speed.html?race_id=202604030308,PASS
2026-08-29,新潟,8,202604030308,04263308,15:45,8R ダ1800 ＢＳＮ賞 WIN5 15:45,3,タガノバビロン,3,--,牡4,57,松山弘平,111,103,111,未,99,106,101,1.6,1,https://race.netkeiba.com/race/speed.html?race_id=202604030308,PASS
2026-08-29,新潟,8,202604030308,04263308,15:45,8R ダ1800 ＢＳＮ賞 WIN5 15:45,4,フタイテンロック,4,--,牡7,57,小崎綾也,99,92,105,102,80,87,99,82.1,10,https://race.netkeiba.com/race/speed.html?race_id=202604030308,PASS
2026-08-29,新潟,8,202604030308,04263308,15:45,8R ダ1800 ＢＳＮ賞 WIN5 15:45,5,ショウナンライシン,5,--,牡6,58,原優介,109,93,96,78,94,102,94,65.8,8,https://race.netkeiba.com/race/speed.html?race_id=202604030308,PASS
2026-08-29,新潟,8,202604030308,04263308,15:45,8R ダ1800 ＢＳＮ賞 WIN5 15:45,6,カズタンジャー,6,--,牡5,59,Ｃ．ルメール,115,92,72,未,98,56,115,5.2,2,https://race.netkeiba.com/race/speed.html?race_id=202604030308,PASS
2026-08-29,新潟,8,202604030308,04263308,15:45,8R ダ1800 ＢＳＮ賞 WIN5 15:45,7,メイショウズイウン,6,--,牡4,57,石橋脩,105,91,104,未,94,90,85,28.2,6,https://race.netkeiba.com/race/speed.html?race_id=202604030308,PASS
2026-08-29,新潟,8,202604030308,04263308,15:45,8R ダ1800 ＢＳＮ賞 WIN5 15:45,8,ピースオブザライフ,7,--,牝6,55,武藤雅,94,87,103,103,85,84,80,189,11,https://race.netkeiba.com/race/speed.html?race_id=202604030308,PASS
2026-08-29,新潟,8,202604030308,04263308,15:45,8R ダ1800 ＢＳＮ賞 WIN5 15:45,9,ハセドン,7,--,牡7,58,菊沢一樹,103,96,84,未,96,103,83,47.6,7,https://race.netkeiba.com/race/speed.html?race_id=202604030308,PASS
2026-08-29,新潟,8,202604030308,04263308,15:45,8R ダ1800 ＢＳＮ賞 WIN5 15:45,10,ハビレ,8,--,牡5,57,岩田康誠,103,97,108,101,103,95,87,7.4,3,https://race.netkeiba.com/race/speed.html?race_id=202604030308,PASS
2026-08-29,新潟,8,202604030308,04263308,15:45,8R ダ1800 ＢＳＮ賞 WIN5 15:45,11,ベルイストワール,8,--,牝5,55,杉原誠人,88,82,88,88,73,87,88,74.9,9,https://race.netkeiba.com/race/speed.html?race_id=202604030308,PASS
2026-08-29,新潟,9,202604030309,04263309,16:25,9R 芝2200 ３歳上１勝クラス(無料開放レース) 16:25,1,ダンシングアウェイ,1,--,牡3,55,小崎綾也,80,-,未,未,7,12,18,116.2,9,https://race.netkeiba.com/race/speed.html?race_id=202604030309,PASS
2026-08-29,新潟,9,202604030309,04263309,16:25,9R 芝2200 ３歳上１勝クラス(無料開放レース) 16:25,2,プレイザリード,2,--,牡3,55,田辺裕信,83,75,57,57,82,83,57,4.8,3,https://race.netkeiba.com/race/speed.html?race_id=202604030309,PASS
2026-08-29,新潟,9,202604030309,04263309,16:25,9R 芝2200 ３歳上１勝クラス(無料開放レース) 16:25,3,ディーンズリスター,3,--,セ7,58,岩田康誠,101,85,101,74,101,94,74,10.3,5,https://race.netkeiba.com/race/speed.html?race_id=202604030309,PASS
2026-08-29,新潟,9,202604030309,04263309,16:25,9R 芝2200 ３歳上１勝クラス(無料開放レース) 16:25,4,シャインフリーリー,4,--,牡4,58,柴田大知,98,74,未,63,87,63,76,233.3,11,https://race.netkeiba.com/race/speed.html?race_id=202604030309,PASS
2026-08-29,新潟,9,202604030309,04263309,16:25,9R 芝2200 ３歳上１勝クラス(無料開放レース) 16:25,5,ノーマジック,4,--,牝5,53,▲水沼元輝,94,85*,未,77,71,76,70,237.7,12,https://race.netkeiba.com/race/speed.html?race_id=202604030309,PASS
2026-08-29,新潟,9,202604030309,04263309,16:25,9R 芝2200 ３歳上１勝クラス(無料開放レース) 16:25,6,オプレントジュエル,5,--,牝4,56,三浦皇成,98,84,未,82,86,82,75,8.4,4,https://race.netkeiba.com/race/speed.html?race_id=202604030309,PASS
2026-08-29,新潟,9,202604030309,04263309,16:25,9R 芝2200 ３歳上１勝クラス(無料開放レース) 16:25,7,ミッドセンチュリー,5,--,牡4,58,嶋田純次,96,81,96,84,81,88,75,13.4,6,https://race.netkeiba.com/race/speed.html?race_id=202604030309,PASS
2026-08-29,新潟,9,202604030309,04263309,16:25,9R 芝2200 ３歳上１勝クラス(無料開放レース) 16:25,8,ゴンファロニエーレ,6,--,牡3,55,戸崎圭太,92,73*,87,未,87,55,92,2.5,1,https://race.netkeiba.com/race/speed.html?race_id=202604030309,PASS
2026-08-29,新潟,9,202604030309,04263309,16:25,9R 芝2200 ３歳上１勝クラス(無料開放レース) 16:25,9,コウセイケンタロス,6,--,セ4,55,▲上里直汰,60,61*,未,未,69,63,60,854,13,https://race.netkeiba.com/race/speed.html?race_id=202604030309,PASS
2026-08-29,新潟,9,202604030309,04263309,16:25,9R 芝2200 ３歳上１勝クラス(無料開放レース) 16:25,10,フォーグッド,7,--,セ7,58,原優介,95,85,95,89,94,84,74,129.7,10,https://race.netkeiba.com/race/speed.html?race_id=202604030309,PASS
2026-08-29,新潟,9,202604030309,04263309,16:25,9R 芝2200 ３歳上１勝クラス(無料開放レース) 16:25,11,ランブルスコ,7,--,牡3,55,Ｃ．ルメール,76,69*,未,未,75,76,57,4,2,https://race.netkeiba.com/race/speed.html?race_id=202604030309,PASS
2026-08-29,新潟,9,202604030309,04263309,16:25,9R 芝2200 ３歳上１勝クラス(無料開放レース) 16:25,12,テイキットイージー,8,--,牡5,58,武藤雅,97,81,90,86,92,73,73,33.1,8,https://race.netkeiba.com/race/speed.html?race_id=202604030309,PASS
2026-08-29,新潟,9,202604030309,04263309,16:25,9R 芝2200 ３歳上１勝クラス(無料開放レース) 16:25,13,マイネルリーヒム,8,--,牡3,55,菊沢一樹,94,74,40,94,40,81,94,18,7,https://race.netkeiba.com/race/speed.html?race_id=202604030309,PASS
2026-08-29,新潟,10,202604030310,04263310,17:00,10R 芝1400 ３歳上１勝クラス 17:00,1,ビリオネアボーイ,1,--,牡4,58,丸田恭介,60,-,未,未,62,61,65,44.1,14,https://race.netkeiba.com/race/speed.html?race_id=202604030310,PASS
2026-08-29,新潟,10,202604030310,04263310,17:00,10R 芝1400 ３歳上１勝クラス 17:00,2,アルシャンティ,1,--,牝4,56,杉原誠人,77,74*,未,未,70,77,71,133.8,16,https://race.netkeiba.com/race/speed.html?race_id=202604030310,PASS
2026-08-29,新潟,10,202604030310,04263310,17:00,10R 芝1400 ３歳上１勝クラス 17:00,3,キャトルエピス,2,--,牝4,56,Ｍ．ミシェル,83,79*,未,未,76,77,78,27.2,10,https://race.netkeiba.com/race/speed.html?race_id=202604030310,PASS
2026-08-29,新潟,10,202604030310,04263310,17:00,10R 芝1400 ３歳上１勝クラス 17:00,4,ソードスレイプニル,2,--,牝3,51,◇今村聖奈,70,70*,未,70,46,63,70,20,7,https://race.netkeiba.com/race/speed.html?race_id=202604030310,PASS
2026-08-29,新潟,10,202604030310,04263310,17:00,10R 芝1400 ３歳上１勝クラス 17:00,5,メイリー,3,--,牝4,56,武藤雅,90,82,90,86,87,84,86,33.2,11,https://race.netkeiba.com/race/speed.html?race_id=202604030310,PASS
2026-08-29,新潟,10,202604030310,04263310,17:00,10R 芝1400 ３歳上１勝クラス 17:00,6,タイセイフレッサ,3,--,牝3,53,戸崎圭太,97,89,86,88,97,93,85,2.7,1,https://race.netkeiba.com/race/speed.html?race_id=202604030310,PASS
2026-08-29,新潟,10,202604030310,04263310,17:00,10R 芝1400 ３歳上１勝クラス 17:00,7,ベレーバスク,4,--,牝3,53,丸山元気,91,81,91,91,85,71,91,10.2,3,https://race.netkeiba.com/race/speed.html?race_id=202604030310,PASS
2026-08-29,新潟,10,202604030310,04263310,17:00,10R 芝1400 ３歳上１勝クラス 17:00,8,フェーダーローター,4,--,牝3,53,柴田大知,83,80,82,81,79,76,81,112.5,15,https://race.netkeiba.com/race/speed.html?race_id=202604030310,PASS
2026-08-29,新潟,10,202604030310,04263310,17:00,10R 芝1400 ３歳上１勝クラス 17:00,9,ライネリーベ,5,--,牝4,56,Ｃ．ルメール,88,84,87,87,87,88,84,3.1,2,https://race.netkeiba.com/race/speed.html?race_id=202604030310,PASS
2026-08-29,新潟,10,202604030310,04263310,17:00,10R 芝1400 ３歳上１勝クラス 17:00,10,ワカミヤイリオス,5,--,セ4,55,▲水沼元輝,-,-,未,未,28,10,57,26.2,9,https://race.netkeiba.com/race/speed.html?race_id=202604030310,PASS
2026-08-29,新潟,10,202604030310,04263310,17:00,10R 芝1400 ３歳上１勝クラス 17:00,11,ダイユウルミナス,6,--,牝3,53,小崎綾也,87,75,71,82,87,65,82,41.7,13,https://race.netkeiba.com/race/speed.html?race_id=202604030310,PASS
2026-08-29,新潟,10,202604030310,04263310,17:00,10R 芝1400 ３歳上１勝クラス 17:00,12,カシノリアーナ,6,--,牝3,50,★谷原柚希,83,70,未,65,76,59,69,264.2,18,https://race.netkeiba.com/race/speed.html?race_id=202604030310,PASS
2026-08-29,新潟,10,202604030310,04263310,17:00,10R 芝1400 ３歳上１勝クラス 17:00,13,サーロー,7,--,牝3,53,原優介,-,-,未,未,54,70,78,33.6,12,https://race.netkeiba.com/race/speed.html?race_id=202604030310,PASS
2026-08-29,新潟,10,202604030310,04263310,17:00,10R 芝1400 ３歳上１勝クラス 17:00,14,ホットゥトロット,7,--,牡3,55,大野拓弥,87,78,87,76,87,72,76,24.7,8,https://race.netkeiba.com/race/speed.html?race_id=202604030310,PASS
2026-08-29,新潟,10,202604030310,04263310,17:00,10R 芝1400 ３歳上１勝クラス 17:00,15,ディサイドオンミー,7,--,牝3,50,▲上里直汰,83,67*,57,未,83,45,42,150.7,17,https://race.netkeiba.com/race/speed.html?race_id=202604030310,PASS
2026-08-29,新潟,10,202604030310,04263310,17:00,10R 芝1400 ３歳上１勝クラス 17:00,16,リラベガ,8,--,牝3,53,菊沢一樹,91,82,86,86,91,82,86,19.6,6,https://race.netkeiba.com/race/speed.html?race_id=202604030310,PASS
2026-08-29,新潟,10,202604030310,04263310,17:00,10R 芝1400 ３歳上１勝クラス 17:00,17,ガミーヌ,8,--,牝3,51,△石神深道,90,81,84,90,77,79,90,18.5,5,https://race.netkeiba.com/race/speed.html?race_id=202604030310,PASS
2026-08-29,新潟,10,202604030310,04263310,17:00,10R 芝1400 ３歳上１勝クラス 17:00,18,タイキオーベロン,8,--,牡4,56,△石田拓郎,86,82,81,86,82,81,86,17.6,4,https://race.netkeiba.com/race/speed.html?race_id=202604030310,PASS
2026-08-29,新潟,11,202604030311,04263311,17:30,11R 芝2000 ３歳未勝利 17:30,1,ウィズアツインクル,1,--,牡3,57,武藤雅,77,72*,未,73,74,36,73,76.4,12,https://race.netkeiba.com/race/speed.html?race_id=202604030311,PASS
2026-08-29,新潟,11,202604030311,04263311,17:30,11R 芝2000 ３歳未勝利 17:30,2,ムーングレイル,1,--,セ3,55,△石神深道,90,81,未,65,79,85,79,8,3,https://race.netkeiba.com/race/speed.html?race_id=202604030311,PASS
2026-08-29,新潟,11,202604030311,04263311,17:30,11R 芝2000 ３歳未勝利 17:30,3,エリュグレイス,2,--,牝3,55,戸崎圭太,92,72*,92,未,92,65,52,4.3,2,https://race.netkeiba.com/race/speed.html?race_id=202604030311,PASS
2026-08-29,新潟,11,202604030311,04263311,17:30,11R 芝2000 ３歳未勝利 17:30,4,ジーナグレイス,2,--,牝3,55,川須栄彦,75,70,75,73,75,73,69,36.6,7,https://race.netkeiba.com/race/speed.html?race_id=202604030311,PASS
2026-08-29,新潟,11,202604030311,04263311,17:30,11R 芝2000 ３歳未勝利 17:30,5,グランフルス,3,--,牡3,57,菊沢一樹,78,70,68,58,73,78,68,83,13,https://race.netkeiba.com/race/speed.html?race_id=202604030311,PASS
2026-08-29,新潟,11,202604030311,04263311,17:30,11R 芝2000 ３歳未勝利 17:30,6,レインボーワールド,3,--,牝3,55,野中悠太郎,-,-,未,未,-,44,54,210.5,17,https://race.netkeiba.com/race/speed.html?race_id=202604030311,PASS
2026-08-29,新潟,11,202604030311,04263311,17:30,11R 芝2000 ３歳未勝利 17:30,7,ミリオングローリー,4,--,牡3,57,丸山元気,82,78*,72,未,57,82,72,38.8,8,https://race.netkeiba.com/race/speed.html?race_id=202604030311,PASS
2026-08-29,新潟,11,202604030311,04263311,17:30,11R 芝2000 ３歳未勝利 17:30,8,スイートハイデン,4,--,牝3,55,岩田康誠,84,70*,84,66,66,59,-,38.9,10,https://race.netkeiba.com/race/speed.html?race_id=202604030311,PASS
2026-08-29,新潟,11,202604030311,04263311,17:30,11R 芝2000 ３歳未勝利 17:30,9,ヘルヴィッツ,5,--,牡3,57,小崎綾也,72,67*,未,未,72,70,59,38.9,9,https://race.netkeiba.com/race/speed.html?race_id=202604030311,PASS
2026-08-29,新潟,11,202604030311,04263311,17:30,11R 芝2000 ３歳未勝利 17:30,10,ノブステップ,5,--,牡3,55,△石田拓郎,73,67*,未,73,46,73,59,356.3,18,https://race.netkeiba.com/race/speed.html?race_id=202604030311,PASS
2026-08-29,新潟,11,202604030311,04263311,17:30,11R 芝2000 ３歳未勝利 17:30,11,ヤマニンリンキング,6,--,牡3,57,大野拓弥,84,75*,84,84,-,66,84,44.3,11,https://race.netkeiba.com/race/speed.html?race_id=202604030311,PASS
2026-08-29,新潟,11,202604030311,04263311,17:30,11R 芝2000 ３歳未勝利 17:30,12,イベリスアマラ,6,--,牡3,57,内田博幸,80,78*,80,未,55,80,75,103.8,14,https://race.netkeiba.com/race/speed.html?race_id=202604030311,PASS
2026-08-29,新潟,11,202604030311,04263311,17:30,11R 芝2000 ３歳未勝利 17:30,13,イノーマル,7,--,牡3,57,三浦皇成,70,70*,70,70,-,-,70,23.8,5,https://race.netkeiba.com/race/speed.html?race_id=202604030311,PASS
2026-08-29,新潟,11,202604030311,04263311,17:30,11R 芝2000 ３歳未勝利 17:30,14,マイネルアルゴー,7,--,牡3,57,柴田大知,75,47,75,40,65,40,59,130.9,16,https://race.netkeiba.com/race/speed.html?race_id=202604030311,PASS
2026-08-29,新潟,11,202604030311,04263311,17:30,11R 芝2000 ３歳未勝利 17:30,15,レッドレガリア,7,--,牡3,57,Ｃ．ルメール,79,74*,78,74,79,78,74,1.7,1,https://race.netkeiba.com/race/speed.html?race_id=202604030311,PASS
2026-08-29,新潟,11,202604030311,04263311,17:30,11R 芝2000 ３歳未勝利 17:30,16,トーアシチフクジン,8,--,牡3,57,Ｍ．ミシェル,67,-,未,未,47,62,52,119.1,15,https://race.netkeiba.com/race/speed.html?race_id=202604030311,PASS
2026-08-29,新潟,11,202604030311,04263311,17:30,11R 芝2000 ３歳未勝利 17:30,17,コスモアルペジオ,8,--,牡3,57,石橋脩,79,69*,55,未,79,71,69,22.5,4,https://race.netkeiba.com/race/speed.html?race_id=202604030311,PASS
2026-08-29,新潟,11,202604030311,04263311,17:30,11R 芝2000 ３歳未勝利 17:30,18,ピースフルマインド,8,--,牝3,55,原優介,84,75,84,未,84,76,68,26.4,6,https://race.netkeiba.com/race/speed.html?race_id=202604030311,PASS
2026-08-29,新潟,12,202604030312,04263312,18:05,12R ダ1200 ３歳未勝利 18:05,1,ペイシャラム,1,--,牝3,55,江田照男,40,40*,未,未,-,-,40,39.9,12,https://race.netkeiba.com/race/speed.html?race_id=202604030312,PASS
2026-08-29,新潟,12,202604030312,04263312,18:05,12R ダ1200 ３歳未勝利 18:05,2,リベラル,2,--,牝3,52,▲佐藤翔馬,-,-,未,未,-,-,-,14.3,6,https://race.netkeiba.com/race/speed.html?race_id=202604030312,PASS
2026-08-29,新潟,12,202604030312,04263312,18:05,12R ダ1200 ３歳未勝利 18:05,3,エリースノー,2,--,牝3,55,津村明秀,75,65,58,58,68,75,58,3.8,2,https://race.netkeiba.com/race/speed.html?race_id=202604030312,PASS
2026-08-29,新潟,12,202604030312,04263312,18:05,12R ダ1200 ３歳未勝利 18:05,4,チュラヴェール,3,--,牝3,55,大野拓弥,70,64,73,73,70,69,52,5.4,3,https://race.netkeiba.com/race/speed.html?race_id=202604030312,PASS
2026-08-29,新潟,12,202604030312,04263312,18:05,12R ダ1200 ３歳未勝利 18:05,5,シカゴキャッツ,3,--,牡3,57,木幡育也,42,32*,未,未,-,21,42,84.6,15,https://race.netkeiba.com/race/speed.html?race_id=202604030312,PASS
2026-08-29,新潟,12,202604030312,04263312,18:05,12R ダ1200 ３歳未勝利 18:05,6,ペイシャダンシング,4,--,牝3,55,原優介,44,44*,44,44,-,-,44,50.2,14,https://race.netkeiba.com/race/speed.html?race_id=202604030312,PASS
2026-08-29,新潟,12,202604030312,04263312,18:05,12R ダ1200 ３歳未勝利 18:05,7,ロンバスブレス,4,--,牝3,52,▲上里直汰,77,70,77,77,74,67,77,3.4,1,https://race.netkeiba.com/race/speed.html?race_id=202604030312,PASS
2026-08-29,新潟,12,202604030312,04263312,18:05,12R ダ1200 ３歳未勝利 18:05,8,ブライティアロード,5,--,牝3,55,石橋脩,-,-,未,未,60,42,75,13,4,https://race.netkeiba.com/race/speed.html?race_id=202604030312,PASS
2026-08-29,新潟,12,202604030312,04263312,18:05,12R ダ1200 ３歳未勝利 18:05,9,サンシュノジンギ,5,--,牡3,55,△石田拓郎,-,-,未,未,-,-,58,21.8,8,https://race.netkeiba.com/race/speed.html?race_id=202604030312,PASS
2026-08-29,新潟,12,202604030312,04263312,18:05,12R ダ1200 ３歳未勝利 18:05,10,ガヤーズベース,6,--,牡3,57,野中悠太郎,63,55*,未,未,42,63,60,29.7,10,https://race.netkeiba.com/race/speed.html?race_id=202604030312,PASS
2026-08-29,新潟,12,202604030312,04263312,18:05,12R ダ1200 ３歳未勝利 18:05,11,ケイツーキップ,6,--,牝3,52,▲水沼元輝,-,-,未,未,54,50,55,46.1,13,https://race.netkeiba.com/race/speed.html?race_id=202604030312,PASS
2026-08-29,新潟,12,202604030312,04263312,18:05,12R ダ1200 ３歳未勝利 18:05,12,カフェオドヴィー,7,--,牡3,57,杉原誠人,-8,-8*,未,未,-,-,-8,22.2,9,https://race.netkeiba.com/race/speed.html?race_id=202604030312,PASS
2026-08-29,新潟,12,202604030312,04263312,18:05,12R ダ1200 ３歳未勝利 18:05,13,テラシエスタ,7,--,牡3,57,小林脩斗,57,57*,未,未,46,57,46,39,11,https://race.netkeiba.com/race/speed.html?race_id=202604030312,PASS
2026-08-29,新潟,12,202604030312,04263312,18:05,12R ダ1200 ３歳未勝利 18:05,14,トリエンナーレ,8,--,牝3,53,△石神深道,60,44,58,未,58,60,49,14.3,5,https://race.netkeiba.com/race/speed.html?race_id=202604030312,PASS
2026-08-29,新潟,12,202604030312,04263312,18:05,12R ダ1200 ３歳未勝利 18:05,15,ライヴマティーニ,8,--,牝3,51,★谷原柚希,66,50,66,66,58,35,66,16.4,7,https://race.netkeiba.com/race/speed.html?race_id=202604030312,PASS
2026-08-29,中京,1,202607030301,07263301,09:50,1R 芝2000 ２歳未勝利 09:50,1,エンルートフライト,1,--◎◯▲△☆&#10003消,牡2,55,坂井瑠星,50,50*,50,未,-,-,50,2,1,https://race.netkeiba.com/race/speed.html?race_id=202607030301,PASS
2026-08-29,中京,1,202607030301,07263301,09:50,1R 芝2000 ２歳未勝利 09:50,2,ブラックミューズ,2,--◎◯▲△☆&#10003消,牝2,55,岩田望来,76,73*,未,未,76,70,55,4.2,2,https://race.netkeiba.com/race/speed.html?race_id=202607030301,PASS
2026-08-29,中京,1,202607030301,07263301,09:50,1R 芝2000 ２歳未勝利 09:50,3,プッシュザリミット,3,--◎◯▲△☆&#10003消,牡2,55,Ｍ．デムーロ,5,5*,未,未,-,-,5,58,10,https://race.netkeiba.com/race/speed.html?race_id=202607030301,PASS
2026-08-29,中京,1,202607030301,07263301,09:50,1R 芝2000 ２歳未勝利 09:50,4,ディープナイト,4,--◎◯▲△☆&#10003消,牡2,55,荻野琢真,47,47*,47,47,-,-,47,64.7,11,https://race.netkeiba.com/race/speed.html?race_id=202607030301,PASS
2026-08-29,中京,1,202607030301,07263301,09:50,1R 芝2000 ２歳未勝利 09:50,5,レイデアルマス,5,--◎◯▲△☆&#10003消,牡2,55,西村淳也,44,44*,未,未,-,-,44,9.8,4,https://race.netkeiba.com/race/speed.html?race_id=202607030301,PASS
2026-08-29,中京,1,202607030301,07263301,09:50,1R 芝2000 ２歳未勝利 09:50,6,ピュアノーブル,6,--◎◯▲△☆&#10003消,牝2,55,菱田裕二,67,67*,未,67,-,-,67,12.7,5,https://race.netkeiba.com/race/speed.html?race_id=202607030301,PASS
2026-08-29,中京,1,202607030301,07263301,09:50,1R 芝2000 ２歳未勝利 09:50,7,マンナット,6,--◎◯▲△☆&#10003消,牡2,55,川田将雅,56,56*,56,56,-,-,56,5.7,3,https://race.netkeiba.com/race/speed.html?race_id=202607030301,PASS
2026-08-29,中京,1,202607030301,07263301,09:50,1R 芝2000 ２歳未勝利 09:50,8,ハルカカナタ,7,--◎◯▲△☆&#10003消,牝2,55,幸英明,56,56*,未,未,-,-,56,24,6,https://race.netkeiba.com/race/speed.html?race_id=202607030301,PASS
2026-08-29,中京,1,202607030301,07263301,09:50,1R 芝2000 ２歳未勝利 09:50,9,ゴルディアス,7,--◎◯▲△☆&#10003消,牡2,55,松若風馬,32,32*,未,未,-,-,32,36.6,8,https://race.netkeiba.com/race/speed.html?race_id=202607030301,PASS
2026-08-29,中京,1,202607030301,07263301,09:50,1R 芝2000 ２歳未勝利 09:50,10,ホットロッドハート,8,--◎◯▲△☆&#10003消,牡2,55,吉村誠之助,45,45*,未,未,-,-,45,25.6,7,https://race.netkeiba.com/race/speed.html?race_id=202607030301,PASS
2026-08-29,中京,1,202607030301,07263301,09:50,1R 芝2000 ２歳未勝利 09:50,11,メモリアデルレ,8,--◎◯▲△☆&#10003消,牡2,54,☆田山旺佑,70,62*,70,70,-,53,70,42.5,9,https://race.netkeiba.com/race/speed.html?race_id=202607030301,PASS
2026-08-29,中京,2,202607030302,07263302,10:25,2R ダ1800 ２歳未勝利 10:25,1,ドリームオブコージ,1,--,牡2,55,岡田祥嗣,-,-,未,未,-,-,38,38.7,10,https://race.netkeiba.com/race/speed.html?race_id=202607030302,PASS
2026-08-29,中京,2,202607030302,07263302,10:25,2R ダ1800 ２歳未勝利 10:25,2,ボビーザグレート,2,--,牡2,55,菱田裕二,62,62*,未,未,-,-,62,6.2,2,https://race.netkeiba.com/race/speed.html?race_id=202607030302,PASS
2026-08-29,中京,2,202607030302,07263302,10:25,2R ダ1800 ２歳未勝利 10:25,3,ダノンアズール,3,--,牡2,55,岩田望来,-,-,未,未,-,-,68,7.7,3,https://race.netkeiba.com/race/speed.html?race_id=202607030302,PASS
2026-08-29,中京,2,202607030302,07263302,10:25,2R ダ1800 ２歳未勝利 10:25,4,ゴールドシューター,4,--,牡2,55,富田暁,-,-,未,未,-,-,54,21.6,8,https://race.netkeiba.com/race/speed.html?race_id=202607030302,PASS
2026-08-29,中京,2,202607030302,07263302,10:25,2R ダ1800 ２歳未勝利 10:25,5,バミューダブーケ,5,--,牝2,55,松若風馬,37,37*,未,未,-,-,37,22,9,https://race.netkeiba.com/race/speed.html?race_id=202607030302,PASS
2026-08-29,中京,2,202607030302,07263302,10:25,2R ダ1800 ２歳未勝利 10:25,6,ダヌラーサナ,5,--,牝2,54,☆田山旺佑,-,-,未,未,-,-,54,11.5,5,https://race.netkeiba.com/race/speed.html?race_id=202607030302,PASS
2026-08-29,中京,2,202607030302,07263302,10:25,2R ダ1800 ２歳未勝利 10:25,7,オーリエイト,6,--,牡2,55,吉村誠之助,52,52*,52,52,-,-,52,2.1,1,https://race.netkeiba.com/race/speed.html?race_id=202607030302,PASS
2026-08-29,中京,2,202607030302,07263302,10:25,2R ダ1800 ２歳未勝利 10:25,8,アンナモエ,6,--,牝2,55,酒井学,-,-,未,未,-,-,26,107.7,12,https://race.netkeiba.com/race/speed.html?race_id=202607030302,PASS
2026-08-29,中京,2,202607030302,07263302,10:25,2R ダ1800 ２歳未勝利 10:25,9,ルガルデ,7,--,牡2,53,△柴田裕一郎,55,41*,未,55,-,26,55,40.4,11,https://race.netkeiba.com/race/speed.html?race_id=202607030302,PASS
2026-08-29,中京,2,202607030302,07263302,10:25,2R ダ1800 ２歳未勝利 10:25,10,ミリオンカラー,7,--,牝2,55,国分優作,-,-,未,未,-,-,64,13.3,6,https://race.netkeiba.com/race/speed.html?race_id=202607030302,PASS
2026-08-29,中京,2,202607030302,07263302,10:25,2R ダ1800 ２歳未勝利 10:25,11,ソリドゥス,8,--,牡2,55,秋山稔樹,59,59*,未,59,-,55,59,8.8,4,https://race.netkeiba.com/race/speed.html?race_id=202607030302,PASS
2026-08-29,中京,2,202607030302,07263302,10:25,2R ダ1800 ２歳未勝利 10:25,12,ジュンヴァグネル,8,--,牡2,55,幸英明,-,-,未,未,-,-,49,16.4,7,https://race.netkeiba.com/race/speed.html?race_id=202607030302,PASS
2026-08-29,中京,3,202607030303,07263303,10:55,3R 芝1400 ２歳新馬 10:55,1,クリノライジング,,,,55,田口貫,,,,,,,,,,https://race.netkeiba.com/race/speed.html?race_id=202607030303,HOLD_SOURCE_NOT_PUBLISHED
2026-08-29,中京,3,202607030303,07263303,10:55,3R 芝1400 ２歳新馬 10:55,2,ワンキャンパス,,,,55,長岡禎,,,,,,,,,,https://race.netkeiba.com/race/speed.html?race_id=202607030303,HOLD_SOURCE_NOT_PUBLISHED
2026-08-29,中京,3,202607030303,07263303,10:55,3R 芝1400 ２歳新馬 10:55,3,パルフェクシオン,,,,54☆,田山旺,,,,,,,,,,https://race.netkeiba.com/race/speed.html?race_id=202607030303,HOLD_SOURCE_NOT_PUBLISHED
2026-08-29,中京,3,202607030303,07263303,10:55,3R 芝1400 ２歳新馬 10:55,4,リムリックアイル,,,,55,川田将,,,,,,,,,,https://race.netkeiba.com/race/speed.html?race_id=202607030303,HOLD_SOURCE_NOT_PUBLISHED
2026-08-29,中京,3,202607030303,07263303,10:55,3R 芝1400 ２歳新馬 10:55,5,ビンチャリ,,,,55,岩田望,,,,,,,,,,https://race.netkeiba.com/race/speed.html?race_id=202607030303,HOLD_SOURCE_NOT_PUBLISHED
2026-08-29,中京,3,202607030303,07263303,10:55,3R 芝1400 ２歳新馬 10:55,6,ジーティーハルカゼ,,,,55,西村淳,,,,,,,,,,https://race.netkeiba.com/race/speed.html?race_id=202607030303,HOLD_SOURCE_NOT_PUBLISHED
2026-08-29,中京,3,202607030303,07263303,10:55,3R 芝1400 ２歳新馬 10:55,7,サルーミアモール,,,,55,坂井瑠,,,,,,,,,,https://race.netkeiba.com/race/speed.html?race_id=202607030303,HOLD_SOURCE_NOT_PUBLISHED
2026-08-29,中京,3,202607030303,07263303,10:55,3R 芝1400 ２歳新馬 10:55,8,インティサール,,,,55,幸英明,,,,,,,,,,https://race.netkeiba.com/race/speed.html?race_id=202607030303,HOLD_SOURCE_NOT_PUBLISHED
2026-08-29,中京,3,202607030303,07263303,10:55,3R 芝1400 ２歳新馬 10:55,9,マイフレダ,,,,55,秋山稔,,,,,,,,,,https://race.netkeiba.com/race/speed.html?race_id=202607030303,HOLD_SOURCE_NOT_PUBLISHED
2026-08-29,中京,3,202607030303,07263303,10:55,3R 芝1400 ２歳新馬 10:55,10,ドリームリボン,,,,55,菱田裕,,,,,,,,,,https://race.netkeiba.com/race/speed.html?race_id=202607030303,HOLD_SOURCE_NOT_PUBLISHED
2026-08-29,中京,3,202607030303,07263303,10:55,3R 芝1400 ２歳新馬 10:55,11,カラスアゲハ,,,,53◇,永島ま,,,,,,,,,,https://race.netkeiba.com/race/speed.html?race_id=202607030303,HOLD_SOURCE_NOT_PUBLISHED
2026-08-29,中京,3,202607030303,07263303,10:55,3R 芝1400 ２歳新馬 10:55,12,ウルウノマーズ,,,,55,藤懸貴,,,,,,,,,,https://race.netkeiba.com/race/speed.html?race_id=202607030303,HOLD_SOURCE_NOT_PUBLISHED
2026-08-29,中京,4,202607030304,07263304,11:25,4R 芝2200 ３歳未勝利 11:25,1,タイセイグローバル,1,--,牡3,57,角田大和,88,78*,88,88,51,88,78,47.3,10,https://race.netkeiba.com/race/speed.html?race_id=202607030304,PASS
2026-08-29,中京,4,202607030304,07263304,11:25,4R 芝2200 ３歳未勝利 11:25,2,アメジストブリエ,1,--,牝3,55,富田暁,86,74*,86,86,73,65,72,76.2,14,https://race.netkeiba.com/race/speed.html?race_id=202607030304,PASS
2026-08-29,中京,4,202607030304,07263304,11:25,4R 芝2200 ３歳未勝利 11:25,3,プロスト,2,--,牡3,57,田口貫太,97,76,74,97,70,72,97,29.9,8,https://race.netkeiba.com/race/speed.html?race_id=202607030304,PASS
2026-08-29,中京,4,202607030304,07263304,11:25,4R 芝2200 ３歳未勝利 11:25,4,ヴィスメンティス,2,--,牡3,57,吉村誠之助,92,79,92,92,86,78,92,9.6,6,https://race.netkeiba.com/race/speed.html?race_id=202607030304,PASS
2026-08-29,中京,4,202607030304,07263304,11:25,4R 芝2200 ３歳未勝利 11:25,5,ジュンヴァッテッド,3,--,牡3,55,△柴田裕一郎,79,78*,未,未,-,79,76,103.6,15,https://race.netkeiba.com/race/speed.html?race_id=202607030304,PASS
2026-08-29,中京,4,202607030304,07263304,11:25,4R 芝2200 ３歳未勝利 11:25,6,カパルア,3,--,牡3,57,太宰啓介,74,65,未,72,72,65,41,68.9,13,https://race.netkeiba.com/race/speed.html?race_id=202607030304,PASS
2026-08-29,中京,4,202607030304,07263304,11:25,4R 芝2200 ３歳未勝利 11:25,7,クールドリオン,4,--,牡3,57,団野大成,84,78*,未,71,71,78,84,4.9,2,https://race.netkeiba.com/race/speed.html?race_id=202607030304,PASS
2026-08-29,中京,4,202607030304,07263304,11:25,4R 芝2200 ３歳未勝利 11:25,8,スクランプシャス,4,--,牡3,57,菱田裕二,94,84,94,83,94,77,83,5.2,3,https://race.netkeiba.com/race/speed.html?race_id=202607030304,PASS
2026-08-29,中京,4,202607030304,07263304,11:25,4R 芝2200 ３歳未勝利 11:25,9,サンタカタリナ,5,--,牝3,55,松若風馬,74,67*,67,未,59,67,69,28.6,7,https://race.netkeiba.com/race/speed.html?race_id=202607030304,PASS
2026-08-29,中京,4,202607030304,07263304,11:25,4R 芝2200 ３歳未勝利 11:25,10,テイエムプレミラン,5,--,牡3,54,▲森田誠也,94,80*,94,未,94,78,67,61.5,12,https://race.netkeiba.com/race/speed.html?race_id=202607030304,PASS
2026-08-29,中京,4,202607030304,07263304,11:25,4R 芝2200 ３歳未勝利 11:25,11,パシフィックドーン,6,--,牡3,57,西村淳也,-,-,未,未,-,-,-,8.9,5,https://race.netkeiba.com/race/speed.html?race_id=202607030304,PASS
2026-08-29,中京,4,202607030304,07263304,11:25,4R 芝2200 ３歳未勝利 11:25,12,チュオンソン,6,--,牡3,57,酒井学,83,78,83,79,76,75,79,36.3,9,https://race.netkeiba.com/race/speed.html?race_id=202607030304,PASS
2026-08-29,中京,4,202607030304,07263304,11:25,4R 芝2200 ３歳未勝利 11:25,13,マイコンプリート,7,--,セ3,57,岩田望来,86,86*,未,86,-,-,86,3.2,1,https://race.netkeiba.com/race/speed.html?race_id=202607030304,PASS
2026-08-29,中京,4,202607030304,07263304,11:25,4R 芝2200 ３歳未勝利 11:25,14,マテンロウルクス,7,--,牡3,57,中井裕二,23,23*,23,未,23,66,61,160.6,16,https://race.netkeiba.com/race/speed.html?race_id=202607030304,PASS
2026-08-29,中京,4,202607030304,07263304,11:25,4R 芝2200 ３歳未勝利 11:25,15,レイアン,8,--,牝3,55,Ｍ．デムーロ,78,69*,未,78,61,68,78,57.3,11,https://race.netkeiba.com/race/speed.html?race_id=202607030304,PASS
2026-08-29,中京,4,202607030304,07263304,11:25,4R 芝2200 ３歳未勝利 11:25,16,ナムラヴンダー,8,--,牡3,57,幸英明,94,84,94,94,75,94,78,7.5,4,https://race.netkeiba.com/race/speed.html?race_id=202607030304,PASS
2026-08-29,中京,5,202607030305,07263305,11:55,5R 芝2000 ３歳未勝利(無料開放レース) 11:55,1,ワンダーデリエール,1,--,牝3,54,☆田山旺佑,77,74*,77,77,76,70,77,11.4,6,https://race.netkeiba.com/race/speed.html?race_id=202607030305,PASS
2026-08-29,中京,5,202607030305,07263305,11:55,5R 芝2000 ３歳未勝利(無料開放レース) 11:55,2,リアライズアリス,2,--,牝3,55,松若風馬,89,75*,未,89,71,66,89,28.9,7,https://race.netkeiba.com/race/speed.html?race_id=202607030305,PASS
2026-08-29,中京,5,202607030305,07263305,11:55,5R 芝2000 ３歳未勝利(無料開放レース) 11:55,3,サンスベリア,3,--,牝3,55,中井裕二,36,36*,36,未,-,-,36,122,11,https://race.netkeiba.com/race/speed.html?race_id=202607030305,PASS
2026-08-29,中京,5,202607030305,07263305,11:55,5R 芝2000 ３歳未勝利(無料開放レース) 11:55,4,コスモフィレンツェ,4,--,牡3,57,幸英明,94,83,92,92,94,79,92,3.6,2,https://race.netkeiba.com/race/speed.html?race_id=202607030305,PASS
2026-08-29,中京,5,202607030305,07263305,11:55,5R 芝2000 ３歳未勝利(無料開放レース) 11:55,5,クランズクラウン,4,--,牝3,55,泉谷楓真,85,74,85,未,76,70,78,8.6,4,https://race.netkeiba.com/race/speed.html?race_id=202607030305,PASS
2026-08-29,中京,5,202607030305,07263305,11:55,5R 芝2000 ３歳未勝利(無料開放レース) 11:55,6,パンキー,5,--,牡3,57,西村淳也,89,80,89,89,74,71,83,7,3,https://race.netkeiba.com/race/speed.html?race_id=202607030305,PASS
2026-08-29,中京,5,202607030305,07263305,11:55,5R 芝2000 ３歳未勝利(無料開放レース) 11:55,7,スリーキズナヒメ,5,--,牝3,53,◇永島まなみ,72,61*,63,未,63,72,72,234.7,13,https://race.netkeiba.com/race/speed.html?race_id=202607030305,PASS
2026-08-29,中京,5,202607030305,07263305,11:55,5R 芝2000 ３歳未勝利(無料開放レース) 11:55,8,ゴールデンテティス,6,--,牝3,55,加藤祥太,87,80,79,79,87,82,79,9.9,5,https://race.netkeiba.com/race/speed.html?race_id=202607030305,PASS
2026-08-29,中京,5,202607030305,07263305,11:55,5R 芝2000 ３歳未勝利(無料開放レース) 11:55,9,ウインリーブル,6,--,牝3,55,国分優作,-,-,未,未,-,-,-,37.2,8,https://race.netkeiba.com/race/speed.html?race_id=202607030305,PASS
2026-08-29,中京,5,202607030305,07263305,11:55,5R 芝2000 ３歳未勝利(無料開放レース) 11:55,10,ビクスバイト,7,--,牝3,55,川田将雅,81,76*,81,81,74,73,81,2.4,1,https://race.netkeiba.com/race/speed.html?race_id=202607030305,PASS
2026-08-29,中京,5,202607030305,07263305,11:55,5R 芝2000 ３歳未勝利(無料開放レース) 11:55,11,ラピス,7,--,牝3,55,団野大成,81,55,81,81,-8,73,81,47.1,9,https://race.netkeiba.com/race/speed.html?race_id=202607030305,PASS
2026-08-29,中京,5,202607030305,07263305,11:55,5R 芝2000 ３歳未勝利(無料開放レース) 11:55,12,クラリノ,8,--,牝3,55,高倉稜,78,70*,78,未,66,70,67,79.4,10,https://race.netkeiba.com/race/speed.html?race_id=202607030305,PASS
2026-08-29,中京,5,202607030305,07263305,11:55,5R 芝2000 ３歳未勝利(無料開放レース) 11:55,13,プリティウーマン,8,--,牝3,55,富田暁,65,56*,49,未,53,49,65,171.9,12,https://race.netkeiba.com/race/speed.html?race_id=202607030305,PASS
2026-08-29,中京,6,202607030306,07263306,15:00,6R ダ1200 清洲特別 2勝クラス WIN5 15:00,1,フィドルファドル,1,--,牝4,56,川田将雅,96,86,101,101,91,95,81,3.2,1,https://race.netkeiba.com/race/speed.html?race_id=202607030306,PASS
2026-08-29,中京,6,202607030306,07263306,15:00,6R ダ1200 清洲特別 2勝クラス WIN5 15:00,2,ザウリ,2,--,牡7,58,田口貫太,105,88,96,94,72,105,72,21.3,7,https://race.netkeiba.com/race/speed.html?race_id=202607030306,PASS
2026-08-29,中京,6,202607030306,07263306,15:00,6R ダ1200 清洲特別 2勝クラス WIN5 15:00,3,オコタンペ,3,--,牡5,58,富田暁,89,87,100,94,89,81,89,23.2,8,https://race.netkeiba.com/race/speed.html?race_id=202607030306,PASS
2026-08-29,中京,6,202607030306,07263306,15:00,6R ダ1200 清洲特別 2勝クラス WIN5 15:00,4,シルフズミスチーフ,4,--,牝4,56,岩田望来,95,86,89,89,95,79,89,5.4,3,https://race.netkeiba.com/race/speed.html?race_id=202607030306,PASS
2026-08-29,中京,6,202607030306,07263306,15:00,6R ダ1200 清洲特別 2勝クラス WIN5 15:00,5,ルクスレイモンド,4,--,牡3,56,坂井瑠星,95,88,84,95,93,86,84,3.3,2,https://race.netkeiba.com/race/speed.html?race_id=202607030306,PASS
2026-08-29,中京,6,202607030306,07263306,15:00,6R ダ1200 清洲特別 2勝クラス WIN5 15:00,6,ダノンモンテローザ,5,--,セ5,58,田山旺佑,87,78,87,未,82,83,79,18.9,6,https://race.netkeiba.com/race/speed.html?race_id=202607030306,PASS
2026-08-29,中京,6,202607030306,07263306,15:00,6R ダ1200 清洲特別 2勝クラス WIN5 15:00,7,ローマンレイク,5,--,牝5,56,角田大和,97,76,未,85,80,97,64,49.4,10,https://race.netkeiba.com/race/speed.html?race_id=202607030306,PASS
2026-08-29,中京,6,202607030306,07263306,15:00,6R ダ1200 清洲特別 2勝クラス WIN5 15:00,8,ブルーノート,6,--,牡7,58,松若風馬,95,84,94,89,78,81,95,73.7,11,https://race.netkeiba.com/race/speed.html?race_id=202607030306,PASS
2026-08-29,中京,6,202607030306,07263306,15:00,6R ダ1200 清洲特別 2勝クラス WIN5 15:00,9,シアター,6,--,牝5,56,長岡禎仁,84,81*,84,未,81,84,77,73.8,12,https://race.netkeiba.com/race/speed.html?race_id=202607030306,PASS
2026-08-29,中京,6,202607030306,07263306,15:00,6R ダ1200 清洲特別 2勝クラス WIN5 15:00,10,リードプリンシパル,7,--,牝4,56,川端海翼,86,68,86,86,75,58,86,112.4,13,https://race.netkeiba.com/race/speed.html?race_id=202607030306,PASS
2026-08-29,中京,6,202607030306,07263306,15:00,6R ダ1200 清洲特別 2勝クラス WIN5 15:00,11,アオイレーギーナ,7,--,牝4,56,幸英明,-,-,80,80,79,92,84,14.4,5,https://race.netkeiba.com/race/speed.html?race_id=202607030306,PASS
2026-08-29,中京,6,202607030306,07263306,15:00,6R ダ1200 清洲特別 2勝クラス WIN5 15:00,12,バッハアルプゼー,8,--,牡4,58,西村淳也,84,86*,98,-,-,84,84,6.3,4,https://race.netkeiba.com/race/speed.html?race_id=202607030306,PASS
2026-08-29,中京,6,202607030306,07263306,15:00,6R ダ1200 清洲特別 2勝クラス WIN5 15:00,13,ゲーベル,8,--,牡5,58,吉村誠之助,89,77,99,87,69,87,79,42.7,9,https://race.netkeiba.com/race/speed.html?race_id=202607030306,PASS
2026-08-29,中京,7,202607030307,07263307,15:35,7R 芝1400 長篠ステークス 3勝クラス WIN5 15:35,1,ボンヌソワレ,1,--,牝4,56,川田将雅,97,90,97,83,83,91,97,3.9,1,https://race.netkeiba.com/race/speed.html?race_id=202607030307,PASS
2026-08-29,中京,7,202607030307,07263307,15:35,7R 芝1400 長篠ステークス 3勝クラス WIN5 15:35,2,ロードマイライフ,2,--,牡5,58,長岡禎仁,96,94*,91,未,79,94,96,28.8,9,https://race.netkeiba.com/race/speed.html?race_id=202607030307,PASS
2026-08-29,中京,7,202607030307,07263307,15:35,7R 芝1400 長篠ステークス 3勝クラス WIN5 15:35,3,ビップジーニー,2,--,牡5,58,田山旺佑,99,74,99,44,80,98,77,34.7,10,https://race.netkeiba.com/race/speed.html?race_id=202607030307,PASS
2026-08-29,中京,7,202607030307,07263307,15:35,7R 芝1400 長篠ステークス 3勝クラス WIN5 15:35,4,ブルクトーア,3,--,牡4,58,亀田温心,95,85,96,96,86,87,86,10.7,6,https://race.netkeiba.com/race/speed.html?race_id=202607030307,PASS
2026-08-29,中京,7,202607030307,07263307,15:35,7R 芝1400 長篠ステークス 3勝クラス WIN5 15:35,5,チャンネルトンネル,3,--,牡5,58,団野大成,99,95,77,90,94,92,99,6.5,4,https://race.netkeiba.com/race/speed.html?race_id=202607030307,PASS
2026-08-29,中京,7,202607030307,07263307,15:35,7R 芝1400 長篠ステークス 3勝クラス WIN5 15:35,6,セシリエプラージュ,4,--,牝5,56,Ｍ．デムーロ,90,82,104,未,82,90,76,40.1,12,https://race.netkeiba.com/race/speed.html?race_id=202607030307,PASS
2026-08-29,中京,7,202607030307,07263307,15:35,7R 芝1400 長篠ステークス 3勝クラス WIN5 15:35,7,コト,4,--,牝5,56,田口貫太,101,86*,101,93,80,93,74,45.3,13,https://race.netkeiba.com/race/speed.html?race_id=202607030307,PASS
2026-08-29,中京,7,202607030307,07263307,15:35,7R 芝1400 長篠ステークス 3勝クラス WIN5 15:35,8,ダークエクリプス,5,--,牡7,58,松若風馬,96,89,95,93,96,87,89,79.4,15,https://race.netkeiba.com/race/speed.html?race_id=202607030307,PASS
2026-08-29,中京,7,202607030307,07263307,15:35,7R 芝1400 長篠ステークス 3勝クラス WIN5 15:35,9,モジャーリオ,5,--,牡4,58,菱田裕二,96,91,95,86,95,83,90,16.2,7,https://race.netkeiba.com/race/speed.html?race_id=202607030307,PASS
2026-08-29,中京,7,202607030307,07263307,15:35,7R 芝1400 長篠ステークス 3勝クラス WIN5 15:35,10,ポッドロワール,6,--,牡4,58,岩田望来,101,89,101,未,82,82,101,5,2,https://race.netkeiba.com/race/speed.html?race_id=202607030307,PASS
2026-08-29,中京,7,202607030307,07263307,15:35,7R 芝1400 長篠ステークス 3勝クラス WIN5 15:35,11,フライングブレード,6,--,牡6,58,幸英明,99,89,93,95,87,84,89,53.5,14,https://race.netkeiba.com/race/speed.html?race_id=202607030307,PASS
2026-08-29,中京,7,202607030307,07263307,15:35,7R 芝1400 長篠ステークス 3勝クラス WIN5 15:35,12,ポエットリー,7,--,牝5,56,富田暁,97,90,98,86,74,85,94,36.6,11,https://race.netkeiba.com/race/speed.html?race_id=202607030307,PASS
2026-08-29,中京,7,202607030307,07263307,15:35,7R 芝1400 長篠ステークス 3勝クラス WIN5 15:35,13,ユハンヌス,7,--,牡6,58,吉村誠之助,106,88,106,105,92,81,79,22.8,8,https://race.netkeiba.com/race/speed.html?race_id=202607030307,PASS
2026-08-29,中京,7,202607030307,07263307,15:35,7R 芝1400 長篠ステークス 3勝クラス WIN5 15:35,14,ガンマジーティーピ,8,--,牡4,58,西村淳也,98,90,98,93,93,98,86,6,3,https://race.netkeiba.com/race/speed.html?race_id=202607030307,PASS
2026-08-29,中京,7,202607030307,07263307,15:35,7R 芝1400 長篠ステークス 3勝クラス WIN5 15:35,15,ユウファラオ,8,--,牡3,55,中井裕二,91,84*,80,未,78,91,86,9.7,5,https://race.netkeiba.com/race/speed.html?race_id=202607030307,PASS
2026-08-29,中京,8,202607030308,07263308,16:10,8R 芝1400 桑名特別 2勝クラス 16:10,1,カウンティフェア,1,--,牝4,56,田山旺佑,95,86*,95,95,81,47,95,92.6,12,https://race.netkeiba.com/race/speed.html?race_id=202607030308,PASS
2026-08-29,中京,8,202607030308,07263308,16:10,8R 芝1400 桑名特別 2勝クラス 16:10,2,ツーネサーン,2,--,牡5,58,富田暁,102,91*,94,92,92,87,94,12.4,6,https://race.netkeiba.com/race/speed.html?race_id=202607030308,PASS
2026-08-29,中京,8,202607030308,07263308,16:10,8R 芝1400 桑名特別 2勝クラス 16:10,3,サロニコス,3,--,牝5,56,西村淳也,90,90,97,83,97,90,87,26.8,9,https://race.netkeiba.com/race/speed.html?race_id=202607030308,PASS
2026-08-29,中京,8,202607030308,07263308,16:10,8R 芝1400 桑名特別 2勝クラス 16:10,4,アムールリーベ,3,--,牝5,56,荻野琢真,94,88,94,79,79,94,92,24.8,8,https://race.netkeiba.com/race/speed.html?race_id=202607030308,PASS
2026-08-29,中京,8,202607030308,07263308,16:10,8R 芝1400 桑名特別 2勝クラス 16:10,5,サクラオーラ,4,--,牝7,56,酒井学,102,90,93,93,99,102,89,32.3,10,https://race.netkeiba.com/race/speed.html?race_id=202607030308,PASS
2026-08-29,中京,8,202607030308,07263308,16:10,8R 芝1400 桑名特別 2勝クラス 16:10,6,トライアンフパス,4,--,牝3,53,松若風馬,99,93,99,99,94,97,99,6.5,3,https://race.netkeiba.com/race/speed.html?race_id=202607030308,PASS
2026-08-29,中京,8,202607030308,07263308,16:10,8R 芝1400 桑名特別 2勝クラス 16:10,7,リアライズ,5,--,牡6,58,角田大和,102,86,102,93,82,99,98,10.5,5,https://race.netkeiba.com/race/speed.html?race_id=202607030308,PASS
2026-08-29,中京,8,202607030308,07263308,16:10,8R 芝1400 桑名特別 2勝クラス 16:10,8,キャッスルレイク,5,--,牝4,56,田口貫太,99,89*,99,99,85,91,99,13.3,7,https://race.netkeiba.com/race/speed.html?race_id=202607030308,PASS
2026-08-29,中京,8,202607030308,07263308,16:10,8R 芝1400 桑名特別 2勝クラス 16:10,9,エーデルヴェーグ,6,--,牝4,56,岩田望来,97,89,88,102,97,86,88,6.6,4,https://race.netkeiba.com/race/speed.html?race_id=202607030308,PASS
2026-08-29,中京,8,202607030308,07263308,16:10,8R 芝1400 桑名特別 2勝クラス 16:10,10,ワンコールアウェイ,6,--,牝4,56,吉村誠之助,97,90*,97,91,80,97,-,6.2,2,https://race.netkeiba.com/race/speed.html?race_id=202607030308,PASS
2026-08-29,中京,8,202607030308,07263308,16:10,8R 芝1400 桑名特別 2勝クラス 16:10,11,アスクキングコング,7,--,セ8,58,藤懸貴志,94,92*,94,92,76,94,89,156.5,13,https://race.netkeiba.com/race/speed.html?race_id=202607030308,PASS
2026-08-29,中京,8,202607030308,07263308,16:10,8R 芝1400 桑名特別 2勝クラス 16:10,12,サヴァビアン,7,--,牡8,58,秋山稔樹,89,68*,89,73,89,52,76,562.2,14,https://race.netkeiba.com/race/speed.html?race_id=202607030308,PASS
2026-08-29,中京,8,202607030308,07263308,16:10,8R 芝1400 桑名特別 2勝クラス 16:10,13,モンテディアーナ,8,--,牝4,56,団野大成,84,84*,71,84,83,64,84,43.8,11,https://race.netkeiba.com/race/speed.html?race_id=202607030308,PASS
2026-08-29,中京,8,202607030308,07263308,16:10,8R 芝1400 桑名特別 2勝クラス 16:10,14,ダガーリング,8,--,牡4,58,坂井瑠星,102,96,100,97,102,94,85,2.6,1,https://race.netkeiba.com/race/speed.html?race_id=202607030308,PASS
2026-08-29,中京,9,202607030309,07263309,16:45,9R ダ1800 ３歳上１勝クラス 16:45,1,ラグナトーレ,1,--,牝4,56,中井裕二,77,68,77,79,46,77,66,14.9,6,https://race.netkeiba.com/race/speed.html?race_id=202607030309,PASS
2026-08-29,中京,9,202607030309,07263309,16:45,9R ダ1800 ３歳上１勝クラス 16:45,2,ブラッドムーン,2,--,牝3,52,☆田山旺佑,66,57,66,66,54,52,66,32.2,9,https://race.netkeiba.com/race/speed.html?race_id=202607030309,PASS
2026-08-29,中京,9,202607030309,07263309,16:45,9R ダ1800 ３歳上１勝クラス 16:45,3,コンテナライン,3,--,牝4,56,鮫島良太,86,65,86,65,62,86,72,19.7,8,https://race.netkeiba.com/race/speed.html?race_id=202607030309,PASS
2026-08-29,中京,9,202607030309,07263309,16:45,9R ダ1800 ３歳上１勝クラス 16:45,4,セレーノ,4,--,牝3,51,◇永島まなみ,76,65,76,76,62,76,70,4.7,3,https://race.netkeiba.com/race/speed.html?race_id=202607030309,PASS
2026-08-29,中京,9,202607030309,07263309,16:45,9R ダ1800 ３歳上１勝クラス 16:45,5,クラテロス,5,--,牝3,53,岩田望来,68,59*,68,50,-,68,50,5,4,https://race.netkeiba.com/race/speed.html?race_id=202607030309,PASS
2026-08-29,中京,9,202607030309,07263309,16:45,9R ダ1800 ３歳上１勝クラス 16:45,6,ラテライト,6,--,牝4,56,菱田裕二,77,69,88,88,71,68,70,12.3,5,https://race.netkeiba.com/race/speed.html?race_id=202607030309,PASS
2026-08-29,中京,9,202607030309,07263309,16:45,9R ダ1800 ３歳上１勝クラス 16:45,7,リアンクトワ,7,--,牝5,54,△柴田裕一郎,82,75,79,未,82,77,50,16.6,7,https://race.netkeiba.com/race/speed.html?race_id=202607030309,PASS
2026-08-29,中京,9,202607030309,07263309,16:45,9R ダ1800 ３歳上１勝クラス 16:45,8,シエーナカラー,8,--,牝3,53,酒井学,76,66*,66,56,66,67,56,3.3,1,https://race.netkeiba.com/race/speed.html?race_id=202607030309,PASS
2026-08-29,中京,9,202607030309,07263309,16:45,9R ダ1800 ３歳上１勝クラス 16:45,9,メイショウアカリ,8,--,牝3,53,太宰啓介,63,58*,63,未,63,51,59,4.1,2,https://race.netkeiba.com/race/speed.html?race_id=202607030309,PASS
2026-08-29,中京,10,202607030310,07263310,17:15,10R ダ1400 ３歳上１勝クラス 17:15,1,ワイドグンサ,1,--,牡3,55,西村淳也,90,74*,90,未,79,52,90,5,2,https://race.netkeiba.com/race/speed.html?race_id=202607030310,PASS
2026-08-29,中京,10,202607030310,07263310,17:15,10R ダ1400 ３歳上１勝クラス 17:15,2,パヴィーア,1,--,牝4,56,岩田望来,93,82,93,93,84,89,62,14.5,6,https://race.netkeiba.com/race/speed.html?race_id=202607030310,PASS
2026-08-29,中京,10,202607030310,07263310,17:15,10R ダ1400 ３歳上１勝クラス 17:15,3,ハッピーラブソング,2,--,牝3,53,菱田裕二,69,67*,未,未,-,65,69,77.8,15,https://race.netkeiba.com/race/speed.html?race_id=202607030310,PASS
2026-08-29,中京,10,202607030310,07263310,17:15,10R ダ1400 ３歳上１勝クラス 17:15,4,タイニーワンダー,2,--,牝3,52,☆田山旺佑,94,81*,94,未,82,84,94,3.7,1,https://race.netkeiba.com/race/speed.html?race_id=202607030310,PASS
2026-08-29,中京,10,202607030310,07263310,17:15,10R ダ1400 ３歳上１勝クラス 17:15,5,ヴィヴァシャス,3,--,牝4,56,角田大和,84,71*,82,69,77,83,58,102.6,16,https://race.netkeiba.com/race/speed.html?race_id=202607030310,PASS
2026-08-29,中京,10,202607030310,07263310,17:15,10R ダ1400 ３歳上１勝クラス 17:15,6,ジューンセクレタ,3,--,牡3,55,富田暁,91,83,91,91,76,86,91,7.5,5,https://race.netkeiba.com/race/speed.html?race_id=202607030310,PASS
2026-08-29,中京,10,202607030310,07263310,17:15,10R ダ1400 ３歳上１勝クラス 17:15,7,ウォーターパラディ,4,--,牡4,58,国分恭介,90,79,90,85,86,77,78,30.9,9,https://race.netkeiba.com/race/speed.html?race_id=202607030310,PASS
2026-08-29,中京,10,202607030310,07263310,17:15,10R ダ1400 ３歳上１勝クラス 17:15,8,メイショウサトノヒ,4,--,牡4,58,幸英明,89,80,88,88,88,89,74,47.4,13,https://race.netkeiba.com/race/speed.html?race_id=202607030310,PASS
2026-08-29,中京,10,202607030310,07263310,17:15,10R ダ1400 ３歳上１勝クラス 17:15,9,ピョイットハレルヤ,5,--,牝3,53,松若風馬,82,64*,82,82,66,61,82,24.4,8,https://race.netkeiba.com/race/speed.html?race_id=202607030310,PASS
2026-08-29,中京,10,202607030310,07263310,17:15,10R ダ1400 ３歳上１勝クラス 17:15,10,リンゲルブルーメ,5,--,牝4,53,▲川端海翼,88,63,88,88,26,63,88,42.7,12,https://race.netkeiba.com/race/speed.html?race_id=202607030310,PASS
2026-08-29,中京,10,202607030310,07263310,17:15,10R ダ1400 ３歳上１勝クラス 17:15,11,アルプスオジョー,6,--,牝5,56,田口貫太,86,75,86,75,85,86,69,33.3,10,https://race.netkeiba.com/race/speed.html?race_id=202607030310,PASS
2026-08-29,中京,10,202607030310,07263310,17:15,10R ダ1400 ３歳上１勝クラス 17:15,12,マダムカマラード,6,--,牝3,53,秋山稔樹,70,56*,70,未,37,62,70,14.7,7,https://race.netkeiba.com/race/speed.html?race_id=202607030310,PASS
2026-08-29,中京,10,202607030310,07263310,17:15,10R ダ1400 ３歳上１勝クラス 17:15,13,グランメドウ,7,--,牡5,58,坂井瑠星,-,85*,89,未,79,86,89,7.5,4,https://race.netkeiba.com/race/speed.html?race_id=202607030310,PASS
2026-08-29,中京,10,202607030310,07263310,17:15,10R ダ1400 ３歳上１勝クラス 17:15,14,ハンザキ,7,--,牝3,51,◇永島まなみ,81,67*,81,未,54,66,81,38.6,11,https://race.netkeiba.com/race/speed.html?race_id=202607030310,PASS
2026-08-29,中京,10,202607030310,07263310,17:15,10R ダ1400 ３歳上１勝クラス 17:15,15,タイセイレグノ,8,--,セ4,58,国分優作,82,78,82,77,74,79,82,62.4,14,https://race.netkeiba.com/race/speed.html?race_id=202607030310,PASS
2026-08-29,中京,10,202607030310,07263310,17:15,10R ダ1400 ３歳上１勝クラス 17:15,16,ジャンヌドゥレーヴ,8,--,牝3,53,中井裕二,88,72*,88,未,57,71,88,6,3,https://race.netkeiba.com/race/speed.html?race_id=202607030310,PASS
2026-08-29,中京,11,202607030311,07263311,17:45,11R 芝1600 ３歳上１勝クラス 17:45,1,オーバースタンド,1,--,牡4,58,松若風馬,98,85,98,98,76,72,89,9.4,4,https://race.netkeiba.com/race/speed.html?race_id=202607030311,PASS
2026-08-29,中京,11,202607030311,07263311,17:45,11R 芝1600 ３歳上１勝クラス 17:45,2,エンベッカ,2,--,牝4,56,西村淳也,93,84,93,86,81,74,78,18.3,8,https://race.netkeiba.com/race/speed.html?race_id=202607030311,PASS
2026-08-29,中京,11,202607030311,07263311,17:45,11R 芝1600 ３歳上１勝クラス 17:45,3,ファルカータ,3,--,牝3,53,坂井瑠星,100,88*,100,100,-,75,100,3.1,1,https://race.netkeiba.com/race/speed.html?race_id=202607030311,PASS
2026-08-29,中京,11,202607030311,07263311,17:45,11R 芝1600 ３歳上１勝クラス 17:45,4,リアンマヒナ,4,--,牡3,55,岩田望来,93,81,90,53,93,90,69,4.7,3,https://race.netkeiba.com/race/speed.html?race_id=202607030311,PASS
2026-08-29,中京,11,202607030311,07263311,17:45,11R 芝1600 ３歳上１勝クラス 17:45,5,メイショウビストロ,4,--,牡4,58,菱田裕二,93,84,93,93,90,93,88,28.3,10,https://race.netkeiba.com/race/speed.html?race_id=202607030311,PASS
2026-08-29,中京,11,202607030311,07263311,17:45,11R 芝1600 ３歳上１勝クラス 17:45,6,レッドリガーレ,5,--,牡3,55,幸英明,89,85,89,87,82,87,87,10.9,5,https://race.netkeiba.com/race/speed.html?race_id=202607030311,PASS
2026-08-29,中京,11,202607030311,07263311,17:45,11R 芝1600 ３歳上１勝クラス 17:45,7,チャンピオンロード,5,--,牡3,55,富田暁,82,82*,未,82,-,-,82,105,12,https://race.netkeiba.com/race/speed.html?race_id=202607030311,PASS
2026-08-29,中京,11,202607030311,07263311,17:45,11R 芝1600 ３歳上１勝クラス 17:45,8,フレイムスター,6,--,牡3,55,吉村誠之助,93,80*,85,未,88,90,67,13.7,6,https://race.netkeiba.com/race/speed.html?race_id=202607030311,PASS
2026-08-29,中京,11,202607030311,07263311,17:45,11R 芝1600 ３歳上１勝クラス 17:45,9,ヴォーカライズ,6,--,牡3,54,☆田山旺佑,106,106*,106,106,105,87,106,4.7,2,https://race.netkeiba.com/race/speed.html?race_id=202607030311,PASS
2026-08-29,中京,11,202607030311,07263311,17:45,11R 芝1600 ３歳上１勝クラス 17:45,10,エイズルブルーム,7,--,牝3,53,国分優作,91,86,87,87,82,91,87,15.9,7,https://race.netkeiba.com/race/speed.html?race_id=202607030311,PASS
2026-08-29,中京,11,202607030311,07263311,17:45,11R 芝1600 ３歳上１勝クラス 17:45,11,ギザキズラヴ,7,--,牝4,56,藤懸貴志,86,78,88,86,71,84,86,184.4,13,https://race.netkeiba.com/race/speed.html?race_id=202607030311,PASS
2026-08-29,中京,11,202607030311,07263311,17:45,11R 芝1600 ３歳上１勝クラス 17:45,12,グローブアマランス,8,--,牝5,56,田口貫太,95,85,95,89,95,80,89,20.4,9,https://race.netkeiba.com/race/speed.html?race_id=202607030311,PASS
2026-08-29,中京,11,202607030311,07263311,17:45,11R 芝1600 ３歳上１勝クラス 17:45,13,リオンプライム,8,--,牝4,56,中井裕二,90,81,89,87,90,79,64,88.2,11,https://race.netkeiba.com/race/speed.html?race_id=202607030311,PASS
2026-08-29,中京,12,202607030312,07263312,18:15,12R ダ1800 ３歳未勝利 18:15,1,クロレ,1,--,牝3,55,坂井瑠星,79,72*,未,79,64,74,79,5.2,2,https://race.netkeiba.com/race/speed.html?race_id=202607030312,PASS
2026-08-29,中京,12,202607030312,07263312,18:15,12R ダ1800 ３歳未勝利 18:15,2,ゴールデンドラゴン,2,--,牡3,57,松若風馬,72,66,66,66,67,66,66,3.7,1,https://race.netkeiba.com/race/speed.html?race_id=202607030312,PASS
2026-08-29,中京,12,202607030312,07263312,18:15,12R ダ1800 ３歳未勝利 18:15,3,タガノランパート,3,--,牡3,57,田口貫太,68,64*,68,68,64,59,68,6.5,3,https://race.netkeiba.com/race/speed.html?race_id=202607030312,PASS
2026-08-29,中京,12,202607030312,07263312,18:15,12R ダ1800 ３歳未勝利 18:15,4,クリコバロー,3,--,牡3,57,酒井学,78,67,78,58,74,69,47,29.7,8,https://race.netkeiba.com/race/speed.html?race_id=202607030312,PASS
2026-08-29,中京,12,202607030312,07263312,18:15,12R ダ1800 ３歳未勝利 18:15,5,シャイニングスター,4,--,牡3,57,幸英明,-,-,未,未,68,74,72,10.5,6,https://race.netkeiba.com/race/speed.html?race_id=202607030312,PASS
2026-08-29,中京,12,202607030312,07263312,18:15,12R ダ1800 ３歳未勝利 18:15,6,ブクブクー,4,--,牡3,56,☆田山旺佑,95,65,59,59,58,95,59,7.9,5,https://race.netkeiba.com/race/speed.html?race_id=202607030312,PASS
2026-08-29,中京,12,202607030312,07263312,18:15,12R ダ1800 ３歳未勝利 18:15,7,ベルラフィネ,5,--,牝3,53,△柴田裕一郎,46,42*,42,未,35,46,43,34.6,10,https://race.netkeiba.com/race/speed.html?race_id=202607030312,PASS
2026-08-29,中京,12,202607030312,07263312,18:15,12R ダ1800 ３歳未勝利 18:15,8,シホノグラツィア,5,--,牡3,57,団野大成,-,-,未,未,-,-,68,7.1,4,https://race.netkeiba.com/race/speed.html?race_id=202607030312,PASS
2026-08-29,中京,12,202607030312,07263312,18:15,12R ダ1800 ３歳未勝利 18:15,9,クロームクロス,6,--,牡3,57,菱田裕二,68,58*,68,未,68,45,60,40.5,12,https://race.netkeiba.com/race/speed.html?race_id=202607030312,PASS
2026-08-29,中京,12,202607030312,07263312,18:15,12R ダ1800 ３歳未勝利 18:15,10,ガラード,6,--,牡3,57,吉村誠之助,69,58,69,54,69,53,54,52.8,13,https://race.netkeiba.com/race/speed.html?race_id=202607030312,PASS
2026-08-29,中京,12,202607030312,07263312,18:15,12R ダ1800 ３歳未勝利 18:15,11,メイショウハーブス,7,--,牡3,57,藤懸貴志,-,-,未,未,71,87,68,11.7,7,https://race.netkeiba.com/race/speed.html?race_id=202607030312,PASS
2026-08-29,中京,12,202607030312,07263312,18:15,12R ダ1800 ３歳未勝利 18:15,12,トラッドロア,7,--,牝3,55,富田暁,62,62*,62,62,-,59,62,33.3,9,https://race.netkeiba.com/race/speed.html?race_id=202607030312,PASS
2026-08-29,中京,12,202607030312,07263312,18:15,12R ダ1800 ３歳未勝利 18:15,13,サマーナジュム,8,--,牡3,57,中井裕二,64,53*,64,未,64,46,52,54.3,14,https://race.netkeiba.com/race/speed.html?race_id=202607030312,PASS
2026-08-29,中京,12,202607030312,07263312,18:15,12R ダ1800 ３歳未勝利 18:15,14,メイショウジンソウ,8,--,牡3,57,太宰啓介,63,60*,63,63,-,63,56,35.5,11,https://race.netkeiba.com/race/speed.html?race_id=202607030312,PASS
2026-08-29,札幌,1,202601020301,01262301,10:00,1R ダ1700 ３歳未勝利 10:00,1,アズライトアスール,1,--,牡3,53,★河原田菜々,62,61*,62,59,78,62,59,68.5,12,https://race.netkeiba.com/race/speed.html?race_id=202601020301,PASS
2026-08-29,札幌,1,202601020301,01262301,10:00,1R ダ1700 ３歳未勝利 10:00,2,ロードステラート,2,--,牡3,57,横山和生,83,64,未,83,57,63,83,16.3,8,https://race.netkeiba.com/race/speed.html?race_id=202601020301,PASS
2026-08-29,札幌,1,202601020301,01262301,10:00,1R ダ1700 ３歳未勝利 10:00,3,アスコットダンス,3,--,牝3,53,◇古川奈穂,46,-,未,未,82,74,63,32.7,10,https://race.netkeiba.com/race/speed.html?race_id=202601020301,PASS
2026-08-29,札幌,1,202601020301,01262301,10:00,1R ダ1700 ３歳未勝利 10:00,4,ショウナンタヅナ,3,--,牡3,57,池添謙一,76,69,76,76,60,76,69,17.9,9,https://race.netkeiba.com/race/speed.html?race_id=202601020301,PASS
2026-08-29,札幌,1,202601020301,01262301,10:00,1R ダ1700 ３歳未勝利 10:00,5,フロムザムーン,4,--,牡3,57,石川倭,70,64,70,65,66,63,65,84.9,13,https://race.netkeiba.com/race/speed.html?race_id=202601020301,PASS
2026-08-29,札幌,1,202601020301,01262301,10:00,1R ダ1700 ３歳未勝利 10:00,6,ワンダーアスク,4,--,牝3,55,川又賢治,93,81,93,74,87,93,74,13.9,6,https://race.netkeiba.com/race/speed.html?race_id=202601020301,PASS
2026-08-29,札幌,1,202601020301,01262301,10:00,1R ダ1700 ３歳未勝利 10:00,7,ダリアフレイバー,5,--,牝3,55,鮫島克駿,60,46*,60,未,59,60,13,107.5,14,https://race.netkeiba.com/race/speed.html?race_id=202601020301,PASS
2026-08-29,札幌,1,202601020301,01262301,10:00,1R ダ1700 ３歳未勝利 10:00,8,アイムスティルミー,5,--,セ3,57,古川吉洋,72,63,未,未,72,57,64,54.3,11,https://race.netkeiba.com/race/speed.html?race_id=202601020301,PASS
2026-08-29,札幌,1,202601020301,01262301,10:00,1R ダ1700 ３歳未勝利 10:00,9,ゴールデンダガー,6,--,牡3,57,横山琉人,74,74*,74,未,87,74,-,4.8,2,https://race.netkeiba.com/race/speed.html?race_id=202601020301,PASS
2026-08-29,札幌,1,202601020301,01262301,10:00,1R ダ1700 ３歳未勝利 10:00,10,クールフィデル,6,--,牡3,57,落合玄太,-,-,未,未,71,78,84,14,7,https://race.netkeiba.com/race/speed.html?race_id=202601020301,PASS
2026-08-29,札幌,1,202601020301,01262301,10:00,1R ダ1700 ３歳未勝利 10:00,11,メイショウタイザン,7,--,牡3,57,小沢大仁,75,71,75,75,69,75,75,13.3,5,https://race.netkeiba.com/race/speed.html?race_id=202601020301,PASS
2026-08-29,札幌,1,202601020301,01262301,10:00,1R ダ1700 ３歳未勝利 10:00,12,サンオブザサン,7,--,牡3,57,斎藤新,73,68,73,71,73,61,71,6.4,3,https://race.netkeiba.com/race/speed.html?race_id=202601020301,PASS
2026-08-29,札幌,1,202601020301,01262301,10:00,1R ダ1700 ３歳未勝利 10:00,13,ベルアズーロ,8,--,牡3,54,▲小林美駒,108,74*,108,未,62,108,53,2.8,1,https://race.netkeiba.com/race/speed.html?race_id=202601020301,PASS
2026-08-29,札幌,1,202601020301,01262301,10:00,1R ダ1700 ３歳未勝利 10:00,14,アーデルブリックス,8,--,牡3,57,北村友一,-,-,未,未,62,78,78,9.2,4,https://race.netkeiba.com/race/speed.html?race_id=202601020301,PASS
2026-08-29,札幌,2,202601020302,01262302,10:30,2R 芝1500 ２歳未勝利 10:30,1,セールデュクール,1,--,牝2,52,▲和田陽希,39,39*,39,39,-,39,-,80.6,12,https://race.netkeiba.com/race/speed.html?race_id=202601020302,PASS
2026-08-29,札幌,2,202601020302,01262302,10:30,2R 芝1500 ２歳未勝利 10:30,2,ロゼハイスクール,2,--,牝2,53,◇古川奈穂,-,-,未,未,-,6,22,108.6,13,https://race.netkeiba.com/race/speed.html?race_id=202601020302,PASS
2026-08-29,札幌,2,202601020302,01262302,10:30,2R 芝1500 ２歳未勝利 10:30,3,フォルトゥナロッサ,3,--,牝2,55,浜中俊,76,76*,76,76,-,-,76,2.4,1,https://race.netkeiba.com/race/speed.html?race_id=202601020302,PASS
2026-08-29,札幌,2,202601020302,01262302,10:30,2R 芝1500 ２歳未勝利 10:30,4,セイレイカ,4,--,牝2,55,横山典弘,66,66*,66,66,-,-,66,6.9,4,https://race.netkeiba.com/race/speed.html?race_id=202601020302,PASS
2026-08-29,札幌,2,202601020302,01262302,10:30,2R 芝1500 ２歳未勝利 10:30,5,タプティ,4,--,牝2,55,小沢大仁,69,69*,69,69,-,-,69,8.1,5,https://race.netkeiba.com/race/speed.html?race_id=202601020302,PASS
2026-08-29,札幌,2,202601020302,01262302,10:30,2R 芝1500 ２歳未勝利 10:30,6,ルギッドドランジュ,5,--,牝2,55,北村友一,67,63*,67,67,-,59,67,6.5,3,https://race.netkeiba.com/race/speed.html?race_id=202601020302,PASS
2026-08-29,札幌,2,202601020302,01262302,10:30,2R 芝1500 ２歳未勝利 10:30,7,コイゾラ,5,--,牝2,51,★河原田菜々,52,52*,未,未,-,-,52,29.5,8,https://race.netkeiba.com/race/speed.html?race_id=202601020302,PASS
2026-08-29,札幌,2,202601020302,01262302,10:30,2R 芝1500 ２歳未勝利 10:30,8,リラカリス,6,--,牝2,55,丹内祐次,61,51*,61,61,-,40,61,40.6,10,https://race.netkeiba.com/race/speed.html?race_id=202601020302,PASS
2026-08-29,札幌,2,202601020302,01262302,10:30,2R 芝1500 ２歳未勝利 10:30,9,ソーハッピー,6,--,牝2,52,▲小林美駒,67,67*,67,67,-,-,67,17.7,7,https://race.netkeiba.com/race/speed.html?race_id=202601020302,PASS
2026-08-29,札幌,2,202601020302,01262302,10:30,2R 芝1500 ２歳未勝利 10:30,10,アヴレディール,7,--,牝2,55,吉田隼人,73,73*,73,73,-,-,73,6.5,2,https://race.netkeiba.com/race/speed.html?race_id=202601020302,PASS
2026-08-29,札幌,2,202601020302,01262302,10:30,2R 芝1500 ２歳未勝利 10:30,11,ルイスイメル,7,--,牝2,52,▲遠藤汰月,54,54*,54,54,-,-,54,77.5,11,https://race.netkeiba.com/race/speed.html?race_id=202601020302,PASS
2026-08-29,札幌,2,202601020302,01262302,10:30,2R 芝1500 ２歳未勝利 10:30,12,バタフライ,8,--,牝2,55,原田和真,64,64*,64,64,-,-,64,35.2,9,https://race.netkeiba.com/race/speed.html?race_id=202601020302,PASS
2026-08-29,札幌,2,202601020302,01262302,10:30,2R 芝1500 ２歳未勝利 10:30,13,サトノパラディ,8,--,牝2,55,鮫島克駿,70,70*,未,未,-,-,70,12.8,6,https://race.netkeiba.com/race/speed.html?race_id=202601020302,PASS
2026-08-29,札幌,3,202601020303,01262303,11:00,3R 芝1800 ２歳未勝利 11:00,1,ダノンキューブ,1,--,牝2,55,武豊,84,84*,84,未,-,-,84,1.2,1,https://race.netkeiba.com/race/speed.html?race_id=202601020303,PASS
2026-08-29,札幌,3,202601020303,01262303,11:00,3R 芝1800 ２歳未勝利 11:00,2,サンゴート,2,--,牝2,51,★河原田菜々,57,57*,57,未,-,-,57,177.6,9,https://race.netkeiba.com/race/speed.html?race_id=202601020303,PASS
2026-08-29,札幌,3,202601020303,01262303,11:00,3R 芝1800 ２歳未勝利 11:00,3,エコロナイン,3,--,牡2,55,鮫島克駿,61,61*,未,未,-,-,61,7.1,2,https://race.netkeiba.com/race/speed.html?race_id=202601020303,PASS
2026-08-29,札幌,3,202601020303,01262303,11:00,3R 芝1800 ２歳未勝利 11:00,4,アイアムツヨスギル,4,--,牡2,55,池添謙一,37,37*,37,37,-,-,37,36.5,6,https://race.netkeiba.com/race/speed.html?race_id=202601020303,PASS
2026-08-29,札幌,3,202601020303,01262303,11:00,3R 芝1800 ２歳未勝利 11:00,5,ロマノヴェリテ,5,--,牡2,55,北村友一,56,56*,56,56,-,-,56,9.5,3,https://race.netkeiba.com/race/speed.html?race_id=202601020303,PASS
2026-08-29,札幌,3,202601020303,01262303,11:00,3R 芝1800 ２歳未勝利 11:00,6,チェッリーニ,6,--,牝2,53,◇古川奈穂,63,63*,未,63,-,-,63,99.1,8,https://race.netkeiba.com/race/speed.html?race_id=202601020303,PASS
2026-08-29,札幌,3,202601020303,01262303,11:00,3R 芝1800 ２歳未勝利 11:00,7,マシュマロデイズ,6,--,牝2,55,横山和生,70,70*,未,70,-,-,70,20.4,4,https://race.netkeiba.com/race/speed.html?race_id=202601020303,PASS
2026-08-29,札幌,3,202601020303,01262303,11:00,3R 芝1800 ２歳未勝利 11:00,8,トルネードサンダー,7,--,牝2,55,丹内祐次,67,64*,67,61,-,67,61,41.2,7,https://race.netkeiba.com/race/speed.html?race_id=202601020303,PASS
2026-08-29,札幌,3,202601020303,01262303,11:00,3R 芝1800 ２歳未勝利 11:00,9,イドム,7,--,牡2,55,松本大輝,55,55*,55,55,-,-,55,24.9,5,https://race.netkeiba.com/race/speed.html?race_id=202601020303,PASS
2026-08-29,札幌,3,202601020303,01262303,11:00,3R 芝1800 ２歳未勝利 11:00,10,マイネルサリーレ,8,--,牡2,55,斎藤新,57,52*,57,57,-,47,57,204,11,https://race.netkeiba.com/race/speed.html?race_id=202601020303,PASS
2026-08-29,札幌,3,202601020303,01262303,11:00,3R 芝1800 ２歳未勝利 11:00,11,シャイニーヒーロー,8,--,牡2,52,▲大久保友雅,38,38*,38,38,-,-,38,195.3,10,https://race.netkeiba.com/race/speed.html?race_id=202601020303,PASS
2026-08-29,札幌,4,202601020304,01262304,11:30,4R ダ1000 ３歳未勝利 11:30,1,ニシノギャルズ,1,--,牝3,55,石川倭,68,61,68,60,47,68,60,25.5,6,https://race.netkeiba.com/race/speed.html?race_id=202601020304,PASS
2026-08-29,札幌,4,202601020304,01262304,11:30,4R ダ1000 ３歳未勝利 11:30,2,ゲレイロ,2,--,牡3,53,★河原田菜々,74,62*,未,未,80,69,37,10,5,https://race.netkeiba.com/race/speed.html?race_id=202601020304,PASS
2026-08-29,札幌,4,202601020304,01262304,11:30,4R ダ1000 ３歳未勝利 11:30,3,ハクサンレイホウ,3,--,牡3,57,黛弘人,62,48*,62,62,32,50,62,70.6,12,https://race.netkeiba.com/race/speed.html?race_id=202601020304,PASS
2026-08-29,札幌,4,202601020304,01262304,11:30,4R ダ1000 ３歳未勝利 11:30,4,オスロクィーン,4,--,牝3,52,▲遠藤汰月,47,39*,未,未,44,60,30,59.8,11,https://race.netkeiba.com/race/speed.html?race_id=202601020304,PASS
2026-08-29,札幌,4,202601020304,01262304,11:30,4R ダ1000 ３歳未勝利 11:30,5,アニマレイ,5,--,牡3,54,▲小林美駒,74,69,68,68,73,74,68,3.2,1,https://race.netkeiba.com/race/speed.html?race_id=202601020304,PASS
2026-08-29,札幌,4,202601020304,01262304,11:30,4R ダ1000 ３歳未勝利 11:30,6,ハイティー,5,--,牝3,55,武豊,-,-,未,未,-,65,54,4.6,3,https://race.netkeiba.com/race/speed.html?race_id=202601020304,PASS
2026-08-29,札幌,4,202601020304,01262304,11:30,4R ダ1000 ３歳未勝利 11:30,7,フェイスリフト,6,--,牡3,57,古川吉洋,83,76,75,75,79,72,75,3.8,2,https://race.netkeiba.com/race/speed.html?race_id=202601020304,PASS
2026-08-29,札幌,4,202601020304,01262304,11:30,4R ダ1000 ３歳未勝利 11:30,8,ジューンマロン,6,--,牝3,55,川又賢治,8,8*,未,未,53,8,30,57.8,10,https://race.netkeiba.com/race/speed.html?race_id=202601020304,PASS
2026-08-29,札幌,4,202601020304,01262304,11:30,4R ダ1000 ３歳未勝利 11:30,9,ディースカウ,7,--,牡3,57,吉田隼人,24,24*,未,未,-,42,24,29,7,https://race.netkeiba.com/race/speed.html?race_id=202601020304,PASS
2026-08-29,札幌,4,202601020304,01262304,11:30,4R ダ1000 ３歳未勝利 11:30,10,マッシブショット,7,--,セ3,57,横山琉人,61,54,未,未,55,41,58,40.8,8,https://race.netkeiba.com/race/speed.html?race_id=202601020304,PASS
2026-08-29,札幌,4,202601020304,01262304,11:30,4R ダ1000 ３歳未勝利 11:30,11,ミスマラッカ,8,--,牝3,55,鮫島克駿,50,45,50,未,19,47,50,45.4,9,https://race.netkeiba.com/race/speed.html?race_id=202601020304,PASS
2026-08-29,札幌,4,202601020304,01262304,11:30,4R ダ1000 ３歳未勝利 11:30,12,スマートコーラル,8,--,牝3,53,◇古川奈穂,74,67,未,未,53,65,72,5.2,4,https://race.netkeiba.com/race/speed.html?race_id=202601020304,PASS
2026-08-29,札幌,5,202601020305,01262305,12:20,5R ダ1700 ２歳新馬 12:20,1,ユーフォナイト,,,,55,武　豊,,,,,,,,,,https://race.netkeiba.com/race/speed.html?race_id=202601020305,HOLD_SOURCE_NOT_PUBLISHED
2026-08-29,札幌,5,202601020305,01262305,12:20,5R ダ1700 ２歳新馬 12:20,2,ハイネスプラウド,,,,51★,河原田,,,,,,,,,,https://race.netkeiba.com/race/speed.html?race_id=202601020305,HOLD_SOURCE_NOT_PUBLISHED
2026-08-29,札幌,5,202601020305,01262305,12:20,5R ダ1700 ２歳新馬 12:20,3,ロンバルディア,,,,55,丹内祐,,,,,,,,,,https://race.netkeiba.com/race/speed.html?race_id=202601020305,HOLD_SOURCE_NOT_PUBLISHED
2026-08-29,札幌,5,202601020305,01262305,12:20,5R ダ1700 ２歳新馬 12:20,4,ウィナーズクロノ,,,,55,松本大,,,,,,,,,,https://race.netkeiba.com/race/speed.html?race_id=202601020305,HOLD_SOURCE_NOT_PUBLISHED
2026-08-29,札幌,5,202601020305,01262305,12:20,5R ダ1700 ２歳新馬 12:20,5,フィールザウィル,,,,55,小沢大,,,,,,,,,,https://race.netkeiba.com/race/speed.html?race_id=202601020305,HOLD_SOURCE_NOT_PUBLISHED
2026-08-29,札幌,5,202601020305,01262305,12:20,5R ダ1700 ２歳新馬 12:20,6,コスモセイント,,,,55,池添謙,,,,,,,,,,https://race.netkeiba.com/race/speed.html?race_id=202601020305,HOLD_SOURCE_NOT_PUBLISHED
2026-08-29,札幌,5,202601020305,01262305,12:20,5R ダ1700 ２歳新馬 12:20,7,フクノブロッサム,,,,52▲,遠藤汰,,,,,,,,,,https://race.netkeiba.com/race/speed.html?race_id=202601020305,HOLD_SOURCE_NOT_PUBLISHED
2026-08-29,札幌,5,202601020305,01262305,12:20,5R ダ1700 ２歳新馬 12:20,8,テンラッキーロード,,,,55,鮫島駿,,,,,,,,,,https://race.netkeiba.com/race/speed.html?race_id=202601020305,HOLD_SOURCE_NOT_PUBLISHED
2026-08-29,札幌,5,202601020305,01262305,12:20,5R ダ1700 ２歳新馬 12:20,9,ハリケンライズ,,,,55,石川倭,,,,,,,,,,https://race.netkeiba.com/race/speed.html?race_id=202601020305,HOLD_SOURCE_NOT_PUBLISHED
2026-08-29,札幌,5,202601020305,01262305,12:20,5R ダ1700 ２歳新馬 12:20,10,ゴーストミステリー,,,,55,横山和,,,,,,,,,,https://race.netkeiba.com/race/speed.html?race_id=202601020305,HOLD_SOURCE_NOT_PUBLISHED
2026-08-29,札幌,5,202601020305,01262305,12:20,5R ダ1700 ２歳新馬 12:20,11,モントリオール,,,,55,横山武,,,,,,,,,,https://race.netkeiba.com/race/speed.html?race_id=202601020305,HOLD_SOURCE_NOT_PUBLISHED
2026-08-29,札幌,5,202601020305,01262305,12:20,5R ダ1700 ２歳新馬 12:20,12,リュウノタキノボリ,,,,55,横山琉,,,,,,,,,,https://race.netkeiba.com/race/speed.html?race_id=202601020305,HOLD_SOURCE_NOT_PUBLISHED
2026-08-29,札幌,5,202601020305,01262305,12:20,5R ダ1700 ２歳新馬 12:20,13,ルクシエル,,,,55,斎藤新,,,,,,,,,,https://race.netkeiba.com/race/speed.html?race_id=202601020305,HOLD_SOURCE_NOT_PUBLISHED
2026-08-29,札幌,5,202601020305,01262305,12:20,5R ダ1700 ２歳新馬 12:20,14,ルボワ,,,,55,北村友,,,,,,,,,,https://race.netkeiba.com/race/speed.html?race_id=202601020305,HOLD_SOURCE_NOT_PUBLISHED
2026-08-29,札幌,6,202601020306,01262306,12:50,6R 芝1500 ３歳未勝利 12:50,1,ヒルノボローニャ,1,--,セ3,57,古川吉洋,78,66*,未,未,53,78,62,14.6,9,https://race.netkeiba.com/race/speed.html?race_id=202601020306,PASS
2026-08-29,札幌,6,202601020306,01262306,12:50,6R 芝1500 ３歳未勝利 12:50,2,フレンチブラッサム,2,--,牝3,55,横山典弘,-,-,未,未,97,74,64,14.4,8,https://race.netkeiba.com/race/speed.html?race_id=202601020306,PASS
2026-08-29,札幌,6,202601020306,01262306,12:50,6R 芝1500 ３歳未勝利 12:50,3,イトシサ,3,--,牡3,57,北村友一,82,73*,未,未,77,68,65,9.9,5,https://race.netkeiba.com/race/speed.html?race_id=202601020306,PASS
2026-08-29,札幌,6,202601020306,01262306,12:50,6R 芝1500 ３歳未勝利 12:50,4,ヒメヒオウギ,3,--,牝3,51,★河原田菜々,88,83,未,84,81,82,84,16.9,10,https://race.netkeiba.com/race/speed.html?race_id=202601020306,PASS
2026-08-29,札幌,6,202601020306,01262306,12:50,6R 芝1500 ３歳未勝利 12:50,5,グリニッジローズ,4,--,牝3,55,落合玄太,62,62*,未,未,-29,38,62,162.2,14,https://race.netkeiba.com/race/speed.html?race_id=202601020306,PASS
2026-08-29,札幌,6,202601020306,01262306,12:50,6R 芝1500 ３歳未勝利 12:50,6,エイシンキーンラン,4,--,牝3,55,横山琉人,80,68*,80,80,58,63,80,11.2,6,https://race.netkeiba.com/race/speed.html?race_id=202601020306,PASS
2026-08-29,札幌,6,202601020306,01262306,12:50,6R 芝1500 ３歳未勝利 12:50,7,ランウェイミューズ,5,--,牝3,55,丹内祐次,85,74,77,77,72,75,77,13.6,7,https://race.netkeiba.com/race/speed.html?race_id=202601020306,PASS
2026-08-29,札幌,6,202601020306,01262306,12:50,6R 芝1500 ３歳未勝利 12:50,8,サートゥルチェア,5,--,牝3,55,横山和生,80,72*,未,未,60,80,76,7.3,4,https://race.netkeiba.com/race/speed.html?race_id=202601020306,PASS
2026-08-29,札幌,6,202601020306,01262306,12:50,6R 芝1500 ３歳未勝利 12:50,9,ハイバーニアン,6,--,牡3,56,☆長浜鴻緒,77,77*,未,未,32,50,77,102,13,https://race.netkeiba.com/race/speed.html?race_id=202601020306,PASS
2026-08-29,札幌,6,202601020306,01262306,12:50,6R 芝1500 ３歳未勝利 12:50,10,ジャーナーリア,6,--,牡3,57,池添謙一,78,78*,未,未,69,52,74,20.7,11,https://race.netkeiba.com/race/speed.html?race_id=202601020306,PASS
2026-08-29,札幌,6,202601020306,01262306,12:50,6R 芝1500 ３歳未勝利 12:50,11,ペカリーナ,7,--,牝3,52,▲小林美駒,88,79,88,88,80,88,79,5.7,3,https://race.netkeiba.com/race/speed.html?race_id=202601020306,PASS
2026-08-29,札幌,6,202601020306,01262306,12:50,6R 芝1500 ３歳未勝利 12:50,12,サウンドファミリエ,7,--,牝3,55,吉田隼人,87,77,81,87,77,87,81,4.4,1,https://race.netkeiba.com/race/speed.html?race_id=202601020306,PASS
2026-08-29,札幌,6,202601020306,01262306,12:50,6R 芝1500 ３歳未勝利 12:50,13,シンデレラカラー,8,--,牝3,55,原田和真,79,79*,未,未,56,62,79,94.4,12,https://race.netkeiba.com/race/speed.html?race_id=202601020306,PASS
2026-08-29,札幌,6,202601020306,01262306,12:50,6R 芝1500 ３歳未勝利 12:50,14,ビロングトゥミー,8,--,牝3,55,斎藤新,92,86*,未,未,80,-,86,5.7,2,https://race.netkeiba.com/race/speed.html?race_id=202601020306,PASS
2026-08-29,札幌,7,202601020307,01262307,13:20,7R 芝1200 ３歳上１勝クラス 13:20,1,ハッピーラッキー,1,--,牡3,52,★河原田菜々,91,82,91,87,70,82,87,11.7,7,https://race.netkeiba.com/race/speed.html?race_id=202601020307,PASS
2026-08-29,札幌,7,202601020307,01262307,13:20,7R 芝1200 ３歳上１勝クラス 13:20,2,プリュノワール,1,--,牝5,56,横山武史,89,84,92,未,89,81,84,11.6,6,https://race.netkeiba.com/race/speed.html?race_id=202601020307,PASS
2026-08-29,札幌,7,202601020307,01262307,13:20,7R 芝1200 ３歳上１勝クラス 13:20,3,レッドカメリア,2,--,牝6,56,古川吉洋,89,78,90,86,69,82,86,97.2,12,https://race.netkeiba.com/race/speed.html?race_id=202601020307,PASS
2026-08-29,札幌,7,202601020307,01262307,13:20,7R 芝1200 ３歳上１勝クラス 13:20,4,ニルマーネル,2,--,牝3,54,横山和生,96,84,96,78,96,80,87,8.2,4,https://race.netkeiba.com/race/speed.html?race_id=202601020307,PASS
2026-08-29,札幌,7,202601020307,01262307,13:20,7R 芝1200 ３歳上１勝クラス 13:20,5,グロリアスマーチ,3,--,牡3,56,鮫島克駿,95,84,未,79,77,92,76,8.2,3,https://race.netkeiba.com/race/speed.html?race_id=202601020307,PASS
2026-08-29,札幌,7,202601020307,01262307,13:20,7R 芝1200 ３歳上１勝クラス 13:20,6,ロードヴェルテクス,3,--,牡3,53,▲和田陽希,67,62*,67,未,67,73,67,119.3,14,https://race.netkeiba.com/race/speed.html?race_id=202601020307,PASS
2026-08-29,札幌,7,202601020307,01262307,13:20,7R 芝1200 ３歳上１勝クラス 13:20,7,ミレニアルピンク,4,--,牝3,54,斎藤新,85,72,85,80,85,73,80,15.1,10,https://race.netkeiba.com/race/speed.html?race_id=202601020307,PASS
2026-08-29,札幌,7,202601020307,01262307,13:20,7R 芝1200 ３歳上１勝クラス 13:20,8,ジーティーエスピ,4,--,牡4,58,丹内祐次,101,87,101,82,101,79,82,4.2,1,https://race.netkeiba.com/race/speed.html?race_id=202601020307,PASS
2026-08-29,札幌,7,202601020307,01262307,13:20,7R 芝1200 ３歳上１勝クラス 13:20,9,ラプランセス,5,--,牝3,54,横山琉人,88,82,88,88,84,76,88,12.4,8,https://race.netkeiba.com/race/speed.html?race_id=202601020307,PASS
2026-08-29,札幌,7,202601020307,01262307,13:20,7R 芝1200 ３歳上１勝クラス 13:20,10,ハルヒメ,5,--,牝3,51,▲小林美駒,90,76,90,83,90,80,82,13.7,9,https://race.netkeiba.com/race/speed.html?race_id=202601020307,PASS
2026-08-29,札幌,7,202601020307,01262307,13:20,7R 芝1200 ３歳上１勝クラス 13:20,11,ペガサスノース,6,--,牝4,56,落合玄太,80,-52*,91,-184,78,80,-184,90.7,11,https://race.netkeiba.com/race/speed.html?race_id=202601020307,PASS
2026-08-29,札幌,7,202601020307,01262307,13:20,7R 芝1200 ３歳上１勝クラス 13:20,12,ペイシャアーサー,6,--,牡4,55,▲遠藤汰月,77,75*,89,76,72,76,73,180.1,16,https://race.netkeiba.com/race/speed.html?race_id=202601020307,PASS
2026-08-29,札幌,7,202601020307,01262307,13:20,7R 芝1200 ３歳上１勝クラス 13:20,13,ナンナンプー,7,--,牝4,56,石川倭,95,74*,95,79,78,79,54,124.2,15,https://race.netkeiba.com/race/speed.html?race_id=202601020307,PASS
2026-08-29,札幌,7,202601020307,01262307,13:20,7R 芝1200 ３歳上１勝クラス 13:20,14,マグネシアブリック,7,--,セ4,58,北村友一,97,82,97,未,77,97,72,9.1,5,https://race.netkeiba.com/race/speed.html?race_id=202601020307,PASS
2026-08-29,札幌,7,202601020307,01262307,13:20,7R 芝1200 ３歳上１勝クラス 13:20,15,ツルノマイハシ,8,--,牝3,54,武豊,92,80,92,未,71,92,90,4.8,2,https://race.netkeiba.com/race/speed.html?race_id=202601020307,PASS
2026-08-29,札幌,7,202601020307,01262307,13:20,7R 芝1200 ３歳上１勝クラス 13:20,16,スプリングデイ,8,--,牝5,56,黛弘人,92,80*,94,94,92,80,81,105.7,13,https://race.netkeiba.com/race/speed.html?race_id=202601020307,PASS
2026-08-29,札幌,8,202601020308,01262308,13:50,8R ダ1700 ３歳上１勝クラス(無料開放レース) 13:50,1,エコロゼルダ,1,--,牝3,53,斎藤新,-,-,未,未,73,78,68,70.2,9,https://race.netkeiba.com/race/speed.html?race_id=202601020308,PASS
2026-08-29,札幌,8,202601020308,01262308,13:50,8R ダ1700 ３歳上１勝クラス(無料開放レース) 13:50,2,ガビーズメロディ,2,--,牡3,55,原田和真,64,54,64,51,59,59,51,209.1,11,https://race.netkeiba.com/race/speed.html?race_id=202601020308,PASS
2026-08-29,札幌,8,202601020308,01262308,13:50,8R ダ1700 ３歳上１勝クラス(無料開放レース) 13:50,3,ロードアルディート,3,--,牡4,58,横山和生,92,83,84,84,92,80,84,5.8,3,https://race.netkeiba.com/race/speed.html?race_id=202601020308,PASS
2026-08-29,札幌,8,202601020308,01262308,13:50,8R ダ1700 ３歳上１勝クラス(無料開放レース) 13:50,4,エタンセル,4,--,牡3,52,▲小林美駒,77,72,77,77,73,73,77,10.3,6,https://race.netkeiba.com/race/speed.html?race_id=202601020308,PASS
2026-08-29,札幌,8,202601020308,01262308,13:50,8R ダ1700 ３歳上１勝クラス(無料開放レース) 13:50,5,アチーヴァー,5,--,牡3,55,丹内祐次,87,73*,87,未,73,77,87,3.8,2,https://race.netkeiba.com/race/speed.html?race_id=202601020308,PASS
2026-08-29,札幌,8,202601020308,01262308,13:50,8R ダ1700 ３歳上１勝クラス(無料開放レース) 13:50,6,レッドフロイデ,6,--,牡3,51,★河原田菜々,84,76,82,未,84,71,82,6.8,4,https://race.netkeiba.com/race/speed.html?race_id=202601020308,PASS
2026-08-29,札幌,8,202601020308,01262308,13:50,8R ダ1700 ３歳上１勝クラス(無料開放レース) 13:50,7,グローリーバローズ,6,--,セ3,55,鮫島克駿,-,-,未,未,77,79,70,40.6,7,https://race.netkeiba.com/race/speed.html?race_id=202601020308,PASS
2026-08-29,札幌,8,202601020308,01262308,13:50,8R ダ1700 ３歳上１勝クラス(無料開放レース) 13:50,8,ピエナオルカ,7,--,牡3,55,古川吉洋,121,86,121,82,121,82,72,2.8,1,https://race.netkeiba.com/race/speed.html?race_id=202601020308,PASS
2026-08-29,札幌,8,202601020308,01262308,13:50,8R ダ1700 ３歳上１勝クラス(無料開放レース) 13:50,9,スターオブロンドン,7,--,牡3,55,小沢大仁,92,78,未,未,78,92,87,7.3,5,https://race.netkeiba.com/race/speed.html?race_id=202601020308,PASS
2026-08-29,札幌,8,202601020308,01262308,13:50,8R ダ1700 ３歳上１勝クラス(無料開放レース) 13:50,10,ルージュエピック,8,--,牝3,53,松本大輝,71,63,65,65,65,55,65,125.6,10,https://race.netkeiba.com/race/speed.html?race_id=202601020308,PASS
2026-08-29,札幌,8,202601020308,01262308,13:50,8R ダ1700 ３歳上１勝クラス(無料開放レース) 13:50,11,ノリノドラゴン,8,--,牡3,55,吉田隼人,78,72,78,67,78,68,67,57,8,https://race.netkeiba.com/race/speed.html?race_id=202601020308,PASS
2026-08-29,札幌,9,202601020309,01262309,14:20,9R 芝1800 ３歳上１勝クラス 14:20,1,ミエノストロング,1,--,牡3,55,横山和生,77,75,72,未,77,72,72,14.1,4,https://race.netkeiba.com/race/speed.html?race_id=202601020309,PASS
2026-08-29,札幌,9,202601020309,01262309,14:20,9R 芝1800 ３歳上１勝クラス 14:20,2,マイバラード,2,--,牡6,55,▲遠藤汰月,90,83,90,90,84,82,88,70.4,10,https://race.netkeiba.com/race/speed.html?race_id=202601020309,PASS
2026-08-29,札幌,9,202601020309,01262309,14:20,9R 芝1800 ３歳上１勝クラス 14:20,3,アイドクレース,3,--,牝3,53,横山武史,93,87,93,93,90,81,93,2,1,https://race.netkeiba.com/race/speed.html?race_id=202601020309,PASS
2026-08-29,札幌,9,202601020309,01262309,14:20,9R 芝1800 ３歳上１勝クラス 14:20,4,ウインイルネージュ,4,--,牝4,56,黛弘人,90,64,73,未,67,52,57,155,12,https://race.netkeiba.com/race/speed.html?race_id=202601020309,PASS
2026-08-29,札幌,9,202601020309,01262309,14:20,9R 芝1800 ３歳上１勝クラス 14:20,5,カージオイド,5,--,牡4,57,☆長浜鴻緒,87,87*,未,87,73,78,87,17.4,6,https://race.netkeiba.com/race/speed.html?race_id=202601020309,PASS
2026-08-29,札幌,9,202601020309,01262309,14:20,9R 芝1800 ３歳上１勝クラス 14:20,6,ブランドブラン,5,--,牡3,55,鮫島克駿,87,81*,87,86,70,87,86,9.8,3,https://race.netkeiba.com/race/speed.html?race_id=202601020309,PASS
2026-08-29,札幌,9,202601020309,01262309,14:20,9R 芝1800 ３歳上１勝クラス 14:20,7,グランセゾン,6,--,牝4,56,武豊,93,79,88,87,77,88,73,3,2,https://race.netkeiba.com/race/speed.html?race_id=202601020309,PASS
2026-08-29,札幌,9,202601020309,01262309,14:20,9R 芝1800 ３歳上１勝クラス 14:20,8,キタノサリスカ,6,--,牝3,50,▲和田陽希,91,82*,73,91,77,73,91,32.8,8,https://race.netkeiba.com/race/speed.html?race_id=202601020309,PASS
2026-08-29,札幌,9,202601020309,01262309,14:20,9R 芝1800 ３歳上１勝クラス 14:20,9,カイシンパジェント,7,--,牝3,53,桑村真明,83,83*,未,83,48,27,83,98.3,11,https://race.netkeiba.com/race/speed.html?race_id=202601020309,PASS
2026-08-29,札幌,9,202601020309,01262309,14:20,9R 芝1800 ３歳上１勝クラス 14:20,10,エオアリイ,7,--,牡4,58,丹内祐次,80,76,77,80,78,79,80,21.7,7,https://race.netkeiba.com/race/speed.html?race_id=202601020309,PASS
2026-08-29,札幌,9,202601020309,01262309,14:20,9R 芝1800 ３歳上１勝クラス 14:20,11,エイトスターズ,8,--,牝6,56,吉田隼人,94,87*,94,93,90,80,82,42.4,9,https://race.netkeiba.com/race/speed.html?race_id=202601020309,PASS
2026-08-29,札幌,9,202601020309,01262309,14:20,9R 芝1800 ３歳上１勝クラス 14:20,12,コスモキャバリエ,8,--,牡4,58,石川倭,96,85,96,未,85,96,75,17.3,5,https://race.netkeiba.com/race/speed.html?race_id=202601020309,PASS
2026-08-29,札幌,10,202601020310,01262310,14:50,10R 芝1200 すずらん賞 オープン 14:50,1,ルアシュエル,1,--◎◯▲△☆&#10003消,牡2,55,落合玄太,-,-,未,未,37,34,37,19.9,7,https://race.netkeiba.com/race/speed.html?race_id=202601020310,PASS
2026-08-29,札幌,10,202601020310,01262310,14:50,10R 芝1200 すずらん賞 オープン 14:50,2,ルベルグラン,2,--◎◯▲△☆&#10003消,牝2,55,桑村真明,-,-,未,未,-,40,17,35.8,9,https://race.netkeiba.com/race/speed.html?race_id=202601020310,PASS
2026-08-29,札幌,10,202601020310,01262310,14:50,10R 芝1200 すずらん賞 オープン 14:50,3,ワールドエンジェル,3,--◎◯▲△☆&#10003消,牝2,55,横山和生,67,67*,67,未,-,-,67,5.4,3,https://race.netkeiba.com/race/speed.html?race_id=202601020310,PASS
2026-08-29,札幌,10,202601020310,01262310,14:50,10R 芝1200 すずらん賞 オープン 14:50,4,スハッチェ,4,--◎◯▲△☆&#10003消,牝2,55,宮内勇樹,-,-,未,未,-,38,31,65.8,11,https://race.netkeiba.com/race/speed.html?race_id=202601020310,PASS
2026-08-29,札幌,10,202601020310,01262310,14:50,10R 芝1200 すずらん賞 オープン 14:50,5,ピンクゴールド,5,--◎◯▲△☆&#10003消,牝2,55,小野楓馬,-,-,未,未,35,19,43,87.2,12,https://race.netkeiba.com/race/speed.html?race_id=202601020310,PASS
2026-08-29,札幌,10,202601020310,01262310,14:50,10R 芝1200 すずらん賞 オープン 14:50,6,トラデスカンティア,5,--◎◯▲△☆&#10003消,牝2,55,服部茂史,-,-,未,未,2,14,39,46.5,10,https://race.netkeiba.com/race/speed.html?race_id=202601020310,PASS
2026-08-29,札幌,10,202601020310,01262310,14:50,10R 芝1200 すずらん賞 オープン 14:50,7,ピクニックマーチ,6,--◎◯▲△☆&#10003消,牝2,55,木幡初也,63,63*,63,未,-,-,63,9.7,6,https://race.netkeiba.com/race/speed.html?race_id=202601020310,PASS
2026-08-29,札幌,10,202601020310,01262310,14:50,10R 芝1200 すずらん賞 オープン 14:50,8,タイフーンナイン,6,--◎◯▲△☆&#10003消,牝2,55,斎藤新,69,63*,69,69,69,52,69,3.7,1,https://race.netkeiba.com/race/speed.html?race_id=202601020310,PASS
2026-08-29,札幌,10,202601020310,01262310,14:50,10R 芝1200 すずらん賞 オープン 14:50,9,ムーンベリル,7,--◎◯▲△☆&#10003消,牝2,55,北村友一,-,-,未,未,-,65,58,8.1,5,https://race.netkeiba.com/race/speed.html?race_id=202601020310,PASS
2026-08-29,札幌,10,202601020310,01262310,14:50,10R 芝1200 すずらん賞 オープン 14:50,10,ヌーンベルク,7,--◎◯▲△☆&#10003消,牝2,55,横山武史,80,73*,80,69,69,80,69,4.5,2,https://race.netkeiba.com/race/speed.html?race_id=202601020310,PASS
2026-08-29,札幌,10,202601020310,01262310,14:50,10R 芝1200 すずらん賞 オープン 14:50,11,ラビリンスティアラ,8,--◎◯▲△☆&#10003消,牝2,55,石川倭,-,-,未,未,35,46,43,22.3,8,https://race.netkeiba.com/race/speed.html?race_id=202601020310,PASS
2026-08-29,札幌,10,202601020310,01262310,14:50,10R 芝1200 すずらん賞 オープン 14:50,12,ウインガラハッド,8,--◎◯▲△☆&#10003消,牡2,55,丹内祐次,74,74*,74,未,-,-,74,5.7,4,https://race.netkeiba.com/race/speed.html?race_id=202601020310,PASS
2026-08-29,札幌,11,202601020311,01262311,15:25,11R 芝2000 札幌日刊スポーツ杯 2勝クラス WIN5 15:25,1,エボルヴィング,1,--,牡5,58,小沢大仁,88,83,88,83,88,86,83,18.5,7,https://race.netkeiba.com/race/speed.html?race_id=202601020311,PASS
2026-08-29,札幌,11,202601020311,01262311,15:25,11R 芝2000 札幌日刊スポーツ杯 2勝クラス WIN5 15:25,2,マイネルバーテクス,2,--,牡5,58,丹内祐次,96,82,86,86,74,94,96,33.3,12,https://race.netkeiba.com/race/speed.html?race_id=202601020311,PASS
2026-08-29,札幌,11,202601020311,01262311,15:25,11R 芝2000 札幌日刊スポーツ杯 2勝クラス WIN5 15:25,3,マイネルフォルツァ,3,--,牡6,58,横山武史,93,87,77,92,76,87,92,23.6,9,https://race.netkeiba.com/race/speed.html?race_id=202601020311,PASS
2026-08-29,札幌,11,202601020311,01262311,15:25,11R 芝2000 札幌日刊スポーツ杯 2勝クラス WIN5 15:25,4,ウィルサヴァイブ,3,--,牝4,56,横山典弘,103,83,103,87,84,76,87,10.7,5,https://race.netkeiba.com/race/speed.html?race_id=202601020311,PASS
2026-08-29,札幌,11,202601020311,01262311,15:25,11R 芝2000 札幌日刊スポーツ杯 2勝クラス WIN5 15:25,5,ハニードレス,4,--,牝4,56,古川吉洋,89,83,79,91,89,75,80,30.6,11,https://race.netkeiba.com/race/speed.html?race_id=202601020311,PASS
2026-08-29,札幌,11,202601020311,01262311,15:25,11R 芝2000 札幌日刊スポーツ杯 2勝クラス WIN5 15:25,6,アリスメティーク,4,--,牝4,56,横山和生,104,85,104,81,72,91,104,2.6,1,https://race.netkeiba.com/race/speed.html?race_id=202601020311,PASS
2026-08-29,札幌,11,202601020311,01262311,15:25,11R 芝2000 札幌日刊スポーツ杯 2勝クラス WIN5 15:25,7,メイショウアイル,5,--,牡4,58,武豊,108,96,97,82,108,97,82,5.3,2,https://race.netkeiba.com/race/speed.html?race_id=202601020311,PASS
2026-08-29,札幌,11,202601020311,01262311,15:25,11R 芝2000 札幌日刊スポーツ杯 2勝クラス WIN5 15:25,8,レジェンドシップ,5,--,セ6,58,浜中俊,102,89,88,83,102,97,83,6.8,3,https://race.netkeiba.com/race/speed.html?race_id=202601020311,PASS
2026-08-29,札幌,11,202601020311,01262311,15:25,11R 芝2000 札幌日刊スポーツ杯 2勝クラス WIN5 15:25,9,ナグルファル,6,--,セ4,58,落合玄太,87,80*,90,70,87,85,84,59.8,13,https://race.netkeiba.com/race/speed.html?race_id=202601020311,PASS
2026-08-29,札幌,11,202601020311,01262311,15:25,11R 芝2000 札幌日刊スポーツ杯 2勝クラス WIN5 15:25,10,ドッビアーコ,6,--,セ5,58,和田陽希,87,82*,78,87,78,80,87,121.2,14,https://race.netkeiba.com/race/speed.html?race_id=202601020311,PASS
2026-08-29,札幌,11,202601020311,01262311,15:25,11R 芝2000 札幌日刊スポーツ杯 2勝クラス WIN5 15:25,11,フォルテフィオーレ,7,--,牡5,58,鮫島克駿,97,80,95,91,91,83,72,29.5,10,https://race.netkeiba.com/race/speed.html?race_id=202601020311,PASS
2026-08-29,札幌,11,202601020311,01262311,15:25,11R 芝2000 札幌日刊スポーツ杯 2勝クラス WIN5 15:25,12,バルティカ,7,--,牡4,58,北村友一,93,75,93,86,85,80,86,13.1,6,https://race.netkeiba.com/race/speed.html?race_id=202601020311,PASS
2026-08-29,札幌,11,202601020311,01262311,15:25,11R 芝2000 札幌日刊スポーツ杯 2勝クラス WIN5 15:25,13,コリカンチャ,8,--,セ4,58,斎藤新,101,87,101,未,92,80,101,21.3,8,https://race.netkeiba.com/race/speed.html?race_id=202601020311,PASS
2026-08-29,札幌,11,202601020311,01262311,15:25,11R 芝2000 札幌日刊スポーツ杯 2勝クラス WIN5 15:25,14,バースライト,8,--,牡4,58,吉田隼人,90,86*,85,80,90,87,80,9.8,4,https://race.netkeiba.com/race/speed.html?race_id=202601020311,PASS
2026-08-29,札幌,12,202601020312,01262312,16:00,12R ダ1700 千歳特別 2勝クラス 16:00,1,エンプレスフレーム,1,--,牝4,56,原田和真,84,71,90,90,82,83,74,78.1,9,https://race.netkeiba.com/race/speed.html?race_id=202601020312,PASS
2026-08-29,札幌,12,202601020312,01262312,16:00,12R ダ1700 千歳特別 2勝クラス 16:00,2,ルージュマローネ,2,--,牝4,56,鮫島克駿,90,70,90,73,67,83,42,68.4,8,https://race.netkeiba.com/race/speed.html?race_id=202601020312,PASS
2026-08-29,札幌,12,202601020312,01262312,16:00,12R ダ1700 千歳特別 2勝クラス 16:00,3,ディアウス,3,--,牡4,58,横山武史,103,89,103,87,78,99,84,6.7,3,https://race.netkeiba.com/race/speed.html?race_id=202601020312,PASS
2026-08-29,札幌,12,202601020312,01262312,16:00,12R ダ1700 千歳特別 2勝クラス 16:00,4,アラナコア,4,--,牡5,58,吉田隼人,109,97*,109,未,93,100,86,9.1,5,https://race.netkeiba.com/race/speed.html?race_id=202601020312,PASS
2026-08-29,札幌,12,202601020312,01262312,16:00,12R ダ1700 千歳特別 2勝クラス 16:00,5,ホレーショ,5,--,牡5,58,丹内祐次,101,91,85,未,85,87,90,14,6,https://race.netkeiba.com/race/speed.html?race_id=202601020312,PASS
2026-08-29,札幌,12,202601020312,01262312,16:00,12R ダ1700 千歳特別 2勝クラス 16:00,6,レディゴディヴァ,5,--,牝4,56,石川倭,91,71,91,83,54,76,68,281.6,12,https://race.netkeiba.com/race/speed.html?race_id=202601020312,PASS
2026-08-29,札幌,12,202601020312,01262312,16:00,12R ダ1700 千歳特別 2勝クラス 16:00,7,リメンバーヒム,6,--,牡4,58,小沢大仁,95,86,86,86,82,86,83,44.3,7,https://race.netkeiba.com/race/speed.html?race_id=202601020312,PASS
2026-08-29,札幌,12,202601020312,01262312,16:00,12R ダ1700 千歳特別 2勝クラス 16:00,8,ヤコブセン,6,--,牡4,58,横山琉人,86,86*,86,未,88,85,86,188.7,11,https://race.netkeiba.com/race/speed.html?race_id=202601020312,PASS
2026-08-29,札幌,12,202601020312,01262312,16:00,12R ダ1700 千歳特別 2勝クラス 16:00,9,マーゴットサンズ,7,--,牝3,53,武豊,95,87,95,95,92,95,83,7.6,4,https://race.netkeiba.com/race/speed.html?race_id=202601020312,PASS
2026-08-29,札幌,12,202601020312,01262312,16:00,12R ダ1700 千歳特別 2勝クラス 16:00,10,オンザムービー,7,--,牡3,55,横山和生,103,102*,103,103,76,100,103,2.3,1,https://race.netkeiba.com/race/speed.html?race_id=202601020312,PASS
2026-08-29,札幌,12,202601020312,01262312,16:00,12R ダ1700 千歳特別 2勝クラス 16:00,11,タガノエルー,8,--,牡3,55,古川吉洋,114,95,105,87,87,105,87,3.5,2,https://race.netkeiba.com/race/speed.html?race_id=202601020312,PASS
2026-08-29,札幌,12,202601020312,01262312,16:00,12R ダ1700 千歳特別 2勝クラス 16:00,12,シャンハイナイト,8,--,牝4,56,河原田菜々,86,72,未,未,61,86,63,159.7,10,https://race.netkeiba.com/race/speed.html?race_id=202601020312,PASS
