調教師,単回_5年,複回_5年,n_5年,単回_当年,複回_当年,n_当年,出所,asof
井上智史,93.0,102.0,151.0,,,,実:db-keiba/entity,20260802
宮地貴稔,94.0,95.0,253.0,,,,実:db-keiba/entity,20260802
佐藤悠太,103.0,95.0,207.0,,,,実:db-keiba/entity,20260802
千田輝彦,89.0,93.0,1308.0,,,,実:db-keiba/entity,20260802
森一誠,94.0,90.0,302.0,,,,実:db-keiba/entity,20260802
森秀行,94.0,90.0,1436.0,,,,実:db-keiba/entity,20260802
和田正一郎,79.0,89.0,1015.0,,,,実:db-keiba/entity,20260802
稲垣幸雄,89.0,89.0,980.0,,,,実:db-keiba/entity,20260802
大橋勇樹,90.0,89.0,1451.0,,,,実:db-keiba/entity,20260802
田中勝春,62.0,89.0,128.0,,,,実:db-keiba/entity,20260802
上原佑紀,85.0,89.0,635.0,,,,実:db-keiba/entity,20260802
宮本博,80.0,88.0,1199.0,,,,実:db-keiba/entity,20260802
河崋宏樹,71.0,88.0,505.0,,,,実:db-keiba/entity,20260802
中村直也,81.0,88.0,964.0,,,,実:db-keiba/entity,20260802
中竹和也,83.0,88.0,1616.0,,,,実:db-keiba/entity,20260802
小島茂之,99.0,88.0,1142.0,,,,実:db-keiba/entity,20260802
千葉直人,80.0,88.0,397.0,,,,実:db-keiba/entity,20260802
田中克典,101.0,88.0,1066.0,,,,実:db-keiba/entity,20260802
辺野泰之,89.0,88.0,1001.0,,,,実:db-keiba/entity,20260802
鈴木慎太郎,91.0,88.0,1076.0,,,,実:db-keiba/entity,20260802
小林真也,97.0,88.0,1059.0,,,,実:db-keiba/entity,20260802
上村洋行,97.0,88.0,1142.0,,,,実:db-keiba/entity,20260802
四位洋文,85.0,88.0,1054.0,,,,実:db-keiba/entity,20260802
吉岡辰弥,92.0,88.0,1192.0,,,,実:db-keiba/entity,20260802
田中剛,80.0,88.0,935.0,,,,実:db-keiba/entity,20260802
堀宣行,89.0,87.0,1131.0,,,,実:db-keiba/entity,20260802
大根田裕之,94.0,87.0,1040.0,,,,実:db-keiba/entity,20260802
武幸四郎,83.0,87.0,1313.0,,,,実:db-keiba/entity,20260802
池上昌和,81.0,87.0,1101.0,,,,実:db-keiba/entity,20260802
北出成人,75.0,87.0,1490.0,,,,実:db-keiba/entity,20260802
武英智,79.0,87.0,1637.0,,,,実:db-keiba/entity,20260802
石坂公一,87.0,86.0,1261.0,,,,実:db-keiba/entity,20260802
庄野靖志,76.0,86.0,1240.0,,,,実:db-keiba/entity,20260802
杉山晴紀,90.0,86.0,1856.0,,,,実:db-keiba/entity,20260802
西園翔太,85.0,86.0,678.0,,,,実:db-keiba/entity,20260802
高木登,94.0,86.0,1391.0,,,,実:db-keiba/entity,20260802
鹿戸雄一,84.0,86.0,1447.0,,,,実:db-keiba/entity,20260802
岡田稲男,91.0,86.0,1239.0,,,,実:db-keiba/entity,20260802
牧浦充徳,98.0,86.0,1249.0,,,,実:db-keiba/entity,20260802
佐々木晶三,94.0,86.0,1068.0,,,,実:db-keiba/entity,20260802
高柳大輔,82.0,86.0,1210.0,,,,実:db-keiba/entity,20260802
小栗実,93.0,85.0,679.0,,,,実:db-keiba/entity,20260802
木村哲也,81.0,85.0,951.0,,,,実:db-keiba/entity,20260802
長谷川浩大,82.0,85.0,1272.0,,,,実:db-keiba/entity,20260802
浜田多実雄,91.0,85.0,1266.0,,,,実:db-keiba/entity,20260802
小野次郎,92.0,85.0,1091.0,,,,実:db-keiba/entity,20260802
大和田成,69.0,85.0,1179.0,,,,実:db-keiba/entity,20260802
武井亮,74.0,85.0,1361.0,,,,実:db-keiba/entity,20260802
黒岩陽一,102.0,85.0,1038.0,,,,実:db-keiba/entity,20260802
吉田直弘,76.0,85.0,1179.0,,,,実:db-keiba/entity,20260802
武藤善則,82.0,85.0,1372.0,,,,実:db-keiba/entity,20260802
奥村豊,78.0,84.0,1434.0,,,,実:db-keiba/entity,20260802
谷潔,58.0,84.0,1137.0,,,,実:db-keiba/entity,20260802
竹内正洋,85.0,84.0,1211.0,,,,実:db-keiba/entity,20260802
松永幸夫,83.0,84.0,1620.0,,,,実:db-keiba/entity,20260802
加藤士津八,82.0,84.0,1299.0,,,,実:db-keiba/entity,20260802
嘉藤貴行,84.0,84.0,757.0,,,,実:db-keiba/entity,20260802
斉藤崇史,89.0,84.0,1423.0,,,,実:db-keiba/entity,20260802
青木孝文,74.0,84.0,1385.0,,,,実:db-keiba/entity,20260802
宮徹,65.0,84.0,1317.0,,,,実:db-keiba/entity,20260802
池添学,82.0,84.0,1290.0,,,,実:db-keiba/entity,20260802
杉山佳明,81.0,84.0,1460.0,,,,実:db-keiba/entity,20260802
扉塚貴久,70.0,84.0,1636.0,,,,実:db-keiba/entity,20260802
福永祐一,75.0,84.0,383.0,,,,実:db-keiba/entity,20260802
吉村圭司,86.0,84.0,1331.0,,,,実:db-keiba/entity,20260802
高野友和,81.0,83.0,1318.0,,,,実:db-keiba/entity,20260802
友道康夫,76.0,83.0,1471.0,,,,実:db-keiba/entity,20260802
荒川義之,76.0,83.0,1411.0,,,,実:db-keiba/entity,20260802
須貝尚介,84.0,83.0,1562.0,,,,実:db-keiba/entity,20260802
畠山吉宏,79.0,83.0,1261.0,,,,実:db-keiba/entity,20260802
辻哲英,90.0,83.0,898.0,,,,実:db-keiba/entity,20260802
藤野健太,81.0,83.0,407.0,,,,実:db-keiba/entity,20260802
中尾秀正,78.0,83.0,1199.0,,,,実:db-keiba/entity,20260802
斎藤誠,82.0,83.0,1930.0,,,,実:db-keiba/entity,20260802
高橋亮,77.0,83.0,1239.0,,,,実:db-keiba/entity,20260802
池江泰寿,73.0,82.0,1538.0,,,,実:db-keiba/entity,20260802
田島俊明,83.0,82.0,1340.0,,,,実:db-keiba/entity,20260802
田中博康,77.0,82.0,1075.0,,,,実:db-keiba/entity,20260802
和田勇介,85.0,82.0,1169.0,,,,実:db-keiba/entity,20260802
前川恭子,66.0,82.0,224.0,,,,実:db-keiba/entity,20260802
深山雅史,76.0,82.0,1224.0,,,,実:db-keiba/entity,20260802
蛯名正義,77.0,82.0,683.0,,,,実:db-keiba/entity,20260802
上原博之,70.0,82.0,1084.0,,,,実:db-keiba/entity,20260802
昆貢,74.0,81.0,985.0,,,,実:db-keiba/entity,20260802
水野貴広,75.0,81.0,1384.0,,,,実:db-keiba/entity,20260802
宮田敬介,74.0,81.0,1004.0,,,,実:db-keiba/entity,20260802
畑端省吾,66.0,81.0,948.0,,,,実:db-keiba/entity,20260802
藤岡健一,83.0,81.0,1366.0,,,,実:db-keiba/entity,20260802
平田修,81.0,81.0,1299.0,,,,実:db-keiba/entity,20260802
牧光二,77.0,80.0,1615.0,,,,実:db-keiba/entity,20260802
笹田和秀,76.0,80.0,1074.0,,,,実:db-keiba/entity,20260802
奥平雅士,66.0,80.0,1102.0,,,,実:db-keiba/entity,20260802
渡辺薫彦,70.0,80.0,1335.0,,,,実:db-keiba/entity,20260802
大竹正博,80.0,80.0,1258.0,,,,実:db-keiba/entity,20260802
野中賢二,77.0,80.0,1122.0,,,,実:db-keiba/entity,20260802
清水久詞,76.0,80.0,2263.0,,,,実:db-keiba/entity,20260802
石橋守,89.0,80.0,1236.0,,,,実:db-keiba/entity,20260802
矢作芳人,82.0,80.0,2492.0,,,,実:db-keiba/entity,20260802
菊沢隆徳,86.0,80.0,1209.0,,,,実:db-keiba/entity,20260802
松永康利,54.0,79.0,1068.0,,,,実:db-keiba/entity,20260802
東田明士,109.0,79.0,217.0,,,,実:db-keiba/entity,20260802
伊藤圭三,72.0,79.0,1639.0,,,,実:db-keiba/entity,20260802
西田雄一郎,67.0,79.0,857.0,,,,実:db-keiba/entity,20260802
古賀慎明,76.0,79.0,1073.0,,,,実:db-keiba/entity,20260802
寺島哲,75.0,79.0,1682.0,,,,実:db-keiba/entity,20260802
茶木太樹,73.0,79.0,1139.0,,,,実:db-keiba/entity,20260802
松下武士,84.0,79.0,1370.0,,,,実:db-keiba/entity,20260802
金成貴史,75.0,78.0,1295.0,,,,実:db-keiba/entity,20260802
萱野浩二,80.0,78.0,1188.0,,,,実:db-keiba/entity,20260802
新開幸一,90.0,78.0,967.0,,,,実:db-keiba/entity,20260802
菊川正達,78.0,78.0,1236.0,,,,実:db-keiba/entity,20260802
森田直行,72.0,78.0,1219.0,,,,実:db-keiba/entity,20260802
加藤征弘,84.0,78.0,1334.0,,,,実:db-keiba/entity,20260802
橋口慎介,75.0,78.0,1294.0,,,,実:db-keiba/entity,20260802
小手川準,58.0,78.0,1312.0,,,,実:db-keiba/entity,20260802
高橋文雅,54.0,78.0,1018.0,,,,実:db-keiba/entity,20260802
緒方努,68.0,78.0,652.0,,,,実:db-keiba/entity,20260802
今野貞一,94.0,78.0,1201.0,,,,実:db-keiba/entity,20260802
栗田徹,66.0,78.0,1473.0,,,,実:db-keiba/entity,20260802
坂口智康,71.0,78.0,1108.0,,,,実:db-keiba/entity,20260802
中舘英二,77.0,78.0,1277.0,,,,実:db-keiba/entity,20260802
秋山真一郎,107.0,78.0,194.0,,,,実:db-keiba/entity,20260802
奥村武,94.0,78.0,1087.0,,,,実:db-keiba/entity,20260802
高柳瑞樹,72.0,77.0,1056.0,,,,実:db-keiba/entity,20260802
戸田博文,54.0,77.0,1175.0,,,,実:db-keiba/entity,20260802
羽月友彦,68.0,77.0,1253.0,,,,実:db-keiba/entity,20260802
高橋義忠,77.0,77.0,1212.0,,,,実:db-keiba/entity,20260802
小崎憲,80.0,76.0,1225.0,,,,実:db-keiba/entity,20260802
新谷功一,77.0,76.0,1311.0,,,,実:db-keiba/entity,20260802
西村真幸,65.0,76.0,1495.0,,,,実:db-keiba/entity,20260802
飯田祐史,66.0,76.0,1120.0,,,,実:db-keiba/entity,20260802
鈴木伸尋,67.0,76.0,1200.0,,,,実:db-keiba/entity,20260802
岩戸孝樹,67.0,76.0,1262.0,,,,実:db-keiba/entity,20260802
鈴木孝志,79.0,76.0,1220.0,,,,実:db-keiba/entity,20260802
矢嶋大樹,61.0,75.0,401.0,,,,実:db-keiba/entity,20260802
高橋康之,85.0,75.0,1325.0,,,,実:db-keiba/entity,20260802
牧田和弥,80.0,75.0,1320.0,,,,実:db-keiba/entity,20260802
安達昭夫,80.0,75.0,997.0,,,,実:db-keiba/entity,20260802
武市康男,76.0,75.0,1413.0,,,,実:db-keiba/entity,20260802
尾形和幸,82.0,74.0,1174.0,,,,実:db-keiba/entity,20260802
加藤公太,85.0,74.0,157.0,,,,実:db-keiba/entity,20260802
伊藤大士,61.0,74.0,1425.0,,,,実:db-keiba/entity,20260802
高橋一哉,70.0,74.0,422.0,,,,実:db-keiba/entity,20260802
柄崎将寿,94.0,73.0,102.0,,,,実:db-keiba/entity,20260802
小椋研介,69.0,73.0,420.0,,,,実:db-keiba/entity,20260802
堀内岳志,55.0,73.0,878.0,,,,実:db-keiba/entity,20260802
和田雄二,54.0,73.0,1192.0,,,,実:db-keiba/entity,20260802
本間忍,64.0,73.0,1051.0,,,,実:db-keiba/entity,20260802
粕谷昌央,57.0,73.0,1038.0,,,,実:db-keiba/entity,20260802
尾関知人,68.0,72.0,1231.0,,,,実:db-keiba/entity,20260802
伊坂重信,75.0,72.0,1099.0,,,,実:db-keiba/entity,20260802
相沢郁,74.0,72.0,1354.0,,,,実:db-keiba/entity,20260802
梅田智之,79.0,72.0,1329.0,,,,実:db-keiba/entity,20260802
佐藤吉勝,65.0,71.0,1046.0,,,,実:db-keiba/entity,20260802
伊藤伸一,80.0,69.0,994.0,,,,実:db-keiba/entity,20260802
蛯名利弘,67.0,68.0,1115.0,,,,実:db-keiba/entity,20260802
村田一誠,53.0,68.0,822.0,,,,実:db-keiba/entity,20260802
加藤和宏,49.0,64.0,1051.0,,,,実:db-keiba/entity,20260802
勢司和浩,64.0,64.0,939.0,,,,実:db-keiba/entity,20260802
天間昭一,50.0,62.0,1053.0,,,,実:db-keiba/entity,20260802
浅利英明,72.0,56.0,108.0,,,,実:db-keiba/entity,20260802
室井潔,0.0,0.0,0.0,,,,実:db-keiba/entity,20260802
柴田卓,0.0,0.0,0.0,,,,実:db-keiba/entity,20260802
