target_date,ba,r,race_id,uma,name,scratched,jk_course_n,jk_course_win,jk_course_ren,jk_course_fuku,IDM,st_idx,chokyo_idx,shiage,total,jockey,jockey_kubun,jockey_join,jockey_book_key,jockey_shinbun_name,jockey_name_check,jockey_mark_raw,jockey_mark_usable,jockey_master_conflict,flags_raw,flags_usable,nflag_raw,nflag_usable
2026-09-05,中山,2,202606040102,1,ティアップシャイン,0,89.0,4.0,6.0,15.0,22.0,25.0,28.0,28.0,-35.0,丸田,素材一致,完全一致,丸田,丸田恭介,一致,○,○,,,,0,0
2026-09-05,中山,2,202606040102,2,バンオンタイム,0,2.0,50.0,100.0,100.0,42.0,45.0,44.0,44.0,1.0,レーン,素材一致,完全一致,レーン,Ｄ．レーン,一致,◎◎,◎◎,,運勢,運勢,1,1
2026-09-05,中山,2,202606040102,3,フクオトコ,0,84.0,7.0,10.0,13.0,39.0,42.0,43.0,43.0,-3.0,杉原,素材一致,前方一致(杉原誠人),杉原誠人,杉原誠人,一致,◎◎,◎◎,,穴帯・調教・運勢,穴帯・調教・運勢,3,3
2026-09-05,中山,2,202606040102,4,マーガレット,0,20.0,10.0,15.0,20.0,21.0,24.0,43.0,43.0,-21.0,武豊,素材一致,完全一致,武豊,武豊,一致,×,×,,穴帯,穴帯,1,1
2026-09-05,中山,2,202606040102,5,シュガーシャック,0,90.0,3.0,11.0,16.0,35.0,38.0,43.0,43.0,-7.0,内田博,素材一致,完全一致,内田博,内田博幸,一致,◎,◎,,調教・運勢,調教・運勢,2,2
2026-09-05,中山,2,202606040102,6,ラグアイリータ,0,159.0,9.0,23.0,31.0,42.0,45.0,43.0,43.0,0.0,津村,素材一致,完全一致,津村,津村明秀,一致,○,○,,次走・穴帯,次走・穴帯,2,2
2026-09-05,中山,2,202606040102,7,ミスティユニバンス,0,144.0,5.0,18.0,28.0,32.0,35.0,40.0,40.0,-13.0,三浦,素材一致,完全一致,三浦,三浦皇成,一致,○,○,,穴帯,穴帯,1,1
2026-09-05,中山,2,202606040102,8,ココナッツコースト,0,129.0,22.0,35.0,47.0,43.0,46.0,48.0,48.0,6.0,ルメー,素材一致,前方一致(ルメール),ルメール,Ｃ．ルメール,一致,×,×,,調教,調教,1,1
2026-09-05,中山,2,202606040102,9,コスモシグルン,0,96.0,0.0,3.0,8.0,33.0,36.0,43.0,43.0,-9.0,柴田大,素材一致,完全一致,柴田大,柴田大知,一致,○,○,,調教,調教,1,1
2026-09-05,中山,2,202606040102,10,マイネルヴェーゼン,0,174.0,17.0,28.0,39.0,36.0,39.0,43.0,43.0,-6.0,横山武,素材一致,完全一致,横山武,横山武史,一致,○,○,,次走・穴帯,次走・穴帯,2,2
2026-09-05,中山,2,202606040102,11,ダノンドナウ,0,73.0,4.0,11.0,15.0,40.0,43.0,44.0,44.0,-1.0,菊沢,素材一致,完全一致,菊沢,菊沢一樹,一致,×,×,,,,0,0
2026-09-05,中山,2,202606040102,12,ブルームコード,0,188.0,15.0,30.0,40.0,44.0,47.0,45.0,45.0,4.0,戸崎圭,素材一致,逆前方一致(戸崎),戸崎,戸崎圭太,一致,◎◎,◎◎,,運勢,運勢,1,1
2026-09-05,中山,2,202606040102,13,フーディエラン,0,53.0,2.0,4.0,13.0,40.0,43.0,43.0,43.0,-2.0,江田照,素材一致,完全一致,江田照,江田照男,一致,○,○,,穴帯・調教,穴帯・調教,2,2
2026-09-05,中山,2,202606040102,14,ヘクトルテソーロ,0,101.0,4.0,7.0,10.0,45.0,48.0,49.0,49.0,9.0,木幡巧,素材一致,完全一致,木幡巧,木幡巧也,一致,◎,◎,,次走・運勢,次走・運勢,2,2
2026-09-05,中山,2,202606040102,15,ルージュフローラ,0,23.0,0.0,0.0,9.0,37.0,40.0,43.0,43.0,-5.0,石神道,素材一致,略記一致(石神深道),石神深道,石神深道,一致,○,○,,,,0,0
2026-09-05,中山,2,202606040102,16,セルリア,0,5.0,0.0,0.0,0.0,43.0,46.0,44.0,44.0,2.0,今村,マスタ競合,前方一致(今村聖奈),今村聖奈,今村聖奈,一致,△,,[要確認]_7/4マスタ=木星－（現週表=水星－）,次走,次走,1,1
2026-09-05,中山,3,202606040103,1,ブロンクス,0,68.0,3.0,6.0,15.0,13.0,16.0,37.0,37.0,-21.0,石神道,素材一致,略記一致(石神深道),石神深道,石神深道,一致,○,○,,穴帯,穴帯,1,1
2026-09-05,中山,3,202606040103,2,パルセノスミハ,0,322.0,5.0,10.0,16.0,26.0,29.0,37.0,37.0,-8.0,内田博,素材一致,完全一致,内田博,内田博幸,一致,◎,◎,,次走・運勢,次走・運勢,2,2
2026-09-05,中山,3,202606040103,3,サスケソルトバーン,0,63.0,0.0,2.0,3.0,10.0,13.0,33.0,33.0,-28.0,佐藤,素材一致,完全一致,佐藤,佐藤翔馬,一致,×,×,,穴帯,穴帯,1,1
2026-09-05,中山,3,202606040103,4,マイセイバー,0,53.0,0.0,6.0,9.0,17.0,20.0,36.0,36.0,-18.0,嶋田,素材一致,完全一致,嶋田,嶋田純次,一致,×,×,,,,0,0
2026-09-05,中山,3,202606040103,5,ハイビスカス,0,305.0,5.0,11.0,16.0,12.0,15.0,37.0,37.0,-22.0,大野,素材一致,前方一致(大野拓),大野拓,大野拓弥,一致,◎◎,◎◎,,運勢,運勢,1,1
2026-09-05,中山,3,202606040103,6,チョトツモウシン,0,17.0,0.0,6.0,6.0,10.0,13.0,30.0,30.0,-31.0,菅原隆,未結合,[不足]_対応表に無い,,菅原隆一,,,,,穴帯,穴帯,1,1
2026-09-05,中山,3,202606040103,7,ニシノアナベル,0,202.0,2.0,8.0,14.0,24.0,27.0,37.0,37.0,-10.0,野中,素材一致,完全一致,野中,野中悠太郎,一致,○,○,,,,0,0
2026-09-05,中山,3,202606040103,8,ワンコール,0,193.0,5.0,13.0,19.0,10.0,13.0,36.0,36.0,-25.0,石橋脩,素材一致,完全一致,石橋脩,石橋脩,一致,○,○,,調教,調教,1,1
2026-09-05,中山,3,202606040103,9,ユイノキャッツアイ,0,91.0,3.0,7.0,12.0,26.0,29.0,40.0,40.0,-5.0,木幡初,別ソース参照候補,[不足]_対応表に無い,,木幡初也,,,,,調教,調教,1,1
2026-09-05,中山,3,202606040103,10,サンプラザマツモト,0,178.0,3.0,6.0,12.0,11.0,14.0,26.0,26.0,-34.0,江田照,素材一致,完全一致,江田照,江田照男,一致,○,○,,穴帯,穴帯,1,1
2026-09-05,中山,4,202606040104,1,コスモプルー,0,95.0,9.0,19.0,28.0,38.0,41.0,41.0,41.0,6.0,津村,素材一致,完全一致,津村,津村明秀,一致,○,○,,MB・次走,MB・次走,2,2
2026-09-05,中山,4,202606040104,2,ティアラスピリット,0,31.0,3.0,3.0,6.0,29.0,32.0,37.0,37.0,-7.0,菊沢,素材一致,完全一致,菊沢,菊沢一樹,一致,×,×,,,,0,0
2026-09-05,中山,4,202606040104,3,キョウエイシャトル,0,57.0,4.0,5.0,7.0,23.0,26.0,33.0,33.0,-17.0,原,素材一致,完全一致,原,原優介,一致,○,○,,穴帯,穴帯,1,1
2026-09-05,中山,4,202606040104,4,ビップルーチェ,0,6.0,0.0,0.0,0.0,14.0,17.0,37.0,37.0,-22.0,上里,素材一致,完全一致,上里,上里直汰,一致,×,×,,穴帯,穴帯,1,1
2026-09-05,中山,4,202606040104,5,コウサイリクリ,0,74.0,4.0,12.0,15.0,32.0,35.0,41.0,41.0,0.0,柴田大,素材一致,完全一致,柴田大,柴田大知,一致,○,○,,次走・調教,次走・調教,2,2
2026-09-05,中山,4,202606040104,6,ロジグローリー,0,22.0,5.0,9.0,14.0,26.0,29.0,35.0,35.0,-12.0,丸山,素材一致,完全一致,丸山,丸山元気,一致,○,○,,,,0,0
2026-09-05,中山,4,202606040104,7,ゴーゼンチュー,0,8.0,0.0,0.0,0.0,10.0,13.0,33.0,33.0,-30.0,佐藤,素材一致,完全一致,佐藤,佐藤翔馬,一致,×,×,,穴帯,穴帯,1,1
2026-09-05,中山,4,202606040104,8,ソウカイウォーリア,0,118.0,19.0,25.0,34.0,31.0,34.0,38.0,38.0,-4.0,戸崎圭,素材一致,逆前方一致(戸崎),戸崎,戸崎圭太,一致,◎◎,◎◎,,MB・運勢,MB・運勢,2,2
2026-09-05,中山,4,202606040104,9,アルスラーン,0,2.0,0.0,0.0,0.0,10.0,13.0,37.0,37.0,-26.0,小崎,素材一致,完全一致,小崎,小崎綾也,一致,○,○,,穴帯,穴帯,1,1
2026-09-05,中山,4,202606040104,10,グルドロッティン,0,64.0,23.0,44.0,59.0,32.0,35.0,38.0,38.0,-3.0,ルメー,素材一致,前方一致(ルメール),ルメール,Ｃ．ルメール,一致,×,×,,調教,調教,1,1
2026-09-05,中山,4,202606040104,11,マイネルクロカータ,0,9.0,0.0,0.0,11.0,15.0,18.0,29.0,29.0,-29.0,石神道,素材一致,略記一致(石神深道),石神深道,石神深道,一致,○,○,,穴帯,穴帯,1,1
2026-09-05,中山,5,202606040105,1,マイネルシードル,0,18.0,0.0,11.0,11.0,20.0,23.0,36.0,36.0,-15.0,石神道,素材一致,略記一致(石神深道),石神深道,石神深道,一致,○,○,,穴帯,穴帯,1,1
2026-09-05,中山,5,202606040105,2,グランエール,0,24.0,8.0,17.0,29.0,42.0,45.0,37.0,37.0,8.0,武豊,素材一致,完全一致,武豊,武豊,一致,×,×,,,,0,0
2026-09-05,中山,5,202606040105,3,ルフトシュピール,0,131.0,11.0,21.0,27.0,36.0,39.0,42.0,42.0,7.0,津村,素材一致,完全一致,津村,津村明秀,一致,○,○,,,,0,0
2026-09-05,中山,5,202606040105,4,マイネルヘルリッヒ,0,114.0,2.0,5.0,8.0,20.0,23.0,36.0,36.0,-15.0,柴田大,素材一致,完全一致,柴田大,柴田大知,一致,○,○,,穴帯,穴帯,1,1
2026-09-05,中山,5,202606040105,5,ローザドーロ,0,6.0,33.0,33.0,33.0,39.0,42.0,37.0,37.0,5.0,レーン,素材一致,完全一致,レーン,Ｄ．レーン,一致,◎◎,◎◎,,調教・運勢,調教・運勢,2,2
2026-09-05,中山,5,202606040105,6,ヴェトロテンペスタ,0,106.0,24.0,39.0,55.0,38.0,41.0,38.0,38.0,5.0,ルメー,素材一致,前方一致(ルメール),ルメール,Ｃ．ルメール,一致,×,×,,,,0,0
2026-09-05,中山,5,202606040105,7,ホットリップス,0,73.0,3.0,7.0,12.0,27.0,30.0,36.0,36.0,-8.0,原,素材一致,完全一致,原,原優介,一致,○,○,,穴帯,穴帯,1,1
2026-09-05,中山,5,202606040105,8,インヴィディア,0,84.0,5.0,14.0,18.0,41.0,44.0,41.0,41.0,11.0,石橋脩,素材一致,完全一致,石橋脩,石橋脩,一致,○,○,,,,0,0
2026-09-05,中山,5,202606040105,9,エーアイラピド,0,36.0,0.0,3.0,11.0,27.0,30.0,36.0,36.0,-8.0,丸山,素材一致,完全一致,丸山,丸山元気,一致,○,○,,MB・穴帯,MB・穴帯,2,2
2026-09-05,中山,5,202606040105,10,カエンフォース,0,120.0,7.0,15.0,27.0,20.0,23.0,36.0,36.0,-15.0,三浦,素材一致,完全一致,三浦,三浦皇成,一致,○,○,,,,0,0
2026-09-05,中山,5,202606040105,11,スカイミラー,0,93.0,1.0,4.0,8.0,21.0,24.0,36.0,36.0,-14.0,木幡巧,素材一致,完全一致,木幡巧,木幡巧也,一致,◎,◎,,穴帯・調教・運勢,穴帯・調教・運勢,3,3
2026-09-05,中山,6,202606040106,1,アルビオンライズ,0,,,,,34.0,37.0,40.0,40.0,9.0,ミシェ,未結合,[不足]_対応表に無い,,Ｍ．ミシェル,,,,,調教,調教,1,1
2026-09-05,中山,6,202606040106,2,ウマッター,0,72.0,1.0,1.0,6.0,10.0,13.0,30.0,30.0,-25.0,水沼,素材一致,完全一致,水沼,水沼元輝,一致,○,○,,,,0,0
2026-09-05,中山,6,202606040106,3,ダイチマイスター,0,101.0,3.0,6.0,11.0,10.0,13.0,33.0,33.0,-22.0,小林凌,素材一致,完全一致,小林凌,小林凌大,一致,△,△,,穴帯,穴帯,1,1
2026-09-05,中山,6,202606040106,4,マリノフスキー,0,182.0,3.0,5.0,12.0,10.0,13.0,26.0,26.0,-29.0,丸田,素材一致,完全一致,丸田,丸田恭介,一致,○,○,,,,0,0
2026-09-05,中山,6,202606040106,5,ギムナシオン,0,288.0,19.0,30.0,43.0,28.0,31.0,34.0,34.0,-3.0,横山武,素材一致,完全一致,横山武,横山武史,一致,○,○,,,,0,0
2026-09-05,中山,6,202606040106,6,ノアヴェルテ,0,175.0,3.0,6.0,11.0,14.0,17.0,33.0,33.0,-18.0,杉原,素材一致,前方一致(杉原誠人),杉原誠人,杉原誠人,一致,◎◎,◎◎,,穴帯・運勢,穴帯・運勢,2,2
2026-09-05,中山,6,202606040106,7,ヤマニンスペッキオ,0,193.0,3.0,7.0,11.0,11.0,14.0,32.0,32.0,-22.0,江田照,素材一致,完全一致,江田照,江田照男,一致,○,○,,,,0,0
2026-09-05,中山,6,202606040106,8,オーディンスピア,0,242.0,5.0,12.0,23.0,10.0,13.0,26.0,26.0,-29.0,内田博,素材一致,完全一致,内田博,内田博幸,一致,◎,◎,,穴帯・運勢,穴帯・運勢,2,2
2026-09-05,中山,6,202606040106,9,カンタベリートップ,0,93.0,3.0,3.0,11.0,10.0,13.0,23.0,23.0,-32.0,木幡初,別ソース参照候補,[不足]_対応表に無い,,木幡初也,,,,,穴帯,穴帯,1,1
2026-09-05,中山,6,202606040106,10,ポッドビート,0,30.0,13.0,33.0,40.0,37.0,40.0,34.0,34.0,6.0,武豊,素材一致,完全一致,武豊,武豊,一致,×,×,,調教,調教,1,1
2026-09-05,中山,6,202606040106,11,ニシノドリーマー,0,176.0,3.0,8.0,11.0,17.0,20.0,33.0,33.0,-15.0,野中,素材一致,完全一致,野中,野中悠太郎,一致,○,○,,穴帯,穴帯,1,1
2026-09-05,中山,6,202606040106,12,ダンシングリリー,0,11.0,0.0,9.0,9.0,10.0,13.0,30.0,30.0,-25.0,小崎,素材一致,完全一致,小崎,小崎綾也,一致,○,○,,穴帯,穴帯,1,1
2026-09-05,中山,6,202606040106,13,ルスデルカミーノ,0,241.0,7.0,12.0,21.0,20.0,23.0,35.0,35.0,-10.0,大野,素材一致,前方一致(大野拓),大野拓,大野拓弥,一致,◎◎,◎◎,,運勢,運勢,1,1
2026-09-05,中山,6,202606040106,14,ソウラスフロス,0,242.0,9.0,21.0,32.0,32.0,35.0,34.0,34.0,1.0,三浦,素材一致,完全一致,三浦,三浦皇成,一致,○,○,,,,0,0
2026-09-05,中山,7,202606040107,1,フェンリル,0,223.0,5.0,9.0,16.0,34.0,37.0,39.0,39.0,-4.0,菊沢,素材一致,完全一致,菊沢,菊沢一樹,一致,×,×,,穴帯,穴帯,1,1
2026-09-05,中山,7,202606040107,2,カズシ,0,305.0,5.0,11.0,16.0,27.0,30.0,30.0,30.0,-20.0,大野,素材一致,前方一致(大野拓),大野拓,大野拓弥,一致,◎◎,◎◎,,穴帯・運勢,穴帯・運勢,2,2
2026-09-05,中山,7,202606040107,3,デルマザオウ,0,10.0,10.0,20.0,30.0,40.0,43.0,40.0,40.0,3.0,小崎,素材一致,完全一致,小崎,小崎綾也,一致,○,○,,,,0,0
2026-09-05,中山,7,202606040107,4,マネーマネー,0,150.0,2.0,3.0,5.0,10.0,13.0,28.0,28.0,-39.0,小林脩,素材一致,完全一致,小林脩,小林脩斗,一致,◎,◎,,運勢,運勢,1,1
2026-09-05,中山,7,202606040107,5,ガードオブオナー,0,153.0,29.0,46.0,58.0,34.0,37.0,40.0,40.0,-3.0,ルメー,素材一致,前方一致(ルメール),ルメール,Ｃ．ルメール,一致,×,×,,,,0,0
2026-09-05,中山,7,202606040107,6,エッチェレンテ,0,265.0,13.0,24.0,32.0,32.0,35.0,42.0,42.0,-3.0,三浦,素材一致,完全一致,三浦,三浦皇成,一致,○,○,,次走,次走,1,1
2026-09-05,中山,7,202606040107,7,エースオブゴールド,0,46.0,7.0,17.0,24.0,30.0,33.0,30.0,30.0,-17.0,上里,素材一致,完全一致,上里,上里直汰,一致,×,×,,穴帯,穴帯,1,1
2026-09-05,中山,7,202606040107,8,ピードモント,0,80.0,13.0,18.0,34.0,41.0,44.0,40.0,40.0,4.0,岩田康,素材一致,完全一致,岩田康,岩田康誠,一致,○,○,,,,0,0
2026-09-05,中山,7,202606040107,9,ジュングロワール,0,347.0,5.0,11.0,18.0,26.0,29.0,31.0,31.0,-20.0,木幡巧,素材一致,完全一致,木幡巧,木幡巧也,一致,◎,◎,,運勢,運勢,1,1
2026-09-05,中山,7,202606040107,10,マイネルオランチア,0,351.0,18.0,31.0,39.0,37.0,40.0,40.0,40.0,0.0,横山武,素材一致,完全一致,横山武,横山武史,一致,○,○,,穴帯,穴帯,1,1
2026-09-05,中山,7,202606040107,11,レプレセンタル,0,193.0,5.0,13.0,19.0,36.0,39.0,36.0,36.0,-5.0,石橋脩,素材一致,完全一致,石橋脩,石橋脩,一致,○,○,,次走・穴帯,次走・穴帯,2,2
2026-09-05,中山,7,202606040107,12,マイネルゼーロス,0,258.0,8.0,16.0,23.0,37.0,40.0,40.0,40.0,0.0,津村,素材一致,完全一致,津村,津村明秀,一致,○,○,,,,0,0
2026-09-05,中山,7,202606040107,13,ヨーゼフ,0,152.0,2.0,7.0,13.0,36.0,39.0,33.0,33.0,-8.0,武藤,素材一致,完全一致,武藤,武藤雅,一致,◎◎,◎◎,,運勢,運勢,1,1
2026-09-05,中山,7,202606040107,14,スコアレジーナ,0,61.0,2.0,5.0,8.0,25.0,28.0,35.0,35.0,-17.0,木幡育,別ソース参照候補,[不足]_対応表に無い,,木幡育也,,,,,,,0,0
2026-09-05,中山,7,202606040107,15,ホウオウファミリー,0,316.0,16.0,30.0,43.0,35.0,38.0,42.0,42.0,0.0,戸崎圭,素材一致,逆前方一致(戸崎),戸崎,戸崎圭太,一致,◎◎,◎◎,,運勢,運勢,1,1
2026-09-05,中山,7,202606040107,16,ピュアクローム,0,63.0,0.0,2.0,3.0,30.0,33.0,30.0,30.0,-17.0,佐藤,素材一致,完全一致,佐藤,佐藤翔馬,一致,×,×,,穴帯,穴帯,1,1
2026-09-05,中山,8,202606040108,1,マサノピンクレディ,0,288.0,19.0,30.0,43.0,42.0,45.0,52.0,52.0,-7.0,横山武,素材一致,完全一致,横山武,横山武史,一致,○,○,,MB,MB,1,1
2026-09-05,中山,8,202606040108,2,ローズブーケ,0,242.0,10.0,17.0,28.0,43.0,46.0,52.0,52.0,-6.0,津村,素材一致,完全一致,津村,津村明秀,一致,○,○,,MB,MB,1,1
2026-09-05,中山,8,202606040108,3,マナマカナ,0,301.0,4.0,9.0,19.0,39.0,42.0,39.0,39.0,-23.0,木幡巧,素材一致,完全一致,木幡巧,木幡巧也,一致,◎,◎,,運勢,運勢,1,1
2026-09-05,中山,8,202606040108,4,ノーブルミステリー,0,166.0,1.0,5.0,13.0,34.0,37.0,35.0,35.0,-32.0,柴田大,素材一致,完全一致,柴田大,柴田大知,一致,○,○,,穴帯,穴帯,1,1
2026-09-05,中山,8,202606040108,5,コウジハラ,0,,,,,37.0,40.0,44.0,44.0,-20.0,ミシェ,未結合,[不足]_対応表に無い,,Ｍ．ミシェル,,,,,穴帯,穴帯,1,1
2026-09-05,中山,8,202606040108,6,カンレイスター,0,20.0,5.0,15.0,25.0,47.0,50.0,63.0,63.0,9.0,今村,マスタ競合,前方一致(今村聖奈),今村聖奈,今村聖奈,一致,△,,[要確認]_7/4マスタ=木星－（現週表=水星－）,調教,調教,1,1
2026-09-05,中山,8,202606040108,7,マーガレットクレア,0,254.0,3.0,10.0,15.0,39.0,42.0,51.0,51.0,-11.0,原,素材一致,完全一致,原,原優介,一致,○,○,,次走,次走,1,1
2026-09-05,中山,8,202606040108,8,ベルヴィヴァン,0,57.0,7.0,14.0,23.0,40.0,43.0,49.0,49.0,-12.0,岩田康,素材一致,完全一致,岩田康,岩田康誠,一致,○,○,,穴帯,穴帯,1,1
2026-09-05,中山,8,202606040108,9,トキメキジニア,0,11.0,0.0,9.0,9.0,35.0,38.0,39.0,39.0,-27.0,小崎,素材一致,完全一致,小崎,小崎綾也,一致,○,○,,,,0,0
2026-09-05,中山,8,202606040108,10,パッションディーバ,0,83.0,2.0,2.0,6.0,38.0,41.0,51.0,51.0,-12.0,石田,素材一致,前方一致(石田拓郎),石田拓郎,石田拓郎,一致,○,○,,調教,調教,1,1
2026-09-05,中山,8,202606040108,11,ビアフォーナウ,0,182.0,3.0,5.0,12.0,43.0,46.0,38.0,38.0,-20.0,丸田,素材一致,完全一致,丸田,丸田恭介,一致,○,○,,次走・穴帯,次走・穴帯,2,2
2026-09-05,中山,8,202606040108,12,チェルシー,0,51.0,4.0,4.0,8.0,45.0,48.0,52.0,52.0,-4.0,上里,素材一致,完全一致,上里,上里直汰,一致,×,×,,,,0,0
2026-09-05,中山,8,202606040108,13,ブエナディオサ,0,245.0,2.0,8.0,13.0,36.0,39.0,39.0,39.0,-26.0,菊沢,素材一致,完全一致,菊沢,菊沢一樹,一致,×,×,,,,0,0
2026-09-05,中山,8,202606040108,14,オオゾラヒバリ,0,176.0,3.0,8.0,11.0,36.0,39.0,36.0,36.0,-29.0,野中,素材一致,完全一致,野中,野中悠太郎,一致,○,○,,穴帯,穴帯,1,1
2026-09-05,中山,8,202606040108,15,ベアアッコチャン,0,241.0,7.0,12.0,21.0,49.0,52.0,52.0,52.0,0.0,大野,素材一致,前方一致(大野拓),大野拓,大野拓弥,一致,◎◎,◎◎,,次走・運勢,次走・運勢,2,2
2026-09-05,中山,8,202606040108,16,レインボーラッキー,0,111.0,3.0,5.0,7.0,41.0,44.0,51.0,51.0,-9.0,佐藤,素材一致,完全一致,佐藤,佐藤翔馬,一致,×,×,,穴帯・調教,穴帯・調教,2,2
2026-09-05,中山,9,202606040109,1,コンヴァージョン,0,32.0,6.0,16.0,16.0,43.0,46.0,52.0,52.0,-12.0,丸田,素材一致,完全一致,丸田,丸田恭介,一致,○,○,,,,0,0
2026-09-05,中山,9,202606040109,2,ショウナンダイン,0,22.0,5.0,9.0,14.0,47.0,50.0,57.0,57.0,-3.0,丸山,素材一致,完全一致,丸山,丸山元気,一致,○,○,,次走・調教,次走・調教,2,2
2026-09-05,中山,9,202606040109,3,アレクレア,0,63.0,2.0,8.0,17.0,45.0,48.0,54.0,54.0,-8.0,大野,素材一致,前方一致(大野拓),大野拓,大野拓弥,一致,◎◎,◎◎,,穴帯・調教・運勢,穴帯・調教・運勢,3,3
2026-09-05,中山,9,202606040109,4,マーゴットソラーレ,0,57.0,4.0,5.0,7.0,39.0,42.0,45.0,45.0,-23.0,原,素材一致,完全一致,原,原優介,一致,○,○,,,,0,0
2026-09-05,中山,9,202606040109,5,スタニングヴュー,0,72.0,11.0,19.0,33.0,51.0,54.0,51.0,51.0,-5.0,三浦,素材一致,完全一致,三浦,三浦皇成,一致,○,○,,MB・調教,MB・調教,2,2
2026-09-05,中山,9,202606040109,6,ロジルーラー,0,44.0,2.0,7.0,7.0,38.0,41.0,54.0,54.0,-15.0,内田博,素材一致,完全一致,内田博,内田博幸,一致,◎,◎,,穴帯・運勢,穴帯・運勢,2,2
2026-09-05,中山,9,202606040109,7,デイジー,0,118.0,19.0,25.0,34.0,49.0,52.0,69.0,69.0,11.0,戸崎圭,素材一致,逆前方一致(戸崎),戸崎,戸崎圭太,一致,◎◎,◎◎,,次走・運勢,次走・運勢,2,2
2026-09-05,中山,9,202606040109,8,ルンベーラ,0,48.0,4.0,8.0,8.0,47.0,50.0,40.0,40.0,-20.0,木幡巧,素材一致,完全一致,木幡巧,木幡巧也,一致,◎,◎,,穴帯・運勢,穴帯・運勢,2,2
2026-09-05,中山,9,202606040109,9,クモヒトツナイ,0,16.0,0.0,0.0,0.0,44.0,47.0,48.0,48.0,-15.0,小林脩,素材一致,完全一致,小林脩,小林脩斗,一致,◎,◎,,穴帯・運勢,穴帯・運勢,2,2
2026-09-05,中山,9,202606040109,10,ジャグアール,0,48.0,4.0,13.0,17.0,44.0,47.0,52.0,52.0,-11.0,石橋脩,素材一致,完全一致,石橋脩,石橋脩,一致,○,○,,,,0,0
2026-09-05,中山,9,202606040109,11,レッドシュトラール,0,2.0,0.0,0.0,0.0,35.0,38.0,50.0,50.0,-22.0,小崎,素材一致,完全一致,小崎,小崎綾也,一致,○,○,,,,0,0
2026-09-05,中山,9,202606040109,12,ゴディアーモ,0,11.0,0.0,9.0,27.0,55.0,58.0,55.0,55.0,3.0,武豊,素材一致,完全一致,武豊,武豊,一致,×,×,,調教,調教,1,1
2026-09-05,中山,9,202606040109,13,クシマトゥルー,0,95.0,9.0,19.0,28.0,45.0,48.0,54.0,54.0,-8.0,津村,素材一致,完全一致,津村,津村明秀,一致,○,○,,穴帯,穴帯,1,1
2026-09-05,中山,9,202606040109,14,ペプチドドリーム,0,99.0,17.0,32.0,49.0,50.0,53.0,63.0,63.0,6.0,横山武,素材一致,完全一致,横山武,横山武史,一致,○,○,,MB・調教,MB・調教,2,2
2026-09-05,中山,9,202606040109,15,コーディアリー,0,31.0,3.0,3.0,6.0,44.0,47.0,54.0,54.0,-9.0,菊沢,素材一致,完全一致,菊沢,菊沢一樹,一致,×,×,,穴帯・調教,穴帯・調教,2,2
2026-09-05,中山,10,202606040110,1,トラスコンガーデン,0,32.0,0.0,3.0,9.0,45.0,48.0,52.0,52.0,-18.0,江田照,素材一致,完全一致,江田照,江田照男,一致,○,○,,次走・穴帯,次走・穴帯,2,2
2026-09-05,中山,10,202606040110,2,ルディドゥゲンジ,0,39.0,3.0,13.0,23.0,36.0,39.0,58.0,58.0,-21.0,嶋田,素材一致,完全一致,嶋田,嶋田純次,一致,×,×,,,,0,0
2026-09-05,中山,10,202606040110,3,サクセスカラー,0,48.0,6.0,19.0,31.0,49.0,52.0,59.0,59.0,-7.0,田辺,素材一致,完全一致,田辺,田辺裕信,一致,◎,◎,,運勢,運勢,1,1
2026-09-05,中山,10,202606040110,4,ジョウゲンノツキ,0,53.0,0.0,0.0,8.0,51.0,54.0,58.0,58.0,-6.0,菊沢,素材一致,完全一致,菊沢,菊沢一樹,一致,×,×,,穴帯,穴帯,1,1
2026-09-05,中山,10,202606040110,5,インプロペリア,0,38.0,21.0,37.0,47.0,57.0,60.0,59.0,59.0,1.0,ルメー,素材一致,前方一致(ルメール),ルメール,Ｃ．ルメール,一致,×,×,,調教,調教,1,1
2026-09-05,中山,10,202606040110,6,ミニョンマルーン,0,49.0,4.0,8.0,20.0,46.0,49.0,58.0,58.0,-11.0,石橋脩,素材一致,完全一致,石橋脩,石橋脩,一致,○,○,,穴帯,穴帯,1,1
2026-09-05,中山,10,202606040110,7,パーティーガール,0,64.0,3.0,19.0,22.0,50.0,53.0,51.0,51.0,-14.0,木幡巧,素材一致,完全一致,木幡巧,木幡巧也,一致,◎,◎,,次走・穴帯・運勢,次走・穴帯・運勢,3,3
2026-09-05,中山,10,202606040110,8,ドリーミングアップ,0,100.0,15.0,29.0,43.0,55.0,58.0,59.0,59.0,-1.0,横山武,素材一致,完全一致,横山武,横山武史,一致,○,○,,,,0,0
2026-09-05,中山,10,202606040110,9,ジャガード,0,12.0,8.0,8.0,8.0,47.0,50.0,56.0,56.0,-12.0,石神道,素材一致,略記一致(石神深道),石神深道,石神深道,一致,○,○,,次走・穴帯,次走・穴帯,2,2
2026-09-05,中山,10,202606040110,10,キープサインオン,0,14.0,21.0,29.0,29.0,49.0,52.0,59.0,59.0,-7.0,武豊,素材一致,完全一致,武豊,武豊,一致,×,×,,次走・調教,次走・調教,2,2
2026-09-05,中山,10,202606040110,11,タナスーペルノーバ,0,2.0,0.0,0.0,0.0,52.0,55.0,59.0,59.0,-4.0,今村,マスタ競合,前方一致(今村聖奈),今村聖奈,今村聖奈,一致,△,,[要確認]_7/4マスタ=木星－（現週表=水星－）,,,0,0
2026-09-05,中山,10,202606040110,12,ウチュウノセカイ,0,64.0,2.0,2.0,3.0,46.0,49.0,58.0,58.0,-11.0,原,素材一致,完全一致,原,原優介,一致,○,○,,,,0,0
2026-09-05,中山,10,202606040110,13,ヴィヴァクラウン,0,79.0,1.0,4.0,10.0,47.0,50.0,57.0,57.0,-11.0,大野,素材一致,前方一致(大野拓),大野拓,大野拓弥,一致,◎◎,◎◎,,穴帯・運勢,穴帯・運勢,2,2
2026-09-05,中山,11,202606040111,1,クルゼイロドスル,0,3.0,0.0,0.0,0.0,60.0,63.0,68.0,68.0,-9.0,小崎,素材一致,完全一致,小崎,小崎綾也,一致,○,○,,,,0,0
2026-09-05,中山,11,202606040111,2,ミナデオロ,0,,,,,68.0,71.0,69.0,69.0,0.0,ミシェ,未結合,[不足]_対応表に無い,,Ｍ．ミシェル,,,,,穴帯・調教,穴帯・調教,2,2
2026-09-05,中山,11,202606040111,3,ドロップオブライト,0,41.0,5.0,17.0,22.0,59.0,62.0,69.0,69.0,-9.0,岩田康,素材一致,完全一致,岩田康,岩田康誠,一致,○,○,,穴帯・調教,穴帯・調教,2,2
2026-09-05,中山,11,202606040111,4,フォルテアンジェロ,0,2.0,50.0,100.0,100.0,64.0,67.0,72.0,72.0,-1.0,レーン,素材一致,完全一致,レーン,Ｄ．レーン,一致,◎◎,◎◎,,調教・運勢,調教・運勢,2,2
2026-09-05,中山,11,202606040111,5,サイルーン,0,163.0,8.0,17.0,23.0,61.0,64.0,70.0,70.0,-6.0,大野,素材一致,前方一致(大野拓),大野拓,大野拓弥,一致,◎◎,◎◎,,穴帯・運勢,穴帯・運勢,2,2
2026-09-05,中山,11,202606040111,6,ファンダム,0,188.0,15.0,30.0,40.0,65.0,68.0,70.0,70.0,-2.0,戸崎圭,素材一致,逆前方一致(戸崎),戸崎,戸崎圭太,一致,◎◎,◎◎,,運勢,運勢,1,1
2026-09-05,中山,11,202606040111,7,エコロブルーム,0,20.0,10.0,15.0,20.0,59.0,62.0,70.0,70.0,-8.0,武豊,素材一致,完全一致,武豊,武豊,一致,×,×,,次走,次走,1,1
2026-09-05,中山,11,202606040111,8,ピコローズ,0,144.0,5.0,18.0,28.0,66.0,69.0,69.0,69.0,-2.0,三浦,素材一致,完全一致,三浦,三浦皇成,一致,○,○,,穴帯・調教,穴帯・調教,2,2
2026-09-05,中山,11,202606040111,9,レザベーション,0,102.0,2.0,4.0,8.0,60.0,63.0,70.0,70.0,-7.0,原,素材一致,完全一致,原,原優介,一致,○,○,,,,0,0
2026-09-05,中山,11,202606040111,10,ヴァルキリーバース,0,129.0,22.0,35.0,47.0,64.0,67.0,70.0,70.0,-3.0,ルメー,素材一致,前方一致(ルメール),ルメール,Ｃ．ルメール,一致,×,×,,調教,調教,1,1
2026-09-05,中山,11,202606040111,11,クランフォード,0,73.0,4.0,11.0,15.0,66.0,69.0,59.0,59.0,-12.0,菊沢,素材一致,完全一致,菊沢,菊沢一樹,一致,×,×,,次走・穴帯,次走・穴帯,2,2
2026-09-05,中山,11,202606040111,12,ディールメーカー,0,174.0,17.0,28.0,39.0,60.0,63.0,70.0,70.0,-7.0,横山武,素材一致,完全一致,横山武,横山武史,一致,○,○,,次走・調教,次走・調教,2,2
2026-09-05,中山,11,202606040111,13,メタルスピード,0,142.0,8.0,17.0,21.0,49.0,52.0,69.0,69.0,-19.0,田辺,素材一致,完全一致,田辺,田辺裕信,一致,◎,◎,,穴帯・調教・運勢,穴帯・調教・運勢,3,3
2026-09-05,中山,11,202606040111,14,リラボニート,0,62.0,0.0,11.0,24.0,61.0,64.0,69.0,69.0,-7.0,丸山,素材一致,完全一致,丸山,丸山元気,一致,○,○,,調教,調教,1,1
2026-09-05,中山,11,202606040111,15,テレサ,0,159.0,9.0,23.0,31.0,56.0,59.0,59.0,59.0,-22.0,津村,素材一致,完全一致,津村,津村明秀,一致,○,○,,,,0,0
2026-09-05,中山,11,202606040111,16,ラケマーダ,0,84.0,7.0,10.0,13.0,58.0,61.0,47.0,47.0,-32.0,杉原,素材一致,前方一致(杉原誠人),杉原誠人,杉原誠人,一致,◎◎,◎◎,,調教・運勢,調教・運勢,2,2
2026-09-05,中山,12,202606040112,1,シルバードン,0,301.0,4.0,9.0,19.0,39.0,42.0,45.0,45.0,-17.0,木幡巧,素材一致,完全一致,木幡巧,木幡巧也,一致,◎,◎,,次走・穴帯・運勢,次走・穴帯・運勢,3,3
2026-09-05,中山,12,202606040112,2,ピュール,0,20.0,5.0,15.0,25.0,35.0,38.0,51.0,51.0,-15.0,今村,マスタ競合,前方一致(今村聖奈),今村聖奈,今村聖奈,一致,△,,[要確認]_7/4マスタ=木星－（現週表=水星－）,次走・穴帯・調教,次走・穴帯・調教,3,3
2026-09-05,中山,12,202606040112,3,アンプイットアップ,0,288.0,19.0,30.0,43.0,51.0,54.0,52.0,52.0,2.0,横山武,素材一致,完全一致,横山武,横山武史,一致,○,○,,次走・調教,次走・調教,2,2
2026-09-05,中山,12,202606040112,4,スカット,0,204.0,5.0,11.0,13.0,34.0,37.0,38.0,38.0,-29.0,小林脩,素材一致,完全一致,小林脩,小林脩斗,一致,◎,◎,,穴帯・運勢,穴帯・運勢,2,2
2026-09-05,中山,12,202606040112,5,チュラヴェール,0,51.0,4.0,4.0,8.0,31.0,34.0,37.0,37.0,-33.0,上里,素材一致,完全一致,上里,上里直汰,一致,×,×,,,,0,0
2026-09-05,中山,12,202606040112,6,キングクレオール,0,241.0,7.0,12.0,21.0,42.0,45.0,48.0,48.0,-11.0,大野,素材一致,前方一致(大野拓),大野拓,大野拓弥,一致,◎◎,◎◎,,運勢,運勢,1,1
2026-09-05,中山,12,202606040112,7,グランルチャドール,0,173.0,8.0,18.0,24.0,42.0,45.0,55.0,55.0,-4.0,石橋脩,素材一致,完全一致,石橋脩,石橋脩,一致,○,○,,調教,調教,1,1
2026-09-05,中山,12,202606040112,8,ヴェネチアンキング,0,111.0,3.0,5.0,7.0,30.0,33.0,43.0,43.0,-28.0,佐藤,素材一致,完全一致,佐藤,佐藤翔馬,一致,×,×,,穴帯・調教,穴帯・調教,2,2
2026-09-05,中山,12,202606040112,9,プルシャプラ,0,175.0,3.0,6.0,11.0,42.0,45.0,47.0,47.0,-12.0,杉原,素材一致,前方一致(杉原誠人),杉原誠人,杉原誠人,一致,◎◎,◎◎,,穴帯・運勢,穴帯・運勢,2,2
2026-09-05,中山,12,202606040112,10,レイズレガシー,0,178.0,10.0,22.0,29.0,54.0,57.0,68.0,68.0,21.0,田辺,素材一致,完全一致,田辺,田辺裕信,一致,◎,◎,,調教・運勢,調教・運勢,2,2
2026-09-05,中山,12,202606040112,11,ザクシス,0,254.0,3.0,10.0,15.0,33.0,36.0,45.0,45.0,-23.0,原,素材一致,完全一致,原,原優介,一致,○,○,,,,0,0
2026-09-05,中山,12,202606040112,12,ショウナンタハティ,0,2.0,50.0,50.0,50.0,47.0,50.0,52.0,52.0,-2.0,レーン,素材一致,完全一致,レーン,Ｄ．レーン,一致,◎◎,◎◎,,次走・運勢,次走・運勢,2,2
2026-09-05,中山,12,202606040112,13,マイネルブリオン,0,245.0,2.0,8.0,13.0,34.0,37.0,44.0,44.0,-23.0,菊沢,素材一致,完全一致,菊沢,菊沢一樹,一致,×,×,,穴帯,穴帯,1,1
2026-09-05,中山,12,202606040112,14,トモジャシーマ,0,242.0,10.0,17.0,28.0,46.0,49.0,55.0,55.0,0.0,津村,素材一致,完全一致,津村,津村明秀,一致,○,○,,MB・次走・調教,MB・次走・調教,3,3
2026-09-05,札幌,1,202601020501,1,カセノメロス,0,56.0,14.0,25.0,34.0,10.0,13.0,37.0,37.0,-24.0,小林美,素材一致,前方一致(小林美駒),小林美駒,小林美駒,一致,×,×,,穴帯,穴帯,1,1
2026-09-05,札幌,1,202601020501,2,シンゼンノト,0,9.0,0.0,0.0,11.0,39.0,42.0,42.0,42.0,10.0,遠藤,素材一致,完全一致,遠藤,遠藤汰月,一致,◎,◎,,次走・運勢,次走・運勢,2,2
2026-09-05,札幌,1,202601020501,3,グリームウッド,0,71.0,1.0,3.0,10.0,10.0,13.0,31.0,31.0,-30.0,横山琉,素材一致,完全一致,横山琉,横山琉人,一致,◎,◎,,穴帯・運勢,穴帯・運勢,2,2
2026-09-05,札幌,1,202601020501,4,ロードレスポンス,0,125.0,8.0,18.0,30.0,20.0,23.0,27.0,27.0,-24.0,鮫島駿,素材一致,完全一致,鮫島駿,鮫島克駿,一致(略記),×,×,,,,0,0
2026-09-05,札幌,1,202601020501,5,ロードリバイバル,0,46.0,4.0,9.0,11.0,22.0,25.0,37.0,37.0,-12.0,松本,素材一致,完全一致,松本,松本大輝,一致,◎,◎,,次走・運勢,次走・運勢,2,2
2026-09-05,札幌,1,202601020501,6,ゲームチェンジャー,0,38.0,3.0,13.0,16.0,12.0,15.0,35.0,35.0,-24.0,原田和,素材一致,逆前方一致(原田),原田,原田和真,一致,○,○,,穴帯,穴帯,1,1
2026-09-05,札幌,1,202601020501,7,キュータンチャン,0,197.0,10.0,25.0,38.0,33.0,36.0,37.0,37.0,-1.0,丹内,素材一致,完全一致,丹内,丹内祐次,一致,○,○,,,,0,0
2026-09-05,札幌,1,202601020501,8,カリスマン,0,77.0,8.0,18.0,23.0,22.0,25.0,35.0,35.0,-14.0,吉田隼,素材一致,完全一致,吉田隼,吉田隼人,一致,◎,◎,,穴帯・運勢,穴帯・運勢,2,2
2026-09-05,札幌,1,202601020501,9,サトノフルーク,0,122.0,7.0,13.0,22.0,30.0,33.0,44.0,44.0,3.0,佐々木,素材一致,完全一致,佐々木,佐々木大輔,一致,×,×,,,,0,0
2026-09-05,札幌,1,202601020501,10,ラストフィールド,0,42.0,2.0,7.0,10.0,10.0,13.0,31.0,31.0,-30.0,和田陽,素材一致,前方一致(和田陽希),和田陽希,和田陽希,一致,○,○,,穴帯,穴帯,1,1
2026-09-05,札幌,1,202601020501,11,ロジアコース,0,55.0,9.0,22.0,24.0,23.0,26.0,37.0,37.0,-11.0,浜中,素材一致,完全一致,浜中,浜中俊,一致,◎◎,◎◎,,運勢,運勢,1,1
2026-09-05,札幌,1,202601020501,12,フレンドミラノ,0,21.0,19.0,29.0,33.0,10.0,13.0,36.0,36.0,-25.0,河原田,素材一致,前方一致(河原田菜々),河原田菜々,河原田菜々,一致,×,×,,穴帯,穴帯,1,1
2026-09-05,札幌,2,202601020502,1,サノノベリー,0,7.0,14.0,29.0,29.0,25.0,28.0,30.0,30.0,-18.0,河原田,素材一致,前方一致(河原田菜々),河原田菜々,河原田菜々,一致,×,×,,,,0,0
2026-09-05,札幌,2,202601020502,2,ゴートゥービッツン,0,7.0,0.0,0.0,14.0,30.0,33.0,38.0,38.0,-5.0,遠藤,素材一致,完全一致,遠藤,遠藤汰月,一致,◎,◎,,次走・穴帯・運勢,次走・穴帯・運勢,3,3
2026-09-05,札幌,2,202601020502,3,リーディンアクター,0,67.0,10.0,16.0,25.0,26.0,29.0,38.0,38.0,-9.0,佐々木,素材一致,完全一致,佐々木,佐々木大輔,一致,×,×,,,,0,0
2026-09-05,札幌,2,202601020502,4,ハヤテノギンジロウ,0,17.0,6.0,6.0,6.0,21.0,24.0,25.0,25.0,-27.0,長浜,素材一致,完全一致,長浜,長浜鴻緒,一致,×,×,,穴帯,穴帯,1,1
2026-09-05,札幌,2,202601020502,5,サンシルヴァリー,0,15.0,13.0,20.0,20.0,29.0,32.0,34.0,34.0,-10.0,川又,素材一致,完全一致,川又,川又賢治,一致,△,△,,穴帯,穴帯,1,1
2026-09-05,札幌,2,202601020502,6,ハミングリップス,0,1.0,0.0,0.0,0.0,23.0,26.0,33.0,33.0,-17.0,藤懸,素材一致,完全一致,藤懸,藤懸貴志,一致,○,○,,次走・穴帯,次走・穴帯,2,2
2026-09-05,札幌,2,202601020502,7,アワードリームス,0,17.0,0.0,0.0,0.0,31.0,34.0,42.0,42.0,0.0,松本,素材一致,完全一致,松本,松本大輝,一致,◎,◎,,次走・運勢,次走・運勢,2,2
2026-09-05,札幌,2,202601020502,8,リアルクウカイ,0,11.0,0.0,0.0,0.0,15.0,18.0,35.0,35.0,-23.0,原田和,素材一致,逆前方一致(原田),原田,原田和真,一致,○,○,,穴帯,穴帯,1,1
2026-09-05,札幌,2,202601020502,9,アルデシンザン,0,94.0,7.0,14.0,30.0,32.0,35.0,41.0,41.0,0.0,丹内,素材一致,完全一致,丹内,丹内祐次,一致,○,○,,,,0,0
2026-09-05,札幌,2,202601020502,10,スクレイプバイ,0,36.0,0.0,6.0,6.0,31.0,34.0,38.0,38.0,-4.0,横山琉,素材一致,完全一致,横山琉,横山琉人,一致,◎,◎,,次走・運勢,次走・運勢,2,2
2026-09-05,札幌,2,202601020502,11,ミハテヌユメ,0,27.0,11.0,22.0,37.0,36.0,39.0,38.0,38.0,1.0,小林美,素材一致,前方一致(小林美駒),小林美駒,小林美駒,一致,×,×,,次走,次走,1,1
2026-09-05,札幌,3,202601020503,1,ニンジャトットリ,0,51.0,10.0,10.0,18.0,38.0,41.0,40.0,40.0,1.0,丹内,素材一致,完全一致,丹内,丹内祐次,一致,○,○,,,,0,0
2026-09-05,札幌,3,202601020503,2,ペイシャクロス,0,19.0,5.0,11.0,16.0,38.0,41.0,29.0,29.0,-10.0,長浜,素材一致,完全一致,長浜,長浜鴻緒,一致,×,×,,穴帯,穴帯,1,1
2026-09-05,札幌,3,202601020503,3,チョウスター,0,18.0,11.0,17.0,17.0,48.0,51.0,37.0,37.0,8.0,和田陽,素材一致,前方一致(和田陽希),和田陽希,和田陽希,一致,○,○,,,,0,0
2026-09-05,札幌,3,202601020503,4,アイビーミャーオ,0,26.0,27.0,46.0,54.0,46.0,49.0,40.0,40.0,9.0,小林美,素材一致,前方一致(小林美駒),小林美駒,小林美駒,一致,×,×,,,,0,0
2026-09-05,札幌,3,202601020503,5,メイショウマドンナ,0,14.0,0.0,0.0,14.0,46.0,49.0,40.0,40.0,9.0,吉田隼,素材一致,完全一致,吉田隼,吉田隼人,一致,◎,◎,,運勢,運勢,1,1
2026-09-05,札幌,3,202601020503,6,スラッシュコード,0,20.0,5.0,10.0,15.0,28.0,31.0,32.0,32.0,-17.0,小沢,素材一致,完全一致,小沢,小沢大仁,一致,◎,◎,,穴帯・運勢,穴帯・運勢,2,2
2026-09-05,札幌,3,202601020503,7,オリヒメボシ,0,11.0,0.0,0.0,9.0,28.0,31.0,38.0,38.0,-11.0,大久保,素材一致,完全一致,大久保,大久保友雅,一致,○,○,,穴帯,穴帯,1,1
2026-09-05,札幌,3,202601020503,8,ハイティー,0,12.0,25.0,33.0,42.0,35.0,38.0,50.0,50.0,8.0,北村友,素材一致,前方一致(北村友一),北村友一,北村友一,一致,◎,◎,,運勢,運勢,1,1
2026-09-05,札幌,3,202601020503,9,ナブッコ,0,8.0,13.0,25.0,25.0,43.0,46.0,44.0,44.0,10.0,河原田,素材一致,前方一致(河原田菜々),河原田菜々,河原田菜々,一致,×,×,,次走,次走,1,1
2026-09-05,札幌,3,202601020503,10,スマートコーラル,0,30.0,7.0,17.0,23.0,33.0,36.0,37.0,37.0,-7.0,鮫島駿,素材一致,完全一致,鮫島駿,鮫島克駿,一致(略記),×,×,,MB・穴帯,MB・穴帯,2,2
2026-09-05,札幌,3,202601020503,11,サンライズロイ,0,35.0,6.0,9.0,20.0,35.0,38.0,13.0,13.0,-29.0,佐々木,素材一致,完全一致,佐々木,佐々木大輔,一致,×,×,,穴帯,穴帯,1,1
2026-09-05,札幌,3,202601020503,12,ホワイトラバーズ,0,33.0,3.0,3.0,15.0,31.0,34.0,39.0,39.0,-7.0,古川吉,素材一致,前方一致(古川吉洋),古川吉洋,古川吉洋,一致,×,×,,穴帯,穴帯,1,1
2026-09-05,札幌,4,202601020504,1,ブラックゲイル,0,50.0,6.0,10.0,16.0,10.0,13.0,35.0,35.0,-32.0,長浜,素材一致,完全一致,長浜,長浜鴻緒,一致,×,×,,,,0,0
2026-09-05,札幌,4,202601020504,2,テンユウ,0,56.0,14.0,25.0,34.0,29.0,32.0,39.0,39.0,-9.0,小林美,素材一致,前方一致(小林美駒),小林美駒,小林美駒,一致,×,×,,穴帯,穴帯,1,1
2026-09-05,札幌,4,202601020504,3,モズヴイ,0,71.0,1.0,3.0,10.0,20.0,23.0,39.0,39.0,-18.0,横山琉,素材一致,完全一致,横山琉,横山琉人,一致,◎,◎,,穴帯・運勢,穴帯・運勢,2,2
2026-09-05,札幌,4,202601020504,4,ロジクリスエス,0,197.0,10.0,25.0,38.0,30.0,33.0,35.0,35.0,-12.0,丹内,素材一致,完全一致,丹内,丹内祐次,一致,○,○,,穴帯,穴帯,1,1
2026-09-05,札幌,4,202601020504,5,メイショウセンドウ,0,116.0,14.0,27.0,47.0,49.0,52.0,40.0,40.0,12.0,横山和,素材一致,完全一致,横山和,横山和生,一致,×,×,,MB,MB,1,1
2026-09-05,札幌,4,202601020504,6,アズライトアスール,0,21.0,19.0,29.0,33.0,42.0,45.0,40.0,40.0,5.0,河原田,素材一致,前方一致(河原田菜々),河原田菜々,河原田菜々,一致,×,×,,次走,次走,1,1
2026-09-05,札幌,4,202601020504,7,クープグラッセ,0,52.0,6.0,12.0,17.0,30.0,33.0,35.0,35.0,-12.0,小沢,素材一致,完全一致,小沢,小沢大仁,一致,◎,◎,,穴帯・運勢,穴帯・運勢,2,2
2026-09-05,札幌,4,202601020504,8,フィーユレアル,0,9.0,0.0,0.0,11.0,35.0,38.0,39.0,39.0,-3.0,遠藤,素材一致,完全一致,遠藤,遠藤汰月,一致,◎,◎,,運勢,運勢,1,1
2026-09-05,札幌,4,202601020504,9,エイシンリーガル,0,46.0,4.0,9.0,11.0,34.0,37.0,40.0,40.0,-3.0,松本,素材一致,完全一致,松本,松本大輝,一致,◎,◎,,次走・運勢,次走・運勢,2,2
2026-09-05,札幌,4,202601020504,10,ダンツアラーム,0,93.0,1.0,5.0,9.0,37.0,40.0,39.0,39.0,-1.0,黛,素材一致,完全一致,黛,黛弘人,一致,○,○,,次走・穴帯,次走・穴帯,2,2
2026-09-05,札幌,4,202601020504,11,サトノフレア,0,122.0,7.0,13.0,22.0,35.0,38.0,43.0,43.0,1.0,佐々木,素材一致,完全一致,佐々木,佐々木大輔,一致,×,×,,,,0,0
2026-09-05,札幌,4,202601020504,12,アインプロージット,0,30.0,0.0,3.0,7.0,33.0,36.0,39.0,39.0,-5.0,川又,素材一致,完全一致,川又,川又賢治,一致,△,△,,,,0,0
2026-09-05,札幌,4,202601020504,13,フェイスリフト,0,55.0,5.0,9.0,13.0,37.0,40.0,40.0,40.0,0.0,荻野琢,素材一致,前方一致(荻野琢真),荻野琢真,荻野琢真,一致,×,×,,,,0,0
2026-09-05,札幌,4,202601020504,14,ディープマウンテン,0,77.0,8.0,18.0,23.0,33.0,36.0,39.0,39.0,-5.0,吉田隼,素材一致,完全一致,吉田隼,吉田隼人,一致,◎,◎,,穴帯・運勢,穴帯・運勢,2,2
2026-09-05,札幌,5,202601020505,1,グレーターマーク,0,25.0,20.0,32.0,36.0,37.0,40.0,39.0,39.0,5.0,小林美,素材一致,前方一致(小林美駒),小林美駒,小林美駒,一致,×,×,,,,0,0
2026-09-05,札幌,5,202601020505,2,ローズファミリー,0,3.0,0.0,0.0,0.0,49.0,52.0,45.0,45.0,23.0,大久保,素材一致,完全一致,大久保,大久保友雅,一致,○,○,,,,0,0
2026-09-05,札幌,5,202601020505,3,ポーラールート,0,27.0,7.0,11.0,41.0,45.0,48.0,37.0,37.0,11.0,北村友,素材一致,前方一致(北村友一),北村友一,北村友一,一致,◎,◎,,運勢,運勢,1,1
2026-09-05,札幌,5,202601020505,4,フェアリースノー,0,14.0,0.0,14.0,21.0,20.0,23.0,29.0,29.0,-22.0,長浜,素材一致,完全一致,長浜,長浜鴻緒,一致,×,×,,穴帯,穴帯,1,1
2026-09-05,札幌,5,202601020505,5,シュヴァルツペルレ,0,53.0,9.0,25.0,42.0,20.0,23.0,36.0,36.0,-15.0,浜中,素材一致,完全一致,浜中,浜中俊,一致,◎◎,◎◎,,穴帯・運勢,穴帯・運勢,2,2
2026-09-05,札幌,5,202601020505,6,ラガーレッドムーン,0,17.0,6.0,12.0,12.0,20.0,23.0,31.0,31.0,-20.0,荻野琢,素材一致,前方一致(荻野琢真),荻野琢真,荻野琢真,一致,×,×,,,,0,0
2026-09-05,札幌,5,202601020505,7,プレシャスタイム,0,53.0,15.0,23.0,30.0,40.0,43.0,37.0,37.0,6.0,佐々木,素材一致,完全一致,佐々木,佐々木大輔,一致,×,×,,,,0,0
2026-09-05,札幌,5,202601020505,8,ルナディアナ,0,8.0,0.0,0.0,13.0,20.0,23.0,30.0,30.0,-21.0,松本,素材一致,完全一致,松本,松本大輝,一致,◎,◎,,穴帯・運勢,穴帯・運勢,2,2
2026-09-05,札幌,5,202601020505,9,ララアウローラ,0,15.0,13.0,20.0,20.0,33.0,36.0,41.0,41.0,3.0,小沢,素材一致,完全一致,小沢,小沢大仁,一致,◎,◎,,運勢,運勢,1,1
2026-09-05,札幌,5,202601020505,10,アンミツ,0,13.0,0.0,0.0,8.0,20.0,23.0,31.0,31.0,-20.0,和田陽,素材一致,前方一致(和田陽希),和田陽希,和田陽希,一致,○,○,,穴帯,穴帯,1,1
2026-09-05,札幌,5,202601020505,11,ジャスコヒラリアス,0,35.0,6.0,11.0,29.0,20.0,23.0,25.0,25.0,-26.0,斎藤,素材一致,前方一致(斎藤新),斎藤新,斎藤新,一致,×,×,,穴帯,穴帯,1,1
2026-09-05,札幌,5,202601020505,12,ミーアキース,0,59.0,5.0,12.0,20.0,30.0,33.0,36.0,36.0,-5.0,鮫島駿,素材一致,完全一致,鮫島駿,鮫島克駿,一致(略記),×,×,,,,0,0
2026-09-05,札幌,5,202601020505,13,アルーリングボーイ,0,,,,,20.0,23.0,28.0,28.0,-23.0,伊藤,未結合,[不足]_対応表に無い,,伊藤工真,,,,,,,0,0
2026-09-05,札幌,5,202601020505,14,コーズサム,0,28.0,0.0,7.0,14.0,20.0,23.0,35.0,35.0,-16.0,黛,素材一致,完全一致,黛,黛弘人,一致,○,○,,穴帯,穴帯,1,1
2026-09-05,札幌,6,202601020506,1,ハヤブサブロー,0,20.0,10.0,20.0,20.0,31.0,34.0,43.0,43.0,-11.0,横山琉,素材一致,完全一致,横山琉,横山琉人,一致,◎,◎,,運勢,運勢,1,1
2026-09-05,札幌,6,202601020506,2,ショウナンアワード,0,20.0,0.0,15.0,30.0,37.0,40.0,43.0,43.0,-5.0,小沢,素材一致,完全一致,小沢,小沢大仁,一致,◎,◎,,運勢,運勢,1,1
2026-09-05,札幌,6,202601020506,3,ウインポーシャ,0,18.0,6.0,11.0,17.0,33.0,36.0,34.0,34.0,-18.0,長浜,素材一致,完全一致,長浜,長浜鴻緒,一致,×,×,,穴帯,穴帯,1,1
2026-09-05,札幌,6,202601020506,4,ワダツミ,0,13.0,8.0,8.0,15.0,41.0,44.0,47.0,47.0,3.0,小林美,素材一致,前方一致(小林美駒),小林美駒,小林美駒,一致,×,×,,次走,次走,1,1
2026-09-05,札幌,6,202601020506,5,フローレンスフーガ,0,49.0,12.0,14.0,20.0,44.0,47.0,44.0,44.0,3.0,古川吉,素材一致,前方一致(古川吉洋),古川吉洋,古川吉洋,一致,×,×,,次走,次走,1,1
2026-09-05,札幌,6,202601020506,6,シーラス,0,57.0,9.0,21.0,35.0,42.0,45.0,44.0,44.0,1.0,佐々木,素材一致,完全一致,佐々木,佐々木大輔,一致,×,×,,,,0,0
2026-09-05,札幌,6,202601020506,7,ヒメヒオウギ,0,8.0,0.0,0.0,0.0,38.0,41.0,40.0,40.0,-7.0,河原田,素材一致,前方一致(河原田菜々),河原田菜々,河原田菜々,一致,×,×,,次走,次走,1,1
2026-09-05,札幌,6,202601020506,8,マンサニージャ,0,85.0,11.0,25.0,38.0,46.0,49.0,53.0,53.0,14.0,丹内,素材一致,完全一致,丹内,丹内祐次,一致,○,○,,次走,次走,1,1
2026-09-05,札幌,6,202601020506,9,ポリメトリック,0,17.0,6.0,6.0,18.0,41.0,44.0,41.0,41.0,-3.0,和田陽,素材一致,前方一致(和田陽希),和田陽希,和田陽希,一致,○,○,,,,0,0
2026-09-05,札幌,6,202601020506,10,サトノリアファル,0,59.0,14.0,25.0,31.0,43.0,46.0,51.0,51.0,9.0,横山和,素材一致,完全一致,横山和,横山和生,一致,×,×,,,,0,0
2026-09-05,札幌,6,202601020506,11,レットミーテイク,0,44.0,2.0,11.0,14.0,43.0,46.0,31.0,31.0,-11.0,吉田隼,素材一致,完全一致,吉田隼,吉田隼人,一致,◎,◎,,次走・穴帯・運勢,次走・穴帯・運勢,3,3
2026-09-05,札幌,6,202601020506,12,アップターンデイ,0,1.0,0.0,0.0,0.0,22.0,25.0,43.0,43.0,-20.0,藤懸,素材一致,完全一致,藤懸,藤懸貴志,一致,○,○,,,,0,0
2026-09-05,札幌,6,202601020506,13,デルマバンダイサン,0,18.0,0.0,0.0,11.0,30.0,33.0,43.0,43.0,-12.0,松本,素材一致,完全一致,松本,松本大輝,一致,◎,◎,,穴帯・運勢,穴帯・運勢,2,2
2026-09-05,札幌,6,202601020506,14,アート,0,57.0,14.0,25.0,37.0,40.0,43.0,37.0,37.0,-8.0,鮫島駿,素材一致,完全一致,鮫島駿,鮫島克駿,一致(略記),×,×,,次走・穴帯,次走・穴帯,2,2
2026-09-05,札幌,6,202601020506,15,マジックファイヤー,0,41.0,5.0,12.0,20.0,40.0,43.0,42.0,42.0,-3.0,斎藤,素材一致,前方一致(斎藤新),斎藤新,斎藤新,一致,×,×,,穴帯,穴帯,1,1
2026-09-05,札幌,6,202601020506,16,アルペングロー,0,32.0,13.0,22.0,28.0,35.0,38.0,43.0,43.0,-7.0,北村友,素材一致,前方一致(北村友一),北村友一,北村友一,一致,◎,◎,,穴帯・運勢,穴帯・運勢,2,2
2026-09-05,札幌,7,202601020507,1,クイーンズワーフ,0,6.0,0.0,0.0,17.0,48.0,51.0,54.0,54.0,-5.0,河原田,素材一致,前方一致(河原田菜々),河原田菜々,河原田菜々,一致,×,×,,穴帯,穴帯,1,1
2026-09-05,札幌,7,202601020507,2,ベネディクション,0,23.0,0.0,13.0,13.0,47.0,50.0,55.0,55.0,-5.0,古川奈,素材一致,前方一致(古川奈穂),古川奈穂,古川奈穂,一致,◎,◎,,運勢,運勢,1,1
2026-09-05,札幌,7,202601020507,3,エナジーショット,0,13.0,0.0,0.0,0.0,35.0,38.0,54.0,54.0,-18.0,横山琉,素材一致,完全一致,横山琉,横山琉人,一致,◎,◎,,穴帯・運勢,穴帯・運勢,2,2
2026-09-05,札幌,7,202601020507,4,フリーヤ,0,12.0,0.0,0.0,17.0,47.0,50.0,55.0,55.0,-5.0,小林美,素材一致,前方一致(小林美駒),小林美駒,小林美駒,一致,×,×,,,,0,0
2026-09-05,札幌,7,202601020507,5,カリーン,0,12.0,0.0,0.0,17.0,48.0,51.0,47.0,47.0,-12.0,長浜,素材一致,完全一致,長浜,長浜鴻緒,一致,×,×,,穴帯,穴帯,1,1
2026-09-05,札幌,7,202601020507,6,ジェルブロア,0,30.0,27.0,47.0,53.0,50.0,53.0,55.0,55.0,-2.0,北村友,素材一致,前方一致(北村友一),北村友一,北村友一,一致,◎,◎,,次走・運勢,次走・運勢,2,2
2026-09-05,札幌,7,202601020507,7,サウンドサンライズ,0,42.0,10.0,21.0,31.0,45.0,48.0,51.0,51.0,-11.0,斎藤,素材一致,前方一致(斎藤新),斎藤新,斎藤新,一致,×,×,,,,0,0
2026-09-05,札幌,7,202601020507,8,アドマイヤシュラ,0,49.0,12.0,27.0,39.0,49.0,52.0,55.0,55.0,-3.0,佐々木,素材一致,完全一致,佐々木,佐々木大輔,一致,×,×,,,,0,0
2026-09-05,札幌,7,202601020507,9,グロリアス,0,10.0,0.0,20.0,20.0,38.0,41.0,43.0,43.0,-26.0,松本,素材一致,完全一致,松本,松本大輝,一致,◎,◎,,穴帯・運勢,穴帯・運勢,2,2
2026-09-05,札幌,7,202601020507,10,エイカイコバチ,0,11.0,0.0,9.0,18.0,47.0,50.0,62.0,62.0,2.0,小沢,素材一致,完全一致,小沢,小沢大仁,一致,◎,◎,,次走・運勢,次走・運勢,2,2
2026-09-05,札幌,7,202601020507,11,ホウオウペトリュス,0,34.0,18.0,26.0,41.0,48.0,51.0,48.0,48.0,-11.0,吉田隼,素材一致,完全一致,吉田隼,吉田隼人,一致,◎,◎,,次走・穴帯・運勢,次走・穴帯・運勢,3,3
2026-09-05,札幌,7,202601020507,12,ユメシルベ,0,82.0,7.0,23.0,37.0,44.0,47.0,43.0,43.0,-20.0,丹内,素材一致,完全一致,丹内,丹内祐次,一致,○,○,,穴帯,穴帯,1,1
2026-09-05,札幌,8,202601020508,1,メイショウコシュウ,0,55.0,9.0,22.0,24.0,44.0,47.0,52.0,52.0,-5.0,浜中,素材一致,完全一致,浜中,浜中俊,一致,◎◎,◎◎,,運勢,運勢,1,1
2026-09-05,札幌,8,202601020508,2,リテラシー,1,46.0,4.0,9.0,11.0,43.0,46.0,51.0,51.0,-7.0,松本,素材一致,完全一致,松本,松本大輝,一致,◎,◎,,,,,
2026-09-05,札幌,8,202601020508,3,レッドフロイデ,0,21.0,19.0,29.0,33.0,52.0,55.0,52.0,52.0,3.0,河原田,素材一致,前方一致(河原田菜々),河原田菜々,河原田菜々,一致,×,×,,次走,次走,1,1
2026-09-05,札幌,8,202601020508,4,ハイライトニング,0,116.0,14.0,27.0,47.0,50.0,53.0,58.0,58.0,7.0,横山和,素材一致,完全一致,横山和,横山和生,一致,×,×,,次走,次走,1,1
2026-09-05,札幌,8,202601020508,5,カフェブーケット,0,50.0,6.0,10.0,16.0,37.0,40.0,51.0,51.0,-13.0,長浜,素材一致,完全一致,長浜,長浜鴻緒,一致,×,×,,穴帯,穴帯,1,1
2026-09-05,札幌,8,202601020508,6,デリシュー,0,197.0,10.0,25.0,38.0,42.0,45.0,51.0,51.0,-8.0,丹内,素材一致,完全一致,丹内,丹内祐次,一致,○,○,,穴帯,穴帯,1,1
2026-09-05,札幌,8,202601020508,7,ベルアズーロ,0,56.0,14.0,25.0,34.0,54.0,57.0,52.0,52.0,5.0,小林美,素材一致,前方一致(小林美駒),小林美駒,小林美駒,一致,×,×,,,,0,0
2026-09-05,札幌,8,202601020508,8,ファンタイムギフト,0,71.0,1.0,3.0,10.0,43.0,46.0,51.0,51.0,-7.0,横山琉,素材一致,完全一致,横山琉,横山琉人,一致,◎,◎,,MB・穴帯・運勢,MB・穴帯・運勢,3,3
2026-09-05,札幌,8,202601020508,9,アイムスティルミー,0,9.0,0.0,0.0,11.0,33.0,36.0,51.0,51.0,-17.0,遠藤,素材一致,完全一致,遠藤,遠藤汰月,一致,◎,◎,,穴帯・運勢,穴帯・運勢,2,2
2026-09-05,札幌,8,202601020508,10,ピエナオルカ,0,121.0,5.0,12.0,17.0,45.0,48.0,50.0,50.0,-6.0,古川吉,素材一致,前方一致(古川吉洋),古川吉洋,古川吉洋,一致,×,×,,,,0,0
2026-09-05,札幌,8,202601020508,11,ミスティマウンテン,0,122.0,7.0,13.0,22.0,48.0,51.0,56.0,56.0,3.0,佐々木,素材一致,完全一致,佐々木,佐々木大輔,一致,×,×,,,,0,0
2026-09-05,札幌,8,202601020508,12,ノースミソロジー,0,52.0,6.0,12.0,17.0,36.0,39.0,47.0,47.0,-18.0,小沢,素材一致,完全一致,小沢,小沢大仁,一致,◎,◎,,穴帯・運勢,穴帯・運勢,2,2
2026-09-05,札幌,8,202601020508,13,ブランヴァンダイク,0,77.0,8.0,18.0,23.0,35.0,38.0,43.0,43.0,-23.0,吉田隼,素材一致,完全一致,吉田隼,吉田隼人,一致,◎,◎,,穴帯・運勢,穴帯・運勢,2,2
2026-09-05,札幌,9,202601020509,1,フリーガー,0,30.0,0.0,0.0,0.0,36.0,39.0,42.0,42.0,-29.0,古川奈,素材一致,前方一致(古川奈穂),古川奈穂,古川奈穂,一致,◎,◎,,穴帯・運勢,穴帯・運勢,2,2
2026-09-05,札幌,9,202601020509,2,カージオイド,0,18.0,6.0,11.0,17.0,46.0,49.0,54.0,54.0,-7.0,長浜,素材一致,完全一致,長浜,長浜鴻緒,一致,×,×,,次走・穴帯,次走・穴帯,2,2
2026-09-05,札幌,9,202601020509,3,ディヒターリーベ,0,57.0,9.0,21.0,35.0,46.0,49.0,55.0,55.0,-6.0,佐々木,素材一致,完全一致,佐々木,佐々木大輔,一致,×,×,,次走,次走,1,1
2026-09-05,札幌,9,202601020509,4,コスモヘリアンサス,0,20.0,0.0,15.0,30.0,40.0,43.0,53.0,53.0,-14.0,小沢,素材一致,完全一致,小沢,小沢大仁,一致,◎,◎,,運勢,運勢,1,1
2026-09-05,札幌,9,202601020509,5,メイショウテンク,0,44.0,2.0,11.0,14.0,49.0,52.0,55.0,55.0,-3.0,吉田隼,素材一致,完全一致,吉田隼,吉田隼人,一致,◎,◎,,運勢,運勢,1,1
2026-09-05,札幌,9,202601020509,6,ハルフロンティア,0,57.0,14.0,25.0,37.0,52.0,55.0,58.0,58.0,3.0,鮫島駿,素材一致,完全一致,鮫島駿,鮫島克駿,一致(略記),×,×,,次走,次走,1,1
2026-09-05,札幌,9,202601020509,7,レイヌドプランタン,0,20.0,10.0,20.0,20.0,46.0,49.0,46.0,46.0,-15.0,横山琉,素材一致,完全一致,横山琉,横山琉人,一致,◎,◎,,次走・穴帯・運勢,次走・穴帯・運勢,3,3
2026-09-05,札幌,9,202601020509,8,バズアップビート,0,46.0,15.0,24.0,35.0,46.0,49.0,49.0,49.0,-12.0,浜中,素材一致,完全一致,浜中,浜中俊,一致,◎◎,◎◎,,穴帯・運勢,穴帯・運勢,2,2
2026-09-05,札幌,9,202601020509,9,マイネルシンベリン,0,85.0,11.0,25.0,38.0,50.0,53.0,55.0,55.0,-2.0,丹内,素材一致,完全一致,丹内,丹内祐次,一致,○,○,,,,0,0
2026-09-05,札幌,9,202601020509,10,マイネルマスター,0,32.0,13.0,22.0,28.0,48.0,51.0,54.0,54.0,-5.0,北村友,素材一致,前方一致(北村友一),北村友一,北村友一,一致,◎,◎,,次走・運勢,次走・運勢,2,2
2026-09-05,札幌,9,202601020509,11,デルシエロ,0,41.0,5.0,12.0,20.0,48.0,51.0,44.0,44.0,-15.0,斎藤,素材一致,前方一致(斎藤新),斎藤新,斎藤新,一致,×,×,,穴帯,穴帯,1,1
2026-09-05,札幌,9,202601020509,12,コワンニシタガウ,0,43.0,7.0,16.0,26.0,50.0,53.0,71.0,71.0,14.0,池添,素材一致,完全一致,池添,池添謙一,一致,×,×,,次走,次走,1,1
2026-09-05,札幌,9,202601020509,13,エイカイカッシーナ,0,17.0,6.0,6.0,18.0,40.0,43.0,42.0,42.0,-25.0,和田陽,素材一致,前方一致(和田陽希),和田陽希,和田陽希,一致,○,○,,,,0,0
2026-09-05,札幌,9,202601020509,14,サクラアドリア,0,49.0,12.0,14.0,20.0,43.0,46.0,54.0,54.0,-10.0,古川吉,素材一致,前方一致(古川吉洋),古川吉洋,古川吉洋,一致,×,×,,次走・穴帯,次走・穴帯,2,2
2026-09-05,札幌,10,202601020510,1,スイミーユニバンス,0,46.0,15.0,24.0,26.0,52.0,55.0,58.0,58.0,-5.0,浜中,素材一致,完全一致,浜中,浜中俊,一致,◎◎,◎◎,,次走・穴帯・運勢,次走・穴帯・運勢,3,3
2026-09-05,札幌,10,202601020510,2,エルサトアナ,0,17.0,0.0,6.0,12.0,42.0,45.0,58.0,58.0,-15.0,和田陽,素材一致,前方一致(和田陽希),和田陽希,和田陽希,一致,○,○,,,,0,0
2026-09-05,札幌,10,202601020510,3,ニシノラヴァンダ,0,17.0,6.0,6.0,6.0,40.0,43.0,54.0,54.0,-21.0,長浜,素材一致,完全一致,長浜,長浜鴻緒,一致,×,×,,穴帯,穴帯,1,1
2026-09-05,札幌,10,202601020510,4,ブルボンクイーン,0,37.0,0.0,3.0,8.0,48.0,51.0,58.0,58.0,-9.0,吉田隼,素材一致,完全一致,吉田隼,吉田隼人,一致,◎,◎,,穴帯・運勢,穴帯・運勢,2,2
2026-09-05,札幌,10,202601020510,5,レッドスティンガー,0,94.0,7.0,14.0,30.0,58.0,61.0,59.0,59.0,2.0,丹内,素材一致,完全一致,丹内,丹内祐次,一致,○,○,,,,0,0
2026-09-05,札幌,10,202601020510,6,ツルノマイハシ,0,67.0,10.0,16.0,25.0,55.0,58.0,58.0,58.0,-2.0,佐々木,素材一致,完全一致,佐々木,佐々木大輔,一致,×,×,,,,0,0
2026-09-05,札幌,10,202601020510,7,ララバニュルス,0,1.0,0.0,0.0,0.0,51.0,54.0,64.0,64.0,0.0,藤懸,素材一致,完全一致,藤懸,藤懸貴志,一致,○,○,,次走,次走,1,1
2026-09-05,札幌,10,202601020510,8,エスカレイト,0,48.0,6.0,13.0,17.0,46.0,49.0,58.0,58.0,-11.0,斎藤,素材一致,前方一致(斎藤新),斎藤新,斎藤新,一致,×,×,,次走・穴帯,次走・穴帯,2,2
2026-09-05,札幌,10,202601020510,9,スムースベルベット,0,44.0,7.0,14.0,18.0,50.0,53.0,54.0,54.0,-11.0,黛,素材一致,完全一致,黛,黛弘人,一致,○,○,,,,0,0
2026-09-05,札幌,10,202601020510,10,ストレイトアスク,0,31.0,3.0,19.0,23.0,50.0,53.0,59.0,59.0,-6.0,北村友,素材一致,前方一致(北村友一),北村友一,北村友一,一致,◎,◎,,運勢,運勢,1,1
2026-09-05,札幌,10,202601020510,11,ビービーエフォート,0,66.0,15.0,24.0,38.0,55.0,58.0,59.0,59.0,-1.0,鮫島駿,素材一致,完全一致,鮫島駿,鮫島克駿,一致(略記),×,×,,,,0,0
2026-09-05,札幌,10,202601020510,12,ベビーズブレス,0,17.0,0.0,6.0,6.0,48.0,51.0,53.0,53.0,-14.0,荻野琢,素材一致,前方一致(荻野琢真),荻野琢真,荻野琢真,一致,×,×,,,,0,0
2026-09-05,札幌,10,202601020510,13,ブライティアダイヤ,0,36.0,0.0,6.0,6.0,44.0,47.0,58.0,58.0,-13.0,横山琉,素材一致,完全一致,横山琉,横山琉人,一致,◎,◎,,運勢,運勢,1,1
2026-09-05,札幌,10,202601020510,14,ファビュラススター,0,35.0,3.0,17.0,23.0,56.0,59.0,58.0,58.0,-1.0,池添,素材一致,完全一致,池添,池添謙一,一致,×,×,,次走,次走,1,1
2026-09-05,札幌,10,202601020510,15,ビーコング,0,17.0,0.0,0.0,0.0,51.0,54.0,55.0,55.0,-9.0,松本,素材一致,完全一致,松本,松本大輝,一致,◎,◎,,穴帯・運勢,穴帯・運勢,2,2
2026-09-05,札幌,10,202601020510,16,セイプリーズ,0,53.0,4.0,9.0,13.0,51.0,54.0,59.0,59.0,-5.0,古川吉,素材一致,前方一致(古川吉洋),古川吉洋,古川吉洋,一致,×,×,,次走・穴帯,次走・穴帯,2,2
2026-09-05,札幌,11,202601020511,1,テングカゼ,0,1.0,0.0,0.0,0.0,18.0,21.0,51.0,51.0,-32.0,的場,未結合,[不足]_対応表に無い,,的場勇人,,,,,穴帯,穴帯,1,1
2026-09-05,札幌,11,202601020511,2,ショウナンガレオン,0,52.0,8.0,23.0,35.0,52.0,55.0,61.0,61.0,12.0,鮫島駿,素材一致,完全一致,鮫島駿,鮫島克駿,一致(略記),×,×,,,,0,0
2026-09-05,札幌,11,202601020511,3,デザートスピリット,0,47.0,15.0,23.0,34.0,40.0,43.0,62.0,62.0,1.0,横山和,素材一致,完全一致,横山和,横山和生,一致,×,×,,,,0,0
2026-09-05,札幌,11,202601020511,4,コスモハナミズキ,0,49.0,12.0,27.0,39.0,39.0,42.0,62.0,62.0,0.0,佐々木,素材一致,完全一致,佐々木,佐々木大輔,一致,×,×,,次走,次走,1,1
2026-09-05,札幌,11,202601020511,5,ランダムナンバー,0,27.0,0.0,7.0,11.0,29.0,32.0,51.0,51.0,-21.0,古川吉,素材一致,前方一致(古川吉洋),古川吉洋,古川吉洋,一致,×,×,,穴帯,穴帯,1,1
2026-09-05,札幌,11,202601020511,6,ハヤブサカツオー,0,34.0,18.0,26.0,41.0,32.0,35.0,52.0,52.0,-17.0,吉田隼,素材一致,完全一致,吉田隼,吉田隼人,一致,◎,◎,,次走・運勢,次走・運勢,2,2
2026-09-05,札幌,11,202601020511,7,イドム,0,10.0,0.0,20.0,20.0,33.0,36.0,46.0,46.0,-22.0,松本,素材一致,完全一致,松本,松本大輝,一致,◎,◎,,次走・運勢,次走・運勢,2,2
2026-09-05,札幌,11,202601020511,8,テンカタイヘイ,0,82.0,7.0,23.0,37.0,40.0,43.0,53.0,53.0,-8.0,丹内,素材一致,完全一致,丹内,丹内祐次,一致,○,○,,次走,次走,1,1
2026-09-05,札幌,11,202601020511,9,ロゼハイスクール,0,23.0,0.0,13.0,13.0,15.0,18.0,43.0,43.0,-43.0,古川奈,素材一致,前方一致(古川奈穂),古川奈穂,古川奈穂,一致,◎,◎,,穴帯・運勢,穴帯・運勢,2,2
2026-09-05,札幌,12,202601020512,1,クラインシュミット,0,71.0,1.0,3.0,10.0,36.0,39.0,50.0,50.0,-15.0,横山琉,素材一致,完全一致,横山琉,横山琉人,一致,◎,◎,,次走・穴帯・運勢,次走・穴帯・運勢,3,3
2026-09-05,札幌,12,202601020512,2,ライラックデューン,0,121.0,5.0,12.0,17.0,40.0,43.0,51.0,51.0,-10.0,古川吉,素材一致,前方一致(古川吉洋),古川吉洋,古川吉洋,一致,×,×,,次走・穴帯,次走・穴帯,2,2
2026-09-05,札幌,12,202601020512,3,ミルボナー,0,125.0,8.0,18.0,30.0,49.0,52.0,52.0,52.0,0.0,鮫島駿,素材一致,完全一致,鮫島駿,鮫島克駿,一致(略記),×,×,,次走,次走,1,1
2026-09-05,札幌,12,202601020512,4,ララオウ,0,56.0,14.0,25.0,34.0,35.0,38.0,52.0,52.0,-14.0,小林美,素材一致,前方一致(小林美駒),小林美駒,小林美駒,一致,×,×,,穴帯,穴帯,1,1
2026-09-05,札幌,12,202601020512,5,ナムラハリス,0,55.0,9.0,22.0,24.0,40.0,43.0,49.0,49.0,-12.0,浜中,素材一致,完全一致,浜中,浜中俊,一致,◎◎,◎◎,,穴帯・運勢,穴帯・運勢,2,2
2026-09-05,札幌,12,202601020512,6,サウンドルーチェ,0,21.0,19.0,29.0,33.0,43.0,46.0,47.0,47.0,-11.0,河原田,素材一致,前方一致(河原田菜々),河原田菜々,河原田菜々,一致,×,×,,次走,次走,1,1
2026-09-05,札幌,12,202601020512,7,ウィンターガーデン,0,52.0,6.0,12.0,17.0,44.0,47.0,52.0,52.0,-5.0,小沢,素材一致,完全一致,小沢,小沢大仁,一致,◎,◎,,次走・運勢,次走・運勢,2,2
2026-09-05,札幌,12,202601020512,8,ジーティーアリア,0,59.0,17.0,25.0,27.0,45.0,48.0,52.0,52.0,-4.0,北村友,素材一致,前方一致(北村友一),北村友一,北村友一,一致,◎,◎,,運勢,運勢,1,1
2026-09-05,札幌,12,202601020512,9,ローゾフィア,0,55.0,5.0,9.0,13.0,46.0,49.0,63.0,63.0,8.0,荻野琢,素材一致,前方一致(荻野琢真),荻野琢真,荻野琢真,一致,×,×,,,,0,0
2026-09-05,札幌,12,202601020512,10,リピース,0,80.0,3.0,4.0,5.0,36.0,39.0,51.0,51.0,-14.0,古川奈,素材一致,前方一致(古川奈穂),古川奈穂,古川奈穂,一致,◎,◎,,穴帯・運勢,穴帯・運勢,2,2
2026-09-05,札幌,12,202601020512,11,リュミナーズ,0,50.0,6.0,10.0,16.0,40.0,43.0,30.0,30.0,-31.0,長浜,素材一致,完全一致,長浜,長浜鴻緒,一致,×,×,,,,0,0
2026-09-05,札幌,12,202601020512,12,ヴェールミューズ,0,84.0,7.0,14.0,25.0,46.0,49.0,71.0,71.0,16.0,斎藤,素材一致,前方一致(斎藤新),斎藤新,斎藤新,一致,×,×,,,,0,0
2026-09-05,札幌,12,202601020512,13,ピラニアキッス,0,42.0,2.0,7.0,10.0,42.0,45.0,46.0,46.0,-13.0,和田陽,素材一致,前方一致(和田陽希),和田陽希,和田陽希,一致,○,○,,穴帯,穴帯,1,1
2026-09-05,阪神,1,202609040101,1,リアルメッセージ,0,143.0,10.0,20.0,24.0,14.0,17.0,36.0,36.0,-21.0,団野,素材一致,完全一致,団野,団野大成,一致,◎,◎,,穴帯・運勢,穴帯・運勢,2,2
2026-09-05,阪神,1,202609040101,2,ラブシンフォニー,0,194.0,5.0,11.0,16.0,20.0,23.0,36.0,36.0,-15.0,幸,素材一致,完全一致,幸,幸英明,一致,◎◎,◎◎,,次走・穴帯・運勢,次走・穴帯・運勢,3,3
2026-09-05,阪神,1,202609040101,3,ビバームス,0,45.0,2.0,4.0,11.0,21.0,24.0,36.0,36.0,-14.0,田山,別ソース参照候補,前方一致(田山旺祐),田山旺祐,田山旺佑,表記差(ブック=田山旺祐／新聞=田山旺佑),◎,,,運勢,,1,0
2026-09-05,阪神,1,202609040101,4,クリコキアナ,0,22.0,0.0,0.0,0.0,25.0,28.0,37.0,37.0,-9.0,森田,マスタ競合,前方一致(森田誠也),森田誠也,森田誠也,一致,○,,[要確認]_7/4マスタ=天王星－（現週表=木星－）,次走,次走,1,1
2026-09-05,阪神,1,202609040101,5,ベルメサージュ,0,141.0,8.0,18.0,26.0,14.0,17.0,23.0,23.0,-34.0,田口,素材一致,完全一致,田口,田口貫太,一致,△,△,,穴帯,穴帯,1,1
2026-09-05,阪神,1,202609040101,6,グラスクラージュ,0,76.0,1.0,4.0,11.0,14.0,17.0,32.0,32.0,-25.0,富田,素材一致,完全一致,富田,富田暁,一致,◎,◎,,穴帯・運勢,穴帯・運勢,2,2
2026-09-05,阪神,1,202609040101,7,ガヤーズランボー,0,96.0,9.0,15.0,19.0,27.0,30.0,37.0,37.0,-7.0,菱田,素材一致,完全一致,菱田,菱田裕二,一致,◎,◎,,次走・運勢,次走・運勢,2,2
2026-09-05,阪神,1,202609040101,8,スクワミッシュ,0,154.0,14.0,29.0,44.0,31.0,34.0,40.0,40.0,0.0,坂井,素材一致,完全一致,坂井,坂井瑠星,一致,△,△,,,,0,0
2026-09-05,阪神,1,202609040101,9,マルモリマイベスト,0,43.0,2.0,7.0,12.0,28.0,31.0,37.0,37.0,-6.0,泉谷,素材一致,完全一致,泉谷,泉谷楓真,一致,△,△,,次走,次走,1,1
2026-09-05,阪神,1,202609040101,10,キモンミナリッチ,0,64.0,3.0,5.0,9.0,14.0,17.0,23.0,23.0,-34.0,永島,素材一致,前方一致(永島まなみ),永島まなみ,永島まなみ,一致,○,○,,穴帯,穴帯,1,1
2026-09-05,阪神,1,202609040101,11,ベルヴェール,0,103.0,8.0,15.0,23.0,18.0,21.0,37.0,37.0,-16.0,西村淳,素材一致,完全一致,西村淳,西村淳也,一致,◎,◎,,調教・運勢,調教・運勢,2,2
2026-09-05,阪神,2,202609040102,1,コパノマハロ,0,3.0,0.0,0.0,0.0,28.0,31.0,37.0,37.0,-8.0,秋山稔,素材一致,完全一致,秋山稔,秋山稔樹,一致,◎,◎,,調教・運勢,調教・運勢,2,2
2026-09-05,阪神,2,202609040102,2,ティフォシ,0,20.0,15.0,25.0,30.0,34.0,37.0,38.0,38.0,-1.0,Ｍデム,素材一致,前方一致(Mデムーロ),Mデムーロ,Ｍ．デムーロ,一致,◎,◎,,次走・運勢,次走・運勢,2,2
2026-09-05,阪神,2,202609040102,3,デススパイラル,0,98.0,18.0,34.0,39.0,28.0,31.0,38.0,38.0,-7.0,松山,素材一致,完全一致,松山,松山弘平,一致,○,○,,次走,次走,1,1
2026-09-05,阪神,2,202609040102,4,ブックオブケルズ,0,62.0,11.0,21.0,29.0,27.0,30.0,46.0,46.0,0.0,西村淳,素材一致,完全一致,西村淳,西村淳也,一致,◎,◎,,調教・運勢,調教・運勢,2,2
2026-09-05,阪神,2,202609040102,5,ドミナント,0,86.0,15.0,33.0,45.0,26.0,29.0,38.0,38.0,-9.0,坂井,素材一致,完全一致,坂井,坂井瑠星,一致,△,△,,,,0,0
2026-09-05,阪神,3,202609040103,1,レッドフレーザー,0,230.0,16.0,30.0,40.0,37.0,40.0,50.0,50.0,10.0,坂井,素材一致,完全一致,坂井,坂井瑠星,一致,△,△,,次走,次走,1,1
2026-09-05,阪神,3,202609040103,2,カワキタベレッタ,0,64.0,3.0,6.0,13.0,37.0,40.0,35.0,35.0,-5.0,中井,素材一致,完全一致,中井,中井裕二,一致,○,○,,次走・穴帯,次走・穴帯,2,2
2026-09-05,阪神,3,202609040103,3,サラサダンディー,0,104.0,8.0,16.0,22.0,27.0,30.0,35.0,35.0,-15.0,国分恭,素材一致,完全一致,国分恭,国分恭介,一致,○,○,,次走・穴帯,次走・穴帯,2,2
2026-09-05,阪神,3,202609040103,4,ジャスティンゴッホ,0,59.0,8.0,14.0,15.0,32.0,35.0,41.0,41.0,-4.0,田山,別ソース参照候補,前方一致(田山旺祐),田山旺祐,田山旺佑,表記差(ブック=田山旺祐／新聞=田山旺佑),◎,,,調教・運勢,調教,2,1
2026-09-05,阪神,3,202609040103,5,ガロピーネ,0,25.0,0.0,0.0,8.0,14.0,17.0,39.0,39.0,-24.0,森田,マスタ競合,前方一致(森田誠也),森田誠也,森田誠也,一致,○,,[要確認]_7/4マスタ=天王星－（現週表=木星－）,,,0,0
2026-09-05,阪神,3,202609040103,6,ラッキーダイヤ,0,198.0,4.0,10.0,14.0,30.0,33.0,32.0,32.0,-15.0,酒井,素材一致,完全一致,酒井,酒井学,一致,◎,◎,,穴帯・運勢,穴帯・運勢,2,2
2026-09-05,阪神,3,202609040103,7,ドラゴングローリア,0,44.0,0.0,7.0,11.0,25.0,28.0,27.0,27.0,-25.0,亀田,素材一致,完全一致,亀田,亀田温心,一致,×,×,,穴帯,穴帯,1,1
2026-09-05,阪神,3,202609040103,8,デルマタカチホ,0,86.0,5.0,7.0,9.0,22.0,25.0,29.0,29.0,-26.0,永島,素材一致,前方一致(永島まなみ),永島まなみ,永島まなみ,一致,○,○,,穴帯,穴帯,1,1
2026-09-05,阪神,3,202609040103,9,ラミエルノムスコ,0,132.0,9.0,16.0,22.0,36.0,39.0,40.0,40.0,-1.0,吉村,素材一致,完全一致,吉村,吉村誠之助,一致,○,○,,,,0,0
2026-09-05,阪神,3,202609040103,10,スターチューン,0,206.0,7.0,16.0,24.0,32.0,35.0,33.0,33.0,-12.0,団野,素材一致,完全一致,団野,団野大成,一致,◎,◎,,運勢,運勢,1,1
2026-09-05,阪神,3,202609040103,11,レジェルテ,0,149.0,10.0,19.0,32.0,41.0,44.0,41.0,41.0,5.0,西村淳,素材一致,完全一致,西村淳,西村淳也,一致,◎,◎,,次走・運勢,次走・運勢,2,2
2026-09-05,阪神,3,202609040103,12,アルムランプシー,0,27.0,4.0,7.0,7.0,28.0,31.0,40.0,40.0,-9.0,秋山稔,素材一致,完全一致,秋山稔,秋山稔樹,一致,◎,◎,,穴帯・調教・運勢,穴帯・調教・運勢,3,3
2026-09-05,阪神,3,202609040103,13,ロードファイター,0,200.0,5.0,10.0,18.0,30.0,33.0,35.0,35.0,-12.0,松若,素材一致,完全一致,松若,松若風馬,一致,×,×,,次走,次走,1,1
2026-09-05,阪神,4,202609040104,1,ウイングサンライズ,0,154.0,14.0,25.0,36.0,39.0,42.0,43.0,43.0,-3.0,岩田望,素材一致,完全一致,岩田望,岩田望来,一致,×,×,,MB・穴帯,MB・穴帯,2,2
2026-09-05,阪神,4,202609040104,2,ビッグヒーロー,0,92.0,18.0,34.0,50.0,46.0,49.0,48.0,48.0,9.0,川田,素材一致,完全一致,川田,川田将雅,一致,×,×,,,,0,0
2026-09-05,阪神,4,202609040104,3,ルージュソムニウム,0,47.0,2.0,4.0,11.0,37.0,40.0,43.0,43.0,-5.0,富田,素材一致,完全一致,富田,富田暁,一致,◎,◎,,運勢,運勢,1,1
2026-09-05,阪神,4,202609040104,4,メイショウジーニー,0,10.0,0.0,0.0,0.0,37.0,40.0,17.0,17.0,-31.0,川端,素材一致,完全一致,川端,川端海翼,一致,×,×,,,,0,0
2026-09-05,阪神,4,202609040104,5,アステルディーヴァ,0,125.0,14.0,26.0,35.0,47.0,50.0,44.0,44.0,6.0,坂井,素材一致,完全一致,坂井,坂井瑠星,一致,△,△,,MB・次走,MB・次走,2,2
2026-09-05,阪神,4,202609040104,6,メイショウプレマ,0,27.0,0.0,11.0,11.0,36.0,39.0,43.0,43.0,-6.0,太宰,素材一致,完全一致,太宰,太宰啓介,一致,△,△,,穴帯・調教,穴帯・調教,2,2
2026-09-05,阪神,4,202609040104,7,シャロン,0,19.0,0.0,0.0,5.0,38.0,41.0,34.0,34.0,-13.0,泉谷,素材一致,完全一致,泉谷,泉谷楓真,一致,△,△,,,,0,0
2026-09-05,阪神,4,202609040104,8,アリディプラチノ,0,80.0,8.0,9.0,11.0,36.0,39.0,43.0,43.0,-6.0,酒井,素材一致,完全一致,酒井,酒井学,一致,◎,◎,,運勢,運勢,1,1
2026-09-05,阪神,4,202609040104,9,コースタルロード,0,32.0,9.0,13.0,19.0,38.0,41.0,36.0,36.0,-11.0,西塚,素材一致,完全一致,西塚,西塚洸二,一致,×,×,,穴帯,穴帯,1,1
2026-09-05,阪神,4,202609040104,10,エイシンニケ,0,88.0,5.0,17.0,23.0,45.0,48.0,41.0,41.0,1.0,団野,素材一致,完全一致,団野,団野大成,一致,◎,◎,,次走・運勢,次走・運勢,2,2
2026-09-05,阪神,4,202609040104,11,サトノシャッツ,0,59.0,8.0,17.0,25.0,20.0,23.0,43.0,43.0,-22.0,吉村,素材一致,完全一致,吉村,吉村誠之助,一致,○,○,,穴帯・調教,穴帯・調教,2,2
2026-09-05,阪神,4,202609040104,12,バロッカネーラ,0,69.0,7.0,22.0,32.0,41.0,44.0,35.0,35.0,-9.0,西村淳,素材一致,完全一致,西村淳,西村淳也,一致,◎,◎,,運勢,運勢,1,1
2026-09-05,阪神,4,202609040104,13,アステリアート,0,38.0,3.0,8.0,11.0,28.0,31.0,43.0,43.0,-14.0,国分恭,素材一致,完全一致,国分恭,国分恭介,一致,○,○,,,,0,0
2026-09-05,阪神,4,202609040104,14,セイロンブリーズ,0,56.0,13.0,25.0,36.0,39.0,42.0,39.0,39.0,-7.0,Ｍデム,素材一致,前方一致(Mデムーロ),Mデムーロ,Ｍ．デムーロ,一致,◎,◎,,穴帯・調教・運勢,穴帯・調教・運勢,3,3
2026-09-05,阪神,4,202609040104,15,カステッロトゥーレ,0,25.0,0.0,0.0,8.0,41.0,44.0,35.0,35.0,-9.0,田山,別ソース参照候補,前方一致(田山旺祐),田山旺祐,田山旺佑,表記差(ブック=田山旺祐／新聞=田山旺佑),◎,,,次走・穴帯・運勢,次走・穴帯,3,2
2026-09-05,阪神,4,202609040104,16,サーブルディアマン,0,79.0,5.0,13.0,19.0,34.0,37.0,40.0,40.0,-11.0,田口,素材一致,完全一致,田口,田口貫太,一致,△,△,,,,0,0
2026-09-05,阪神,4,202609040104,17,ペアピーターソン,0,92.0,7.0,10.0,17.0,40.0,43.0,49.0,49.0,4.0,松若,素材一致,完全一致,松若,松若風馬,一致,×,×,,次走・調教,次走・調教,2,2
2026-09-05,阪神,4,202609040104,18,ホワイトフレイムス,0,143.0,7.0,19.0,26.0,45.0,48.0,48.0,48.0,8.0,松山,素材一致,完全一致,松山,松山弘平,一致,○,○,,,,0,0
2026-09-05,阪神,5,202609040105,1,メイショウレイナ,0,25.0,0.0,4.0,4.0,15.0,18.0,31.0,31.0,-25.0,永島,素材一致,前方一致(永島まなみ),永島まなみ,永島まなみ,一致,○,○,,穴帯,穴帯,1,1
2026-09-05,阪神,5,202609040105,2,ブロッサムスピア,0,25.0,8.0,16.0,24.0,41.0,44.0,39.0,39.0,9.0,Ｍデム,素材一致,前方一致(Mデムーロ),Mデムーロ,Ｍ．デムーロ,一致,◎,◎,,運勢,運勢,1,1
2026-09-05,阪神,5,202609040105,3,スマートエール,0,21.0,5.0,5.0,14.0,27.0,30.0,40.0,40.0,-4.0,高倉,素材一致,完全一致,高倉,高倉稜,一致,◎,◎,,穴帯・調教・運勢,穴帯・調教・運勢,3,3
2026-09-05,阪神,5,202609040105,4,リンピッド,0,28.0,11.0,11.0,18.0,15.0,18.0,31.0,31.0,-25.0,富田,素材一致,完全一致,富田,富田暁,一致,◎,◎,,穴帯・運勢,穴帯・運勢,2,2
2026-09-05,阪神,5,202609040105,5,レーヴドヒロイン,0,45.0,27.0,42.0,51.0,26.0,29.0,33.0,33.0,-12.0,川田,素材一致,完全一致,川田,川田将雅,一致,×,×,,,,0,0
2026-09-05,阪神,5,202609040105,6,ゴールデンレシオ,0,14.0,14.0,14.0,14.0,35.0,38.0,42.0,42.0,6.0,田山,別ソース参照候補,前方一致(田山旺祐),田山旺祐,田山旺佑,表記差(ブック=田山旺祐／新聞=田山旺佑),◎,,,運勢,,1,0
2026-09-05,阪神,5,202609040105,7,アイボリータワー,0,74.0,5.0,15.0,20.0,17.0,20.0,36.0,36.0,-18.0,松若,素材一致,完全一致,松若,松若風馬,一致,×,×,,穴帯,穴帯,1,1
2026-09-05,阪神,5,202609040105,8,イッソス,0,43.0,5.0,12.0,16.0,38.0,41.0,37.0,37.0,4.0,西村淳,素材一致,完全一致,西村淳,西村淳也,一致,◎,◎,,調教・運勢,調教・運勢,2,2
2026-09-05,阪神,5,202609040105,9,ベルメグスタ,0,79.0,5.0,10.0,22.0,15.0,18.0,36.0,36.0,-20.0,幸,素材一致,完全一致,幸,幸英明,一致,◎◎,◎◎,,穴帯・運勢,穴帯・運勢,2,2
2026-09-05,阪神,5,202609040105,10,ルミナスシェリー,0,33.0,12.0,15.0,21.0,17.0,20.0,32.0,32.0,-22.0,吉村,素材一致,完全一致,吉村,吉村誠之助,一致,○,○,,穴帯,穴帯,1,1
2026-09-05,阪神,5,202609040105,11,ソフィアビルド,0,69.0,12.0,19.0,26.0,22.0,25.0,34.0,34.0,-15.0,坂井,素材一致,完全一致,坂井,坂井瑠星,一致,△,△,,,,0,0
2026-09-05,阪神,5,202609040105,12,トレビスドンナ,0,80.0,13.0,25.0,33.0,25.0,28.0,41.0,41.0,-5.0,松山,素材一致,完全一致,松山,松山弘平,一致,○,○,,,,0,0
2026-09-05,阪神,6,202609040106,1,デザートキャンドル,0,93.0,2.0,8.0,12.0,12.0,15.0,33.0,33.0,-20.0,吉村,素材一致,完全一致,吉村,吉村誠之助,一致,○,○,,穴帯,穴帯,1,1
2026-09-05,阪神,6,202609040106,2,スカイメテオ,0,96.0,9.0,15.0,19.0,13.0,16.0,33.0,33.0,-19.0,菱田,素材一致,完全一致,菱田,菱田裕二,一致,◎,◎,,穴帯・運勢,穴帯・運勢,2,2
2026-09-05,阪神,6,202609040106,3,ムスペルヘイム,0,194.0,5.0,11.0,16.0,22.0,25.0,39.0,39.0,-4.0,幸,素材一致,完全一致,幸,幸英明,一致,◎◎,◎◎,,運勢,運勢,1,1
2026-09-05,阪神,6,202609040106,4,ツーエムマドンナ,0,22.0,0.0,0.0,0.0,10.0,13.0,28.0,28.0,-27.0,森田,マスタ競合,前方一致(森田誠也),森田誠也,森田誠也,一致,○,,[要確認]_7/4マスタ=天王星－（現週表=木星－）,,,0,0
2026-09-05,阪神,6,202609040106,5,ウルスチャージ,0,141.0,8.0,18.0,26.0,11.0,14.0,33.0,33.0,-21.0,田口,素材一致,完全一致,田口,田口貫太,一致,△,△,,,,0,0
2026-09-05,阪神,6,202609040106,6,テムタワーボス,0,154.0,6.0,9.0,14.0,10.0,13.0,30.0,30.0,-25.0,酒井,素材一致,完全一致,酒井,酒井学,一致,◎,◎,,穴帯・運勢,穴帯・運勢,2,2
2026-09-05,阪神,6,202609040106,7,サイトゥン,0,103.0,8.0,15.0,23.0,21.0,24.0,34.0,34.0,-10.0,西村淳,素材一致,完全一致,西村淳,西村淳也,一致,◎,◎,,運勢,運勢,1,1
2026-09-05,阪神,6,202609040106,8,オメガダフネ,0,154.0,14.0,29.0,44.0,23.0,26.0,36.0,36.0,-6.0,坂井,素材一致,完全一致,坂井,坂井瑠星,一致,△,△,,,,0,0
2026-09-05,阪神,6,202609040106,9,ツトム,0,144.0,5.0,11.0,16.0,21.0,24.0,34.0,34.0,-10.0,松若,素材一致,完全一致,松若,松若風馬,一致,×,×,,穴帯,穴帯,1,1
2026-09-05,阪神,6,202609040106,10,アンジェリカ,0,102.0,0.0,5.0,8.0,10.0,13.0,28.0,28.0,-27.0,国分優,素材一致,完全一致,国分優,国分優作,一致,○,○,,穴帯,穴帯,1,1
2026-09-05,阪神,6,202609040106,11,サンライズモロヘイ,0,216.0,10.0,18.0,26.0,39.0,42.0,34.0,34.0,8.0,岩田望,素材一致,完全一致,岩田望,岩田望来,一致,×,×,,,,0,0
2026-09-05,阪神,6,202609040106,12,ウブラヴ,0,79.0,1.0,5.0,9.0,10.0,13.0,31.0,31.0,-24.0,川須,素材一致,完全一致,川須,川須栄彦,一致,◎,◎,,穴帯・運勢,穴帯・運勢,2,2
2026-09-05,阪神,6,202609040106,13,ナリタライズ,0,45.0,2.0,4.0,11.0,34.0,37.0,37.0,37.0,6.0,田山,別ソース参照候補,前方一致(田山旺祐),田山旺祐,田山旺佑,表記差(ブック=田山旺祐／新聞=田山旺佑),◎,,,調教・運勢,調教,2,1
2026-09-05,阪神,7,202609040107,1,レオナルドスター,0,4.0,0.0,0.0,0.0,36.0,39.0,28.0,28.0,-43.0,森田,マスタ競合,前方一致(森田誠也),森田誠也,森田誠也,一致,○,,[要確認]_7/4マスタ=天王星－（現週表=木星－）,,,0,0
2026-09-05,阪神,7,202609040107,2,モルティフレーバー,0,53.0,11.0,19.0,28.0,50.0,53.0,55.0,55.0,-2.0,松山,素材一致,完全一致,松山,松山弘平,一致,○,○,,次走,次走,1,1
2026-09-05,阪神,7,202609040107,3,ラブカムーン,0,9.0,0.0,0.0,0.0,42.0,45.0,39.0,39.0,-26.0,中井,素材一致,完全一致,中井,中井裕二,一致,○,○,,,,0,0
2026-09-05,阪神,7,202609040107,4,ムーンリットアイル,0,33.0,9.0,15.0,27.0,46.0,49.0,55.0,55.0,-6.0,西村淳,素材一致,完全一致,西村淳,西村淳也,一致,◎,◎,,調教・運勢,調教・運勢,2,2
2026-09-05,阪神,7,202609040107,5,ニシノトリビュート,0,12.0,0.0,8.0,8.0,48.0,51.0,55.0,55.0,-4.0,田山,別ソース参照候補,前方一致(田山旺祐),田山旺祐,田山旺佑,表記差(ブック=田山旺祐／新聞=田山旺佑),◎,,,運勢,,1,0
2026-09-05,阪神,7,202609040107,6,ワイドシュテルケ,0,25.0,12.0,12.0,20.0,39.0,42.0,60.0,60.0,-8.0,吉村,素材一致,完全一致,吉村,吉村誠之助,一致,○,○,,,,0,0
2026-09-05,阪神,7,202609040107,7,ベルファスト,0,49.0,2.0,8.0,10.0,48.0,51.0,56.0,56.0,-3.0,松若,素材一致,完全一致,松若,松若風馬,一致,×,×,,,,0,0
2026-09-05,阪神,7,202609040107,8,アウクソー,0,6.0,0.0,0.0,0.0,45.0,48.0,54.0,54.0,-8.0,秋山稔,素材一致,完全一致,秋山稔,秋山稔樹,一致,◎,◎,,穴帯・運勢,穴帯・運勢,2,2
2026-09-05,阪神,7,202609040107,9,クールフラン,0,1.0,0.0,0.0,0.0,35.0,38.0,48.0,48.0,-24.0,川端,素材一致,完全一致,川端,川端海翼,一致,×,×,,穴帯・調教,穴帯・調教,2,2
2026-09-05,阪神,7,202609040107,10,モズイージス,0,11.0,0.0,0.0,0.0,34.0,37.0,49.0,49.0,-24.0,永島,素材一致,前方一致(永島まなみ),永島まなみ,永島まなみ,一致,○,○,,穴帯・調教,穴帯・調教,2,2
2026-09-05,阪神,7,202609040107,11,モズレイラココナ,0,46.0,11.0,20.0,28.0,33.0,36.0,54.0,54.0,-20.0,幸,素材一致,完全一致,幸,幸英明,一致,◎◎,◎◎,,穴帯・調教・運勢,穴帯・調教・運勢,3,3
2026-09-05,阪神,7,202609040107,12,エコロヴァイス,0,10.0,0.0,10.0,20.0,25.0,28.0,46.0,46.0,-36.0,西塚,素材一致,完全一致,西塚,西塚洸二,一致,×,×,,穴帯・調教,穴帯・調教,2,2
2026-09-05,阪神,7,202609040107,13,メイショウヤマモモ,0,11.0,0.0,0.0,9.0,30.0,33.0,40.0,40.0,-37.0,長岡,素材一致,前方一致(長岡禎),長岡禎,長岡禎仁,一致,○,○,,,,0,0
2026-09-05,阪神,7,202609040107,14,マーゴットミスト,0,34.0,3.0,9.0,9.0,42.0,45.0,59.0,59.0,-6.0,田口,素材一致,完全一致,田口,田口貫太,一致,△,△,,穴帯,穴帯,1,1
2026-09-05,阪神,7,202609040107,15,フェゲフォイア,0,27.0,0.0,7.0,22.0,35.0,38.0,52.0,52.0,-20.0,菱田,素材一致,完全一致,菱田,菱田裕二,一致,◎,◎,,運勢,運勢,1,1
2026-09-05,阪神,7,202609040107,16,フロムレイブン,0,58.0,17.0,26.0,43.0,51.0,54.0,55.0,55.0,-1.0,岩田望,素材一致,完全一致,岩田望,岩田望来,一致,×,×,,調教,調教,1,1
2026-09-05,阪神,8,202609040108,1,キッコベッロ,0,68.0,28.0,49.0,71.0,49.0,52.0,55.0,55.0,-3.0,川田,素材一致,完全一致,川田,川田将雅,一致,×,×,,MB・調教,MB・調教,2,2
2026-09-05,阪神,8,202609040108,2,ウインヘリオドール,0,20.0,15.0,15.0,20.0,43.0,46.0,54.0,54.0,-10.0,国分恭,素材一致,完全一致,国分恭,国分恭介,一致,○,○,,穴帯・調教,穴帯・調教,2,2
2026-09-05,阪神,8,202609040108,3,サンダーバード,0,94.0,6.0,26.0,38.0,49.0,52.0,55.0,55.0,-3.0,岩田望,素材一致,完全一致,岩田望,岩田望来,一致,×,×,,,,0,0
2026-09-05,阪神,8,202609040108,4,ダンツウルス,0,44.0,5.0,9.0,18.0,49.0,52.0,59.0,59.0,1.0,田口,素材一致,完全一致,田口,田口貫太,一致,△,△,,次走・調教,次走・調教,2,2
2026-09-05,阪神,8,202609040108,5,メイショウアゴナス,0,10.0,0.0,0.0,0.0,50.0,53.0,59.0,59.0,2.0,森田,マスタ競合,前方一致(森田誠也),森田誠也,森田誠也,一致,○,,[要確認]_7/4マスタ=天王星－（現週表=木星－）,次走・調教,次走・調教,2,2
2026-09-05,阪神,8,202609040108,6,ピースヒロフェイス,0,4.0,0.0,0.0,0.0,40.0,43.0,46.0,46.0,-21.0,中井,素材一致,完全一致,中井,中井裕二,一致,○,○,,穴帯,穴帯,1,1
2026-09-05,阪神,8,202609040108,7,シュプリームレルム,0,83.0,14.0,28.0,45.0,48.0,51.0,55.0,55.0,-4.0,坂井,素材一致,完全一致,坂井,坂井瑠星,一致,△,△,,調教,調教,1,1
2026-09-05,阪神,8,202609040108,8,オモイヲノセテ,0,98.0,4.0,7.0,12.0,52.0,55.0,49.0,49.0,-6.0,幸,素材一致,完全一致,幸,幸英明,一致,◎◎,◎◎,,次走・穴帯・調教・運勢,次走・穴帯・調教・運勢,4,4
2026-09-05,阪神,8,202609040108,9,アグレイビューティ,0,27.0,4.0,11.0,15.0,54.0,57.0,53.0,53.0,0.0,富田,素材一致,完全一致,富田,富田暁,一致,◎,◎,,次走・運勢,次走・運勢,2,2
2026-09-05,阪神,9,202609040109,1,ストラーダ,0,118.0,7.0,15.0,25.0,42.0,45.0,54.0,54.0,-19.0,富田,素材一致,完全一致,富田,富田暁,一致,◎,◎,,穴帯・調教・運勢,穴帯・調教・運勢,3,3
2026-09-05,阪神,9,202609040109,2,ジャイアンバローズ,0,300.0,16.0,32.0,43.0,58.0,61.0,59.0,59.0,2.0,岩田望,素材一致,完全一致,岩田望,岩田望来,一致,×,×,,次走,次走,1,1
2026-09-05,阪神,9,202609040109,3,ジーニアスバローズ,0,200.0,5.0,10.0,18.0,43.0,46.0,48.0,48.0,-24.0,松若,素材一致,完全一致,松若,松若風馬,一致,×,×,,穴帯,穴帯,1,1
2026-09-05,阪神,9,202609040109,4,キングロコマイカイ,0,206.0,7.0,16.0,24.0,42.0,45.0,56.0,56.0,-17.0,団野,素材一致,完全一致,団野,団野大成,一致,◎,◎,,穴帯・運勢,穴帯・運勢,2,2
2026-09-05,阪神,9,202609040109,5,ソニックステップ,0,149.0,10.0,19.0,32.0,53.0,56.0,62.0,62.0,0.0,西村淳,素材一致,完全一致,西村淳,西村淳也,一致,◎,◎,,調教・運勢,調教・運勢,2,2
2026-09-05,阪神,9,202609040109,6,システマソラー,0,119.0,27.0,43.0,61.0,59.0,62.0,59.0,59.0,3.0,川田,素材一致,完全一致,川田,川田将雅,一致,×,×,,,,0,0
2026-09-05,阪神,9,202609040109,7,ショーダンサー,0,131.0,5.0,6.0,11.0,49.0,52.0,59.0,59.0,-7.0,国分優,素材一致,完全一致,国分優,国分優作,一致,○,○,,MB・UL,MB・UL,2,2
2026-09-05,阪神,9,202609040109,8,クロノスバレット,0,269.0,19.0,36.0,46.0,51.0,54.0,59.0,59.0,-5.0,松山,素材一致,完全一致,松山,松山弘平,一致,○,○,,次走,次走,1,1
2026-09-05,阪神,9,202609040109,9,リヒトミューレ,0,132.0,9.0,16.0,22.0,50.0,53.0,63.0,63.0,-2.0,吉村,素材一致,完全一致,吉村,吉村誠之助,一致,○,○,,次走,次走,1,1
2026-09-05,阪神,9,202609040109,10,シュヴァルツリーベ,0,59.0,8.0,14.0,15.0,49.0,52.0,58.0,58.0,-8.0,田山,別ソース参照候補,前方一致(田山旺祐),田山旺祐,田山旺佑,表記差(ブック=田山旺祐／新聞=田山旺佑),◎,,,UL・次走・穴帯・運勢,UL・次走・穴帯,4,3
2026-09-05,阪神,9,202609040109,11,テイエムパイロット,0,32.0,6.0,9.0,9.0,45.0,48.0,59.0,59.0,-11.0,柴田裕,素材一致,前方一致(柴田裕一郎),柴田裕一郎,柴田裕一郎,一致,○,○,,穴帯・調教,穴帯・調教,2,2
2026-09-05,阪神,10,202609040110,1,オールセインツ,0,22.0,9.0,9.0,9.0,56.0,59.0,63.0,63.0,-4.0,富田,素材一致,完全一致,富田,富田暁,一致,◎,◎,,運勢,運勢,1,1
2026-09-05,阪神,10,202609040110,2,エイカイマッケンロ,0,3.0,0.0,0.0,0.0,51.0,54.0,54.0,54.0,-18.0,中井,素材一致,完全一致,中井,中井裕二,一致,○,○,,穴帯,穴帯,1,1
2026-09-05,阪神,10,202609040110,3,コルレオニス,0,20.0,15.0,25.0,30.0,56.0,59.0,67.0,67.0,0.0,Ｍデム,素材一致,前方一致(Mデムーロ),Mデムーロ,Ｍ．デムーロ,一致,◎,◎,,運勢,運勢,1,1
2026-09-05,阪神,10,202609040110,4,テーオーダグラス,0,43.0,14.0,21.0,30.0,53.0,56.0,62.0,62.0,-8.0,横山典,素材一致,完全一致,横山典,横山典弘,一致,◎◎,◎◎,,次走・調教・運勢,次走・調教・運勢,3,3
2026-09-05,阪神,10,202609040110,5,シンゼンカガ,0,81.0,7.0,17.0,23.0,54.0,57.0,64.0,64.0,-5.0,団野,素材一致,完全一致,団野,団野大成,一致,◎,◎,,運勢,運勢,1,1
2026-09-05,阪神,10,202609040110,6,レディーミコノス,0,18.0,0.0,0.0,0.0,52.0,55.0,63.0,63.0,-8.0,田山,別ソース参照候補,前方一致(田山旺祐),田山旺祐,田山旺佑,表記差(ブック=田山旺祐／新聞=田山旺佑),◎,,,運勢,,1,0
2026-09-05,阪神,10,202609040110,7,サウンドムーブ,0,74.0,22.0,45.0,64.0,63.0,66.0,63.0,63.0,3.0,川田,素材一致,完全一致,川田,川田将雅,一致,×,×,,,,0,0
2026-09-05,阪神,11,202609040111,1,タイセイブレイズ,0,60.0,7.0,12.0,22.0,51.0,54.0,47.0,47.0,-39.0,国分恭,素材一致,完全一致,国分恭,国分恭介,一致,○,○,,穴帯,穴帯,1,1
2026-09-05,阪神,11,202609040111,2,ノーブルロジャー,0,216.0,10.0,18.0,26.0,58.0,61.0,70.0,70.0,-9.0,岩田望,素材一致,完全一致,岩田望,岩田望来,一致,×,×,,次走,次走,1,1
2026-09-05,阪神,11,202609040111,3,フェルヴェンテ,0,26.0,0.0,15.0,15.0,57.0,60.0,66.0,66.0,-14.0,秋山稔,素材一致,完全一致,秋山稔,秋山稔樹,一致,◎,◎,,穴帯・運勢,穴帯・運勢,2,2
2026-09-05,阪神,11,202609040111,4,ゴッドブルービー,0,187.0,17.0,28.0,39.0,63.0,66.0,70.0,70.0,-4.0,松山,素材一致,完全一致,松山,松山弘平,一致,○,○,,次走・調教,次走・調教,2,2
2026-09-05,阪神,11,202609040111,5,マニバドラ,0,103.0,8.0,15.0,23.0,53.0,56.0,70.0,70.0,-14.0,西村淳,素材一致,完全一致,西村淳,西村淳也,一致,◎,◎,,穴帯・調教・運勢,穴帯・調教・運勢,3,3
2026-09-05,阪神,11,202609040111,6,ペイシャケイプ,0,49.0,10.0,18.0,35.0,64.0,67.0,70.0,70.0,-3.0,横山典,素材一致,完全一致,横山典,横山典弘,一致,◎◎,◎◎,,調教・運勢,調教・運勢,2,2
2026-09-05,阪神,11,202609040111,7,グランキングオー,0,194.0,5.0,11.0,16.0,64.0,67.0,66.0,66.0,-7.0,幸,素材一致,完全一致,幸,幸英明,一致,◎◎,◎◎,,MB・UL・次走・運勢,MB・UL・次走・運勢,4,4
2026-09-05,阪神,11,202609040111,8,トリリオンボーイ,0,36.0,3.0,3.0,6.0,58.0,61.0,59.0,59.0,-20.0,中井,素材一致,完全一致,中井,中井裕二,一致,○,○,,次走・穴帯・調教,次走・穴帯・調教,3,3
2026-09-05,阪神,11,202609040111,9,エスカル,0,93.0,2.0,8.0,12.0,48.0,51.0,69.0,69.0,-20.0,吉村,素材一致,完全一致,吉村,吉村誠之助,一致,○,○,,穴帯,穴帯,1,1
2026-09-05,阪神,11,202609040111,10,ルークススペイ,0,85.0,35.0,46.0,62.0,61.0,64.0,70.0,70.0,-6.0,川田,素材一致,完全一致,川田,川田将雅,一致,×,×,,,,0,0
2026-09-05,阪神,11,202609040111,11,リジル,0,143.0,10.0,20.0,24.0,58.0,61.0,70.0,70.0,-9.0,団野,素材一致,完全一致,団野,団野大成,一致,◎,◎,,調教・運勢,調教・運勢,2,2
2026-09-05,阪神,11,202609040111,12,ムイ,0,76.0,1.0,4.0,11.0,45.0,48.0,69.0,69.0,-23.0,富田,素材一致,完全一致,富田,富田暁,一致,◎,◎,,穴帯・運勢,穴帯・運勢,2,2
2026-09-05,阪神,12,202609040112,1,リーガルスプレンダ,0,20.0,0.0,0.0,0.0,30.0,33.0,51.0,51.0,-20.0,加藤,素材一致,前方一致(加藤祥),加藤祥,加藤祥太,一致,○,○,,穴帯・調教,穴帯・調教,2,2
2026-09-05,阪神,12,202609040112,2,エイシンマールス,0,187.0,17.0,28.0,39.0,46.0,49.0,52.0,52.0,-3.0,松山,素材一致,完全一致,松山,松山弘平,一致,○,○,,,,0,0
2026-09-05,阪神,12,202609040112,3,アーディアイリ,0,45.0,2.0,4.0,11.0,38.0,41.0,40.0,40.0,-23.0,田山,別ソース参照候補,前方一致(田山旺祐),田山旺祐,田山旺佑,表記差(ブック=田山旺祐／新聞=田山旺佑),◎,,,穴帯・運勢,穴帯,2,1
2026-09-05,阪神,12,202609040112,4,フィアーブル,0,93.0,2.0,8.0,12.0,42.0,45.0,52.0,52.0,-7.0,吉村,素材一致,完全一致,吉村,吉村誠之助,一致,○,○,,次走・穴帯,次走・穴帯,2,2
2026-09-05,阪神,12,202609040112,5,クリノセーラーマン,0,141.0,8.0,18.0,26.0,35.0,38.0,51.0,51.0,-15.0,田口,素材一致,完全一致,田口,田口貫太,一致,△,△,,穴帯,穴帯,1,1
2026-09-05,阪神,12,202609040112,6,ロイヤルテール,0,77.0,6.0,19.0,31.0,35.0,38.0,46.0,46.0,-20.0,高杉,素材一致,完全一致,高杉,高杉吏麒,一致,△,△,,次走・穴帯,次走・穴帯,2,2
2026-09-05,阪神,12,202609040112,7,ディーエストッキー,0,194.0,5.0,11.0,16.0,42.0,45.0,51.0,51.0,-8.0,幸,素材一致,完全一致,幸,幸英明,一致,◎◎,◎◎,,次走・運勢,次走・運勢,2,2
2026-09-05,阪神,12,202609040112,8,ハグレジョー,0,96.0,9.0,15.0,19.0,54.0,57.0,52.0,52.0,5.0,菱田,素材一致,完全一致,菱田,菱田裕二,一致,◎,◎,,調教・運勢,調教・運勢,2,2
2026-09-05,阪神,12,202609040112,9,モズプリフォール,0,154.0,14.0,29.0,44.0,40.0,43.0,51.0,51.0,-10.0,坂井,素材一致,完全一致,坂井,坂井瑠星,一致,△,△,,,,0,0
2026-09-05,阪神,12,202609040112,10,アーリントンロウ,0,103.0,8.0,15.0,23.0,42.0,45.0,54.0,54.0,-5.0,西村淳,素材一致,完全一致,西村淳,西村淳也,一致,◎,◎,,調教・運勢,調教・運勢,2,2
2026-09-05,阪神,12,202609040112,11,エンヴェロップ,0,144.0,5.0,11.0,16.0,40.0,43.0,49.0,49.0,-12.0,松若,素材一致,完全一致,松若,松若風馬,一致,×,×,,穴帯,穴帯,1,1
2026-09-05,阪神,12,202609040112,12,エイシンティザー,0,216.0,10.0,18.0,26.0,51.0,54.0,56.0,56.0,6.0,岩田望,素材一致,完全一致,岩田望,岩田望来,一致,×,×,,調教,調教,1,1
