col_no,column,json_key,usage
1,日付,—,主キー(対象日)
2,開催場,—,主キー(場)
3,R,—,主キー(R)
4,race_id,—,主キー
5,racekey,—,未取込(JRDB racekeyは当方主キーに不使用)
6,発走,—,未取込
7,番組表示,—,未取込
8,馬番,—,主キー
9,馬名,—,突合のみ(結合キーにしない)
10,騎手,—,v4: 運勢の氏名整合検査にのみ使用(結合はnetkeiba略記→現週ブック)
11,基準オッズ,—,未取込
12,人気,—,未取込
13,ラップ適性,lap_tekisei,統合JSONのみ(複合・⑭・⑥・⑨の機械可読出力の入力に未使用)
14,ラップキャラ,lap_chara,統合JSONのみ(複合・⑭・⑥・⑨の機械可読出力の入力に未使用)
15,SAV,SAV,統合JSONのみ(複合・⑭・⑥・⑨の機械可読出力の入力に未使用)
16,信頼度,sinrai,統合JSON・複合の参考列(印にしない)
17,妙味度,myoumi,統合JSON・複合の参考列(印にしない)
18,展開順位,tenkai,統合JSONのみ(複合・⑭・⑥・⑨の機械可読出力の入力に未使用)
19,ST指数,st_idx,統合JSON・複合の参考列 st_idx(＝IDM+3。印にしない)
20,仕上指数,shiage,統合JSONのみ(複合・⑭・⑥・⑨の機械可読出力の入力に未使用)
21,合計値,total,統合JSONのみ(IDM+3+調教指数−C_r の再表現。独立票にしない)
22,合計値順位,total_rank,統合JSONのみ(複合・⑭・⑥・⑨の機械可読出力の入力に未使用)
23,出遅率,deokure,統合JSONのみ(複合・⑭・⑥・⑨の機械可読出力の入力に未使用)
24,先行力,senko,統合JSONのみ(複合・⑭・⑥・⑨の機械可読出力の入力に未使用)
25,追走力,tsuiso,統合JSONのみ(複合・⑭・⑥・⑨の機械可読出力の入力に未使用)
26,持久力,jikyu,統合JSONのみ(複合・⑭・⑥・⑨の機械可読出力の入力に未使用)
27,持続力,jizoku,統合JSONのみ(複合・⑭・⑥・⑨の機械可読出力の入力に未使用)
28,瞬発力,shunpatsu,統合JSONのみ(複合・⑭・⑥・⑨の機械可読出力の入力に未使用)
29,前3F順位,zen3f_rank,統合JSONのみ(複合・⑭・⑥・⑨の機械可読出力の入力に未使用)
30,前3F差,zen3f_diff,統合JSONのみ(複合・⑭・⑥・⑨の機械可読出力の入力に未使用)
31,前3F内外,zen3f_pos,統合JSONのみ(複合・⑭・⑥・⑨の機械可読出力の入力に未使用)
32,勝負所順位,shobu_rank,統合JSONのみ(複合・⑭・⑥・⑨の機械可読出力の入力に未使用)
33,勝負所差,shobu_diff,統合JSONのみ(複合・⑭・⑥・⑨の機械可読出力の入力に未使用)
34,勝負所内外,shobu_pos,統合JSONのみ(複合・⑭・⑥・⑨の機械可読出力の入力に未使用)
35,G前順位,gmae_rank,統合JSONのみ(複合・⑭・⑥・⑨の機械可読出力の入力に未使用)
36,G前差,gmae_diff,統合JSONのみ(複合・⑭・⑥・⑨の機械可読出力の入力に未使用)
37,G前内外,gmae_pos,統合JSONのみ(複合・⑭・⑥・⑨の機械可読出力の入力に未使用)
38,斤量,—,未取込
39,騎手タイプ,jk_type,統合JSONのみ(複合・⑭・⑥・⑨の機械可読出力の入力に未使用)
40,騎手指数,jk_idx,統合JSONのみ(複合・⑭・⑥・⑨の機械可読出力の入力に未使用)
41,騎手コメント,jk_comment,統合JSONのみ(複合・⑭・⑥・⑨の機械可読出力の入力に未使用)
42,当該コース騎手総数,jk_course_n,統合JSONのみ(複合・⑭・⑥・⑨の機械可読出力の入力に未使用)
43,当該コース騎手勝率,jk_course_win,統合JSONのみ(複合・⑭・⑥・⑨の機械可読出力の入力に未使用)
44,当該コース騎手連対率,jk_course_ren,統合JSONのみ(複合・⑭・⑥・⑨の機械可読出力の入力に未使用)
45,当該コース騎手複勝率,jk_course_fuku,統合JSONのみ(複合・⑭・⑥・⑨の機械可読出力の入力に未使用)
46,厩舎,trainer_full,統合JSONのみ(複合・⑭・⑥・⑨の機械可読出力の入力に未使用)
47,最近放牧先,houboku,統合JSONのみ(複合・⑭・⑥・⑨の機械可読出力の入力に未使用)
48,何走目,nanso,統合JSONのみ(複合・⑭・⑥・⑨の機械可読出力の入力に未使用)
49,厩舎外厩総数,gaikyu_n,統合JSONのみ(複合・⑭・⑥・⑨の機械可読出力の入力に未使用)
50,厩舎外厩勝率,gaikyu_win,統合JSONのみ(複合・⑭・⑥・⑨の機械可読出力の入力に未使用)
51,厩舎外厩連対率,gaikyu_ren,統合JSONのみ(複合・⑭・⑥・⑨の機械可読出力の入力に未使用)
52,厩舎外厩複勝率,gaikyu_fuku,統合JSONのみ(複合・⑭・⑥・⑨の機械可読出力の入力に未使用)
53,馬外厩総数,uma_gaikyu_n,統合JSONのみ(複合・⑭・⑥・⑨の機械可読出力の入力に未使用)
54,馬外厩勝率,—,未取込
55,馬外厩連対率,—,未取込
56,馬外厩複勝率,uma_gaikyu_fuku,統合JSONのみ(複合・⑭・⑥・⑨の機械可読出力の入力に未使用)
57,性,—,未取込
58,齢,—,未取込
59,前肢,—,未取込
60,後肢,—,未取込
61,蹄,hizume,統合JSONのみ(複合・⑭・⑥・⑨の機械可読出力の入力に未使用)
62,重適性,omo_tekisei,統合JSONのみ(複合・⑭・⑥・⑨の機械可読出力の入力に未使用)
63,特記1,tokki[],統合JSONのみ(複合・⑭・⑥・⑨の機械可読出力の入力に未使用)
64,特記2,tokki[],統合JSONのみ(複合・⑭・⑥・⑨の機械可読出力の入力に未使用)
65,特記3,tokki[],統合JSONのみ(複合・⑭・⑥・⑨の機械可読出力の入力に未使用)
66,父馬名,—,未取込
67,血統総数,sire_n,統合JSONのみ(複合・⑭・⑥・⑨の機械可読出力の入力に未使用)
68,血統勝率,sire_win,統合JSONのみ(複合・⑭・⑥・⑨の機械可読出力の入力に未使用)
69,血統連対率,sire_ren,統合JSONのみ(複合・⑭・⑥・⑨の機械可読出力の入力に未使用)
70,血統複勝率,sire_fuku,統合JSONのみ(複合・⑭・⑥・⑨の機械可読出力の入力に未使用)
71,1週前追切,isshu_oikiri,統合JSONのみ(複合・⑭・⑥・⑨の機械可読出力の入力に未使用)
72,最終追切,saishu_oikiri,統合JSON・複合の参考列 shinbun_oikiri(印にしない)
73,調教指数,chokyo_idx,統合JSON・複合の参考列 shinbun_chokyo_idx(印にしない)
74,調教パターン,chokyo_pattern,統合JSONのみ(複合・⑭・⑥・⑨の機械可読出力の入力に未使用)
75,source_url,—,取得メタ(当方付与)
76,source_status,—,取得メタ(当方付与)
77,出走状態,—,取得メタ(当方付与)
78,取得日時UTC,—,取得メタ(当方付与)
79,欠損注記,—,取得メタ(当方付与)
