場所,コース,回り,年月日,曜日,時刻,馬名,Ｃ,性別,年齢,収得賞金,調教師,10F,9F,8F,7F,6F,5F,4F,3F,2F,1F,Lap9,Lap8,Lap7,Lap6,Lap5,Lap4,Lap3,Lap2,Lap1,血統登録番号,日付S,所属,種牡馬名,母名,現馬主名,生産者名,関連データ,馬番/仮番(出馬表モード時のみ)
栗東,C,左,20260809,日,3:58,アグレイビューティ,,牝,3,400,上村洋行,,143.1,123.6,104.3,86.6,70.0,54.5,39.2,24.9,12.4,19.5,19.3,17.7,16.6,15.5,15.3,14.3,12.5,12.4,2023103676,2026.8.9,栗東,コントレイル,アレイヴィングビューティ,G1レーシング,追分ファーム,,
栗東,C,左,20260809,日,3:58,ヤンキーバローズ,,牡,4,2450,上村洋行,,145.2,125.0,104.3,85.7,69.6,54.1,38.6,24.5,12.2,20.2,20.7,18.6,16.1,15.5,15.5,14.1,12.3,12.2,2022103051,2026.8.9,栗東,エピファネイア,キャンディバローズ,猪熊広次,富田牧場,,
栗東,C,左,20260809,日,3:58,ルクスアルカード,,牡,2,未出走,上村洋行,,142.4,123.0,104.0,86.2,69.7,54.4,39.2,24.9,12.4,19.4,19.0,17.8,16.5,15.3,15.2,14.3,12.5,12.4,2024104510,2026.8.9,栗東,キズナ,カシシ,ルクス,静内山田牧場,,
栗東,C,左,20260809,日,3:59,パンサーズ,,牡,3,0,今野貞一,,131.5,112.6,94.2,78.6,65.2,51.5,36.8,23.4,11.7,18.9,18.4,15.6,13.4,13.7,14.7,13.4,11.7,11.7,2023104325,2026.8.9,栗東,ダノンプレミアム,タガノフラッデル,宇治田原優駿ステーブル,新冠タガノファーム,,
栗東,C,左,20260809,日,4:00,オースミサイファー,,牡,3,0,宮本博,,,,,,80.8,60.2,41.9,25.5,12.2,,,,,20.6,18.3,16.4,13.3,12.2,2023105634,2026.8.9,栗東,タワーオブロンドン,ナリタスカイ,オースミ,白井牧場,,
栗東,C,左,20260809,日,4:00,ティンクルピクシー,,牝,2,未出走,宮本博,,,,,,79.0,59.1,41.2,25.2,12.3,,,,,19.9,17.9,16.0,12.9,12.3,2024103560,2026.8.9,栗東,アニマルキングダム,マリスドランジュ,ノースヒルズ,平山牧場,,
栗東,C,左,20260809,日,4:00,パラフローラ,,牝,3,0,今野貞一,,,,,,78.0,58.6,39.9,24.7,12.0,,,,,19.4,18.7,15.2,12.7,12.0,2023105646,2026.8.9,栗東,ブリックスアンドモルタル,パラフレーズ,水上千歳,笠松牧場,,
栗東,C,左,20260809,日,4:01,フライングブレード,,牡,6,1500,飯田祐史,,161.8,137.0,113.7,92.7,74.5,56.8,39.7,24.3,12.0,24.8,23.3,21.0,18.2,17.7,17.1,15.4,12.3,12.0,2020100906,2026.8.9,栗東,ビッグアーサー,ルプス,中辻明,バンブー牧場,,
栗東,C,左,20260809,日,4:02,シンゼンコジロウ,,牡,3,0,飯田祐史,,165.5,145.1,124.8,104.3,83.1,61.6,41.8,24.8,12.5,20.4,20.3,20.5,21.2,21.5,19.8,17.0,12.3,12.5,2023107480,2026.8.9,栗東,サンダースノー,ポラリス,原司郎,大作ステーブル,,
栗東,C,左,20260809,日,4:03,アモロロプーロ,,牡,2,未出走,高橋康之,,152.9,132.6,112.0,92.7,74.3,56.7,39.6,24.3,11.7,20.3,20.6,19.3,18.4,17.6,17.1,15.3,12.6,11.7,2024101492,2026.8.9,栗東,ゴールドシップ,ジオパーククイーン,福盛訓之,様似共栄牧場,,
栗東,C,左,20260809,日,4:03,オモイヲノセテ,,牝,3,400,高橋義忠,,146.4,124.5,104.2,86.3,70.3,54.3,38.4,23.8,11.6,21.9,20.3,17.9,16.0,16.0,15.9,14.6,12.2,11.6,2023103996,2026.8.9,栗東,ベンバトル,ピカロ,ターフ・スポート,大狩部牧場,,
栗東,C,左,20260809,日,4:03,サトノビダーヤ,,牡,3,400,高橋康之,,151.7,131.3,111.1,91.9,73.6,56.2,39.3,24.4,11.7,20.4,20.2,19.2,18.3,17.4,16.9,14.9,12.7,11.7,2023107379,2026.8.9,栗東,サトノジェネシス,バシマー,里見治,新冠橋本牧場,,
栗東,C,左,20260809,日,4:03,ワンダーミューズ,,牝,3,0,今野貞一,,,,,,77.8,55.7,38.6,23.6,11.0,,,,,22.1,17.1,15.0,12.6,11.0,2023100166,2026.8.9,栗東,ミスチヴィアスアレックス,ワンダービーナス,山本能成,城地牧場,,
栗東,C,左,20260809,日,4:07,アルミラージ,,牝,3,0,小林真也,,151.4,129.1,107.9,89.3,71.3,54.4,39.3,25.7,13.7,22.3,21.2,18.6,18.0,16.9,15.1,13.6,12.0,13.7,2023100919,2026.8.9,栗東,ヘニーヒューズ,ゴッドフェニックス,下河辺隆行,下河辺牧場,,
栗東,C,左,20260809,日,4:07,ファイアプレイス,,牝,3,0,小林真也,,151.8,129.4,108.6,89.7,71.6,55.0,39.7,26.3,13.5,22.4,20.8,18.9,18.1,16.6,15.3,13.4,12.8,13.5,2023101162,2026.8.9,栗東,パイロ,ホワイトロッジ,ゴドルフィン,ダーレー・ジャパン・ファーム,,
栗東,C,左,20260809,日,4:08,マトラコーニッシュ,,牝,4,1500,池添学,,,,,,79.0,57.4,40.0,25.1,12.3,,,,,21.6,17.4,14.9,12.8,12.3,2022102500,2026.8.9,栗東,サートゥルナーリア,エアマスカット,社台レースホース,猿倉牧場,,
栗東,C,左,20260809,日,4:09,シグロデオロ,,牡,2,未出走,平田修,,146.5,126.9,108.0,91.0,75.3,58.9,42.2,26.6,12.8,19.6,18.9,17.0,15.7,16.4,16.7,15.6,13.8,12.8,2024106198,2026.8.9,栗東,レイデオロ,ヴィアルネッサンス,サンデーレーシング,ノーザンファーム,,
栗東,C,左,20260809,日,4:09,メイショウユズルハ,,牡,7,2400,岡田稲男,,135.4,117.8,101.2,85.8,71.2,55.4,39.7,25.6,12.9,17.6,16.6,15.4,14.6,15.8,15.7,14.1,12.7,12.9,2019104089,2026.8.9,栗東,ディスクリートキャット,メイショウコブシ,松本好隆,三嶋牧場,,
栗東,C,左,20260809,日,4:11,メイショウサッソウ,,牡,3,400,庄野靖志,,145.2,125.2,105.9,86.1,68.6,53.1,37.9,23.5,11.5,20.0,19.3,19.8,17.5,15.5,15.2,14.4,12.0,11.5,2023101953,2026.8.9,栗東,ダノンキングリー,メイショウヨソユキ,松本好隆,赤田牧場,,
栗東,C,左,20260809,日,4:12,ドットカモン,,牡,3,0,笹田和秀,,144.7,125.3,105.7,87.6,71.6,55.8,40.2,25.9,12.7,19.4,19.6,18.1,16.0,15.8,15.6,14.3,13.2,12.7,2023104773,2026.8.9,栗東,ノーブルミッション,サンデーアゲイン,幅田京子,ラツキー牧場,,
栗東,C,左,20260809,日,4:12,ピンクカメリア,,牝,3,0,笹田和秀,,145.6,125.4,106.2,89.1,72.7,55.9,39.7,24.8,11.8,20.2,19.2,17.1,16.4,16.8,16.2,14.9,13.0,11.8,2023101229,2026.8.9,栗東,リアルスティール,クリームヒルト,猪又晶介,ナカノファーム,,
栗東,C,左,20260809,日,4:13,ロイスター,,牝,3,900,笹田和秀,,142.5,123.1,104.7,87.6,71.6,56.1,40.3,25.3,11.9,19.4,18.4,17.1,16.0,15.5,15.8,15.0,13.4,11.9,2023104413,2026.8.9,栗東,キズナ,マドルガーダ,ノースヒルズ,ノースヒルズ,,
栗東,C,左,20260809,日,4:15,アサリア,,牝,3,0,藤原英昭,,192.8,170.8,148.1,101.1,75.6,57.2,39.8,24.2,11.3,22.0,22.7,47.0,25.5,18.4,17.4,15.6,12.9,11.3,2023103538,2026.8.9,栗東,キズナ,プレミアステップス,インゼルレーシング,社台ファーム,,
栗東,C,左,20260809,日,4:15,プシュパ,,牡,3,0,藤原英昭,,198.0,173.4,150.1,106.2,77.3,58.3,40.4,24.7,11.3,24.6,23.3,43.9,28.9,19.0,17.9,15.7,13.4,11.3,2023101156,2026.8.9,栗東,キズナ,ブルーストーン,ゴドルフィン,ダーレー・ジャパン・ファーム,,
栗東,C,左,20260809,日,4:15,レッドセドナ,,牡,3,0,藤原英昭,,199.2,174.8,152.4,108.2,78.3,59.0,40.8,24.8,11.3,24.4,22.4,44.2,29.9,19.3,18.2,16.0,13.5,11.3,2023103382,2026.8.9,栗東,キズナ,キャンディネバダ,東京ホースレーシング,社台ファーム,,
栗東,C,左,20260809,日,4:21,ティエラレイナ,,牝,3,400,四位洋文,,152.5,130.7,109.7,90.7,72.1,53.9,37.8,23.2,11.3,21.8,21.0,19.0,18.6,18.2,16.1,14.6,11.9,11.3,2023104861,2026.8.9,栗東,ナダル,エルパンドール,インゼルレーシング,杵臼牧場,,
栗東,C,左,20260809,日,4:21,リヴァイアサン,,牡,2,未出走,四位洋文,,150.1,128.9,107.9,88.7,70.4,52.2,37.1,23.1,11.4,21.2,21.0,19.2,18.3,18.2,15.1,14.0,11.7,11.4,2024100204,2026.8.9,栗東,マインドユアビスケッツ,クラックシード,井上隆次,オリオンファーム,,
栗東,C,左,20260809,日,4:22,モンテディアーナ,,牝,4,900,四位洋文,,141.7,123.1,105.2,87.5,71.0,55.2,39.7,24.9,11.8,18.6,17.9,17.7,16.5,15.8,15.5,14.8,13.1,11.8,2022104597,2026.8.9,栗東,ドレフォン,アズールムーン,毛利元昭,ノーザンファーム,,
栗東,C,左,20260809,日,4:23,ブラックオリンピア,,牡,3,900,友道康夫,,134.4,117.5,100.3,84.4,68.8,52.6,37.0,23.0,11.1,16.9,17.2,15.9,15.6,16.2,15.6,14.0,11.9,11.1,2023107168,2026.8.9,栗東,キタサンブラック,ピノ,サンデーレーシング,ノーザンファーム,,
栗東,C,左,20260809,日,4:24,チャンネルトンネル,,牡,5,1500,福永祐一,,,,,,73.3,55.1,39.4,24.9,12.1,,,,,18.2,15.7,14.5,12.8,12.1,2021106369,2026.8.9,栗東,グレーターロンドン,ギャルソンヌ,窪田芳郎,大栄牧場,,
栗東,C,左,20260809,日,4:25,マルカルーカス,,牡,2,未出走,福永祐一,,,,,,76.8,56.9,40.2,25.5,12.4,,,,,19.9,16.7,14.7,13.1,12.4,2024106041,2026.8.9,栗東,マインドユアビスケッツ,マルカソレイユ,日下部猛,社台ファーム,,
栗東,C,左,20260809,日,4:26,レインオンミー,,牡,4,400,福永祐一,,144.4,124.5,104.6,85.9,69.1,53.1,37.7,23.8,11.9,19.9,19.9,18.7,16.8,16.0,15.4,13.9,11.9,11.9,2022104117,2026.8.9,栗東,リアルスティール,アルマリンピア,平田修,千代田牧場,,
栗東,C,左,20260809,日,4:28,イクオクコウネン,,セ,3,0,斉藤崇史,,151.7,128.5,106.8,87.9,71.6,55.4,39.3,24.6,12.0,23.2,21.7,18.9,16.3,16.2,16.1,14.7,12.6,12.0,2023105458,2026.8.9,栗東,スワーヴリチャード,ノッツダルジェント,中水英紀,スマイルファーム,,
栗東,C,左,20260809,日,4:28,シスキンブルーム,,牝,2,400,斉藤崇史,,151.2,128.0,106.4,87.5,71.2,55.0,39.0,24.3,12.0,23.2,21.6,18.9,16.3,16.2,16.0,14.7,12.3,12.0,2024106603,2026.8.9,栗東,シスキン,ボンジュールココロ,ホシノレーシング,ノーザンファーム,,
栗東,C,左,20260809,日,4:28,フォーゲル,,牡,3,900,斉藤崇史,,152.4,129.0,107.1,88.3,72.0,55.7,39.6,24.7,12.0,23.4,21.9,18.8,16.3,16.3,16.1,14.9,12.7,12.0,2023105273,2026.8.9,栗東,アルアイン,エリカポンシャン,林正道,ノーザンファーム,,
栗東,C,左,20260809,日,4:36,セブンサークル,,牡,2,未出走,畑端省吾,,144.3,124.8,106.3,88.8,72.1,55.2,38.5,23.6,11.5,19.5,18.5,17.5,16.7,16.9,16.7,14.9,12.1,11.5,2024107019,2026.8.9,栗東,アドマイヤマーズ,セブンスセンス,藤田岳彦,社台コーポレーション白老ファーム,,
栗東,C,左,20260809,日,4:36,ダディーズレガリア,,牡,2,未出走,畑端省吾,,144.3,124.6,105.9,88.5,71.8,55.2,38.5,23.7,11.6,19.7,18.7,17.4,16.7,16.6,16.7,14.8,12.1,11.6,2024106809,2026.8.9,栗東,グレーターロンドン,ケイディーズネイル,田島大史,上水牧場,,
栗東,C,左,20260809,日,4:36,テムタワーボス,,牡,2,未出走,畑端省吾,,144.0,124.6,106.1,88.7,72.1,55.2,38.5,23.7,11.6,19.4,18.5,17.4,16.6,16.9,16.7,14.8,12.1,11.6,2024102457,2026.8.9,栗東,タワーオブロンドン,シエルブラン,竹園正繼,大原ファーム,,
栗東,C,左,20260809,日,4:58,オコタンペ,,牡,5,900,須貝尚介,,145.1,123.2,104.3,86.1,68.3,51.6,36.2,22.9,11.7,21.9,18.9,18.2,17.8,16.7,15.4,13.3,11.2,11.7,2021105849,2026.8.9,栗東,ニューイヤーズデイ,ラーゴブルー,金子真人ホールディングス,ノーザンファーム,,
栗東,C,左,20260809,日,4:58,バチラ,,牡,3,0,須貝尚介,,144.2,122.6,103.7,85.4,67.8,51.1,35.9,22.8,11.6,21.6,18.9,18.3,17.6,16.7,15.2,13.1,11.2,11.6,2023104937,2026.8.9,栗東,バゴ,ハッピージュエル,村木慎吾,辻牧場,,
栗東,C,左,20260809,日,4:59,アルテヴェローチェ,,牡,4,3600,須貝尚介,,143.8,124.3,106.1,89.4,72.8,56.8,40.9,25.9,12.6,19.5,18.2,16.7,16.6,16.0,15.9,15.0,13.3,12.6,2022104751,2026.8.9,栗東,モーリス,クルミネイト,"TO RACING",ノーザンファーム,,
栗東,C,左,20260809,日,5:04,ララバッカナール,,牝,5,400,佐藤悠太,,,,,,74.5,54.9,37.8,23.6,11.4,,,,,19.6,17.1,14.2,12.2,11.4,2021107097,2026.8.9,栗東,ヘニーヒューズ,ゴッドダンシング,フジイ興産,森永聡,,
栗東,C,左,20260809,日,5:06,ケンフィールド,,牡,3,400,大根田裕,,155.1,133.1,111.9,93.4,75.5,57.6,40.9,25.8,12.6,22.0,21.2,18.5,17.9,17.9,16.7,15.1,13.2,12.6,2023101694,2026.8.9,栗東,タリスマニック,ケンブリッジハーツ,中西宏彰,ケンブリッジバレー,,
栗東,C,左,20260809,日,5:11,エンルートフライト,,牡,2,0,池添学,,,,,,76.7,57.6,40.7,25.8,12.7,,,,,19.1,16.9,14.9,13.1,12.7,2024100037,2026.8.9,栗東,コントレイル,サピアウォーフ,シルクレーシング,天羽禮治牧場,,
栗東,C,左,20260809,日,5:11,ジェントル,,牡,2,未出走,池添学,,,,,,75.6,57.1,40.4,25.8,12.7,,,,,18.5,16.7,14.6,13.1,12.7,2024103402,2026.8.9,栗東,ハービンジャー,シーズインクルーデッド,海老塚勝也,新冠橋本牧場,,
栗東,C,左,20260809,日,5:11,ブルーザー,,牡,3,0,池添学,,,,,,75.3,57.0,40.2,25.7,12.8,,,,,18.3,16.8,14.5,12.9,12.8,2023106218,2026.8.9,栗東,モーリス,ピスカデーラ,名古屋友豊,坂東牧場,,
栗東,C,左,20260809,日,5:11,ライジン,,牡,6,1500,池添学,,,,,,74.2,54.5,38.2,24.0,11.9,,,,,19.7,16.3,14.2,12.1,11.9,2020107082,2026.8.9,栗東,Speightstown,ケンジントン2,LEVELーK,浜本牧場,,
栗東,C,左,20260809,日,5:12,シュバルツマサムネ,,牡,4,1500,杉山佳明,,165.2,135.3,106.5,85.6,69.3,53.0,38.0,24.5,12.1,29.9,28.8,20.9,16.3,16.3,15.0,13.5,12.4,12.1,2022104887,2026.8.9,栗東,マインドユアビスケッツ,タンザニアブラック,塩澤正樹,ノーザンファーム,,
栗東,C,左,20260809,日,5:13,バーバラップ,,牡,3,0,小崎憲,,162.6,137.2,112.4,91.0,72.8,55.1,38.4,23.8,11.3,25.4,24.8,21.4,18.2,17.7,16.7,14.6,12.5,11.3,2023102471,2026.8.9,栗東,ルーラーシップ,バーバラ,キヨタケ牧場,岡田牧場,,
栗東,C,左,20260809,日,5:17,インカルナータ,,牡,2,400,西園翔太,,144.7,125.1,106.0,88.9,72.3,55.3,38.4,23.1,11.4,19.6,19.1,17.1,16.6,17.0,16.9,15.3,11.7,11.4,2024106282,2026.8.9,栗東,エフフォーリア,クッカーニャ,サンデーレーシング,ノーザンファーム,,
栗東,C,左,20260809,日,5:17,タガノアラリア,,牡,3,2100,西園翔太,,151.4,129.2,108.7,90.3,73.8,57.3,41.4,26.3,13.6,22.2,20.5,18.4,16.5,16.5,15.9,15.1,12.7,13.6,2023104313,2026.8.9,栗東,ミスターメロディ,エイシンジルコン,八木良司,新冠タガノファーム,,
栗東,C,左,20260809,日,5:18,フェルシナ,,牝,4,400,西園翔太,,148.6,123.9,100.8,82.4,67.0,52.2,37.3,23.2,11.5,24.7,23.1,18.4,15.4,14.8,14.9,14.1,11.7,11.5,2022105831,2026.8.9,栗東,ルーラーシップ,ヒルダ,ライオンレースホース,社台コーポレーション白老ファーム,,
栗東,C,左,20260809,日,5:23,インシオン,,牡,3,400,藤原英昭,,154.9,133.6,112.3,92.9,75.1,57.6,40.8,25.8,12.4,21.3,21.3,19.4,17.8,17.5,16.8,15.0,13.4,12.4,2023107203,2026.8.9,栗東,ドレフォン,プラウドスペル,シルクレーシング,ノーザンファーム,,
栗東,C,左,20260809,日,5:36,エイコーンドリーム,,牝,3,400,河嶋宏樹,,136.9,116.6,97.9,80.8,65.9,50.9,36.3,22.9,11.2,20.3,18.7,17.1,14.9,15.0,14.6,13.4,11.7,11.2,2023104858,2026.8.9,栗東,ルヴァンスレーヴ,エイコーンウィル,ローレルレーシング,杵臼牧場,,
栗東,C,左,20260809,日,5:38,オーケーリアン,,牝,3,400,宮地貴稔,,138.5,120.3,102.4,85.6,69.5,54.1,38.6,24.6,12.0,18.2,17.9,16.8,16.1,15.4,15.5,14.0,12.6,12.0,2023105544,2026.8.9,栗東,ナダル,ステイウィズアンナ,小野建,三好牧場,,
栗東,C,左,20260809,日,5:38,ミーンアロット,,牝,3,0,宮地貴稔,,139.0,121.3,103.7,86.8,70.7,54.6,39.1,25.1,12.0,17.7,17.6,16.9,16.1,16.1,15.5,14.0,13.1,12.0,2023101615,2026.8.9,栗東,ルーラーシップ,シマノタカラチャン,ローレルレーシング,リコーファーム,,
栗東,C,左,20260809,日,5:47,ジュンライデン,,牡,4,400,友道康夫,,142.7,123.9,105.9,89.5,73.6,57.2,40.2,24.5,12.2,18.8,18.0,16.4,15.9,16.4,17.0,15.7,12.3,12.2,2022104899,2026.8.9,栗東,レイデオロ,チェリーコレクト,河合純二,ノーザンファーム,,
栗東,C,左,20260809,日,5:47,チェルヴァーラ,,牡,3,400,松下武士,,140.6,120.4,102.0,85.4,69.5,53.4,37.4,23.4,11.4,20.2,18.4,16.6,15.9,16.1,16.0,14.0,12.0,11.4,2023107106,2026.8.9,栗東,エピファネイア,チェッキーノ,サンデーレーシング,ノーザンファーム,,
栗東,C,左,20260809,日,6:18,ナイトシンフォニー,,牝,3,0,今野貞一,,,,,,78.0,56.2,39.2,24.2,12.1,,,,,21.8,17.0,15.0,12.1,12.1,2023103340,2026.8.9,栗東,サトノアラジン,エアシンフォニー,社台レースホース,社台ファーム,,
栗東,C,左,20260809,日,6:18,ハクアイタワー,,牡,3,0,今野貞一,,,,,,75.1,57.0,40.2,26.0,13.2,,,,,18.1,16.8,14.2,12.8,13.2,2023104282,2026.8.9,栗東,タワーオブロンドン,ローラズウィシュ,H.Iコーポレーション,中地義次,,
栗東,C,左,20260809,日,6:21,ウイナーズナイン,,牡,3,1000,小栗実,,140.6,121.9,102.7,85.1,68.7,53.7,39.6,24.9,12.0,18.7,19.2,17.6,16.4,15.0,14.1,14.7,12.9,12.0,2023102820,2026.8.9,栗東,エピファネイア,ディヴィニティ,エムズレーシング,高橋フアーム,,
栗東,C,左,20260809,日,6:21,エアビッグマム,,牝,4,1000,笹田和秀,,135.6,117.6,99.7,83.6,69.3,54.7,39.9,25.6,12.7,18.0,17.9,16.1,14.3,14.6,14.8,14.3,12.9,12.7,2022105250,2026.8.9,栗東,ブリックスアンドモルタル,エアワンピース,ラッキーフィールド,社台ファーム,,
栗東,C,左,20260809,日,6:24,アワジシマ,,牡,2,未出走,北出成人,,150.2,128.9,109.2,91.7,74.7,58.3,42.9,26.9,12.5,21.3,19.7,17.5,17.0,16.4,15.4,16.0,14.4,12.5,2024105326,2026.8.9,栗東,シャンハイボビー,レーヌルネサンス,岡浩二,斉藤スタッド,,
栗東,C,左,20260809,日,6:24,ウィザードシチー,,牡,2,未出走,北出成人,,150.8,129.0,109.2,91.9,74.7,58.4,42.9,26.9,12.6,21.8,19.8,17.3,17.2,16.3,15.5,16.0,14.3,12.6,2024102718,2026.8.9,栗東,チュウワウィザード,ハニーウィル,友駿ホースクラブ,中村雅明,,
栗東,C,左,20260809,日,6:24,オーシャンズフレア,,牡,2,未出走,北出成人,,150.1,128.8,109.1,91.8,74.6,58.3,42.9,26.9,12.5,21.3,19.7,17.3,17.2,16.3,15.4,16.0,14.4,12.5,2024100044,2026.8.9,栗東,グァンチャーレ,トゥーオーシャンズ,松本俊廣,天羽禮治牧場,,
栗東,C,左,20260809,日,6:25,ダイヤモンドエルザ,,牝,3,0,笹田和秀,,136.3,118.2,101.2,85.2,70.3,55.2,40.0,25.5,12.4,18.1,17.0,16.0,14.9,15.1,15.2,14.5,13.1,12.4,2023101974,2026.8.9,栗東,サトノダイヤモンド,グランソフィア,林千枝子,浦河日成牧場,,
栗東,C,左,20260809,日,6:25,ブラストビート,,牡,3,0,浜田多実,,139.4,119.7,100.5,83.6,69.0,53.9,38.9,24.6,12.2,19.7,19.2,16.9,14.6,15.1,15.0,14.3,12.4,12.2,2023106017,2026.8.9,栗東,アメリカンペイトリオット,コテキタイ,京都ホースレーシング,高橋フアーム,,
栗東,C,左,20260809,日,6:25,ムイ,,牝,4,2100,笹田和秀,,133.0,115.5,98.5,83.0,68.4,54.0,39.7,25.4,12.5,17.5,17.0,15.5,14.6,14.4,14.3,14.3,12.9,12.5,2022102408,2026.8.9,栗東,ミッキーアイル,スウィートラヴァー,平山靖,坂東牧場,,
栗東,C,左,20260809,日,6:53,ミナデオロ,,牡,5,2500,藤原英昭,,,,,89.1,69.7,53.1,37.5,23.4,11.6,,,,19.4,16.6,15.6,14.1,11.8,11.6,2021104854,2026.8.9,栗東,レイデオロ,ゴールデンドックエー,サンデーレーシング,社台コーポレーション白老ファーム,,
栗東,C,左,20260809,日,6:54,ベラジオセブン,,牡,2,未出走,小椋研介,,139.9,121.0,102.4,84.4,66.9,52.5,38.1,23.8,11.7,18.9,18.6,18.0,17.5,14.4,14.4,14.3,12.1,11.7,2024103504,2026.8.9,栗東,モズアスコット,アージオン,ベラジオレーシング,ハクレイファーム,,
栗東,C,左,20260809,日,6:54,ロードフローリス,,牡,2,未出走,小椋研介,,139.9,121.1,102.4,84.4,67.0,52.5,38.1,23.8,11.7,18.8,18.7,18.0,17.4,14.5,14.4,14.3,12.1,11.7,2024100208,2026.8.9,栗東,ダノンバラード,フロルセレジェイラ,ロードホースクラブ,オリオンファーム,,
栗東,C,左,20260809,日,6:55,コメットサン,,牝,2,未出走,西園翔太,,151.8,129.0,107.3,89.2,72.9,55.7,39.4,24.3,11.5,22.8,21.7,18.1,16.3,17.2,16.3,15.1,12.8,11.5,2024102161,2026.8.9,栗東,ビッグアーサー,コスモダリア,中辻明,ビクトリーホースランチ,,
栗東,C,左,20260809,日,6:55,レウコテア,,牝,3,0,西園翔太,,152.4,129.5,107.8,89.5,73.2,56.0,39.3,24.2,11.4,22.9,21.7,18.3,16.3,17.2,16.7,15.1,12.8,11.4,2023103787,2026.8.9,栗東,ゴールドシップ,スアデラ,G1レーシング,社台コーポレーション白老ファーム,,
栗東,C,左,20260809,日,6:56,ニュークレド,,牡,4,900,石坂公一,,139.2,120.9,102.6,86.2,71.1,55.3,39.3,25.0,12.3,18.3,18.3,16.4,15.1,15.8,16.0,14.3,12.7,12.3,2022101601,2026.8.9,栗東,ブリックスアンドモルタル,トーホウアルテミス,東豊物産,竹島幸治,,
栗東,C,左,20260809,日,6:56,マシン,,牡,3,400,石坂公一,,137.6,119.8,101.8,85.4,70.4,54.9,39.0,24.9,12.3,17.8,18.0,16.4,15.0,15.5,15.9,14.1,12.6,12.3,2023105387,2026.8.9,栗東,クリソベリル,ラインダール,石川達絵,秋田牧場,,
栗東,C,左,20260809,日,6:56,ヴェロクオーレ,,牝,5,1180,石坂公一,,143.1,121.5,102.4,85.2,69.1,53.9,38.9,24.8,12.1,21.6,19.1,17.2,16.1,15.2,15.0,14.1,12.7,12.1,2021101397,2026.8.9,栗東,ドゥラメンテ,サトノジョリー,村野康司,下河辺牧場,,
栗東,C,左,20260809,日,7:07,ソブリンズオーブ,,牝,3,0,小栗実,,,,,,75.4,56.4,40.9,25.4,11.8,,,,,19.0,15.5,15.5,13.6,11.8,2023103785,2026.8.9,栗東,マインドユアビスケッツ,ジュエルタワー,G1レーシング,社台コーポレーション白老ファーム,,
美浦,D,右,20260809,日,3:03,フィンガー,,牡,3,10120,田中博康,207.9,142.8,122.1,103.4,85.2,68.4,52.5,38.2,24.6,11.9,20.7,18.7,18.2,16.8,15.9,14.3,13.6,12.7,11.9,2023102813,2026.8.9,美浦,"Gun Runner",エスティロタレントーソ,エムズレーシング,高橋フアーム,,
美浦,D,右,20260809,日,4:58,チェルヴィニア,,牝,5,15800,木村哲也,169.0,144.6,123.2,104.0,86.8,71.1,55.7,40.4,26.0,12.7,21.4,19.2,17.2,15.7,15.4,15.3,14.4,13.3,12.7,2021105643,2026.8.9,美浦,ハービンジャー,チェッキーノ,サンデーレーシング,ノーザンファーム,,
美浦,D,右,20260809,日,5:00,コスモアンソロジー,,牡,4,1500,嘉藤貴行,,,,,86.5,69.5,54.2,39.6,25.6,12.5,,,,17.0,15.3,14.6,14.0,13.1,12.5,2022106793,2026.8.9,美浦,ダノンバラード,パーフェクトノート,ビッグレッドファーム,ビッグレッドファーム,,
美浦,D,右,20260809,日,5:00,シュペルリング,,牡,3,400,嘉藤貴行,,,,,86.1,68.7,53.5,38.8,24.9,11.6,,,,17.4,15.2,14.7,13.9,13.3,11.6,2023104450,2026.8.9,美浦,シスキン,ラプソディーア,橋本実,ハシモトフアーム,,
美浦,D,右,20260809,日,5:00,セイルトゥグローリ,,牡,2,0,中舘英二,,,,,89.6,71.5,54.5,39.5,24.7,11.7,,,,18.1,17.0,15.0,14.8,13.0,11.7,2024107327,2026.8.9,美浦,エフフォーリア,セイリングホーム,広尾レース,パカパカファーム,,
美浦,D,右,20260809,日,5:00,センターアイランド,,牡,2,0,嘉藤貴行,,,,,89.0,71.7,55.0,40.1,25.9,12.8,,,,17.3,16.7,14.9,14.2,13.1,12.8,2024100561,2026.8.9,美浦,エフフォーリア,レディミスティファイ,中島照夫,シンボリ牧場,,
美浦,D,右,20260809,日,5:00,ダイヤテソーロ,,牝,3,400,牧光二,,,,,84.4,68.2,53.3,37.6,24.1,12.1,,,,16.2,14.9,15.7,13.5,12.0,12.1,2023106747,2026.8.9,美浦,ダノンバラード,ハピネスフォーユー,了徳寺健二ホールディングス,リョーケンファーム,,
美浦,D,右,20260809,日,5:00,ハイティー,,牝,3,0,木村哲也,,,,,84.0,66.7,51.3,37.0,23.1,11.0,,,,17.3,15.4,14.3,13.9,12.1,11.0,2023107310,2026.8.9,美浦,ミスターメロディ,リズムオブラヴ,保坂和孝,ノーザンファーム,,
美浦,D,右,20260809,日,5:00,ピースヒロフェイス,,牝,5,400,牧光二,,,,,85.0,68.7,53.6,37.8,24.2,12.1,,,,16.3,15.1,15.8,13.6,12.1,12.1,2021105769,2026.8.9,美浦,サトノダイヤモンド,ペルヴィアンリリー,中平和宏,ノーザンファーム,,
美浦,D,右,20260809,日,5:00,ワインダークシー,,牡,3,0,中舘英二,,,,,90.2,72.4,55.8,40.2,25.0,11.1,,,,17.8,16.6,15.6,15.2,13.9,11.1,2023106376,2026.8.9,美浦,ハービンジャー,クエストフォーラヴ,広尾レース,木村秀則,,
美浦,D,右,20260809,日,5:01,サクセスボーイ,,牡,2,0,相沢郁,,,,,90.8,72.5,56.0,40.9,26.3,12.8,,,,18.3,16.5,15.1,14.6,13.5,12.8,2024101195,2026.8.9,美浦,アルアイン,サドキンザン,田村彰夫,門別山際牧場,,
美浦,D,右,20260809,日,5:01,スプランドゥール,,牡,5,1220,和田雄二,,,,,88.6,68.8,52.0,37.1,23.1,10.9,,,,19.8,16.8,14.9,14.0,12.2,10.9,2021100623,2026.8.9,美浦,シルバーステート,チェリーシェル,ターフ・スポート,荻伏服部牧場,,
美浦,D,右,20260809,日,5:01,パッションリッチ,,牡,4,900,久保田貴,,,,,88.8,70.9,54.3,39.2,25.1,12.2,,,,17.9,16.6,15.1,14.1,12.9,12.2,2022105390,2026.8.9,美浦,ドゥラメンテ,セータコローナ,宇田豊,社台ファーム,,
美浦,D,右,20260809,日,5:01,ブラボーワン,,牡,2,0,相沢郁,,,,,90.7,72.9,56.4,40.7,25.7,11.8,,,,17.8,16.5,15.7,15.0,13.9,11.8,2024102820,2026.8.9,美浦,タワーオブロンドン,ステップシュート,瀬野尾裕久,三好牧場,,
美浦,D,右,20260809,日,5:01,リバートゥルー,,牝,6,1500,久保田貴,,,,,88.1,70.5,53.9,38.8,24.6,11.9,,,,17.6,16.6,15.1,14.2,12.7,11.9,2020102703,2026.8.9,美浦,レッドファルクス,フルオブグレース,佐々木幸弘,社台コーポレーション白老ファーム,,
美浦,D,右,20260809,日,5:02,カセノメロス,,牡,2,未出走,鈴木伸尋,,,,,87.0,68.3,52.5,38.0,24.1,11.6,,,,18.7,15.8,14.5,13.9,12.5,11.6,2024103127,2026.8.9,美浦,スワーヴリチャード,スマイルガール,平川進,シンユウフアーム,,
美浦,D,右,20260809,日,5:02,コンティ,,牝,3,0,黒岩陽一,,,,,85.6,69.1,54.3,39.4,25.3,12.2,,,,16.5,14.8,14.9,14.1,13.1,12.2,2023105305,2026.8.9,美浦,キズナ,セレスタ,長谷川祐司,ノーザンファーム,,
美浦,D,右,20260809,日,5:02,コンテネレッツア,,牝,5,900,宮田敬介,,,,,,,54.9,39.0,25.0,12.1,,,,,,15.9,14.0,12.9,12.1,2021105367,2026.8.9,美浦,エピファネイア,アドマイヤセプター,サンデーレーシング,ノーザンファーム,,
美浦,D,右,20260809,日,5:02,サザンティスプーン,,牝,4,400,鈴木伸尋,,,,,86.8,69.3,53.5,38.6,24.3,11.9,,,,17.5,15.8,14.9,14.3,12.4,11.9,2022100511,2026.8.9,美浦,アニマルキングダム,チャノカオリ,山本茂,沖田忠幸,,
美浦,D,右,20260809,日,5:02,ジーククローネ,,セ,6,400,宮田敬介,,,,,,,54.7,38.7,24.7,12.0,,,,,,16.0,14.0,12.7,12.0,2020103537,2026.8.9,美浦,サトノクラウン,パーフェクトマッチ,DMMドリームクラブ,ノーザンファーム,,
美浦,D,右,20260809,日,5:02,ステレンボッシュ,,牝,5,13050,宮田敬介,,,,,87.8,70.2,54.0,39.2,25.4,12.3,,,,17.6,16.2,14.8,13.8,13.1,12.3,2021105743,2026.8.9,美浦,エピファネイア,ブルークランズ,吉田勝己,ノーザンファーム,,
美浦,D,右,20260809,日,5:02,ゾロアストロ,,牡,3,3200,宮田敬介,,,,,89.2,70.9,54.8,39.9,26.0,12.7,,,,18.3,16.1,14.9,13.9,13.3,12.7,2023106850,2026.8.9,美浦,モーリス,アルミレーナ,サンデーレーシング,ノーザンファーム,,
美浦,D,右,20260809,日,5:02,タッカーヴィーナス,,牝,2,未出走,鈴木伸尋,,,,,85.7,67.4,51.9,37.9,24.1,11.7,,,,18.3,15.5,14.0,13.8,12.4,11.7,2024102669,2026.8.9,美浦,サリオス,ルタンブル,小松崎孝,大北牧場,,
美浦,D,右,20260809,日,5:02,テラシエスタ,,牡,3,0,黒岩陽一,,,,,85.6,69.2,54.7,40.1,25.6,12.4,,,,16.4,14.5,14.6,14.5,13.2,12.4,2023102548,2026.8.9,美浦,ジャスタウェイ,ラストサマー,キヨタケ牧場,キヨタケ牧場,,
美浦,D,右,20260809,日,5:02,ユタライト,,牝,2,0,宮田敬介,,,,,,,55.3,39.2,24.9,12.1,,,,,,16.1,14.3,12.8,12.1,2024106664,2026.8.9,美浦,ロードカナロア,ユナカイト,シルクレーシング,ノーザンファーム,,
美浦,D,右,20260809,日,5:03,タイセイアディクト,,牡,5,1500,池上昌和,,,,,92.6,74.7,57.4,40.8,25.8,12.2,,,,17.9,17.3,16.6,15.0,13.6,12.2,2021106126,2026.8.9,美浦,リオンディーズ,スコルピオンキッス,田中成奉,カミイスタット,,
美浦,D,右,20260809,日,5:03,レースクイーン,,牝,3,0,蛯名利弘,,,,,87.3,68.9,52.5,37.9,24.3,11.8,,,,18.4,16.4,14.6,13.6,12.5,11.8,2023101563,2026.8.9,美浦,フィレンツェファイア,レッドブリエ,村田哲朗,門別牧場,,
美浦,D,右,20260809,日,5:03,ヴェントベローチェ,,牡,3,0,勢司和浩,,,,,86.8,68.4,52.9,39.0,25.1,12.2,,,,18.4,15.5,13.9,13.9,12.9,12.2,2023103133,2026.8.9,美浦,ダノンプレミアム,ケイココサージュ,丸山竜一,藤沢牧場,,
美浦,D,右,20260809,日,5:04,オルトパラティウム,,牡,5,900,金成貴史,,,,,90.5,70.3,54.2,38.9,25.0,12.0,,,,20.2,16.1,15.3,13.9,13.0,12.0,2021105056,2026.8.9,美浦,エピファネイア,ザレマ,社台レースホース,社台ファーム,,
美浦,D,右,20260809,日,5:04,キチロクゴール,,牡,3,0,松永康利,,,,,94.7,72.9,54.3,38.2,24.0,11.3,,,,21.8,18.6,16.1,14.2,12.7,11.3,2023104916,2026.8.9,美浦,デクラレーションオブウォー,スズカプリズム,山本正美,辻牧場,,
美浦,D,右,20260809,日,5:04,ツインピークス,,牝,4,400,千葉直人,,,,,89.0,70.1,52.7,37.7,23.9,11.0,,,,18.9,17.4,15.0,13.8,12.9,11.0,2022104179,2026.8.9,美浦,ミスターメロディ,ミルフィアタッチ,飯田正剛,千代田牧場,,
美浦,D,右,20260809,日,5:04,テウメッサ,,牝,5,1500,金成貴史,,,,,89.0,69.2,53.2,38.6,25.0,12.1,,,,19.8,16.0,14.6,13.6,12.9,12.1,2021105757,2026.8.9,美浦,ハービンジャー,プロクリス,サンデーレーシング,ノーザンファーム,,
美浦,D,右,20260809,日,5:04,ディレクティオ,,牝,3,0,金成貴史,,,,,99.0,78.8,60.2,42.6,26.2,12.7,,,,20.2,18.6,17.6,16.4,13.5,12.7,2023102796,2026.8.9,美浦,ニューイヤーズデイ,アメイジングライフ,尾上寿夫,タイヘイ牧場,,
美浦,D,右,20260809,日,5:04,ピクシーゲイル,,牡,3,0,松永康利,,,,,95.7,73.3,54.6,38.5,24.1,11.3,,,,22.4,18.7,16.1,14.4,12.8,11.3,2023104811,2026.8.9,美浦,ダノンスマッシュ,エインセル,田頭勇貴,富田恭司,,
美浦,D,右,20260809,日,5:04,ブレスドナイル,,牝,4,100,金成貴史,,,,,92.7,72.9,55.3,38.3,23.3,11.1,,,,19.8,17.6,17.0,15.0,12.2,11.1,2022110061,2026.8.9,美浦,"Gun Runner","Pioneer Queen",飯田正剛,"Chiyoda Farm",,
美浦,D,右,20260809,日,5:05,グラニット,,牡,6,1600,大和田成,,,,,89.2,70.3,54.6,39.6,25.4,12.3,,,,18.9,15.7,15.0,14.2,13.1,12.3,2020100810,2026.8.9,美浦,ダノンバラード,インティワタナ,ミルファーム,猿橋義昭,,
美浦,D,右,20260809,日,5:06,カフェプラウド,,牡,3,0,柄崎将寿,,,,,,,56.8,41.1,26.4,12.2,,,,,,15.7,14.7,14.2,12.2,2023102246,2026.8.9,美浦,ドレフォン,ラゴンダカフェ,西川光一,三嶋牧場,,
美浦,D,右,20260809,日,5:06,ジーティーマルク,,牝,2,未出走,柄崎将寿,,,,,,,57.3,41.2,26.1,12.7,,,,,,16.1,15.1,13.4,12.7,2024108000,2026.8.9,美浦,サートゥルナーリア,メラニー,田畑利彦,青藍牧場,,
美浦,D,右,20260809,日,5:06,ビリオネアボーイ,,牡,4,0,新谷功一,,,,,87.4,68.6,53.3,38.9,24.8,12.0,,,,18.8,15.3,14.4,14.1,12.8,12.0,2022110094,2026.8.9,栗東,"American Pharoah",Theworldweknow,矢野悦三,"Crown Farm USA",,
美浦,D,右,20260809,日,5:07,ウインスターリング,,牡,3,0,畠山吉宏,,,,,88.5,70.0,53.6,38.2,24.4,12.1,,,,18.5,16.4,15.4,13.8,12.3,12.1,2023105883,2026.8.9,美浦,シルバーステート,サマーエタニティ,ウイン,コスモヴューファーム,,
美浦,D,右,20260809,日,5:09,カセノアステリア,,牝,3,400,鈴木伸尋,,,,,96.2,74.2,55.5,39.4,24.8,11.9,,,,22.0,18.7,16.1,14.6,12.9,11.9,2023104150,2026.8.9,美浦,モズアスコット,クィーンオブシバ,平川進,須崎牧場,,
美浦,D,右,20260809,日,5:09,カドドゥディエ,,牝,3,0,西田雄一,,,,,85.8,68.0,53.2,39.6,25.6,12.4,,,,17.8,14.8,13.6,14.0,13.2,12.4,2023100812,2026.8.9,美浦,クラウンレガーロ,マリノルシアーナ,和田志保,クラウン日高牧場,,
美浦,D,右,20260809,日,5:09,コスモペンタス,,牝,3,0,西田雄一,,,,,87.4,70.7,55.4,39.9,25.8,12.8,,,,16.7,15.3,15.5,14.1,13.0,12.8,2023106482,2026.8.9,美浦,ベンバトル,モエレカトリーナ,ビッグレッドファーム,ビッグレッドファーム,,
美浦,D,右,20260809,日,5:09,スタンダールロマン,,牝,3,0,堀内岳志,,,,,90.6,71.7,54.0,39.5,25.4,12.2,,,,18.9,17.7,14.5,14.1,13.2,12.2,2023105725,2026.8.9,美浦,キタサンブラック,レッドムーヴ,木村牧場,木村牧場,,
美浦,D,右,20260809,日,5:09,トレフォイルノット,,牡,3,0,西田雄一,,,,,89.5,71.2,54.8,39.6,25.6,12.4,,,,18.3,16.4,15.2,14.0,13.2,12.4,2023107130,2026.8.9,美浦,ミッキーアイル,トリフォリウム,シルクレーシング,ノーザンファーム,,
美浦,D,右,20260809,日,5:09,ニシノツムジカゼ,,牡,2,0,西田雄一,,,,,87.6,70.7,55.6,40.0,25.8,12.8,,,,16.9,15.1,15.6,14.2,13.0,12.8,2024102617,2026.8.9,美浦,マジェスティックウォリアー,アースラブーム,西山茂行,鮫川啓一,,
美浦,D,右,20260809,日,5:09,パープルアドミラル,,牡,6,0,堀内岳志,,,,,98.7,76.4,58.3,42.7,26.8,12.6,,,,22.3,18.1,15.6,15.9,14.2,12.6,2020104328,2026.8.9,美浦,シビルウォー,ママノヨリミチ,岡田牧雄,聖心台牧場,,
美浦,D,右,20260809,日,5:09,ベラトール,,牡,4,400,西田雄一,,,,,89.8,71.2,54.8,39.6,25.0,11.8,,,,18.6,16.4,15.2,14.6,13.2,11.8,2022102788,2026.8.9,美浦,ミッキーグローリー,アモーレヴォレ,三嶋牧場,斉藤英牧場,,
美浦,D,右,20260809,日,5:09,ヴィジョンメーカー,,牡,4,400,林徹,182.0,158.3,134.7,111.7,90.3,70.9,53.7,38.3,24.2,11.6,23.6,23.0,21.4,19.4,17.2,15.4,14.1,12.6,11.6,2022104884,2026.8.9,美浦,ルーラーシップ,タッチングスピーチ,サンデーレーシング,ノーザンファーム,,
美浦,D,右,20260809,日,5:10,ノルドヴェスト,,セ,6,580,秋本大介,,,,,85.7,68.7,53.3,38.6,24.8,12.0,,,,17.0,15.4,14.7,13.8,12.8,12.0,2020102711,2026.8.9,美浦,ロードカナロア,マエストラーレ,サンデーレーシング,社台コーポレーション白老ファーム,,
美浦,D,右,20260809,日,5:10,フォーディアライフ,,セ,5,400,矢嶋大樹,,,,,87.1,68.8,53.0,38.6,25.2,12.5,,,,18.3,15.8,14.4,13.4,12.7,12.5,2021104770,2026.8.9,美浦,ドレフォン,ディアマイダーリン,G1レーシング,追分ファーム,,
美浦,D,右,20260809,日,5:11,オオルリ,,牝,2,未出走,水野貴広,,,,,91.2,72.0,55.3,39.6,25.3,12.1,,,,19.2,16.7,15.7,14.3,13.2,12.1,2024103646,2026.8.9,美浦,ベンバトル,ウォーブル,ブルースターズファーム,ブルースターズファーム,,
美浦,D,右,20260809,日,5:11,ショウナンラスボス,,牡,8,1500,奥村武,,,,,88.8,71.4,55.4,39.6,24.8,12.0,,,,17.4,16.0,15.8,14.8,12.8,12.0,2018103926,2026.8.9,美浦,ダイワメジャー,プリンセスオブザスターズ,国本哲秀,タイヘイ牧場,,
美浦,D,右,20260809,日,5:11,チャリングクロス,,牡,3,1500,奥村武,,,,,92.1,71.5,54.2,38.2,24.0,11.7,,,,20.6,17.3,16.0,14.2,12.3,11.7,2023107389,2026.8.9,美浦,キタサンブラック,ライジングクロス,サンデーレーシング,坂東牧場,,
美浦,D,右,20260809,日,5:11,リアスハート,,牝,2,未出走,水野貴広,,,,,90.4,71.7,55.1,39.5,25.2,12.1,,,,18.7,16.6,15.6,14.3,13.1,12.1,2024107358,2026.8.9,美浦,エフフォーリア,ラントルナ,パニオロ,松浦牧場,,
美浦,D,右,20260809,日,5:11,リッキースタイル,,牡,4,900,水野貴広,,,,,93.9,73.6,56.1,40.1,25.3,12.0,,,,20.3,17.5,16.0,14.8,13.3,12.0,2022103577,2026.8.9,美浦,ジャスタウェイ,ラズールリッキー,岡田牧雄,岡田スタツド,,
美浦,D,右,20260809,日,5:12,エコロゲラン,,牡,2,未出走,古賀大生,,,,,87.0,68.8,53.1,38.9,25.3,12.3,,,,18.2,15.7,14.2,13.6,13.0,12.3,2024104685,2026.8.9,美浦,オメガパフューム,サトノニーケ,原村正紀,千代田牧場,,
美浦,D,右,20260809,日,5:12,ラウンドヒル,,牝,3,0,田島俊明,,,,,85.6,67.7,52.8,37.7,23.5,11.5,,,,17.9,14.9,15.1,14.2,12.0,11.5,2023105751,2026.8.9,美浦,ベストウォーリア,レイテストバード,小原準一郎,静内フアーム,,
美浦,D,右,20260809,日,5:12,ラショナルポイント,,牝,3,0,古賀大生,,,,,89.1,70.0,54.1,39.6,25.9,12.7,,,,19.1,15.9,14.5,13.7,13.2,12.7,2023105268,2026.8.9,美浦,ダノンキングリー,ウィラビーオーサム,池谷誠一,ノーザンファーム,,
美浦,D,右,20260809,日,5:12,ルシャルムール,,セ,4,400,古賀大生,,,,,87.9,69.4,54.0,38.9,25.2,12.2,,,,18.5,15.4,15.1,13.7,13.0,12.2,2022105863,2026.8.9,美浦,ルヴァンスレーヴ,ルプレジール,社台レースホース,社台コーポレーション白老ファーム,,
美浦,D,右,20260809,日,5:17,ライヴテキーラ,,牝,2,未出走,牧光二,,,,,,,53.6,38.9,25.1,12.6,,,,,,14.7,13.8,12.5,12.6,2024103814,2026.8.9,美浦,ジャスタウェイ,ガートルード,澤田孝之,三村卓也,,
美浦,D,右,20260809,日,5:17,ルスカーレット,,牝,2,未登録,,,,,,,,53.1,38.5,24.7,12.3,,,,,,14.6,13.8,12.4,12.3,2024104729,2026.8.9,,ルヴァンスレーヴ,モーニングコール,,千代田牧場,,
美浦,D,右,20260809,日,5:17,レオリアライズ,,牝,2,0,牧光二,,,,,,,53.5,38.8,24.7,12.3,,,,,,14.7,14.1,12.4,12.3,2024102152,2026.8.9,美浦,デクラレーションオブウォー,エフティアテナ,レオ,日の出牧場,,
美浦,D,右,20260809,日,5:20,モンシュマン,,牡,5,1500,辻哲英,,,,,93.6,74.3,57.0,42.0,26.9,12.4,,,,19.3,17.3,15.0,15.1,14.5,12.4,2021105054,2026.8.9,美浦,ミッキーアイル,ザウェイアイアム,社台レースホース,社台ファーム,,
美浦,D,右,20260809,日,5:23,エフォートレス,,牡,5,1500,嘉藤貴行,,,,,83.8,68.0,52.7,39.0,25.8,13.0,,,,15.8,15.3,13.7,13.2,12.8,13.0,2021100564,2026.8.9,美浦,エピファネイア,ブライトガーランド,ライオンレースホース,秋場牧場,,
美浦,D,右,20260809,日,5:25,トロピカルヒーロー,,牡,6,900,石栗龍彦,,,,,88.5,70.5,53.8,39.0,25.1,12.2,,,,18.0,16.7,14.8,13.9,12.9,12.2,2020104960,2026.8.9,美浦,ビッグアーサー,トロピカルガーデン,田頭勇貴,奥山牧場,,
美浦,D,右,20260809,日,5:38,アップルザビート,,牡,2,0,本間忍,,,,,88.9,71.0,54.8,39.4,25.1,11.6,,,,17.9,16.2,15.4,14.3,13.5,11.6,2024109020,2026.8.9,美浦,エスケンデレヤ,フィッシュザビート,山下裕司,織笠時男,,
美浦,D,右,20260809,日,5:38,カゼノタカトシ,,牡,4,900,久保田貴,,,,,88.6,71.1,54.9,39.8,25.6,12.4,,,,17.5,16.2,15.1,14.2,13.2,12.4,2022107226,2026.8.9,美浦,レイデオロ,スマートグレイス,深井孟,飛野牧場,,
美浦,D,右,20260809,日,5:38,レッチュベルク,,牡,2,400,久保田貴,,,,,87.6,70.4,54.2,39.1,24.9,11.9,,,,17.2,16.2,15.1,14.2,13.0,11.9,2024106687,2026.8.9,美浦,インディチャンプ,リヴィア,村木克子,ノーザンファーム,,
美浦,D,右,20260809,日,5:42,イナンナ,,牝,3,0,奥村武,,,,,86.2,69.3,54.1,38.6,24.0,11.2,,,,16.9,15.2,15.5,14.6,12.8,11.2,2023102211,2026.8.9,美浦,マジェスティックウォリアー,アンミ,武田茂男,まるとみ冨岡牧場,,
美浦,D,右,20260809,日,5:42,ピコベリー,,牝,2,未出走,奥村武,,,,,89.3,71.2,54.6,39.4,24.9,11.4,,,,18.1,16.6,15.2,14.5,13.5,11.4,2024100713,2026.8.9,美浦,モーリス,アヴァール,ビジュピコ,チャンピオンズファーム,,
美浦,D,右,20260809,日,5:43,リメンバーシドニー,,牝,3,0,的場均,,,,,86.5,70.2,55.0,40.5,26.0,12.4,,,,16.3,15.2,14.5,14.5,13.6,12.4,2023107512,2026.8.9,美浦,Zoustar,Dulverton,岡浩二,"Qatar Bloodstock Ltd",,
美浦,D,右,20260809,日,6:12,ウインターブレス,,牡,3,400,竹内正洋,,,,,87.3,68.5,53.2,38.3,24.3,11.6,,,,18.8,15.3,14.9,14.0,12.7,11.6,2023103521,2026.8.9,美浦,ハービンジャー,フェイブルネージュ,社台レースホース,社台ファーム,,
美浦,D,右,20260809,日,6:12,ショウナンバッカス,,牡,2,未出走,栗田徹,,,,,84.6,66.8,52.2,37.8,23.6,11.5,,,,17.8,14.6,14.4,14.2,12.1,11.5,2024101299,2026.8.9,美浦,スワーヴリチャード,アトロポス,湘南,若林順一,,
美浦,D,右,20260809,日,6:12,ジーティーシンドウ,,牡,3,400,栗田徹,,,,,85.0,67.1,52.5,38.0,23.7,11.4,,,,17.9,14.6,14.5,14.3,12.3,11.4,2023102083,2026.8.9,美浦,オルフェーヴル,ヴァンゴーゴー,田畑利彦,谷川牧場,,
美浦,D,右,20260809,日,6:12,ニシノドリーマー,,牝,2,未出走,竹内正洋,,,,,86.2,68.0,52.9,38.1,24.2,11.8,,,,18.2,15.1,14.8,13.9,12.4,11.8,2024105198,2026.8.9,美浦,ゴールドドリーム,モクレン,西山茂行,折手牧場,,
美浦,D,右,20260809,日,6:12,フクノブルーレイク,,牡,4,1500,竹内正洋,,,,,86.4,68.2,52.6,37.5,23.4,11.2,,,,18.2,15.6,15.1,14.1,12.2,11.2,2022101329,2026.8.9,美浦,ウインブライト,ブルーエクセル,福島祐子,ケイズ,,
美浦,D,右,20260809,日,6:13,クリフハンガー,,セ,5,900,上原博之,,,,,90.6,73.1,57.2,41.5,26.1,12.4,,,,17.5,15.9,15.7,15.4,13.7,12.4,2021101701,2026.8.9,美浦,ルーラーシップ,リリックドラマ,ゴドルフィン,ダーレー・ジャパン・ファーム,,
美浦,D,右,20260809,日,6:16,ホットジュピター,,牝,3,0,千葉直人,,,,,87.6,69.3,52.9,38.1,24.0,11.5,,,,18.3,16.4,14.8,14.1,12.5,11.5,2023101396,2026.8.9,美浦,スワーヴリチャード,サクソンブライド,阿部秀夫,"Blooming Farm",,
美浦,D,右,20260809,日,6:16,レナセール,,牝,2,未出走,千葉直人,,,,,89.6,70.6,53.8,38.4,24.2,11.6,,,,19.0,16.8,15.4,14.2,12.6,11.6,2024103529,2026.8.9,美浦,リオンディーズ,クレアドール,キャロットファーム,ハシモトフアーム,,
美浦,D,右,20260809,日,6:23,エリュグレイス,,牝,3,0,和田勇介,,,,,92.1,71.3,54.0,39.0,25.1,12.6,,,,20.8,17.3,15.0,13.9,12.5,12.6,2023103467,2026.8.9,美浦,エピファネイア,ダイワクンナナ,吉本雄二,社台ファーム,,
美浦,D,右,20260809,日,6:23,カサブランカキッド,,牡,6,400,和田勇介,,,,,88.1,70.3,54.1,39.5,25.2,11.9,,,,17.8,16.2,14.6,14.3,13.3,11.9,2020104936,2026.8.9,美浦,ドレフォン,ビーチパラソル,山本雅道,社台ファーム,,
美浦,D,右,20260809,日,6:41,ソウラスフロス,,牡,2,未出走,金成貴史,,,,,99.4,77.2,57.8,40.1,24.6,11.3,,,,22.2,19.4,17.7,15.5,13.3,11.3,2024102190,2026.8.9,美浦,フォーウィールドライブ,ランクリッツ,尾上寿夫,松田牧場,,
美浦,D,右,20260809,日,6:41,タリスマン,,牡,5,400,金成貴史,,,,,99.9,77.7,58.3,40.4,24.7,11.4,,,,22.2,19.4,17.9,15.7,13.3,11.4,2021104618,2026.8.9,美浦,タリスマニック,クロエチャン,リトルブルーファーム,リトルブルーファーム,,
美浦,D,右,20260809,日,6:42,ミナヅキ,,牡,3,0,清水英克,,,,,83.2,66.1,51.5,37.3,24.2,12.1,,,,17.1,14.6,14.2,13.1,12.1,12.1,2023105449,2026.8.9,美浦,ガルボ,アドリアーネ,石川秀守,サカイファーム,,
美浦,D,右,20260809,日,6:48,カザンラク,,牡,4,400,嘉藤貴行,,,,,87.3,71.0,55.2,39.9,25.4,12.4,,,,16.3,15.8,15.3,14.5,13.0,12.4,2022104666,2026.8.9,美浦,シルバーステート,ヴィアンローズ,キャロットファーム,ノーザンファーム,,
美浦,D,右,20260809,日,6:55,シュートザワークス,,牡,2,0,千葉直人,,,,,90.0,70.7,53.5,37.8,23.3,11.1,,,,19.3,17.2,15.7,14.5,12.2,11.1,2024107076,2026.8.9,美浦,インディチャンプ,ワーキングプライド,G1レーシング,社台コーポレーション白老ファーム,,
美浦,D,右,20260809,日,6:55,プリヴィレッジ,,牡,2,未出走,石栗龍彦,,,,,88.5,70.8,54.6,38.8,24.1,11.6,,,,17.7,16.2,15.8,14.7,12.5,11.6,2024101422,2026.8.9,美浦,ミッキーアイル,プリンセスヨウク,ライオンレースホース,坂東牧場,,
美浦,D,右,20260809,日,6:58,アテナブレイブ,,牝,2,0,手塚貴徳,,,,,92.5,72.4,54.9,39.3,25.3,12.1,,,,20.1,17.5,15.6,14.0,13.2,12.1,2024105671,2026.8.9,美浦,サリオス,アマゾーヌ,スリーエイチレーシング,山際牧場,,
美浦,D,右,20260809,日,6:58,ジーティーソレイユ,,牝,3,0,千葉直人,,,,,,,55.7,37.4,23.0,11.1,,,,,,18.3,14.4,11.9,11.1,2023103728,2026.8.9,美浦,キタサンブラック,リメンバーユー,田畑利彦,追分ファーム,,
美浦,D,右,20260809,日,6:59,アーバンシック,,牡,5,14400,武井亮,159.8,136.1,116.4,99.2,84.0,69.9,54.8,39.8,25.9,12.6,19.7,17.2,15.2,14.1,15.1,15.0,13.9,13.3,12.6,2021105436,2026.8.9,美浦,スワーヴリチャード,エッジースタイル,シルクレーシング,ノーザンファーム,,
美浦,D,右,20260809,日,6:59,シトラール,,牡,5,400,古賀大生,,,,,87.7,69.3,54.1,38.3,24.7,11.9,,,,18.4,15.2,15.8,13.6,12.8,11.9,2021105596,2026.8.9,美浦,スワーヴリチャード,ジンジャーパンチ,キャロットファーム,ノーザンファーム,,
美浦,D,右,20260809,日,6:59,タイダルロック,,牡,3,1500,武井亮,154.8,133.1,115.5,98.4,83.6,69.7,54.7,40.0,26.0,13.1,17.6,17.1,14.8,13.9,15.0,14.7,14.0,12.9,13.1,2023106861,2026.8.9,美浦,モーリス,アースライズ,サンデーレーシング,ノーザンファーム,,
美浦,D,右,20260809,日,6:59,ドルビナ,,牡,4,400,杉浦宏昭,191.8,165.0,140.3,116.6,94.3,74.6,55.8,38.6,24.3,11.5,24.7,23.7,22.3,19.7,18.8,17.2,14.3,12.8,11.5,2022103394,2026.8.9,美浦,ミッキーグローリー,オヒナサマ,リトルブルーファーム,リトルブルーファーム,,
美浦,D,右,20260809,日,6:59,ベアヒロシデス,,牡,2,未出走,杉浦宏昭,188.9,164.6,140.3,116.5,94.1,74.5,55.7,38.6,24.3,11.6,24.3,23.8,22.4,19.6,18.8,17.1,14.3,12.7,11.6,2024104466,2026.8.9,美浦,デクラレーションオブウォー,ミヤビキラメキ,熊木浩,静内白井牧場,,
美浦,D,右,20260809,日,6:59,ミッキーサウザンド,,牡,3,0,古賀大生,,,,,88.5,70.7,55.2,39.8,25.7,12.4,,,,17.8,15.5,15.4,14.1,13.3,12.4,2023107260,2026.8.9,美浦,ミッキーアイル,ミッキーラズベリー,野田みづき,ノーザンファーム,,
美浦,D,右,20260809,日,6:59,ルスデルカミーノ,,牡,2,未出走,杉浦宏昭,189.8,164.5,140.2,116.4,94.1,74.5,55.6,38.5,24.2,11.5,24.3,23.8,22.3,19.6,18.9,17.1,14.3,12.7,11.5,2024100423,2026.8.9,美浦,ドレフォン,カーサデルシエロ,山岸桂市,下河辺牧場,,
美浦,D,右,20260809,日,6:59,ワンモメンタム,,セ,3,400,古賀大生,,,,,85.7,68.5,53.2,37.9,24.3,11.9,,,,17.2,15.3,15.3,13.6,12.4,11.9,2023103823,2026.8.9,美浦,ルヴァンスレーヴ,ワンブレスアウェイ,サンデーレーシング,社台コーポレーション白老ファーム,,
美浦,D,右,20260809,日,7:00,シルバーレイン,,牡,4,900,古賀大生,,,,,92.9,68.8,51.5,36.2,23.1,11.3,,,,24.1,17.3,15.3,13.1,11.8,11.3,2022104942,2026.8.9,美浦,エピファネイア,ノームコア,池谷誠一,ノーザンファーム,,
美浦,D,右,20260809,日,7:04,フォンデネージュ,,牝,4,400,武井亮,,,,,85.5,66.9,52.0,37.9,24.7,12.3,,,,18.6,14.9,14.1,13.2,12.4,12.3,2022105100,2026.8.9,美浦,ドレフォン,ユキチャン,シルクレーシング,ノーザンファーム,,
美浦,D,右,20260809,日,7:04,ラパンラピッド,,セ,6,400,武井亮,,,,,85.3,66.3,51.1,37.2,24.1,11.7,,,,19.0,15.2,13.9,13.1,12.4,11.7,2020102648,2026.8.9,美浦,ルーラーシップ,クードラパン,シルクレーシング,社台コーポレーション白老ファーム,,
美浦,D,右,20260809,日,7:10,プルメリアクヒオ,,牡,5,400,深山雅史,,,,,87.0,67.9,52.8,38.1,24.3,11.8,,,,19.1,15.1,14.7,13.8,12.5,11.8,2021103208,2026.8.9,美浦,ホッコータルマエ,プルメリアミコ,武田浩典,まるとみ冨岡牧場,,
美浦,D,右,20260809,日,7:11,ホウオウシェリー,,牝,5,900,池上昌和,,,,,90.3,72.4,55.8,39.6,24.4,11.7,,,,17.9,16.6,16.2,15.2,12.7,11.7,2021103486,2026.8.9,美浦,ブリックスアンドモルタル,オヒア,小笹芳央,岡田スタツド,,
美浦,D,右,20260809,日,7:12,スピカテソーロ,,牡,2,未出走,伊藤圭三,,,,,,,61.5,43.9,28.2,12.7,,,,,,17.6,15.7,15.5,12.7,2024101273,2026.8.9,美浦,エピファネイア,チェストケリリー,了徳寺健二ホールディングス,リョーケンファーム,,
美浦,D,右,20260809,日,7:13,アージェンタイド,,牡,3,0,秋本大介,,,,,88.6,69.7,53.8,39.0,25.3,12.7,,,,18.9,15.9,14.8,13.7,12.6,12.7,2023102411,2026.8.9,美浦,ブラックタイド,ブランメジェール,ノルマンディーサラブレッドレーシング,岡田スタツド,,
美浦,D,右,20260809,日,7:13,ゲキザル,,牡,7,1500,青木孝文,,,,,85.3,66.9,51.4,36.8,23.8,11.5,,,,18.4,15.5,14.6,13.0,12.3,11.5,2019102102,2026.8.9,美浦,ザファクター,トゥモローズライト,橘倍男,広富牧場,,
美浦,D,右,20260809,日,7:13,ヒャクレツケン,,牡,3,0,青木孝文,,,,,86.1,67.6,51.9,37.3,24.0,11.8,,,,18.5,15.7,14.6,13.3,12.2,11.8,2023106687,2026.8.9,美浦,タリスマニック,ペスカネラ,山口敦広,大狩部牧場,,
美浦,D,右,20260809,日,7:14,レーヌシェーヌ,,牝,3,0,畠山吉宏,,,,,85.1,69.0,54.5,39.2,25.5,12.5,,,,16.1,14.5,15.3,13.7,13.0,12.5,2023110057,2026.8.9,美浦,Kameko,"Missy O' Gwaun",ビッグレッドファーム,"Mks Bloodstock",,
美浦,D,右,20260809,日,7:15,モストロ,,牡,3,0,勢司和浩,,,,,89.9,72.2,56.4,41.1,26.5,12.8,,,,17.7,15.8,15.3,14.6,13.7,12.8,2023100893,2026.8.9,美浦,インディチャンプ,プレアデスマリーン,小島將之,鹿戸和幸,,
美浦,D,右,20260809,日,7:21,ブロークンハート,,牝,3,0,菊沢隆徳,,,,,89.6,69.9,54.3,39.2,25.4,12.7,,,,19.7,15.6,15.1,13.8,12.7,12.7,2023101149,2026.8.9,美浦,ダノンスマッシュ,ハートウォーミング,ゴドルフィン,ダーレー・ジャパン・ファーム,,
美浦,D,右,20260809,日,7:22,アイムオンアロール,,牡,2,未出走,宮田敬介,,,,,,,54.7,39.2,25.3,12.1,,,,,,15.5,13.9,13.2,12.1,2024100668,2026.8.9,美浦,キズナ,ティップトップ,ゴドルフィン,ダーレー・ジャパン・ファーム,,
美浦,D,右,20260809,日,7:22,ウラノグラフィア,,牡,2,未出走,宮田敬介,,,,,,,55.0,39.4,25.3,12.0,,,,,,15.6,14.1,13.3,12.0,2024106700,2026.8.9,美浦,ナダル,リュラ,キャロットファーム,ノーザンファーム,,
美浦,D,右,20260809,日,7:22,ノーブルアクト,,牝,6,400,上原博之,,,,,88.7,70.3,54.8,39.9,25.3,12.2,,,,18.4,15.5,14.9,14.6,13.1,12.2,2020104744,2026.8.9,美浦,マクフィ,クイーンロイド,芳賀滿男,フジワラフアーム,,
美浦,D,右,20260809,日,7:22,ミセスヴェルデ,,牝,3,0,栗田徹,,,,,84.6,67.1,52.2,38.1,24.7,12.1,,,,17.5,14.9,14.1,13.4,12.6,12.1,2023101895,2026.8.9,美浦,モーリス,サクセスシルエット,高嶋航,吉田ファーム,,
美浦,D,右,20260809,日,7:24,フライングビーナス,,牝,3,0,田中博康,,,,,87.7,69.7,54.7,39.7,25.8,12.8,,,,18.0,15.0,15.0,13.9,13.0,12.8,2023101588,2026.8.9,美浦,エピファネイア,フライングジェム,インゼルレーシング,ヤナガワ牧場,,
美浦,D,右,20260809,日,7:25,プロテウス,,牡,2,未出走,田中博康,,,,,87.4,70.3,54.8,39.4,24.8,11.6,,,,17.1,15.5,15.4,14.6,13.2,11.6,2024105729,2026.8.9,美浦,キタサンブラック,アットザシーサイド,社台レースホース,社台ファーム,,
美浦,D,右,20260809,日,7:28,ケブラダラボジェラ,,牝,2,未出走,伊藤伸一,,,,,92.1,73.3,55.8,40.1,25.9,12.5,,,,18.8,17.5,15.7,14.2,13.4,12.5,2024103613,2026.8.9,美浦,シルバーステート,バルタ,ビッグレッドファーム,ビッグレッドファーム,,
美浦,D,右,20260809,日,7:29,ゴンファロニエーレ,,牡,3,400,田中博康,,,,,86.2,68.7,52.8,38.1,24.2,11.7,,,,17.5,15.9,14.7,13.9,12.5,11.7,2023107093,2026.8.9,美浦,エピファネイア,タッチングスピーチ,サンデーレーシング,ノーザンファーム,,
美浦,D,右,20260809,日,7:33,ワイルドミュール,,牝,3,0,鹿戸雄一,,,,,91.7,70.1,53.3,38.0,24.7,12.1,,,,21.6,16.8,15.3,13.3,12.6,12.1,2023103530,2026.8.9,美浦,サートゥルナーリア,ブルーハワイアン,村野康司,社台ファーム,,
美浦,D,右,20260809,日,8:04,ガルダイア,,セ,4,1200,浅利英明,,,,,85.9,69.5,54.5,39.0,25.1,12.2,,,,16.4,15.0,15.5,13.9,12.9,12.2,2022104596,2026.8.9,美浦,エピファネイア,アステリックス,サンデーレーシング,ノーザンファーム,,
美浦,D,右,20260809,日,8:05,グレヴィレア,,牝,4,80,浅利英明,,,,,84.3,67.4,52.5,37.2,23.8,11.5,,,,16.9,14.9,15.3,13.4,12.3,11.5,2022105001,2026.8.9,美浦,レイデオロ,フロアクラフト,吉田和美,ノーザンファーム,,
美浦,D,右,20260809,日,8:05,ベルグラース,,牝,2,0,浅利英明,,,,,84.4,66.8,52.0,36.7,23.6,11.5,,,,17.6,14.8,15.3,13.1,12.1,11.5,2024106591,2026.8.9,美浦,マインドユアビスケッツ,ベルディーヴァ,キャロットファーム,ノーザンファーム,,
