day,venue,race,name,pop,chaku,reason
2026-07-12,函館,11,エラトー,6,4,W0に追切なし
2026-07-12,函館,11,パレハ,2,8,W0に追切なし
2026-07-12,函館,11,シルトホルン,1,3,W0に追切なし
2026-07-12,函館,11,レディントン,11,11,W0に追切なし
2026-07-12,函館,11,ストレイトトーカー,5,14,W0に追切なし
2026-07-12,函館,11,レディネス,4,10,W0に追切なし
2026-07-12,函館,11,ヴーレヴー,8,1,W0に追切なし
2026-07-12,函館,11,パトリックハンサム,12,9,W0に追切なし
2026-07-12,函館,11,レディーヴァリュー,7,2,W0に追切なし
2026-07-12,函館,11,ウインシュクラン,13,13,W0に追切なし
2026-07-12,函館,11,リラボニート,9,6,W0に追切なし
2026-07-12,小倉,12,リアルアルバ,16,16,W0に追切なし
2026-07-12,小倉,12,ラブカムーン,14,8,W0に追切なし
2026-07-12,小倉,12,ギザキズラヴ,15,12,W0に追切なし
2026-07-12,福島,7,インザライムライト,8,6,W0に追切なし
2026-07-12,福島,7,ラルルジェンヌ,5,2,W0に追切なし
2026-07-12,福島,11,オニャンコポン,15,3,W0に追切なし
2026-07-18,函館,3,ジャストグレース,8,8,W0に追切なし
2026-07-18,函館,3,ザンテソーロ,4,4,W0に追切なし
2026-07-18,函館,3,マーゴットデウス,6,6,W0に追切なし
2026-07-18,函館,3,ウインガネーシャ,2,2,W0に追切なし
2026-07-18,函館,3,ハイランダー,5,5,W0に追切なし
2026-07-18,函館,3,リベンジャー,9,12,W0に追切なし
2026-07-18,函館,3,エトワールブルー,12,10,W0に追切なし
2026-07-18,函館,3,リバーソニック,3,1,W0に追切なし
2026-07-18,函館,3,フェンリル,10,7,W0に追切なし
2026-07-18,函館,3,ゴールデンボブ,7,11,W0に追切なし
2026-07-18,函館,3,ポップアップ,1,3,W0に追切なし
2026-07-18,函館,3,エースオブゴールド,11,9,W0に追切なし
2026-07-18,函館,5,サンオブザサン,8,8,W0に追切なし
2026-07-18,函館,5,バンダムソレール,10,2,W0に追切なし
2026-07-18,函館,5,チャーチルデュース,5,11,W0に追切なし
2026-07-18,函館,5,コウソクユノ,6,10,W0に追切なし
2026-07-18,函館,5,ディープマウンテン,13,12,W0に追切なし
2026-07-18,函館,5,イトシサ,3,3,W0に追切なし
2026-07-18,函館,5,フロムザムーン,14,5,W0に追切なし
2026-07-18,函館,5,ペガサスウィンド,4,4,W0に追切なし
2026-07-18,函館,5,ダノンアクション,7,14,W0に追切なし
2026-07-18,函館,5,ルージュプルーヴ,12,13,W0に追切なし
2026-07-18,函館,5,モンロワイヤル,1,6,W0に追切なし
2026-07-18,函館,5,レースクイーン,9,9,W0に追切なし
2026-07-18,函館,5,メイショウセンドウ,2,7,W0に追切なし
2026-07-18,函館,11,チュウワクリスエス,7,9,W0に追切なし
2026-07-18,函館,11,コトホドサヨウニ,9,13,W0に追切なし
2026-07-18,函館,11,オウギノカナメ,10,4,W0に追切なし
2026-07-18,函館,11,ホールシバン,12,5,W0に追切なし
2026-07-18,函館,11,イガッチ,5,10,W0に追切なし
2026-07-18,函館,11,テーオードレフォン,11,6,W0に追切なし
2026-07-18,函館,11,ラタフォレスト,4,8,W0に追切なし
2026-07-18,函館,11,ハグ,6,7,W0に追切なし
2026-07-18,函館,11,アスクデビューモア,13,11,W0に追切なし
2026-07-18,函館,11,ウェイワードアクト,1,1,W0に追切なし
2026-07-18,函館,11,ヒルノハンブルク,3,3,W0に追切なし
2026-07-18,函館,11,レヴォントゥレット,2,2,W0に追切なし
2026-07-18,函館,11,マーブルロック,8,12,W0に追切なし
2026-07-18,小倉,6,ムソウテンセイ,5,6,W0に追切なし
2026-07-18,小倉,6,ハクアイタワー,7,8,W0に追切なし
2026-07-18,福島,4,ダイユウルミナス,2,10,W0に追切なし
2026-07-18,福島,4,シエラモレーナ,12,5,W0に追切なし
2026-07-18,福島,4,ココニーナ,16,16,W0に追切なし
2026-07-18,福島,8,サトノセレナーデ,13,12,W0に追切なし
2026-07-18,福島,8,ルシェロアズーリ,1,6,W0に追切なし
2026-07-19,函館,3,サクセスゴールド,8,4,W0に追切なし
2026-07-19,函館,3,デルマバンダイサン,6,5,W0に追切なし
2026-07-19,函館,3,ルージュリヴィエラ,4,2,W0に追切なし
2026-07-19,函館,3,ロジクリスエス,10,6,W0に追切なし
2026-07-19,函館,3,マスカルポーネ,9,8,W0に追切なし
2026-07-19,函館,3,キヨタリート,11,14,W0に追切なし
2026-07-19,函館,3,キセログラフィカ,7,10,W0に追切なし
2026-07-19,函館,3,トーレス,14,9,W0に追切なし
2026-07-19,函館,3,ブレイズランナー,2,1,W0に追切なし
2026-07-19,函館,3,ドゥブルヴェ,13,12,W0に追切なし
2026-07-19,函館,3,ホウオウファラオ,3,3,W0に追切なし
2026-07-19,函館,3,スマートコーラル,5,7,W0に追切なし
2026-07-19,函館,3,ニシノモリミチ,1,11,W0に追切なし
2026-07-19,函館,3,ダイユウアドバンス,12,13,W0に追切なし
2026-07-19,函館,12,ザカリナン,5,2,W0に追切なし
2026-07-19,函館,12,コモンスナイプ,4,5,W0に追切なし
2026-07-19,函館,12,マグネシアブリック,3,3,W0に追切なし
2026-07-19,函館,12,ホウオウヘッセン,1,1,W0に追切なし
2026-07-19,函館,12,ロードクラシコ,2,7,W0に追切なし
2026-07-19,函館,12,ブラヴィーノ,14,12,W0に追切なし
2026-07-19,函館,12,ミスターバッドガイ,6,6,W0に追切なし
2026-07-19,函館,12,ロードヴェルテクス,10,8,W0に追切なし
2026-07-19,函館,12,シャインズオンユー,9,4,W0に追切なし
2026-07-19,函館,12,マイオウンウェイ,13,11,W0に追切なし
2026-07-19,函館,12,フレンドモナコ,11,13,W0に追切なし
2026-07-19,函館,12,ソードマスター,7,14,W0に追切なし
2026-07-19,函館,12,アヤサンジョリーン,12,9,W0に追切なし
2026-07-19,函館,12,ルクスアドラー,8,10,W0に追切なし
2026-07-19,小倉,7,アスクザアメリカン,16,8,W0に追切なし
2026-07-19,小倉,7,フィラーエ,6,7,W0に追切なし
2026-07-19,小倉,7,キョラムン,7,5,W0に追切なし
2026-07-19,小倉,7,ダイアナクイーン,3,2,W0に追切なし
2026-07-19,小倉,7,ペルフェツィオーネ,15,13,W0に追切なし
2026-07-19,小倉,11,トータルクラリティ,17,7,W0に追切なし
2026-07-19,小倉,11,サフィラ,8,11,W0に追切なし
2026-07-19,小倉,11,ケイズレーヴ,16,12,W0に追切なし
2026-07-19,福島,2,ルビーサンセット,16,14,W0に追切なし
2026-07-19,福島,2,ロジタイガー,14,15,W0に追切なし
2026-07-19,福島,4,カムオンオーバー,11,10,W0に追切なし
2026-07-19,福島,4,マッドヘッドラブ,14,11,W0に追切なし
2026-07-25,中京,4,ワイドヴィンクルム,12,11,W0に追切なし
2026-07-25,中京,12,アスクブームキセキ,9,6,W0に追切なし
2026-07-25,中京,12,ミッキーラヴィータ,1,8,W0に追切なし
2026-07-25,中京,12,シャンジュマン,16,13,W0に追切なし
2026-07-25,新潟,1,フルーツバスケット,2,2,W0に追切なし
2026-07-25,新潟,10,ベアエクスプレス,8,5,W0に追切なし
2026-07-25,新潟,10,マイトリックスター,15,6,W0に追切なし
2026-07-25,新潟,10,ゴールドビリーヴ,2,1,W0に追切なし
2026-07-25,新潟,10,オリエンタルガール,13,8,W0に追切なし
2026-07-25,新潟,10,アドバンスジェンヌ,9,9,W0に追切なし
2026-07-25,札幌,7,ペイシャアーサー,15,9,W0に追切なし
2026-07-25,札幌,7,ハッピーラッキー,5,3,W0に追切なし
2026-07-25,札幌,7,ナンナンプー,12,5,W0に追切なし
2026-07-25,札幌,7,シュークリーム,6,6,W0に追切なし
2026-07-25,札幌,7,ランプローグ,10,11,W0に追切なし
2026-07-25,札幌,7,セガンティーニ,4,12,W0に追切なし
2026-07-25,札幌,7,ニシノサリーナ,1,2,W0に追切なし
2026-07-25,札幌,7,サトノカスターニャ,7,14,W0に追切なし
2026-07-25,札幌,7,カイショー,2,7,W0に追切なし
2026-07-25,札幌,7,アイアムステキ,9,8,W0に追切なし
2026-07-25,札幌,7,ペガサスノース,8,15,W0に追切なし
2026-07-25,札幌,7,ジーティーエスピ,3,4,W0に追切なし
2026-07-25,札幌,7,グランテレーズ,11,1,W0に追切なし
2026-07-25,札幌,7,イズルード,14,10,W0に追切なし
2026-07-25,札幌,7,マティンデ,13,13,W0に追切なし
2026-07-26,中京,11,ラガークイン,13,15,W0に追切なし
2026-07-26,札幌,4,タイセイルビー,5,1,W0に追切なし
2026-07-26,札幌,4,ケンブリッジ,10,11,W0に追切なし
2026-07-26,札幌,4,タイガーゲイト,11,8,W0に追切なし
2026-07-26,札幌,4,アンミックス,3,10,W0に追切なし
2026-07-26,札幌,4,メイショウタイザン,4,6,W0に追切なし
2026-07-26,札幌,4,ショウナンタヅナ,6,5,W0に追切なし
2026-07-26,札幌,4,ロスニーニョス,9,7,W0に追切なし
2026-07-26,札幌,4,クルビデンス,8,2,W0に追切なし
2026-07-26,札幌,4,シンエンドーツダ,1,3,W0に追切なし
2026-07-26,札幌,4,セラサイト,2,4,W0に追切なし
2026-08-01,中京,7,オールセインツ,9,8,W0に追切なし
2026-08-01,中京,7,ミストレス,11,10,W0に追切なし
2026-08-01,新潟,10,パワポケグッド,12,6,W0に追切なし
2026-08-01,新潟,11,ブライトエアリー,5,10,W0に追切なし
2026-08-01,新潟,11,キリスパークル,13,8,W0に追切なし
2026-08-01,新潟,11,ティンブロポップ,16,12,W0に追切なし
2026-08-01,新潟,11,カタカムナ,12,13,W0に追切なし
2026-08-01,新潟,12,アスクザアメリカン,13,14,W0に追切なし
2026-08-01,新潟,12,クリノゴッホ,14,10,W0に追切なし
2026-08-01,新潟,12,ラブソング,15,12,W0に追切なし
2026-08-01,新潟,12,シルフィー,10,11,W0に追切なし
2026-08-01,新潟,12,ステキサプライズ,12,5,W0に追切なし
2026-08-02,中京,3,トゥーレジット,2,2,W0に追切なし
2026-08-02,中京,12,アルジェンテーラ,4,10,W0に追切なし
2026-08-02,中京,12,カフラー,14,17,W0に追切なし
2026-08-02,中京,12,ミッキーラヴィータ,2,3,W0に追切なし
2026-08-02,中京,12,マルモリキャスター,11,13,W0に追切なし
2026-08-02,新潟,12,ベルバード,11,6,W0に追切なし
2026-08-02,新潟,12,ニシノタチアナ,7,12,W0に追切なし
2026-08-02,札幌,6,ステイアンビシャス,10,2,W0に追切なし
2026-08-02,札幌,6,アスクガンバーレ,5,3,W0に追切なし
2026-08-02,札幌,6,ロードアマルフィ,2,4,W0に追切なし
2026-08-02,札幌,6,マテンロウカナロア,1,9,W0に追切なし
2026-08-02,札幌,6,ココデイック,8,7,W0に追切なし
2026-08-02,札幌,6,グランセレスト,7,10,W0に追切なし
2026-08-02,札幌,6,ステラデルークス,4,8,W0に追切なし
2026-08-02,札幌,6,タイセイジェイド,3,5,W0に追切なし
2026-08-02,札幌,6,セイントホース,6,1,W0に追切なし
2026-08-02,札幌,6,カフジクロミエ,9,6,W0に追切なし
2026-08-02,札幌,8,エコロハート,7,2,W0に追切なし
2026-08-02,札幌,8,サトノワーグナー,2,1,W0に追切なし
2026-08-02,札幌,8,ブライトアゲイン,8,9,W0に追切なし
2026-08-02,札幌,8,グレートスティック,13,13,W0に追切なし
2026-08-02,札幌,8,ザカリナン,3,7,W0に追切なし
2026-08-02,札幌,8,ロードクラシコ,6,12,W0に追切なし
2026-08-02,札幌,8,ブライアーヒル,10,10,W0に追切なし
2026-08-02,札幌,8,アースコーリング,14,11,W0に追切なし
2026-08-02,札幌,8,アートフォーム,12,14,W0に追切なし
2026-08-02,札幌,8,シャインズオンユー,9,8,W0に追切なし
2026-08-02,札幌,8,ダブルチャレンジ,5,5,W0に追切なし
2026-08-02,札幌,8,レッドカメリア,11,4,W0に追切なし
2026-08-02,札幌,8,ディーズメンフィス,4,6,W0に追切なし
2026-08-02,札幌,8,ジーティーエスピ,1,3,W0に追切なし
2026-08-08,中京,1,カローナ,7,4,W0に追切なし
2026-08-08,中京,2,コンテスタード,1,1,W0に追切なし
2026-08-08,中京,3,サウンドディアナ,15,10,W0に追切なし
2026-08-08,中京,4,レディトゥフライト,13,3,W0に追切なし
2026-08-08,中京,4,タニセンゴールド,1,1,W0に追切なし
2026-08-08,中京,4,キタノハイテイル,9,2,W0に追切なし
2026-08-08,中京,4,メイショウゴッホ,12,9,W0に追切なし
2026-08-08,中京,5,レイクラシック,1,1,W0に追切なし
2026-08-08,中京,5,ワンダーデリエール,4,2,W0に追切なし
2026-08-08,中京,5,アステルディーヴァ,6,4,W0に追切なし
2026-08-08,中京,6,バガン,10,8,W0に追切なし
2026-08-08,中京,6,マイネルフォルツァ,8,11,W0に追切なし
2026-08-08,中京,7,メイショウコガシラ,7,5,W0に追切なし
2026-08-08,中京,7,シンビリーブ,2,1,W0に追切なし
2026-08-08,中京,7,メイショウシナノ,5,3,W0に追切なし
2026-08-08,中京,10,マユナイト,6,10,W0に追切なし
2026-08-08,中京,10,グロリアスニケ,14,12,W0に追切なし
2026-08-08,中京,10,アリュウ,12,16,W0に追切なし
2026-08-08,中京,10,ヒルノジェノヴァ,15,13,W0に追切なし
2026-08-08,中京,12,ミヤジマミコ,17,8,W0に追切なし
2026-08-08,新潟,1,トランサルピナ,6,3,W0に追切なし
2026-08-08,新潟,1,シュアシング,11,12,W0に追切なし
2026-08-08,新潟,1,アミノショコラ,13,13,W0に追切なし
2026-08-08,新潟,1,エルシオン,10,11,W0に追切なし
2026-08-08,新潟,1,セイウンイーリス,5,2,W0に追切なし
2026-08-08,新潟,1,コウソクレムリア,7,6,W0に追切なし
2026-08-08,新潟,1,クールボビー,9,5,W0に追切なし
2026-08-08,新潟,1,ヴィンチェローズ,12,8,W0に追切なし
2026-08-08,新潟,1,グルーヴェンス,1,1,W0に追切なし
2026-08-08,新潟,2,リングスター,9,10,W0に追切なし
2026-08-08,新潟,2,ベアベルヴォワ,10,9,W0に追切なし
2026-08-08,新潟,2,ナムラアラバイ,6,6,W0に追切なし
2026-08-08,新潟,2,ホシノサミダレ,4,8,W0に追切なし
2026-08-08,新潟,3,ソヴリンゲート,10,5,W0に追切なし
2026-08-08,新潟,3,オペレッタテソーロ,9,10,W0に追切なし
2026-08-08,新潟,3,スヴェンガーリ,6,12,W0に追切なし
2026-08-08,新潟,3,エートレイン,5,9,W0に追切なし
2026-08-08,新潟,3,コラリオン,3,1,W0に追切なし
2026-08-08,新潟,3,アトミックリーチ,1,4,W0に追切なし
2026-08-08,新潟,3,フォンターナドーロ,7,11,W0に追切なし
2026-08-08,新潟,3,ニシノリリックス,12,8,W0に追切なし
2026-08-08,新潟,3,インテルラゴス,2,6,W0に追切なし
2026-08-08,新潟,3,エピックジャーニー,4,3,W0に追切なし
2026-08-08,新潟,4,サリーアン,8,3,W0に追切なし
2026-08-08,新潟,4,アーリマックス,7,10,W0に追切なし
2026-08-08,新潟,4,トラスティア,2,1,W0に追切なし
2026-08-08,新潟,4,デルマシラカミ,13,12,W0に追切なし
2026-08-08,新潟,4,リオダプラタ,12,14,W0に追切なし
2026-08-08,新潟,5,テキサスバローズ,13,11,W0に追切なし
2026-08-08,新潟,5,ユイノサダハル,3,4,W0に追切なし
2026-08-08,新潟,5,パワポケウォーズ,12,9,W0に追切なし
2026-08-08,新潟,5,デルマカイモン,9,12,W0に追切なし
2026-08-08,新潟,5,ウォーレーションズ,5,7,W0に追切なし
2026-08-08,新潟,5,コパノミラノ,8,8,W0に追切なし
2026-08-08,新潟,5,ジーティーホクサイ,15,15,W0に追切なし
2026-08-08,新潟,6,ウインベアトリス,5,6,W0に追切なし
2026-08-08,新潟,6,カフェアローロ,9,7,W0に追切なし
2026-08-08,新潟,6,ジャンビ,8,5,W0に追切なし
2026-08-08,新潟,6,ミラーダカリエンテ,7,9,W0に追切なし
2026-08-08,新潟,6,ビッグデイメイク,10,8,W0に追切なし
2026-08-08,新潟,6,ラベルセーヌ,1,1,W0に追切なし
2026-08-08,新潟,6,ドリームクルーズ,6,10,W0に追切なし
2026-08-08,新潟,6,メランジェ,4,3,W0に追切なし
2026-08-08,新潟,7,レイニング,2,4,W0に追切なし
2026-08-08,新潟,7,ヴォンフレ,8,5,W0に追切なし
2026-08-08,新潟,7,エストゥペンダ,1,1,W0に追切なし
2026-08-08,新潟,7,ミアネーロ,4,3,W0に追切なし
2026-08-08,新潟,7,レガーロデルシエロ,3,12,W0に追切なし
2026-08-08,新潟,7,ディマイザキッド,5,7,W0に追切なし
2026-08-08,新潟,7,セントメモリーズ,15,14,W0に追切なし
2026-08-08,新潟,7,ゴンバデカーブース,10,2,W0に追切なし
2026-08-08,新潟,7,コスモブッドレア,16,16,W0に追切なし
2026-08-08,新潟,8,ラヴィサンエール,6,4,W0に追切なし
2026-08-08,新潟,8,ラピッドテソーロ,5,6,W0に追切なし
2026-08-08,新潟,8,ニシノイサリビ,4,5,W0に追切なし
2026-08-08,新潟,8,ウンスイ,9,9,W0に追切なし
2026-08-08,新潟,8,ソニックウェーブ,7,8,W0に追切なし
2026-08-08,新潟,9,アレーティア,11,12,W0に追切なし
2026-08-08,新潟,9,リバースザトレンド,3,1,W0に追切なし
2026-08-08,新潟,9,キタノエピックアン,6,3,W0に追切なし
2026-08-08,新潟,9,テルケンユミクイン,10,15,W0に追切なし
2026-08-08,新潟,9,ミュークチェルシー,15,14,W0に追切なし
2026-08-08,新潟,9,ラヴアンドライク,4,2,W0に追切なし
2026-08-08,新潟,9,ルージュカルデア,5,10,W0に追切なし
2026-08-08,新潟,9,カサビセンス,14,9,W0に追切なし
2026-08-08,新潟,9,シャオシンユン,13,11,W0に追切なし
2026-08-08,新潟,9,イージーブリージー,9,5,W0に追切なし
2026-08-08,新潟,10,エラルディーク,2,1,W0に追切なし
2026-08-08,新潟,10,ミズノミヤコ,12,9,W0に追切なし
2026-08-08,新潟,10,ハナコトバ,7,7,W0に追切なし
2026-08-08,新潟,10,ルモンテ,6,12,W0に追切なし
2026-08-08,新潟,10,ヤマカンドリーミン,13,11,W0に追切なし
2026-08-08,新潟,10,スタニングヴュー,8,5,W0に追切なし
2026-08-08,新潟,10,クリスタルタワー,11,10,W0に追切なし
2026-08-08,新潟,10,クリールスル,5,13,W0に追切なし
2026-08-08,新潟,11,ブラヴィーノ,18,14,W0に追切なし
2026-08-08,新潟,11,カイショー,3,15,W0に追切なし
2026-08-08,新潟,11,ミルトメロディー,11,10,W0に追切なし
2026-08-08,新潟,11,レモンバーム,8,11,W0に追切なし
2026-08-08,新潟,11,パーティーガール,12,6,W0に追切なし
2026-08-08,新潟,11,ジュエルドレーサー,14,4,W0に追切なし
2026-08-08,新潟,11,ブライティアブーケ,6,3,W0に追切なし
2026-08-08,新潟,11,セイラダンサー,13,13,W0に追切なし
2026-08-08,新潟,11,メテオロイド,7,1,W0に追切なし
2026-08-08,新潟,12,エーデルクラフト,12,9,W0に追切なし
2026-08-08,新潟,12,マイネルリーヒム,2,1,W0に追切なし
2026-08-08,新潟,12,リベルタアーラ,15,12,W0に追切なし
2026-08-08,新潟,12,ローレルエース,11,11,W0に追切なし
2026-08-08,新潟,12,フォーエバーラブ,8,8,W0に追切なし
2026-08-08,新潟,12,スカーレットジーン,10,13,W0に追切なし
2026-08-08,新潟,12,ヤマニンリンキング,7,4,W0に追切なし
2026-08-08,新潟,12,ディエスルージュ,14,3,W0に追切なし
2026-08-08,新潟,12,オーブレーヌ,5,7,W0に追切なし
2026-08-08,新潟,12,ジェイエルグリーン,6,14,W0に追切なし
2026-08-08,新潟,12,ポポラヴィスタ,3,6,W0に追切なし
2026-08-08,札幌,1,ルージュエピック,7,7,W0に追切なし
2026-08-08,札幌,1,セラサイト,6,5,W0に追切なし
2026-08-08,札幌,1,ジェイストリーク,4,3,W0に追切なし
2026-08-08,札幌,1,アルデバローズ,13,13,W0に追切なし
2026-08-08,札幌,1,サマースプラッシュ,12,8,W0に追切なし
2026-08-08,札幌,1,ルージュボニート,1,1,W0に追切なし
2026-08-08,札幌,1,ハスカップジャム,14,11,W0に追切なし
2026-08-08,札幌,1,サンエンジェルス,8,6,W0に追切なし
2026-08-08,札幌,1,フィーユレアル,9,9,W0に追切なし
2026-08-08,札幌,1,マーゴットクリュグ,5,2,W0に追切なし
2026-08-08,札幌,1,ルパピヨンブラン,10,10,W0に追切なし
2026-08-08,札幌,1,ワイルドカグラ,11,14,W0に追切なし
2026-08-08,札幌,1,シャドウルーラー,3,12,W0に追切なし
2026-08-08,札幌,1,ジーティービキニ,2,4,W0に追切なし
2026-08-08,札幌,2,ランダムナンバー,7,5,W0に追切なし
2026-08-08,札幌,2,ショパンコンクール,4,11,W0に追切なし
2026-08-08,札幌,2,アルデシンザン,2,4,W0に追切なし
2026-08-08,札幌,2,リアルジャパン,6,10,W0に追切なし
2026-08-08,札幌,2,トルネードサンダー,5,7,W0に追切なし
2026-08-08,札幌,2,アズライトティアラ,10,13,W0に追切なし
2026-08-08,札幌,2,チカバリエンテ,1,1,W0に追切なし
2026-08-08,札幌,2,サンシルヴァリー,11,8,W0に追切なし
2026-08-08,札幌,2,ライフイズアート,3,9,W0に追切なし
2026-08-08,札幌,2,ジャストワナフライ,9,2,W0に追切なし
2026-08-08,札幌,2,ルギッドドランジュ,8,3,W0に追切なし
2026-08-08,札幌,2,ゴートゥービッツン,12,12,W0に追切なし
2026-08-08,札幌,2,リラカリス,13,6,W0に追切なし
2026-08-08,札幌,3,ホウオウチャールズ,11,12,W0に追切なし
2026-08-08,札幌,3,ジングアップ,9,9,W0に追切なし
2026-08-08,札幌,3,ロスニーニョス,13,10,W0に追切なし
2026-08-08,札幌,3,シンエンドーツダ,1,5,W0に追切なし
2026-08-08,札幌,3,フロムザムーン,10,6,W0に追切なし
2026-08-08,札幌,3,ニシノモリミチ,5,13,W0に追切なし
2026-08-08,札幌,3,ダディーズソード,12,14,W0に追切なし
2026-08-08,札幌,3,デルマバンダイサン,7,7,W0に追切なし
2026-08-08,札幌,3,ヘリオポリス,14,8,W0に追切なし
2026-08-08,札幌,3,リン,4,2,W0に追切なし
2026-08-08,札幌,3,ビレッジルイーザ,6,3,W0に追切なし
2026-08-08,札幌,3,マルシュボヌール,8,11,W0に追切なし
2026-08-08,札幌,3,イトシサ,2,4,W0に追切なし
2026-08-08,札幌,3,インタノン,3,1,W0に追切なし
2026-08-08,札幌,4,サンウリエル,9,7,W0に追切なし
2026-08-08,札幌,4,アセンブリールーム,5,3,W0に追切なし
2026-08-08,札幌,4,アッシュバーグ,12,10,W0に追切なし
2026-08-08,札幌,4,ダノンフィオーレ,4,1,W0に追切なし
2026-08-08,札幌,4,コスモレッド,11,13,W0に追切なし
2026-08-08,札幌,4,ネッタイヤライ,7,4,W0に追切なし
2026-08-08,札幌,4,ルーチェフィオーレ,8,14,W0に追切なし
2026-08-08,札幌,4,ブライトフレア,10,9,W0に追切なし
2026-08-08,札幌,4,ペイシャアーサー,14,12,W0に追切なし
2026-08-08,札幌,4,フレッチャアズーラ,1,5,W0に追切なし
2026-08-08,札幌,4,バルボアパーク,3,6,W0に追切なし
2026-08-08,札幌,4,スタードメイソン,13,8,W0に追切なし
2026-08-08,札幌,4,モルニケ,2,2,W0に追切なし
2026-08-08,札幌,4,グロリアスマーチ,6,11,W0に追切なし
2026-08-08,札幌,5,レイテスツドリーム,12,9,W0に追切なし
2026-08-08,札幌,5,ジーフォーリア,2,4,W0に追切なし
2026-08-08,札幌,5,イドム,8,5,W0に追切なし
2026-08-08,札幌,5,マーヴィン,5,12,W0に追切なし
2026-08-08,札幌,5,シルバーウィル,3,1,W0に追切なし
2026-08-08,札幌,5,シネファイル,4,2,W0に追切なし
2026-08-08,札幌,5,ムッチリスタイル,1,7,W0に追切なし
2026-08-08,札幌,5,ローレルメビウス,9,8,W0に追切なし
2026-08-08,札幌,5,ロマノヴェリテ,7,3,W0に追切なし
2026-08-08,札幌,5,マルカローゼ,10,10,W0に追切なし
2026-08-08,札幌,5,コジアン,6,6,W0に追切なし
2026-08-08,札幌,5,エイシンジュウライ,11,11,W0に追切なし
2026-08-08,札幌,6,インテンスゲイズ,12,4,W0に追切なし
2026-08-08,札幌,6,ポリメトリック,8,7,W0に追切なし
2026-08-08,札幌,6,オズマップ,7,14,W0に追切なし
2026-08-08,札幌,6,ウィスカーパッド,2,3,W0に追切なし
2026-08-08,札幌,6,ウインアベリア,16,15,W0に追切なし
2026-08-08,札幌,6,インフィオラータ,4,6,W0に追切なし
2026-08-08,札幌,6,ジョブックボー,5,11,W0に追切なし
2026-08-08,札幌,6,プリュイドール,6,12,W0に追切なし
2026-08-08,札幌,6,マリノリュミエール,11,9,W0に追切なし
2026-08-08,札幌,6,ダンツアラーム,13,10,W0に追切なし
2026-08-08,札幌,6,ゴコウコイコイ,1,2,W0に追切なし
2026-08-08,札幌,6,ウインカトリーヌ,3,1,W0に追切なし
2026-08-08,札幌,6,ラングロワブリッジ,15,13,W0に追切なし
2026-08-08,札幌,6,カリドーラ,10,5,W0に追切なし
2026-08-08,札幌,6,スウィーティーベル,9,8,W0に追切なし
2026-08-08,札幌,7,シェーンルスカ,12,5,W0に追切なし
2026-08-08,札幌,7,ワイドデコラシオン,2,6,W0に追切なし
2026-08-08,札幌,7,グランセレスト,8,11,W0に追切なし
2026-08-08,札幌,7,ロードヴァルカン,5,3,W0に追切なし
2026-08-08,札幌,7,ヨドノゴールド,10,2,W0に追切なし
2026-08-08,札幌,7,ランドスター,4,1,W0に追切なし
2026-08-08,札幌,7,テーオーナタリー,3,8,W0に追切なし
2026-08-08,札幌,7,カップッチョ,11,7,W0に追切なし
2026-08-08,札幌,7,ステラノヴァ,7,9,W0に追切なし
2026-08-08,札幌,7,グレイトソン,1,4,W0に追切なし
2026-08-08,札幌,7,ランプローグ,6,10,W0に追切なし
2026-08-08,札幌,8,レッドアイスピア,11,2,W0に追切なし
2026-08-08,札幌,8,セイカユウヒ,14,16,W0に追切なし
2026-08-08,札幌,8,クリオロゴールド,5,9,W0に追切なし
2026-08-08,札幌,8,ソワンドヴィクター,10,14,W0に追切なし
2026-08-08,札幌,8,クリコイーコ,15,11,W0に追切なし
2026-08-08,札幌,8,リネアベルタ,9,5,W0に追切なし
2026-08-08,札幌,8,ダノンベルビュー,4,12,W0に追切なし
2026-08-08,札幌,8,マメーアップル,2,10,W0に追切なし
2026-08-08,札幌,8,スッサンエア,3,8,W0に追切なし
2026-08-08,札幌,8,ジューンレトリバー,12,13,W0に追切なし
2026-08-08,札幌,8,ウインドオルフェ,16,15,W0に追切なし
2026-08-08,札幌,8,アンジュラフィーユ,6,3,W0に追切なし
2026-08-08,札幌,8,サトノフレイ,1,7,W0に追切なし
2026-08-08,札幌,8,モノノケ,8,6,W0に追切なし
2026-08-08,札幌,8,メイショウテンジン,7,4,W0に追切なし
2026-08-08,札幌,8,ミレニアルピンク,13,1,W0に追切なし
2026-08-08,札幌,9,リュミナーズ,10,7,W0に追切なし
2026-08-08,札幌,9,ヴェールミューズ,6,6,W0に追切なし
2026-08-08,札幌,9,ブーケドグレイス,12,8,W0に追切なし
2026-08-08,札幌,9,ビーチイン,1,10,W0に追切なし
2026-08-08,札幌,9,デルマサクラサク,4,5,W0に追切なし
2026-08-08,札幌,9,ミリオンアップ,11,11,W0に追切なし
2026-08-08,札幌,9,オテンバプリンセス,3,13,W0に追切なし
2026-08-08,札幌,9,マインセーラ,13,9,W0に追切なし
2026-08-08,札幌,9,ランスノーブル,8,2,W0に追切なし
2026-08-08,札幌,9,ジーティーアリア,5,4,W0に追切なし
2026-08-08,札幌,9,スリーケイ,7,3,W0に追切なし
2026-08-08,札幌,9,グルーヴィーオン,9,12,W0に追切なし
2026-08-08,札幌,9,カルミアクラウン,2,1,W0に追切なし
2026-08-08,札幌,10,スカイサーベイ,3,8,W0に追切なし
2026-08-08,札幌,10,ヨシヒロ,8,6,W0に追切なし
2026-08-08,札幌,10,エボルヴィング,7,3,W0に追切なし
2026-08-08,札幌,10,メイショウアイル,2,4,W0に追切なし
2026-08-08,札幌,10,バルティカ,5,2,W0に追切なし
2026-08-08,札幌,10,デルマジュテーム,6,7,W0に追切なし
2026-08-08,札幌,10,レーヴドロペラ,4,5,W0に追切なし
2026-08-08,札幌,10,ビーオンザカバー,1,1,W0に追切なし
2026-08-08,札幌,11,アクションプラン,9,11,W0に追切なし
2026-08-08,札幌,11,レヴォントゥレット,8,10,W0に追切なし
2026-08-08,札幌,11,ルクソールカフェ,3,1,W0に追切なし
2026-08-08,札幌,11,ナチュラルライズ,5,4,W0に追切なし
2026-08-08,札幌,11,テーオーパスワード,2,3,W0に追切なし
2026-08-08,札幌,11,ヴァルツァーシャル,7,5,W0に追切なし
2026-08-08,札幌,11,テーオードレフォン,11,6,W0に追切なし
2026-08-08,札幌,11,ウェイワードアクト,1,8,W0に追切なし
2026-08-08,札幌,11,ヒルノハンブルク,10,7,W0に追切なし
2026-08-08,札幌,11,オメガギネス,6,9,W0に追切なし
2026-08-08,札幌,11,ペリエール,4,2,W0に追切なし
2026-08-08,札幌,12,アスミル,8,6,W0に追切なし
2026-08-08,札幌,12,ホウキボシ,5,7,W0に追切なし
2026-08-08,札幌,12,ルクスジニア,4,4,W0に追切なし
2026-08-08,札幌,12,マーゴットブロー,7,10,W0に追切なし
2026-08-08,札幌,12,ウインイザナミ,9,11,W0に追切なし
2026-08-08,札幌,12,スミレファースト,13,9,W0に追切なし
2026-08-08,札幌,12,レイユール,10,8,W0に追切なし
2026-08-08,札幌,12,ヒズマスターピース,6,5,W0に追切なし
2026-08-08,札幌,12,レッドスティンガー,2,3,W0に追切なし
2026-08-08,札幌,12,ブラックジェダイト,3,1,W0に追切なし
2026-08-08,札幌,12,ジーネキング,1,2,W0に追切なし
2026-08-08,札幌,12,ヴィンブルレー,11,13,W0に追切なし
2026-08-08,札幌,12,オーシャントライブ,12,12,W0に追切なし
2026-08-09,中京,1,マイコンプリート,4,3,W0に追切なし
2026-08-09,中京,3,ドリームオブコージ,7,8,W0に追切なし
2026-08-09,中京,4,タイセイゼスティ,4,7,W0に追切なし
2026-08-09,中京,4,グランセンチュリ,11,15,W0に追切なし
2026-08-09,中京,5,ルシャリオ,13,12,W0に追切なし
2026-08-09,中京,5,オンザノアール,4,10,W0に追切なし
2026-08-09,中京,6,カレントゥルーシー,3,5,W0に追切なし
2026-08-09,中京,7,インビンシブルパパ,5,17,W0に追切なし
2026-08-09,中京,7,アンクルクロス,4,14,W0に追切なし
2026-08-09,中京,8,ハイディージェン,9,5,W0に追切なし
2026-08-09,中京,10,ワイルドブッター,15,4,W0に追切なし
2026-08-09,中京,10,リードプリンシパル,16,1,W0に追切なし
2026-08-09,中京,10,ナウオアネヴァー,6,14,W0に追切なし
2026-08-09,中京,10,ヴォンドゥ,3,5,W0に追切なし
2026-08-09,中京,10,シンギタイ,10,15,W0に追切なし
2026-08-09,中京,11,ウェルカムソング,2,11,W0に追切なし
2026-08-09,中京,12,エングルマン,11,6,W0に追切なし
2026-08-09,中京,12,ルージュソムニウム,12,7,W0に追切なし
2026-08-09,中京,12,ビシェノ,8,13,W0に追切なし
2026-08-09,新潟,1,エクスマキナ,5,4,W0に追切なし
2026-08-09,新潟,1,マイホームパパ,12,12,W0に追切なし
2026-08-09,新潟,1,セイウンオオゾラ,8,6,W0に追切なし
2026-08-09,新潟,1,シアルナーレ,4,2,W0に追切なし
2026-08-09,新潟,1,マスターボリューム,14,16,W0に追切なし
2026-08-09,新潟,1,ツーハーツ,6,10,W0に追切なし
2026-08-09,新潟,1,マハロハ,9,3,W0に追切なし
2026-08-09,新潟,2,イスクメル,1,1,W0に追切なし
2026-08-09,新潟,2,ゴータマ,9,9,W0に追切なし
2026-08-09,新潟,2,ドッカイッチャッテ,8,8,W0に追切なし
2026-08-09,新潟,3,クツワエターナル,15,8,W0に追切なし
2026-08-09,新潟,3,ヨルヴィック,3,1,W0に追切なし
2026-08-09,新潟,3,プティシラー,10,15,W0に追切なし
2026-08-09,新潟,3,ハングローズ,1,4,W0に追切なし
2026-08-09,新潟,3,キョウエイハル,9,9,W0に追切なし
2026-08-09,新潟,3,グランキンバリー,12,13,W0に追切なし
2026-08-09,新潟,3,セントリアン,7,6,W0に追切なし
2026-08-09,新潟,4,オセアビシャイン,12,9,W0に追切なし
2026-08-09,新潟,4,ユイノスレチガイ,9,13,W0に追切なし
2026-08-09,新潟,4,ジュングロワール,14,10,W0に追切なし
2026-08-09,新潟,4,カシマライフウ,4,3,W0に追切なし
2026-08-09,新潟,4,ラスタリア,7,14,W0に追切なし
2026-08-09,新潟,4,カノープス,11,8,W0に追切なし
2026-08-09,新潟,5,ベアアッコチャン,7,5,W0に追切なし
2026-08-09,新潟,5,プルシャプラ,9,8,W0に追切なし
2026-08-09,新潟,5,ゼファーテソーロ,4,1,W0に追切なし
2026-08-09,新潟,5,タイセイブルーム,13,10,W0に追切なし
2026-08-09,新潟,5,ソリッドベーシス,14,13,W0に追切なし
2026-08-09,新潟,6,ライヒスアドラー,1,1,W0に追切なし
2026-08-09,新潟,6,ガジュノリ,4,6,W0に追切なし
2026-08-09,新潟,6,マカナ,3,12,W0に追切なし
2026-08-09,新潟,6,モズロックンロール,13,13,W0に追切なし
2026-08-09,新潟,6,テンミラクルスター,6,11,W0に追切なし
2026-08-09,新潟,7,ヒシアムルーズ,9,10,W0に追切なし
2026-08-09,新潟,8,カレンデュラ,6,3,W0に追切なし
2026-08-09,新潟,8,サトノアルペジオ,14,15,W0に追切なし
2026-08-09,新潟,8,ラブディーヴァ,7,10,W0に追切なし
2026-08-09,新潟,8,クールベイビー,2,1,W0に追切なし
2026-08-09,新潟,9,タイセイピューマ,14,15,W0に追切なし
2026-08-09,新潟,9,フォンメイリー,11,14,W0に追切なし
2026-08-09,新潟,9,アスタールフナ,2,2,W0に追切なし
2026-08-09,新潟,9,ハッピーウィズユー,3,7,W0に追切なし
2026-08-09,新潟,9,アルジェンタージョ,9,5,W0に追切なし
2026-08-09,新潟,9,マーゴットゲイン,10,1,W0に追切なし
2026-08-09,新潟,10,トラストモアリズム,7,4,W0に追切なし
2026-08-09,新潟,10,テイキットイージー,6,6,W0に追切なし
2026-08-09,新潟,10,モートンアイランド,2,1,W0に追切なし
2026-08-09,新潟,10,オプレントジュエル,4,3,W0に追切なし
2026-08-09,新潟,11,ワイズファミリア,4,7,W0に追切なし
2026-08-09,新潟,11,フジサン,6,9,W0に追切なし
2026-08-09,新潟,11,ピコプリンセス,18,10,W0に追切なし
2026-08-09,新潟,11,ガミーヌ,11,1,W0に追切なし
2026-08-09,新潟,11,スチールギターラグ,3,6,W0に追切なし
2026-08-09,新潟,11,ダノンドナウ,2,4,W0に追切なし
2026-08-09,新潟,11,リーゼントモニカ,15,15,W0に追切なし
2026-08-09,新潟,11,ジーティージェミル,16,13,W0に追切なし
2026-08-09,新潟,12,インザライムライト,14,17,W0に追切なし
2026-08-09,新潟,12,シエラモレーナ,13,12,W0に追切なし
2026-08-09,新潟,12,ルナーファントム,3,15,W0に追切なし
2026-08-09,新潟,12,タイセイギガース,18,14,W0に追切なし
2026-08-09,新潟,12,サンロード,17,16,W0に追切なし
2026-08-09,新潟,12,ハルカオル,8,10,W0に追切なし
2026-08-09,新潟,12,ミクロスギガース,12,5,W0に追切なし
2026-08-09,新潟,12,ラルルジェンヌ,5,7,W0に追切なし
2026-08-09,札幌,1,ベイビーブラザー,8,10,W0に追切なし
2026-08-09,札幌,1,マーズエクレール,2,6,W0に追切なし
2026-08-09,札幌,1,シンゼンノト,5,5,W0に追切なし
2026-08-09,札幌,1,エコロヴァルド,9,3,W0に追切なし
2026-08-09,札幌,1,シャムスクッカ,7,7,W0に追切なし
2026-08-09,札幌,1,イチゴワタアメ,11,12,W0に追切なし
2026-08-09,札幌,1,カナデ,10,9,W0に追切なし
2026-08-09,札幌,1,ヴァイタリズム,4,11,W0に追切なし
2026-08-09,札幌,1,ハイビスカス,6,4,W0に追切なし
2026-08-09,札幌,1,テムファイア,3,1,W0に追切なし
2026-08-09,札幌,1,モーモーワン,12,8,W0に追切なし
2026-08-09,札幌,1,サルトヴェローチェ,1,2,W0に追切なし
2026-08-09,札幌,2,メイショウマドンナ,5,3,W0に追切なし
2026-08-09,札幌,2,フジコンフィデンス,4,9,W0に追切なし
2026-08-09,札幌,2,ケイベエ,9,10,W0に追切なし
2026-08-09,札幌,2,メイヨシュア,10,8,W0に追切なし
2026-08-09,札幌,2,スイーヴル,1,1,W0に追切なし
2026-08-09,札幌,2,カッサンドラ,3,6,W0に追切なし
2026-08-09,札幌,2,ラブデウザ,7,7,W0に追切なし
2026-08-09,札幌,2,マーゴットオネイロ,2,2,W0に追切なし
2026-08-09,札幌,2,ハクサンレイホウ,11,5,W0に追切なし
2026-08-09,札幌,2,ロングフルスペック,6,4,W0に追切なし
2026-08-09,札幌,2,テリオスルミ,8,11,W0に追切なし
2026-08-09,札幌,3,エオアリイ,6,5,W0に追切なし
2026-08-09,札幌,3,グランツローゼ,10,9,W0に追切なし
2026-08-09,札幌,3,マテンロウゼロ,4,6,W0に追切なし
2026-08-09,札幌,3,レジェンドシップ,2,1,W0に追切なし
2026-08-09,札幌,3,デルシエロ,3,4,W0に追切なし
2026-08-09,札幌,3,サウンドサンライズ,5,8,W0に追切なし
2026-08-09,札幌,3,ストラニエーロ,8,10,W0に追切なし
2026-08-09,札幌,3,ピティロディア,9,7,W0に追切なし
2026-08-09,札幌,3,エイカイコバチ,7,3,W0に追切なし
2026-08-09,札幌,3,メイショウテンク,1,2,W0に追切なし
2026-08-09,札幌,4,ロジクリスエス,9,6,W0に追切なし
2026-08-09,札幌,4,コサージュ,10,13,W0に追切なし
2026-08-09,札幌,4,オルビスケリー,11,14,W0に追切なし
2026-08-09,札幌,4,マイネルトレマーズ,5,7,W0に追切なし
2026-08-09,札幌,4,サクセスブルー,7,3,W0に追切なし
2026-08-09,札幌,4,メイショウセンドウ,3,2,W0に追切なし
2026-08-09,札幌,4,ブルーメンフェスト,14,10,W0に追切なし
2026-08-09,札幌,4,メイショウノヴァス,6,5,W0に追切なし
2026-08-09,札幌,4,ホウオウファラオ,2,4,W0に追切なし
2026-08-09,札幌,4,バンダムソレール,1,1,W0に追切なし
2026-08-09,札幌,4,サクセスゴールド,4,8,W0に追切なし
2026-08-09,札幌,4,シーンオブドリーム,8,11,W0に追切なし
2026-08-09,札幌,4,カプリースカラー,13,12,W0に追切なし
2026-08-09,札幌,4,スナークホクサイ,12,9,W0に追切なし
2026-08-09,札幌,5,ガザニア,4,12,W0に追切なし
2026-08-09,札幌,5,アブリコース,5,13,W0に追切なし
2026-08-09,札幌,5,アスコットペスカ,13,11,W0に追切なし
2026-08-09,札幌,5,ヌーベルフィズ,6,7,W0に追切なし
2026-08-09,札幌,5,チェッリーニ,11,8,W0に追切なし
2026-08-09,札幌,5,ソーハッピー,10,4,W0に追切なし
2026-08-09,札幌,5,ルイスイメル,7,10,W0に追切なし
2026-08-09,札幌,5,インサイドストーム,12,9,W0に追切なし
2026-08-09,札幌,5,バタフライ,9,6,W0に追切なし
2026-08-09,札幌,5,アヴレディール,8,3,W0に追切なし
2026-08-09,札幌,5,ウィエダンド,1,1,W0に追切なし
2026-08-09,札幌,5,セイレイカ,2,5,W0に追切なし
2026-08-09,札幌,5,フォルトゥナロッサ,3,2,W0に追切なし
2026-08-09,札幌,6,ダイナソーコー,9,7,W0に追切なし
2026-08-09,札幌,6,マジックファイヤー,10,6,W0に追切なし
2026-08-09,札幌,6,エコロゼルダ,12,10,W0に追切なし
2026-08-09,札幌,6,ブリックアブラック,11,13,W0に追切なし
2026-08-09,札幌,6,タビニュ,5,3,W0に追切なし
2026-08-09,札幌,6,ハバタクジユウニ,14,9,W0に追切なし
2026-08-09,札幌,6,ヘイジュード,1,5,W0に追切なし
2026-08-09,札幌,6,ミカレオス,13,14,W0に追切なし
2026-08-09,札幌,6,フォーチュンローズ,7,11,W0に追切なし
2026-08-09,札幌,6,シャンドラファール,4,2,W0に追切なし
2026-08-09,札幌,6,ドンテスタマスター,2,1,W0に追切なし
2026-08-09,札幌,6,ラッキーシグネチャ,6,8,W0に追切なし
2026-08-09,札幌,6,テイエムプレミラン,8,12,W0に追切なし
2026-08-09,札幌,6,ギオンバヤシ,3,4,W0に追切なし
2026-08-09,札幌,7,グランフルス,11,10,W0に追切なし
2026-08-09,札幌,7,デルマフジ,2,2,W0に追切なし
2026-08-09,札幌,7,トリニタリオ,1,1,W0に追切なし
2026-08-09,札幌,7,フローレンスフーガ,4,4,W0に追切なし
2026-08-09,札幌,7,ショウナンアワード,10,8,W0に追切なし
2026-08-09,札幌,7,メイショウローゼ,3,3,W0に追切なし
2026-08-09,札幌,7,シークレットシティ,8,7,W0に追切なし
2026-08-09,札幌,7,ウインアトム,14,13,W0に追切なし
2026-08-09,札幌,7,エイシンリーガル,12,5,W0に追切なし
2026-08-09,札幌,7,ウインブリザード,13,12,W0に追切なし
2026-08-09,札幌,7,ピースフルマインド,6,9,W0に追切なし
2026-08-09,札幌,7,ハートチャン,15,15,W0に追切なし
2026-08-09,札幌,7,メイショウハーブス,9,11,W0に追切なし
2026-08-09,札幌,7,レフィノス,16,16,W0に追切なし
2026-08-09,札幌,7,ミリオングローリー,5,6,W0に追切なし
2026-08-09,札幌,8,タイキフィアリーベ,8,5,W0に追切なし
2026-08-09,札幌,8,ファミーユウルーズ,14,11,W0に追切なし
2026-08-09,札幌,8,ノリノドラゴン,13,10,W0に追切なし
2026-08-09,札幌,8,ホノボノ,12,13,W0に追切なし
2026-08-09,札幌,8,メイショウコシュウ,4,2,W0に追切なし
2026-08-09,札幌,8,ポンピエ,3,4,W0に追切なし
2026-08-09,札幌,8,ピエナオルカ,1,8,W0に追切なし
2026-08-09,札幌,8,テイクオンミー,5,3,W0に追切なし
2026-08-09,札幌,8,クラウンアールシー,11,12,W0に追切なし
2026-08-09,札幌,8,サンデーパーティー,6,14,W0に追切なし
2026-08-09,札幌,8,ディアスポラ,10,7,W0に追切なし
2026-08-09,札幌,8,ローズマイスター,2,1,W0に追切なし
2026-08-09,札幌,8,ホウオウバローロ,9,6,W0に追切なし
2026-08-09,札幌,8,ブリオメンテ,7,9,W0に追切なし
2026-08-09,札幌,9,コスモファーブロス,4,3,W0に追切なし
2026-08-09,札幌,9,ニシノサリーナ,1,16,W0に追切なし
2026-08-09,札幌,9,アイアムステキ,8,11,W0に追切なし
2026-08-09,札幌,9,メラヴィリオーザ,14,12,W0に追切なし
2026-08-09,札幌,9,キタノクニカラ,15,15,W0に追切なし
2026-08-09,札幌,9,アトリウムチャペル,7,6,W0に追切なし
2026-08-09,札幌,9,スプリングデイ,11,8,W0に追切なし
2026-08-09,札幌,9,ハーモニーソング,3,13,W0に追切なし
2026-08-09,札幌,9,ラプランセス,9,4,W0に追切なし
2026-08-09,札幌,9,ルージュベルベット,5,1,W0に追切なし
2026-08-09,札幌,9,ウィングブルー,2,2,W0に追切なし
2026-08-09,札幌,9,マロンカラノテガミ,16,14,W0に追切なし
2026-08-09,札幌,9,アルマロクザン,13,10,W0に追切なし
2026-08-09,札幌,9,トレヴィ,10,5,W0に追切なし
2026-08-09,札幌,9,ノアールビーナス,6,7,W0に追切なし
2026-08-09,札幌,9,サトノカスターニャ,12,9,W0に追切なし
2026-08-09,札幌,10,マーゴットサンズ,5,5,W0に追切なし
2026-08-09,札幌,10,テイエムゴッホ,3,12,W0に追切なし
2026-08-09,札幌,10,プライベートアイズ,4,1,W0に追切なし
2026-08-09,札幌,10,テルアスワッド,10,11,W0に追切なし
2026-08-09,札幌,10,フォーワンセルフ,13,14,W0に追切なし
2026-08-09,札幌,10,ストラーダ,9,13,W0に追切なし
2026-08-09,札幌,10,マーウォルス,7,6,W0に追切なし
2026-08-09,札幌,10,ベラジオワールド,2,3,W0に追切なし
2026-08-09,札幌,10,レディゴディヴァ,12,8,W0に追切なし
2026-08-09,札幌,10,リメンバーヒム,8,4,W0に追切なし
2026-08-09,札幌,10,ウインハルモニア,11,7,W0に追切なし
2026-08-09,札幌,10,チザルピーノ,6,10,W0に追切なし
2026-08-09,札幌,10,タガノエルー,1,2,W0に追切なし
2026-08-09,札幌,10,ネクストダンサー,14,9,W0に追切なし
2026-08-09,札幌,11,クファシル,13,16,W0に追切なし
2026-08-09,札幌,11,アスティスプマンテ,7,3,W0に追切なし
2026-08-09,札幌,11,ブラックチャリス,2,6,W0に追切なし
2026-08-09,札幌,11,ステークホルダー,16,15,W0に追切なし
2026-08-09,札幌,11,ダノンマッキンリー,8,4,W0に追切なし
2026-08-09,札幌,11,シンバーシア,11,6,W0に追切なし
2026-08-09,札幌,11,ジョーメッドヴィン,10,8,W0に追切なし
2026-08-09,札幌,11,モズナナスター,9,11,W0に追切なし
2026-08-09,札幌,11,カンティーユ,6,14,W0に追切なし
2026-08-09,札幌,11,ナムラクララ,1,1,W0に追切なし
2026-08-09,札幌,11,ダンツエラン,15,12,W0に追切なし
2026-08-09,札幌,11,サウザンサニー,12,10,W0に追切なし
2026-08-09,札幌,11,ルシード,3,2,W0に追切なし
2026-08-09,札幌,11,マーブルパレス,4,9,W0に追切なし
2026-08-09,札幌,11,ウインアイオライト,14,13,W0に追切なし
2026-08-09,札幌,11,ロードフォアエース,5,5,W0に追切なし
2026-08-09,札幌,12,マイネルシンベリン,2,3,W0に追切なし
2026-08-09,札幌,12,ロングミックス,3,4,W0に追切なし
2026-08-09,札幌,12,ゴーゴータカシ,7,8,W0に追切なし
2026-08-09,札幌,12,グレーヌドジョワ,4,1,W0に追切なし
2026-08-09,札幌,12,グランセゾン,6,2,W0に追切なし
2026-08-09,札幌,12,ドーギッド,8,5,W0に追切なし
2026-08-09,札幌,12,ディーリライズ,5,6,W0に追切なし
2026-08-09,札幌,12,ヴァロアーク,1,7,W0に追切なし
2026-08-16,中京,2,ドリーペイル,7,4,W0に追切なし
2026-08-16,中京,3,ホウオウワールド,1,1,W0に追切なし
2026-08-16,中京,7,ケイズレーヴ,16,12,W0に追切なし
2026-08-16,中京,8,マキシマムビスタ,7,13,W0に追切なし
2026-08-16,中京,9,スマートエラン,3,15,W0に追切なし
2026-08-16,新潟,3,イリスロッソ,3,2,W0に追切なし
2026-08-16,新潟,3,サザンヴィターレ,6,10,W0に追切なし
2026-08-16,新潟,4,リアスブルー,4,10,W0に追切なし
2026-08-16,新潟,4,コスモデュアリズム,13,13,W0に追切なし
2026-08-16,新潟,5,キシダンチョウ,2,1,W0に追切なし
2026-08-16,新潟,6,メイショウキルギス,5,2,W0に追切なし
2026-08-16,新潟,6,クールベイビー,3,9,W0に追切なし
2026-08-16,新潟,6,リュウノタブーク,13,10,W0に追切なし
2026-08-16,新潟,7,カンパニョーラ,10,8,W0に追切なし
2026-08-16,新潟,10,ソフィアプルーマ,8,6,W0に追切なし
2026-08-16,新潟,12,パワポケウォーズ,10,3,W0に追切なし
2026-08-16,新潟,12,マーゴットライズ,3,4,W0に追切なし
2026-08-16,新潟,12,ヤマタケボニータ,5,7,W0に追切なし
2026-08-16,新潟,12,キタイノホシ,4,8,W0に追切なし
2026-08-16,新潟,12,ウィゾマニア,8,13,W0に追切なし
2026-08-16,新潟,12,ブロッコロ,13,15,W0に追切なし
2026-08-16,札幌,1,プルーフリーディン,2,1,W0に追切なし
2026-08-16,札幌,1,ウォータースパウト,5,2,W0に追切なし
2026-08-16,札幌,1,マスカルポーネ,7,3,W0に追切なし
2026-08-16,札幌,1,テンレッドサン,3,4,W0に追切なし
2026-08-16,札幌,1,セントピュアベース,6,5,W0に追切なし
2026-08-16,札幌,1,アリディプラチノ,11,6,W0に追切なし
2026-08-16,札幌,1,ルージュリヴィエラ,1,7,W0に追切なし
2026-08-16,札幌,1,アインプロージット,14,8,W0に追切なし
2026-08-16,札幌,1,ハピネスドリーム,9,9,W0に追切なし
2026-08-16,札幌,1,イセッセイ,13,10,W0に追切なし
2026-08-16,札幌,1,フィエスタ,10,11,W0に追切なし
2026-08-16,札幌,1,ストリートクイーン,4,12,W0に追切なし
2026-08-16,札幌,1,フローズンクイーン,12,13,W0に追切なし
2026-08-16,札幌,1,ルナティックブルー,8,14,W0に追切なし
2026-08-16,札幌,2,タイフーンナイン,1,1,W0に追切なし
2026-08-16,札幌,2,スクレイプバイ,6,2,W0に追切なし
2026-08-16,札幌,2,ゴートゥービッツン,8,3,W0に追切なし
2026-08-16,札幌,2,リアルジャパン,3,4,W0に追切なし
2026-08-16,札幌,2,テイクケア,5,5,W0に追切なし
2026-08-16,札幌,2,キチロクタワー,2,6,W0に追切なし
2026-08-16,札幌,2,リアルクウカイ,7,7,W0に追切なし
2026-08-16,札幌,3,ハヤブササキチャン,1,1,W0に追切なし
2026-08-16,札幌,3,テンレディーゴー,5,2,W0に追切なし
2026-08-16,札幌,3,クリスレジーナ,3,3,W0に追切なし
2026-08-16,札幌,3,コウギョク,4,4,W0に追切なし
2026-08-16,札幌,3,マイバラード,13,5,W0に追切なし
2026-08-16,札幌,3,クラシカルカイザー,11,6,W0に追切なし
2026-08-16,札幌,3,レダアトミカ,7,7,W0に追切なし
2026-08-16,札幌,3,ブランドブラン,2,8,W0に追切なし
2026-08-16,札幌,3,ライフイズカラフル,6,9,W0に追切なし
2026-08-16,札幌,3,ナムラヒナギク,9,10,W0に追切なし
2026-08-16,札幌,3,ゴールドジェスター,12,11,W0に追切なし
2026-08-16,札幌,3,カーフキック,10,12,W0に追切なし
2026-08-16,札幌,3,トクシージェネラル,14,13,W0に追切なし
2026-08-16,札幌,3,ブルースカイブルー,8,14,W0に追切なし
2026-08-16,札幌,4,アルジェンタム,1,1,W0に追切なし
2026-08-16,札幌,4,ブライトエンジェル,6,2,W0に追切なし
2026-08-16,札幌,4,ペガサスウィンド,2,3,W0に追切なし
2026-08-16,札幌,4,メイショウタイザン,3,4,W0に追切なし
2026-08-16,札幌,4,ディープマウンテン,12,5,W0に追切なし
2026-08-16,札幌,4,フォーティンブラス,7,6,W0に追切なし
2026-08-16,札幌,4,ホウオウロレンシア,4,7,W0に追切なし
2026-08-16,札幌,4,メカニックバレエ,11,8,W0に追切なし
2026-08-16,札幌,4,トランスマリーン,9,9,W0に追切なし
2026-08-16,札幌,4,エースオブゴールド,10,10,W0に追切なし
2026-08-16,札幌,4,アロハ,5,11,W0に追切なし
2026-08-16,札幌,4,テリオスリコ,14,12,W0に追切なし
2026-08-16,札幌,4,ワンダージェム,13,13,W0に追切なし
2026-08-16,札幌,4,パーシヴァル,8,14,W0に追切なし
2026-08-16,札幌,5,シティオブドリーム,3,1,W0に追切なし
2026-08-16,札幌,5,レジームチェンジ,1,2,W0に追切なし
2026-08-16,札幌,5,ハヤブサカツオー,6,3,W0に追切なし
2026-08-16,札幌,5,レッドディーヴァ,7,4,W0に追切なし
2026-08-16,札幌,5,マサノブルスカイ,11,5,W0に追切なし
2026-08-16,札幌,5,ネージュエトワール,8,6,W0に追切なし
2026-08-16,札幌,5,レッドマスキュラー,2,7,W0に追切なし
2026-08-16,札幌,5,リアンディール,5,8,W0に追切なし
2026-08-16,札幌,5,シャイニーヒーロー,12,9,W0に追切なし
2026-08-16,札幌,5,アイアムツヨスギル,4,10,W0に追切なし
2026-08-16,札幌,5,グリームウッド,10,11,W0に追切なし
2026-08-16,札幌,5,ミライショウグン,9,12,W0に追切なし
2026-08-16,札幌,6,エスカレイト,4,1,W0に追切なし
2026-08-16,札幌,6,ラテラルパーム,3,2,W0に追切なし
2026-08-16,札幌,6,ヨドノゴールド,2,3,W0に追切なし
2026-08-16,札幌,6,パドゼフィール,6,4,W0に追切なし
2026-08-16,札幌,6,マカニ,12,5,W0に追切なし
2026-08-16,札幌,6,イングラム,1,6,W0に追切なし
2026-08-16,札幌,6,タイセイアビリティ,9,7,W0に追切なし
2026-08-16,札幌,6,メイショウホダワラ,10,8,W0に追切なし
2026-08-16,札幌,6,ナンナンプー,7,9,W0に追切なし
2026-08-16,札幌,6,ビタミンドロップ,5,10,W0に追切なし
2026-08-16,札幌,6,ジュジュドール,11,11,W0に追切なし
2026-08-16,札幌,6,スパークルジョイ,8,12,W0に追切なし
2026-08-16,札幌,7,ウイルソン,1,1,W0に追切なし
2026-08-16,札幌,7,デイズインザサン,7,2,W0に追切なし
2026-08-16,札幌,7,メイショウライガ,9,3,W0に追切なし
2026-08-16,札幌,7,ヒメヒオウギ,6,4,W0に追切なし
2026-08-16,札幌,7,クールフィデル,5,5,W0に追切なし
2026-08-16,札幌,7,ミナヅキ,3,6,W0に追切なし
2026-08-16,札幌,7,マコトアディントン,2,7,W0に追切なし
2026-08-16,札幌,7,キトゥンズラスター,14,8,W0に追切なし
2026-08-16,札幌,7,ヤクジョ,8,9,W0に追切なし
2026-08-16,札幌,7,アームアンフルール,13,10,W0に追切なし
2026-08-16,札幌,7,ロッサコメータ,4,11,W0に追切なし
2026-08-16,札幌,7,トーレス,15,12,W0に追切なし
2026-08-16,札幌,7,ホウオウワイズ,11,13,W0に追切なし
2026-08-16,札幌,7,コスモマウイ,16,14,W0に追切なし
2026-08-16,札幌,7,ルクスユアン,10,15,W0に追切なし
2026-08-16,札幌,7,スチョウプリンセス,12,16,W0に追切なし
2026-08-16,札幌,8,タイキインドラ,1,1,W0に追切なし
2026-08-16,札幌,8,グレイスフルマーチ,3,2,W0に追切なし
2026-08-16,札幌,8,ロードアルディート,5,3,W0に追切なし
2026-08-16,札幌,8,ジェネラスキング,4,4,W0に追切なし
2026-08-16,札幌,8,タイセイジェイド,2,5,W0に追切なし
2026-08-16,札幌,8,タイセイルビー,6,6,W0に追切なし
2026-08-16,札幌,8,ファミーユウルーズ,9,7,W0に追切なし
2026-08-16,札幌,8,サマースプラッシュ,10,8,W0に追切なし
2026-08-16,札幌,8,カフェブーケット,8,9,W0に追切なし
2026-08-16,札幌,8,カフジクロミエ,7,10,W0に追切なし
2026-08-16,札幌,8,スパークルレイ,11,11,W0に追切なし
2026-08-16,札幌,9,リヴァイ,3,1,W0に追切なし
2026-08-16,札幌,9,ノアールビーナス,10,2,W0に追切なし
2026-08-16,札幌,9,ラヴノー,5,3,W0に追切なし
2026-08-16,札幌,9,ハッピーラッキー,1,4,W0に追切なし
2026-08-16,札幌,9,ダブルチャレンジ,6,5,W0に追切なし
2026-08-16,札幌,9,ユーティジャーニー,4,6,W0に追切なし
2026-08-16,札幌,9,レッドカメリア,12,7,W0に追切なし
2026-08-16,札幌,9,マイケルバローズ,7,8,W0に追切なし
2026-08-16,札幌,9,エコロハート,2,9,W0に追切なし
2026-08-16,札幌,9,トーアサジタリウス,13,10,W0に追切なし
2026-08-16,札幌,9,アルマロクザン,15,11,W0に追切なし
2026-08-16,札幌,9,キタノクニカラ,16,12,W0に追切なし
2026-08-16,札幌,9,ラスベガスサイン,11,13,W0に追切なし
2026-08-16,札幌,9,ブライアーヒル,14,14,W0に追切なし
2026-08-16,札幌,9,フィオラーノ,8,15,W0に追切なし
2026-08-16,札幌,9,シュークリーム,9,16,W0に追切なし
2026-08-16,札幌,10,キーガッツ,8,1,W0に追切なし
2026-08-16,札幌,10,パールフロント,2,2,W0に追切なし
2026-08-16,札幌,10,ビーマックス,5,3,W0に追切なし
2026-08-16,札幌,10,クインズシフォン,6,4,W0に追切なし
2026-08-16,札幌,10,ウーマンズパワー,4,5,W0に追切なし
2026-08-16,札幌,10,オセアエクスプレス,10,6,W0に追切なし
2026-08-16,札幌,10,キャリーグレイス,7,7,W0に追切なし
2026-08-16,札幌,10,タッカージーティー,3,8,W0に追切なし
2026-08-16,札幌,10,フェデルミエール,11,8,W0に追切なし
2026-08-16,札幌,10,マメタンク,1,10,W0に追切なし
2026-08-16,札幌,10,ストロングボンド,12,11,W0に追切なし
2026-08-16,札幌,10,カッタッパ,9,12,W0に追切なし
2026-08-16,札幌,11,シェイクユアハート,3,1,W0に追切なし
2026-08-16,札幌,11,サクラファレル,5,2,W0に追切なし
2026-08-16,札幌,11,レディネス,10,3,W0に追切なし
2026-08-16,札幌,11,ローシャムパーク,9,4,W0に追切なし
2026-08-16,札幌,11,グランディア,6,5,W0に追切なし
2026-08-16,札幌,11,マジックサンズ,4,6,W0に追切なし
2026-08-16,札幌,11,ショウヘイ,1,7,W0に追切なし
2026-08-16,札幌,11,マイネルモーント,12,8,W0に追切なし
2026-08-16,札幌,11,アドマイヤテラ,2,9,W0に追切なし
2026-08-16,札幌,11,ホウオウビスケッツ,8,10,W0に追切なし
2026-08-16,札幌,11,ゼンダンハヤブサ,13,11,W0に追切なし
2026-08-16,札幌,11,アラタ,15,12,W0に追切なし
2026-08-16,札幌,11,ピンクジン,16,13,W0に追切なし
2026-08-16,札幌,11,イガッチ,11,14,W0に追切なし
2026-08-16,札幌,11,オニャンコポン,14,15,W0に追切なし
2026-08-16,札幌,11,エコロヴァルツ,7,16,W0に追切なし
2026-08-16,札幌,12,ダノンヒストリー,1,1,W0に追切なし
2026-08-16,札幌,12,ジュンツバメガエシ,2,2,W0に追切なし
2026-08-16,札幌,12,ラーシャローム,7,3,W0に追切なし
2026-08-16,札幌,12,ブリヤディアマンテ,12,4,W0に追切なし
2026-08-16,札幌,12,ゲンジ,5,5,W0に追切なし
2026-08-16,札幌,12,サラトガチップス,3,6,W0に追切なし
2026-08-16,札幌,12,アスクデッドヒート,4,7,W0に追切なし
2026-08-16,札幌,12,ドッビアーコ,13,8,W0に追切なし
2026-08-16,札幌,12,レイデラティエラ,6,9,W0に追切なし
2026-08-16,札幌,12,ライフセービング,10,10,W0に追切なし
2026-08-16,札幌,12,レイデラルース,11,11,W0に追切なし
2026-08-16,札幌,12,マイネルゼウス,8,12,W0に追切なし
2026-08-16,札幌,12,リアルファインド,9,13,W0に追切なし
2026-08-16,札幌,12,パープルクラウド,14,14,W0に追切なし
2026-08-22,札幌,1,トゥザファイナル,1,1,W0に追切なし
2026-08-22,札幌,1,マーズエクレール,7,2,W0に追切なし
2026-08-22,札幌,1,シンゼンノト,8,3,W0に追切なし
2026-08-22,札幌,1,アンバーバレット,3,4,W0に追切なし
2026-08-22,札幌,1,レイテスツドリーム,9,5,W0に追切なし
2026-08-22,札幌,1,ファラオクィーン,2,6,W0に追切なし
2026-08-22,札幌,1,サーギュスターヴ,6,7,W0に追切なし
2026-08-22,札幌,1,サウンドエフォート,5,8,W0に追切なし
2026-08-22,札幌,1,ミライショウグン,11,9,W0に追切なし
2026-08-22,札幌,1,マルカローゼ,10,10,W0に追切なし
2026-08-22,札幌,1,レゾルートハート,4,11,W0に追切なし
2026-08-22,札幌,1,アークレオン,12,12,W0に追切なし
2026-08-22,札幌,2,ヒアカムズザサン,2,1,W0に追切なし
2026-08-22,札幌,2,ランフォーザエイジ,1,2,W0に追切なし
2026-08-22,札幌,2,イントゥーザブルー,4,3,W0に追切なし
2026-08-22,札幌,2,ローレルメビウス,6,4,W0に追切なし
2026-08-22,札幌,2,ランダムナンバー,3,5,W0に追切なし
2026-08-22,札幌,2,ロードレスポンス,5,6,W0に追切なし
2026-08-22,札幌,3,リン,1,1,W0に追切なし
2026-08-22,札幌,3,メイショウセンドウ,2,2,W0に追切なし
2026-08-22,札幌,3,イーサンミラー,5,3,W0に追切なし
2026-08-22,札幌,3,モンロワイヤル,3,4,W0に追切なし
2026-08-22,札幌,3,ジャーナーリア,7,5,W0に追切なし
2026-08-22,札幌,3,ルージュラベル,11,6,W0に追切なし
2026-08-22,札幌,3,コウソクユノ,9,7,W0に追切なし
2026-08-22,札幌,3,ロジマギー,8,8,W0に追切なし
2026-08-22,札幌,3,ハイテイラオユエ,4,9,W0に追切なし
2026-08-22,札幌,3,ジュラトリー,6,10,W0に追切なし
2026-08-22,札幌,3,ハイランダー,10,11,W0に追切なし
2026-08-22,札幌,3,レーヌペスカ,13,12,W0に追切なし
2026-08-22,札幌,3,タイガーゲイト,14,13,W0に追切なし
2026-08-22,札幌,3,パレホ,12,14,W0に追切なし
2026-08-22,札幌,4,コワンニシタガウ,4,1,W0に追切なし
2026-08-22,札幌,4,マンサニージャ,6,2,W0に追切なし
2026-08-22,札幌,4,フローレンスフーガ,8,3,W0に追切なし
2026-08-22,札幌,4,サトノリアファル,2,4,W0に追切なし
2026-08-22,札幌,4,シーラス,7,5,W0に追切なし
2026-08-22,札幌,4,ゴコウコイコイ,1,6,W0に追切なし
2026-08-22,札幌,4,ブライスフェアリー,5,7,W0に追切なし
2026-08-22,札幌,4,ケナゲ,9,8,W0に追切なし
2026-08-22,札幌,4,ウィスカーパッド,3,9,W0に追切なし
2026-08-22,札幌,4,コティノス,10,10,W0に追切なし
2026-08-22,札幌,4,メイショウノヴァス,11,11,W0に追切なし
2026-08-22,札幌,4,クロミ,13,12,W0に追切なし
2026-08-22,札幌,4,シーシェル,14,13,W0に追切なし
2026-08-22,札幌,4,クルサール,15,14,W0に追切なし
2026-08-22,札幌,4,カタカムナ,16,15,W0に追切なし
2026-08-22,札幌,4,アースヴィンチ,12,16,W0に追切なし
2026-08-22,札幌,5,ツキミ,1,1,W0に追切なし
2026-08-22,札幌,5,グリーンアイランド,5,2,W0に追切なし
2026-08-22,札幌,5,フクノブルースカイ,7,3,W0に追切なし
2026-08-22,札幌,5,ブラスセッション,8,4,W0に追切なし
2026-08-22,札幌,5,タプティ,9,5,W0に追切なし
2026-08-22,札幌,5,マシュマロデイズ,2,6,W0に追切なし
2026-08-22,札幌,5,ロードリバイバル,11,7,W0に追切なし
2026-08-22,札幌,5,スピカテソーロ,4,8,W0に追切なし
2026-08-22,札幌,5,リーベフォール,6,9,W0に追切なし
2026-08-22,札幌,5,ハヤテノギンジロウ,13,10,W0に追切なし
2026-08-22,札幌,5,ノヴァカーラ,12,11,W0に追切なし
2026-08-22,札幌,5,ジャストピーチー,10,12,W0に追切なし
2026-08-22,札幌,5,カセノメロス,3,13,W0に追切なし
2026-08-22,札幌,5,ラストフィールド,14,14,W0に追切なし
2026-08-22,札幌,6,フィエールシャンテ,6,1,W0に追切なし
2026-08-22,札幌,6,ギオンバヤシ,2,2,W0に追切なし
2026-08-22,札幌,6,レットミーテイク,5,3,W0に追切なし
2026-08-22,札幌,6,シャンドラファール,1,4,W0に追切なし
2026-08-22,札幌,6,フクチャンブラック,10,5,W0に追切なし
2026-08-22,札幌,6,タビニュ,4,6,W0に追切なし
2026-08-22,札幌,6,アイアムコロンブス,12,7,W0に追切なし
2026-08-22,札幌,6,ホウオウライラック,8,8,W0に追切なし
2026-08-22,札幌,6,デルマタカチホ,7,9,W0に追切なし
2026-08-22,札幌,6,リコラピッド,11,10,W0に追切なし
2026-08-22,札幌,6,パゴスピグイノス,9,11,W0に追切なし
2026-08-22,札幌,6,カイユレ,13,12,W0に追切なし
2026-08-22,札幌,6,ヴィラジョヴィス,3,13,W0に追切なし
2026-08-22,札幌,7,ミサビスケッツ,2,1,W0に追切なし
2026-08-22,札幌,7,レストプレドゥモア,8,2,W0に追切なし
2026-08-22,札幌,7,ドリームガッサン,1,3,W0に追切なし
2026-08-22,札幌,7,ラテラルパーム,4,4,W0に追切なし
2026-08-22,札幌,7,セイウンバジリスク,6,5,W0に追切なし
2026-08-22,札幌,7,メイショウハッブル,9,6,W0に追切なし
2026-08-22,札幌,7,ロードヴァルカン,3,7,W0に追切なし
2026-08-22,札幌,7,セガンティーニ,5,8,W0に追切なし
2026-08-22,札幌,7,シェーンルスカ,12,9,W0に追切なし
2026-08-22,札幌,7,グッバイウェーブ,10,10,W0に追切なし
2026-08-22,札幌,7,メイワキラリ,7,11,W0に追切なし
2026-08-22,札幌,7,カップッチョ,11,12,W0に追切なし
2026-08-22,札幌,8,ルージュビバーチェ,2,1,W0に追切なし
2026-08-22,札幌,8,ミルボナー,4,2,W0に追切なし
2026-08-22,札幌,8,ケープウィッカム,1,3,W0に追切なし
2026-08-22,札幌,8,ジーティーアリア,6,4,W0に追切なし
2026-08-22,札幌,8,サウンドルーチェ,10,5,W0に追切なし
2026-08-22,札幌,8,ピラニアキッス,5,6,W0に追切なし
2026-08-22,札幌,8,ランスノーブル,7,7,W0に追切なし
2026-08-22,札幌,8,リピース,9,8,W0に追切なし
2026-08-22,札幌,8,ホワイトオーキッド,8,9,W0に追切なし
2026-08-22,札幌,8,ローゾフィア,3,10,W0に追切なし
2026-08-22,札幌,9,ブルージェイ,2,1,W0に追切なし
2026-08-22,札幌,9,フレイコン,1,2,W0に追切なし
2026-08-22,札幌,9,エイシンウルトラン,7,3,W0に追切なし
2026-08-22,札幌,9,ラードンチェイス,3,4,W0に追切なし
2026-08-22,札幌,9,ウィエダンド,4,5,W0に追切なし
2026-08-22,札幌,9,コパノシチリア,12,6,W0に追切なし
2026-08-22,札幌,9,ステラトップガン,5,7,W0に追切なし
2026-08-22,札幌,9,ダマスク,10,8,W0に追切なし
2026-08-22,札幌,9,チカバリエンテ,6,9,W0に追切なし
2026-08-22,札幌,9,モンビスキュイ,9,10,W0に追切なし
2026-08-22,札幌,9,エンジェルボヌール,14,11,W0に追切なし
2026-08-22,札幌,9,シアンディオ,8,12,W0に追切なし
2026-08-22,札幌,9,ライーリーアース,11,13,W0に追切なし
2026-08-22,札幌,9,スターオブヴェイズ,13,14,W0に追切なし
2026-08-22,札幌,10,アスミル,1,1,W0に追切なし
2026-08-22,札幌,10,ビービーエフォート,3,2,W0に追切なし
2026-08-22,札幌,10,ミキノバカラ,6,3,W0に追切なし
2026-08-22,札幌,10,ビーコング,5,4,W0に追切なし
2026-08-22,札幌,10,エクストラバック,11,5,W0に追切なし
2026-08-22,札幌,10,ホウオウヘッセン,10,6,W0に追切なし
2026-08-22,札幌,10,フードマン,2,7,W0に追切なし
2026-08-22,札幌,10,ピースフルナイト,12,8,W0に追切なし
2026-08-22,札幌,10,ジーベック,13,9,W0に追切なし
2026-08-22,札幌,10,メイショウミリオレ,9,10,W0に追切なし
2026-08-22,札幌,10,ヴィヴァクラウン,8,11,W0に追切なし
2026-08-22,札幌,10,ジャガード,14,12,W0に追切なし
2026-08-22,札幌,10,ウチュウノセカイ,4,13,W0に追切なし
2026-08-22,札幌,10,ベルビースタローン,7,14,W0に追切なし
2026-08-22,札幌,11,キャントウェイト,4,1,W0に追切なし
2026-08-22,札幌,11,スパークリシャール,12,2,W0に追切なし
2026-08-22,札幌,11,ショウナンサムデイ,3,3,W0に追切なし
2026-08-22,札幌,11,ディーガレジェンド,6,4,W0に追切なし
2026-08-22,札幌,11,スピードリッチ,1,5,W0に追切なし
2026-08-22,札幌,11,ピンクジン,8,6,W0に追切なし
2026-08-22,札幌,11,テーオーダグラス,7,7,W0に追切なし
2026-08-22,札幌,11,タイキラフター,11,9,W0に追切なし
2026-08-22,札幌,11,ウィープディライト,9,10,W0に追切なし
2026-08-22,札幌,11,ワイドアラジン,13,11,W0に追切なし
2026-08-22,札幌,11,チルカーノ,10,12,W0に追切なし
2026-08-22,札幌,11,ウイントレメンデス,5,13,W0に追切なし
2026-08-22,札幌,12,ロングミックス,1,1,W0に追切なし
2026-08-22,札幌,12,ブリオメンテ,7,2,W0に追切なし
2026-08-22,札幌,12,サマーナイト,2,3,W0に追切なし
2026-08-22,札幌,12,メイショウコシュウ,3,4,W0に追切なし
2026-08-22,札幌,12,ポンピエ,5,5,W0に追切なし
2026-08-22,札幌,12,ロードスカイブルー,8,6,W0に追切なし
2026-08-22,札幌,12,ココデイック,6,7,W0に追切なし
2026-08-22,札幌,12,ジュジュドール,11,8,W0に追切なし
2026-08-22,札幌,12,グルーヴィーオン,10,9,W0に追切なし
2026-08-22,札幌,12,ゴールドブレイズ,4,10,W0に追切なし
2026-08-22,札幌,12,マロンカラノテガミ,9,11,W0に追切なし
2026-08-22,新潟,1,ハチキンキリシマ,7,7,W0に追切なし
2026-08-22,新潟,4,ラショナルポイント,1,3,W0に追切なし
2026-08-22,新潟,4,ルシアージュ,7,5,W0に追切なし
2026-08-22,新潟,4,ソフィアプルーマ,13,8,W0に追切なし
2026-08-22,新潟,4,バーヴァンシー,9,12,W0に追切なし
2026-08-22,新潟,5,ブロークンハート,11,15,W0に追切なし
2026-08-22,新潟,9,イージーブリージー,4,5,W0に追切なし
2026-08-22,新潟,10,スマイルカーブ,6,11,W0に追切なし
2026-08-22,新潟,11,ワンダースアン,6,1,W0に追切なし
2026-08-22,新潟,11,ラウターユーベル,8,6,W0に追切なし
2026-08-22,新潟,11,コールリッジ,4,8,W0に追切なし
2026-08-22,新潟,11,セレスティアハート,10,11,W0に追切なし
2026-08-22,新潟,11,イントゥゴールデン,12,12,W0に追切なし
2026-08-22,新潟,12,ジュンヴィヴァン,6,7,W0に追切なし
2026-08-22,中京,4,アスクブームキセキ,4,1,W0に追切なし
2026-08-22,中京,4,ゴッドアミーラ,12,16,W0に追切なし
2026-08-22,中京,5,マカロンブルー,2,3,W0に追切なし
2026-08-22,中京,5,ブルーメンフェスト,16,16,W0に追切なし
2026-08-22,中京,6,ノボリクレバー,8,9,W0に追切なし
2026-08-22,中京,8,クラッチスラッガー,3,10,W0に追切なし
2026-08-22,中京,10,シュガーハイ,10,12,W0に追切なし
2026-08-22,中京,11,ラヴエナストロ,7,10,W0に追切なし
2026-08-22,中京,11,ヴェルサイユシエル,9,12,W0に追切なし
2026-08-22,中京,12,アンガーザガール,3,2,W0に追切なし
2026-08-23,中京,1,レットミーゴー,7,7,W0に追切なし
2026-08-23,中京,4,キタノハイテイル,6,1,W0に追切なし
2026-08-23,中京,4,グレートアゲイン,10,2,W0に追切なし
2026-08-23,中京,4,タイセイゼスティ,4,8,W0に追切なし
2026-08-23,中京,6,ムーンウォーリア,14,14,W0に追切なし
2026-08-23,中京,10,サトノディヴァイン,9,5,W0に追切なし
2026-08-23,中京,10,ギレイ,8,8,W0に追切なし
2026-08-23,中京,10,グランセンチュリ,14,13,W0に追切なし
2026-08-23,新潟,3,ルーチェルナーレ,8,7,W0に追切なし
2026-08-23,新潟,4,パッサージュワイズ,15,15,W0に追切なし
2026-08-23,新潟,5,フジサン,5,1,W0に追切なし
2026-08-23,新潟,5,ポポラヴィスタ,8,4,W0に追切なし
2026-08-23,新潟,5,シェリーシュシュ,9,9,W0に追切なし
2026-08-23,新潟,8,マンウォル,9,10,W0に追切なし
2026-08-23,新潟,9,リッチハンター,14,11,W0に追切なし
2026-08-23,新潟,11,シャルマンナナ,7,13,W0に追切なし
2026-08-23,新潟,12,トルネードアイル,2,2,W0に追切なし
2026-08-23,札幌,1,シェイプオブユー,2,1,W0に追切なし
2026-08-23,札幌,1,アイビーミャーオ,1,2,W0に追切なし
2026-08-23,札幌,1,メイショウマドンナ,3,3,W0に追切なし
2026-08-23,札幌,1,ペイシャクロス,5,4,W0に追切なし
2026-08-23,札幌,1,ニシノギャルズ,6,5,W0に追切なし
2026-08-23,札幌,1,ルーチェコメット,7,6,W0に追切なし
2026-08-23,札幌,1,アジーザム,9,7,W0に追切なし
2026-08-23,札幌,1,アッシュグレイス,12,8,W0に追切なし
2026-08-23,札幌,1,トリアングルレディ,11,9,W0に追切なし
2026-08-23,札幌,1,アーミル,10,10,W0に追切なし
2026-08-23,札幌,1,ベルグランボヌール,4,11,W0に追切なし
2026-08-23,札幌,1,ロングフルスペック,8,12,W0に追切なし
2026-08-23,札幌,2,デザートスピリット,2,1,W0に追切なし
2026-08-23,札幌,2,トムクリオーザ,6,2,W0に追切なし
2026-08-23,札幌,2,ムッチリスタイル,3,3,W0に追切なし
2026-08-23,札幌,2,ティアラード,1,4,W0に追切なし
2026-08-23,札幌,2,サンレガート,5,5,W0に追切なし
2026-08-23,札幌,2,ウィルレーヴィア,9,6,W0に追切なし
2026-08-23,札幌,2,サンシルヴァリー,11,7,W0に追切なし
2026-08-23,札幌,2,アルデシンザン,4,8,W0に追切なし
2026-08-23,札幌,2,リーゼントエース,8,9,W0に追切なし
2026-08-23,札幌,2,シークレットタワー,10,10,W0に追切なし
2026-08-23,札幌,2,シガレス,7,11,W0に追切なし
2026-08-23,札幌,3,ファイアリービート,2,1,W0に追切なし
2026-08-23,札幌,3,セラサイト,7,2,W0に追切なし
2026-08-23,札幌,3,アオイミズホ,1,3,W0に追切なし
2026-08-23,札幌,3,ホウオウファラオ,6,4,W0に追切なし
2026-08-23,札幌,3,ブルーアンビエンス,12,5,W0に追切なし
2026-08-23,札幌,3,ジェイストリーク,3,6,W0に追切なし
2026-08-23,札幌,3,エクラドット,4,7,W0に追切なし
2026-08-23,札幌,3,ブルーエ,10,8,W0に追切なし
2026-08-23,札幌,3,アメリカンダンス,8,9,W0に追切なし
2026-08-23,札幌,3,ヒマラヤミュサ,14,10,W0に追切なし
2026-08-23,札幌,3,レジオンポレール,5,11,W0に追切なし
2026-08-23,札幌,3,セブンワンダーズ,11,12,W0に追切なし
2026-08-23,札幌,3,ジェッディンデデン,13,13,W0に追切なし
2026-08-23,札幌,4,レッドアイスピア,2,1,W0に追切なし
2026-08-23,札幌,4,リアララ,1,2,W0に追切なし
2026-08-23,札幌,4,アドマイヤパープル,3,3,W0に追切なし
2026-08-23,札幌,4,メイショウテンジン,4,4,W0に追切なし
2026-08-23,札幌,4,ロジスカヤ,7,5,W0に追切なし
2026-08-23,札幌,4,ブレッティレディ,9,6,W0に追切なし
2026-08-23,札幌,4,リネアベルタ,6,7,W0に追切なし
2026-08-23,札幌,4,ファイティンアスク,10,8,W0に追切なし
2026-08-23,札幌,4,ユーベルジーク,14,9,W0に追切なし
2026-08-23,札幌,4,ゲフィオン,13,10,W0に追切なし
2026-08-23,札幌,4,ドンレミラピュセル,11,11,W0に追切なし
2026-08-23,札幌,4,ニットウエース,15,12,W0に追切なし
2026-08-23,札幌,4,スカイピア,5,13,W0に追切なし
2026-08-23,札幌,4,ヴェンデボヌール,12,14,W0に追切なし
2026-08-23,札幌,5,ヴァンドレスト,1,1,W0に追切なし
2026-08-23,札幌,5,リズムオブサンダー,5,2,W0に追切なし
2026-08-23,札幌,5,アオイゲート,3,3,W0に追切なし
2026-08-23,札幌,5,バトルナイト,4,4,W0に追切なし
2026-08-23,札幌,5,ソフィーサンライズ,7,5,W0に追切なし
2026-08-23,札幌,5,マテンロウバモス,2,6,W0に追切なし
2026-08-23,札幌,5,ボディビルダー,6,7,W0に追切なし
2026-08-23,札幌,6,サンセットゴールド,8,1,W0に追切なし
2026-08-23,札幌,6,ルールザウェイヴ,2,2,W0に追切なし
2026-08-23,札幌,6,ルクスアドラー,7,3,W0に追切なし
2026-08-23,札幌,6,ベアサナエチャン,4,4,W0に追切なし
2026-08-23,札幌,6,ブライトフレア,13,5,W0に追切なし
2026-08-23,札幌,6,サンウリエル,11,6,W0に追切なし
2026-08-23,札幌,6,モルニケ,3,7,W0に追切なし
2026-08-23,札幌,6,モノポリオ,1,8,W0に追切なし
2026-08-23,札幌,6,ホウオウペトリュス,12,9,W0に追切なし
2026-08-23,札幌,6,クイーンズワーフ,6,10,W0に追切なし
2026-08-23,札幌,6,オーケーダイナ,10,11,W0に追切なし
2026-08-23,札幌,6,クラインシュミット,14,12,W0に追切なし
2026-08-23,札幌,6,ファニーバニー,5,13,W0に追切なし
2026-08-23,札幌,6,ゴーゴーリチャード,9,14,W0に追切なし
2026-08-23,札幌,7,ニヒトツーゼーア,6,1,W0に追切なし
2026-08-23,札幌,7,ダイシンレアレア,1,2,W0に追切なし
2026-08-23,札幌,7,トライゴーニック,7,3,W0に追切なし
2026-08-23,札幌,7,リバーソニック,4,4,W0に追切なし
2026-08-23,札幌,7,アスクガンバーレ,3,5,W0に追切なし
2026-08-23,札幌,7,ステイアンビシャス,5,6,W0に追切なし
2026-08-23,札幌,7,タイキフィアリーベ,8,7,W0に追切なし
2026-08-23,札幌,7,ブーケドグレイス,10,8,W0に追切なし
2026-08-23,札幌,7,シドニーホバート,11,9,W0に追切なし
2026-08-23,札幌,7,ミスターエメラルド,2,10,W0に追切なし
2026-08-23,札幌,7,シーリュウシー,9,11,W0に追切なし
2026-08-23,札幌,8,ダノンプレサージュ,1,1,W0に追切なし
2026-08-23,札幌,8,マイネルシンベリン,2,2,W0に追切なし
2026-08-23,札幌,8,ジェルブロア,4,3,W0に追切なし
2026-08-23,札幌,8,ゴールドジェスター,10,4,W0に追切なし
2026-08-23,札幌,8,シニャンガ,3,5,W0に追切なし
2026-08-23,札幌,8,シャルムグリーン,8,6,W0に追切なし
2026-08-23,札幌,8,ピティロディア,9,7,W0に追切なし
2026-08-23,札幌,8,ブランヴァンダイク,7,8,W0に追切なし
2026-08-23,札幌,8,サクラアドリア,6,9,W0に追切なし
2026-08-23,札幌,8,ララオウ,5,10,W0に追切なし
2026-08-23,札幌,8,ソワンドヴィクター,11,11,W0に追切なし
2026-08-23,札幌,9,エイシンインアウト,3,1,W0に追切なし
2026-08-23,札幌,9,ハルフロンティア,4,2,W0に追切なし
2026-08-23,札幌,9,マイネルマスター,11,3,W0に追切なし
2026-08-23,札幌,9,メイショウテンク,2,4,W0に追切なし
2026-08-23,札幌,9,ジャケットポケット,5,5,W0に追切なし
2026-08-23,札幌,9,デルシエロ,8,6,W0に追切なし
2026-08-23,札幌,9,エチゴドラゴン,1,7,W0に追切なし
2026-08-23,札幌,9,サイン,7,8,W0に追切なし
2026-08-23,札幌,9,アドミラルシップ,6,9,W0に追切なし
2026-08-23,札幌,9,ドーギッド,10,10,W0に追切なし
2026-08-23,札幌,9,ユメシルベ,12,11,W0に追切なし
2026-08-23,札幌,9,グランツローゼ,13,12,W0に追切なし
2026-08-23,札幌,9,ダノンシーホーク,9,13,W0に追切なし
2026-08-23,札幌,10,ローズマイスター,3,2,W0に追切なし
2026-08-23,札幌,10,アオハルブルース,2,3,W0に追切なし
2026-08-23,札幌,10,レッドライトニング,6,4,W0に追切なし
2026-08-23,札幌,10,ヒミノエトワール,7,5,W0に追切なし
2026-08-23,札幌,10,ユウェンタース,5,6,W0に追切なし
2026-08-23,札幌,10,ヒルノピレネー,9,7,W0に追切なし
2026-08-23,札幌,10,ハヤブサオヒメサマ,8,8,W0に追切なし
2026-08-23,札幌,10,クリノラピダス,13,9,W0に追切なし
2026-08-23,札幌,10,カスバートテソーロ,10,10,W0に追切なし
2026-08-23,札幌,10,オーロラアーク,14,11,W0に追切なし
2026-08-23,札幌,10,セイントホース,4,12,W0に追切なし
2026-08-23,札幌,10,ハイクオリティ,1,13,W0に追切なし
2026-08-23,札幌,10,ウインハルモニア,11,14,W0に追切なし
2026-08-23,札幌,11,サウンドモリアーナ,5,1,W0に追切なし
2026-08-23,札幌,11,パンジャタワー,1,2,W0に追切なし
2026-08-23,札幌,11,ウインカーネリアン,3,3,W0に追切なし
2026-08-23,札幌,11,エーティーマクフィ,4,4,W0に追切なし
2026-08-23,札幌,11,ロードフォアエース,12,5,W0に追切なし
2026-08-23,札幌,11,ロジケープ,2,6,W0に追切なし
2026-08-23,札幌,11,イツモニコニコ,13,7,W0に追切なし
2026-08-23,札幌,11,ダノンマッキンリー,9,8,W0に追切なし
2026-08-23,札幌,11,リラエンブレム,10,9,W0に追切なし
2026-08-23,札幌,11,ゾンニッヒ,11,10,W0に追切なし
2026-08-23,札幌,11,ルシード,7,11,W0に追切なし
2026-08-23,札幌,11,ジョーメッドヴィン,14,12,W0に追切なし
2026-08-23,札幌,11,ナムラクララ,8,13,W0に追切なし
2026-08-23,札幌,11,エイシンディード,6,15,W0に追切なし
2026-08-23,札幌,11,レッドアヴァンティ,15,16,W0に追切なし
2026-08-23,札幌,12,ミリオンクラウン,2,1,W0に追切なし
2026-08-23,札幌,12,マイネルフォルツァ,11,2,W0に追切なし
2026-08-23,札幌,12,ワザモノ,5,3,W0に追切なし
2026-08-23,札幌,12,ルクスジニア,1,4,W0に追切なし
2026-08-23,札幌,12,ストームサンダー,9,6,W0に追切なし
2026-08-23,札幌,12,ウインベラーノ,3,7,W0に追切なし
2026-08-23,札幌,12,コスモスプモーニ,14,8,W0に追切なし
2026-08-23,札幌,12,マルカオペラ,8,9,W0に追切なし
2026-08-23,札幌,12,バセリーナ,10,11,W0に追切なし
2026-08-23,札幌,12,ベネスピラ,7,12,W0に追切なし
2026-08-23,札幌,12,ショウナンヤッホー,13,13,W0に追切なし
2026-08-23,札幌,12,テルヒコウ,6,14,W0に追切なし
