260830,札幌,1, 1,未勝利・牝,ダ,1700,タガノシルフィー,牝,3,横山和生,55.0,石橋守,栗,八木良司,新冠タガノファーム,モーニン,タガノタイリン,23104322,4,アイルハヴアナザー,栗毛,1,4,1,2,14,   877,     0, 0,   0.0,0,0126240101
260830,札幌,1, 2,未勝利・牝,ダ,1700,マーゴットクリュグ,牝,3,松本大輝,55.0,小林真也,栗,前田良平,千代田牧場,ゴールドドリーム,シャンパントパーズ,23102909,4,ワイルドラッシュ,鹿毛,2,3,5,2,14,   684,     0, 0,   0.0,0,0126240102
260830,札幌,1, 3,未勝利・牝,ダ,1700,ゴーゴーエイミー,牝,3,斎藤新,55.0,東田明士,栗,岡田隆寛,津田牧場,モーニン,グラニースミス,23104239,4,ディープインパクト,黒鹿,3,41,9,8,14,     0,     0, 0,   0.0,0,0126240103
260830,札幌,1, 4,未勝利・牝,ダ,1700,テンレッドサン,牝,3,横山武史,55.0,西園翔太,栗,天白泰司,佐藤牧場,ヘニーヒューズ,キンショーユキヒメ,23104101,4,メイショウサムソン,芦毛,3,2,3,4,14,   627,     0, 0,   0.0,0,0126240104
260830,札幌,1, 5,未勝利・牝,ダ,1700,サンセリテ,牝,3,武豊,55.0,鹿戸雄一,美,シルクレーシング,ノーザンファーム,コントレイル,スウィートリーズン,23107068,4,"Street Sense",青鹿,4,5,6,6,14,   300,     0, 0,   0.0,0,0126240105
260830,札幌,1, 6,未勝利・牝,ダ,1700,ビレッジルイーザ,牝,3,丹内祐次,55.0,伊藤圭三,美,村山輝雄,林孝輝,ノーブルミッション,オーシャンウェイ,23102170,4,"Street Cry",鹿毛,4,3,6,3,14,   762,     0, 0,   0.0,0,0126240106
260830,札幌,1, 7,未勝利・牝,ダ,1700,エリカビアリッツ,牝,3,鮫島克駿,55.0,堀宣行,美,三木正浩,グランド牧場,キズナ,ブレーヴアンナ,23102608,4,"War Front",鹿毛,5,9,2,4,14,   977,     0, 0,   0.0,0,0126240107
260830,札幌,1, 8,未勝利・牝,ダ,1700,タガノラヴズワン,牝,3,和田陽希,52.0,平田修,栗,八木良司,新冠タガノファーム,ヤマカツエース,ラグタイム,23104332,4,ディープインパクト,栗毛,5,7,5,10,14,   470,     0, 0,   0.0,0,0126240108
260830,札幌,1, 9,未勝利・牝,ダ,1700,セントピュアベース,牝,3,荻野琢真,55.0,藤野健太,栗,中村規,アイズスタッド,クリソベリル,プリンシアコメータ,23100580,4,スパイキュール,鹿毛,6,2,6,5,14,   191,     0, 0,   0.0,0,0126240109
260830,札幌,1,10,未勝利・牝,ダ,1700,モンテパステル,牝,3,古川吉洋,55.0,四位洋文,栗,毛利元昭,ノーザンファーム,ルヴァンスレーヴ,アイスパステル,23106819,4,Shackleford,黒鹿,6,8,8,13,14,     0,     0, 0,   0.0,0,0126240110
260830,札幌,1,11,未勝利・牝,ダ,1700,ウォータースパウト,牝,3,吉田隼人,55.0,小笠倫弘,美,グリーンファーム,那須野,ルヴァンスレーヴ,シネマソングス,23105555,4,ハーツクライ,青鹿,7,2,5,2,14,   530,     0, 0,   0.0,0,0126240111
260830,札幌,1,12,未勝利・牝,ダ,1700,ブライトエンジェル,牝,3,川又賢治,55.0,角田晃一,栗,前田幸貴,ノースヒルズ,コントレイル,イベリス,23104374,4,ロードカナロア,鹿毛,7,2,6,2,14,   540,     0, 0,   0.0,0,0126240112
260830,札幌,1,13,未勝利・牝,ダ,1700,ジーティービキニ,牝,3,小林美駒,52.0,松下武士,栗,田畑利彦,ノーザンファーム,キズナ,ムミービーチ,23107267,4,"Treasure Beach",鹿毛,8,3,2,4,14,  1309,     0, 0,   0.0,0,0126240113
260830,札幌,1,14,未勝利・牝,ダ,1700,コイバナ,牝,3,浜中俊,55.0,渡辺薫彦,栗,岡浩二,サンデーヒルズ,モズアスコット,タイムピース,23102700,4,ルーラーシップ,栗毛,8,2,5,3,14,   209,     0, 0,   0.0,0,0126240114
260830,札幌,2, 1,未勝利*,芝,1200,アワードリームス,牝,2,石川倭,55.0,中村直也,栗,加藤天明,エスティファーム,ミラアイトーン,ダンカンズビー,24106839,4,Shamardal,青鹿,1,4,5,9,14,     0,     0, 0,   0.0,0,0126240201
260830,札幌,2, 2,未勝利*,芝,1200,ヴィヴィアンリーチ,牝,2,斎藤新,55.0,東田明士,栗,ヒダカ・ブリーダーズ・ユニオン,辻牧場,タワーオブロンドン,リーチトゥブリス,24101989,4,トーセンジョーダン,鹿毛,2,5,3,6,14,   120,     0, 0,   0.0,0,0126240202
260830,札幌,2, 3,未勝利*,芝,1200,ショパンコンクール,牡,2,丹内祐次,55.0,岩戸孝樹,美,小菅誠,沖田牧場,ミッキーアイル,マラムコーブ,24100176,4,ロードカナロア,青鹿,3,3,4,11,14,   369,     0, 0,   0.0,0,0126240203
260830,札幌,2, 4,未勝利*,芝,1200,トスカ,牝,2,小沢大仁,55.0,杉山佳明,栗,KAJIMOTOホールディングス,本桐村田牧場,ヘニーヒューズ,スイートザザ,24105538,4,スウェプトオーヴァーボード,芦毛,3,2,8,4,14,   120,     0, 0,   0.0,0,0126240204
260830,札幌,2, 5,未勝利*,芝,1200,ミハテヌユメ,牝,2,小林美駒,52.0,前川恭子,栗,飛野牧場,飛野牧場,カラヴァッジオ,ロマンチックキス,24104759,4,ルーラーシップ,青鹿,4,9,4,7,14,     0,     0, 0,   0.0,0,0126240205
260830,札幌,2, 6,未勝利*,芝,1200,キャンドル,牝,2,横山琉人,55.0,清水久詞,栗,石川達絵,杵臼牧場,デクラレーションオブウォー,ムーンライト,24101730,4,ハーツクライ,栗毛,4,2,3,10,14,     0,     0, 0,   0.0,0,0126240206
260830,札幌,2, 7,未勝利*,芝,1200,ゲームチェンジャー,牡,2,原田和真,55.0,蛯名利弘,美,小野博郷,明治牧場,カレンブラックヒル,クリムゾンハート,24105634,4,エピファネイア,黒鹿,5,2,12,8,14,     0,     0, 0,   0.0,0,0126240207
260830,札幌,2, 8,未勝利*,芝,1200,アルテクィーン,牝,2,鮫島克駿,55.0,杉山晴紀,栗,ノルマンディーサラブレッドレーシング,木村牧場,カラヴァッジオ,アズマクィーン,24100255,4,アドマイヤムーン,黒鹿,5,6,10,8,14,   550,     0, 0,   0.0,0,0126240208
260830,札幌,2, 9,未勝利*,芝,1200,パーフェクトゲーム,牝,2,横山和生,55.0,千葉直人,美,中村伊三美,ケイアイファーム,リアルスティール,パーフェクトトリビュート,24105302,4,Dubawi,鹿毛,6,2,2,2,14,   310,     0, 0,   0.0,0,0126240209
260830,札幌,2,10,未勝利*,芝,1200,アスコットペスカ,牝,2,和田陽希,52.0,藤野健太,栗,山田信太郎,藤原牧場,モズアスコット,リアンペスカ,24104987,4,キズナ,鹿毛,6,3,13,11,14,     0,     0, 0,   0.0,0,0126240210
260830,札幌,2,11,未勝利*,芝,1200,インサイドストーム,牝,2,古川吉洋,55.0,緒方努,栗,近藤克麿,一珍棒牧場,リアルインパクト,カタストロフィ,24101556,4,ハービンジャー,栗毛,7,3,12,9,14,     0,     0, 0,   0.0,0,0126240211
260830,札幌,2,12,未勝利*,芝,1200,ソニックアイル,牝,2,横山武史,55.0,平岩大典,美,シルクレーシング,ノーザンファーム,ミッキーアイル,ソニックベガ,24106429,4,ルーラーシップ,青鹿,7,10,2,2,14,   310,     0, 0,   0.0,0,0126240212
260830,札幌,2,13,未勝利*,芝,1200,ギャルズマインド,牝,2,浜中俊,55.0,武幸四郎,栗,藤田晋,ノーザンファーム,ロードカナロア,ダンダラ,24106450,4,"Dandy Man",鹿毛,8,4,3,3,14,   200,     0, 0,   0.0,0,0126240213
260830,札幌,2,14,未勝利*,芝,1200,トーセンルルド,牝,2,武豊,55.0,杉浦宏昭,美,島川隆哉,エスティファーム,ハイランドリール,ハッシーナ,24106857,4,"Red Runner",栗毛,8,5,4,2,14,   468,     0, 0,   0.0,0,0126240214
260830,札幌,3, 1,未勝利,ダ,1700,ペガサスウィンド,牝,3,鮫島克駿,55.0,宮地貴稔,栗,近藤克麿,天羽牧場,マインドユアビスケッツ,ペガサスハーツ,23100609,4,ハーツクライ,鹿毛,1,2,2,3,14,   924,     0, 0,   0.0,0,0126240301
260830,札幌,3, 2,未勝利,ダ,1700,サクセスブルー,牡,3,丹内祐次,57.0,秋本大介,美,小山田明人,チャンピオンズファーム,レイデオロ,ブルレジーナ,23106106,4,ハーツクライ,鹿毛,2,3,7,3,14,   237,     0, 0,   0.0,0,0126240302
260830,札幌,3, 3,未勝利,ダ,1700,ラスターヴァース,牝,3,長浜鴻緒,54.0,牧光二,美,YGGホースクラブ,三村卓也,サトノダイヤモンド,ブライトメッセージ,23104597,4,シンボリクリスエス,鹿毛,3,4,11,9,14,    89,     0, 0,   0.0,0,0126240303
260830,札幌,3, 4,未勝利,ダ,1700,ポップアップ,セ,3,河原田菜,53.0,寺島良,栗,石川達絵,白井牧場,ロジャーバローズ,ネガイ,23105444,4,ルーラーシップ,鹿毛,3,2,2,2,14,   909,     0, 0,   0.0,0,0126240304
260830,札幌,3, 5,未勝利,ダ,1700,デルマテイネ,牡,3,的場勇人,57.0,的場均,美,浅沼廣幸,ファニーヒルファーム,ストロングリターン,デルマオシマ,23101361,4,ハービンジャー,鹿毛,4,5,17,10,14,     0,     0, 0,   0.0,0,0126240305
260830,札幌,3, 6,未勝利,ダ,1700,ヨドノサファイア,牝,3,石川倭,55.0,稲垣幸雄,美,海原聖一,林農場,ジャスタウェイ,ヨドノグレイス,23101825,4,バゴ,鹿毛,4,4,9,6,14,   131,     0, 0,   0.0,0,0126240306
260830,札幌,3, 7,未勝利,ダ,1700,チャーチルデュース,牡,3,武豊,57.0,松永幹夫,栗,キーファーズ,ノーザンファーム,"Into Mischief",ビューティフルギフト,23105320,4,"Medaglia d'Oro",鹿毛,5,6,5,11,14,   181,     0, 0,   0.0,0,0126240307
260830,札幌,3, 8,未勝利,ダ,1700,サンエンジェルス,牝,3,浜中俊,55.0,谷潔,栗,加藤信之,日高大洋牧場,カリフォルニアクローム,ディーズハイエンド,23101315,4,ダイワメジャー,栗毛,5,3,8,6,14,   280,     0, 0,   0.0,0,0126240308
260830,札幌,3, 9,未勝利,ダ,1700,モンテール,セ,3,斎藤新,57.0,栗田徹,美,白日光,ノースヒルズ,オルフェーヴル,バイコースタル,23104404,4,"Gone West",栗毛,6,4,6,13,14,     0,     0, 0,   0.0,0,0126240309
260830,札幌,3,10,未勝利,ダ,1700,ミアエッテ,牡,3,横山琉人,57.0,田中剛,美,加藤誠,森永牧場,シルバーステート,グロリエッテ,23101530,4,アドマイヤムーン,鹿毛,6,4,11,12,14,   520,     0, 0,   0.0,0,0126240310
260830,札幌,3,11,未勝利,ダ,1700,ダンツアラーム,牝,3,黛弘人,55.0,本田優,栗,山元哲二,カミイスタット,リアルスティール,ビクトリアスマイル,23104027,4,ノヴェリスト,鹿毛,7,3,13,10,14,   133,     0, 0,   0.0,0,0126240311
260830,札幌,3,12,未勝利,ダ,1700,クリコイーコ,牝,3,吉田隼人,55.0,荒川義之,栗,栗本依利子,木村牧場,ディーマジェスティ,クリノフラゴナール,23100786,4,キングカメハメハ,黒鹿,7,3,15,11,14,    58,     0, 0,   0.0,0,0126240312
260830,札幌,3,13,未勝利,ダ,1700,ジャストグレース,牡,3,古川吉洋,57.0,大根田裕,栗,宮川純造,カタオカフアーム,ホッコータルマエ,インファクト,23102517,4,ダイワメジャー,黒鹿,8,2,10,3,14,   417,     0, 0,   0.0,0,0126240313
260830,札幌,3,14,未勝利,ダ,1700,ホウオウファラオ,牡,3,横山武史,57.0,奥村武,美,小笹芳央,岡田スタツド,"American Pharoah",マールボロロード,23105365,4,"The Gurkha",鹿毛,8,1,6,4,14,   474,     0, 0,   0.0,0,0126240314
260830,札幌,4, 1,未勝利,芝,2000,ダイシンパルス,牡,3,横山琉人,57.0,小笠倫弘,美,大八木信行,飛野牧場,"Dragon Pulse",カールマ,23102977,4,"No Nay Never",鹿毛,1,8,13,8,16,    65,     0, 0,   0.0,0,0126240401
260830,札幌,4, 2,未勝利,芝,2000,ジリアート,牝,3,吉田隼人,55.0,矢作芳人,栗,キャロットファーム,ノーザンファーム,エピファネイア,リスグラシュー,23107309,4,ハーツクライ,青鹿,1,6,4,9,16,   209,     0, 0,   0.0,0,0126240402
260830,札幌,4, 3,未勝利,芝,2000,コスモヘリアンサス,牡,3,丹内祐次,57.0,伊藤大士,美,ビッグレッドファーム,ビッグレッドファーム,ウインブライト,アイノア,23106419,4,Blame,芦毛,2,10,12,10,16,     0,     0, 0,   0.0,0,0126240403
260830,札幌,4, 4,未勝利,芝,2000,デルマフジ,牡,3,浜中俊,57.0,武幸四郎,栗,浅沼廣幸,社台ファーム,キタサンブラック,デルマカトリーナ,23103481,4,Ghostzapper,黒鹿,2,3,2,2,16,   784,     0, 0,   0.0,0,0126240404
260830,札幌,4, 5,未勝利,芝,2000,イデアジュアンイハ,牝,3,遠藤汰月,52.0,小野次郎,美,益田修一,中脇栄,ハービンジャー,マスイデア,23102157,4,リンカーン,鹿毛,3,6,9,9,16,    59,     0, 0,   0.0,0,0126240405
260830,札幌,4, 6,未勝利,芝,2000,ギオンバヤシ,牡,3,武豊,57.0,鈴木孝志,栗,岡浩二,サンデーヒルズ,ミッキーアイル,ウスベニノキミ,23102695,4,エイシンフラッシュ,黒鹿,3,1,2,2,16,  1298,     0, 0,   0.0,0,0126240406
260830,札幌,4, 7,未勝利,芝,2000,ワダツミ,牝,3,小林美駒,52.0,笹田和秀,栗,岡浩二,桜井牧場,セイウンコウセイ,エステフ,23102669,4,"Sadler's Wells",鹿毛,4,4,4,5,16,   116,     0, 0,   0.0,0,0126240407
260830,札幌,4, 8,未勝利,芝,2000,ネクストドア,牡,3,古川吉洋,57.0,高橋文雅,美,安原浩司,ケイズ,ロジャーバローズ,スポークスウーマン,23106685,4,"Invincible Spirit",鹿毛,4,5,8,10,16,    75,     0, 0,   0.0,0,0126240408
260830,札幌,4, 9,未勝利,芝,2000,コスモクラシック,牡,3,横山武史,57.0,嘉藤貴行,美,ブルースターズファーム,ブルースターズファーム,ダノンバラード,マーマレードガール,23104491,4,タイキシャトル,黒鹿,5,4,6,2,16,   965,     0, 0,   0.0,0,0126240409
260830,札幌,4,10,未勝利,芝,2000,メイショウライガ,牡,3,和田陽希,54.0,藤原英昭,栗,松本好隆,天羽牧場,シルバーステート,フェットデメール,23100608,4,エピファネイア,黒鹿,5,2,9,3,16,   368,     0, 0,   0.0,0,0126240410
260830,札幌,4,11,未勝利,芝,2000,アート,牡,3,鮫島克駿,57.0,杉山晴紀,栗,石川達絵,橋本牧場,キセキ,キャンディダム,23103867,4,ドリームジャーニー,青鹿,6,5,4,6,16,   209,     0, 0,   0.0,0,0126240411
260830,札幌,4,12,未勝利,芝,2000,カリドーラ,牝,3,小沢大仁,55.0,中舘英二,美,社台レースホース,社台ファーム,ブリックスアンドモルタル,フローレスダンサー,23103527,4,ハービンジャー,栗毛,6,3,10,5,16,   318,     0, 0,   0.0,0,0126240412
260830,札幌,4,13,未勝利,芝,2000,ロックフラワー,牝,3,石川倭,55.0,西田雄一,美,ゴールドアップ・カンパニー,岡田スタツド,ゴールドシップ,モアナブルー,23102425,4,ローエングリン,芦毛,7,4,12,9,16,     0,     0, 0,   0.0,0,0126240413
260830,札幌,4,14,未勝利,芝,2000,インテンスゲイズ,牝,3,斎藤新,55.0,矢嶋大樹,美,サラブレッドクラブ・ラフィアン,ビッグレッドファーム,ゴールドシップ,アイオープナー,23106418,4,スクリーンヒーロー,栗毛,7,3,12,4,16,    87,     0, 0,   0.0,0,0126240414
260830,札幌,4,15,未勝利,芝,2000,エイシンリーガル,牡,3,松本大輝,57.0,高橋康之,栗,栄進堂,中地義次,ルーラーシップ,エーシンリジル,23105537,4,フレンチデピュティ,鹿毛,8,3,12,5,16,   116,     0, 0,   0.0,0,0126240415
260830,札幌,4,16,未勝利,芝,2000,メイショウローゼ,牝,3,藤懸貴志,55.0,本田優,栗,松本好隆,中脇一幸,ロジャーバローズ,メイショウバーズ,23101938,4,タニノギムレット,鹿毛,8,3,3,3,16,  1069,     0, 0,   0.0,0,0126240416
260830,札幌,5, 1,新馬,芝,1800,コスモノーチラス,牡,2,丹内祐次,55.0,伊藤大士,美,ビッグレッドファーム,ビッグレッドファーム,ゴールドシップ,フリード,24103621,4,"No Nay Never",芦毛,1,0,0,0,8,     0,     0, 0,   0.0,0,0126240501
260830,札幌,5, 2,新馬,芝,1800,アイアムイガイニモ,牡,2,古川吉洋,55.0,奥平雅士,美,ワイズマン,斉藤スタッド,モズアスコット,エヴァ,24105321,4,キングカメハメハ,鹿毛,2,0,0,0,8,     0,     0, 0,   0.0,0,0126240502
260830,札幌,5, 3,新馬,芝,1800,ヴァンクライ,牡,2,武豊,55.0,須貝尚介,栗,Gリビエール・レーシング,ノーザンファーム,ハービンジャー,レーヴデトワール,24106744,4,ゼンノロブロイ,鹿毛,3,0,0,0,8,     0,     0, 0,   0.0,0,0126240503
260830,札幌,5, 4,新馬,芝,1800,コーズウルルン,牡,2,石川倭,55.0,伊藤圭三,美,是枝浩平,市川フアーム,ニューイヤーズデイ,マダムウルル,24102409,4,ハーツクライ,栗毛,4,0,0,0,8,     0,     0, 0,   0.0,0,0126240504
260830,札幌,5, 5,新馬,芝,1800,トーセンイルン,牡,2,長浜鴻緒,54.0,小笠倫弘,美,島川隆哉,エスティファーム,ハイランドリール,ターフローレル,24106838,4,Footstepsinthesand,栗毛,5,0,0,0,8,     0,     0, 0,   0.0,0,0126240505
260830,札幌,5, 6,新馬,芝,1800,イルリサット,牝,2,横山武史,55.0,菊沢隆徳,美,サンデーレーシング,ノーザンファーム,キズナ,アエロリット,24106115,4,クロフネ,芦毛,6,0,0,0,8,     0,     0, 0,   0.0,0,0126240506
260830,札幌,5, 7,新馬,芝,1800,ゴルタン,牡,2,吉田隼人,55.0,千葉直人,美,大将レーシング,坂元芳春,ゴールドシップ,タンスチョキン,24103089,4,ストラヴィンスキー,芦毛,7,0,0,0,8,     0,     0, 0,   0.0,0,0126240507
260830,札幌,5, 8,新馬,芝,1800,トワイライトローズ,牝,2,浜中俊,55.0,秋山真一,栗,フィールドレーシング,村上欽哉牧場,キタサンブラック,ドロミティ,24103852,4,"Pure Prize",鹿毛,8,0,0,0,8,     0,     0, 0,   0.0,0,0126240508
260830,札幌,6, 1,１勝ｸﾗｽ・牝,ダ,1700,クロミ,牝,3,藤懸貴志,53.0,小崎憲,栗,一村哲也,富菜牧場,キタサンブラック,シウダニーニャ,23102150,4,Leroidesanimaux,鹿毛,1,1,13,12,12,     0,     0, 0,   0.0,0,0126240601
260830,札幌,6, 2,１勝ｸﾗｽ・牝,ダ,1700,ルージュリヴィエラ,牝,3,佐藤翔馬,50.0,嘉藤貴行,美,東京ホースレーシング,奥山ファーム,ニューイヤーズデイ,ビキニパレード,23105608,4,キングカメハメハ,栗毛,2,2,1,7,12,   760,     0, 0,   0.0,0,0126240602
260830,札幌,6, 3,１勝ｸﾗｽ・牝,ダ,1700,ライラックデューン,牝,4,古川吉洋,56.0,緒方努,栗,三宅勝俊,庄野牧場,コパノリッキー,スターライラック,22101473,4,シニスターミニスター,黒鹿,3,6,13,6,12,   988,   400, 0,   0.0,0,0126240603
260830,札幌,6, 4,１勝ｸﾗｽ・牝,ダ,1700,サイモンイロハニー,牝,4,河原田菜,52.0,谷潔,栗,澤田昭紀,千代田牧場,ゴールドシップ,ブライテストリング,22104164,4,ダノンシャンティ,黒鹿,4,2,11,12,12,   666,     0, 0,   0.0,0,0126240604
260830,札幌,6, 5,１勝ｸﾗｽ・牝,ダ,1700,サマースプラッシュ,牝,3,和田陽希,50.0,石栗龍彦,美,田頭勇貴,スカイビーチステーブル,アポロケンタッキー,アポロユッキー,23106163,4,アポロキングダム,栗毛,5,2,10,8,12,    59,     0, 0,   0.0,0,0126240605
260830,札幌,6, 6,１勝ｸﾗｽ・牝,ダ,1700,デルマサクラサク,牝,4,横山和生,56.0,牧田和弥,栗,浅沼廣幸,社台ファーム,マインドユアビスケッツ,ザッハーマイン,22105343,4,Mineshaft,栗毛,5,3,4,5,12,  2472,   400, 0,   0.0,0,0126240606
260830,札幌,6, 7,１勝ｸﾗｽ・牝,ダ,1700,タイセイルビー,牝,3,小林美駒,50.0,千葉直人,美,田中成奉,村田牧場,サトノダイヤモンド,ハーランズワンダー,23104679,4,"Awesome Again",鹿毛,6,2,6,6,12,   966,   400, 0,   0.0,0,0126240607
260830,札幌,6, 8,１勝ｸﾗｽ・牝,ダ,1700,ヤマヤロード,牝,3,古川奈穂,51.0,小崎憲,栗,鈴木義孝,前田ファーム,アルアイン,スワンレーク,23100351,4,ロードカナロア,鹿毛,6,2,13,12,12,     0,     0, 0,   0.0,0,0126240608
260830,札幌,6, 9,１勝ｸﾗｽ・牝,ダ,1700,ウィンターガーデン,牝,5,小沢大仁,56.0,井上智史,栗,キャロットファーム,ノーザンファーム,リアルインパクト,リッチダンサー,21105857,4,Halling,鹿毛,7,7,9,4,12,  2473,   400, 0,   0.0,0,0126240609
260830,札幌,6,10,１勝ｸﾗｽ・牝,ダ,1700,ヴェールミューズ,牝,3,鮫島克駿,53.0,浜田多実,栗,芳住革二,芳住鉄兵,ルヴァンスレーヴ,ゴッドビラブドミー,23104766,4,ブライアンズタイム,鹿毛,7,3,6,6,12,   950,   400, 0,   0.0,0,0126240610
260830,札幌,6,11,１勝ｸﾗｽ・牝,ダ,1700,スリーケイ,牝,3,斎藤新,53.0,高橋一哉,栗,四宮圭,赤石牧場,クリソベリル,ワイルドフェイス,23100471,4,ワイルドラッシュ,栗毛,8,3,7,3,12,   790,   400, 0,   0.0,0,0126240611
260830,札幌,6,12,１勝ｸﾗｽ・牝,ダ,1700,ルージュボニート,牝,3,横山武史,53.0,高柳瑞樹,美,東京ホースレーシング,坂東牧場,キズナ,レッドディオーサ,23106623,4,キングカメハメハ,鹿毛,8,3,1,1,12,   868,   400, 0,   0.0,0,0126240612
260830,札幌,7, 1,１勝ｸﾗｽ,ダ,1000,ブライアーヒル,牝,4,大久保友,53.0,中尾秀正,栗,高岡浩行,アサヒ牧場,アメリカンペイトリオット,タカヒロガートップ,22106016,4,アドマイヤマックス,鹿毛,1,2,14,14,12,  1195,   400, 0,   0.0,0,0126240701
260830,札幌,7, 2,１勝ｸﾗｽ,ダ,1000,カップッチョ,牡,9,黛弘人,58.0,佐藤吉勝,美,ミルファーム,ミルファーム,ジョーカプチーノ,ベルグチケット,17104266,4,ウイニングチケット,鹿毛,2,1,11,12,12,  2847,   400, 0,   0.0,0,0126240702
260830,札幌,7, 3,１勝ｸﾗｽ,ダ,1000,ヨドノゴールド,牡,8,石川倭,58.0,橋田宜長,栗,海原聖一,林農場,サウスヴィグラス,クイーンマルサ,18103293,4,ステイゴールド,鹿毛,3,2,2,3,12,  6069,   400, 0,   0.0,0,0126240703
260830,札幌,7, 4,１勝ｸﾗｽ,ダ,1000,アスコットアイ,牝,4,古川吉洋,56.0,緒方努,栗,ノルマンディーサラブレッドレーシング,岡田スタツド,モズアスコット,アイアムキャツアイ,22103485,4,アイルハヴアナザー,栗毛,4,4,6,7,12,  1632,   400, 0,   0.0,0,0126240704
260830,札幌,7, 5,１勝ｸﾗｽ,ダ,1000,ラスベガスサイン,牝,3,横山琉人,54.0,長谷川浩,栗,ロードホースクラブ,ケイアイファーム,シルバーステート,パーフェクトトリビュート,23105812,4,Dubawi,鹿毛,5,2,11,13,12,   970,   400, 0,   0.0,0,0126240705
260830,札幌,7, 6,１勝ｸﾗｽ,ダ,1000,セイウンバジリスク,牡,3,和田陽希,53.0,北出成人,栗,西山茂行,中田英樹,フィレンツェファイア,フィールドメジャー,23100241,4,ダイワメジャー,栗毛,5,1,6,5,12,   787,   400, 0,   0.0,0,0126240706
260830,札幌,7, 7,１勝ｸﾗｽ,ダ,1000,ステラノヴァ,牡,4,長浜鴻緒,57.0,水野貴広,美,中村雅明,大滝康晴,ベストウォーリア,マリアローザ,22103482,4,フジキセキ,鹿毛,6,3,7,9,12,  1000,   310, 0,   0.0,0,0126240707
260830,札幌,7, 8,１勝ｸﾗｽ,ダ,1000,ワイドデコラシオン,牡,4,横山武史,58.0,辻野泰之,栗,幅田昌伸,宮内牧場,ミッキーアイル,リュヌドサーブル,22103306,4,Medicean,黒鹿,6,3,2,6,12,  1288,   400, 0,   0.0,0,0126240708
260830,札幌,7, 9,１勝ｸﾗｽ,ダ,1000,セイルロケット,牡,4,大野拓弥,58.0,橋口慎介,栗,キャロットファーム,ノーザンファーム,スワーヴリチャード,スプリングゲイル,22104858,4,キンシャサノキセキ,栗毛,7,3,9,0,12,   360,    90, 0,   0.0,0,0126240709
260830,札幌,7,10,１勝ｸﾗｽ,ダ,1000,スパークルジョイ,牝,5,小沢大仁,56.0,前川恭子,栗,輝レーシング,長谷川一男,レッドファルクス,シングルカスク,21101891,4,タニノギムレット,芦毛,7,2,8,12,12,  2165,   400, 0,   0.0,0,0126240710
260830,札幌,7,11,１勝ｸﾗｽ,ダ,1000,プルミエールパス,牝,5,川又賢治,56.0,河嶋宏樹,栗,塚田義広,上野正恵,ロゴタイプ,シャインパーミット,21103451,4,ファルブラヴ,鹿毛,8,6,5,10,12,   870,   480, 0,   0.0,0,0126240711
260830,札幌,7,12,１勝ｸﾗｽ,ダ,1000,メイショウハッブル,牡,5,古川奈穂,56.0,石橋守,栗,松本好隆,中脇一幸,グレーターロンドン,メイショウルナ,21102550,4,スタチューオブリバティ,鹿毛,8,1,9,6,12,  1873,   400, 0,   0.0,0,0126240712
260830,札幌,8, 1,１勝ｸﾗｽ,芝,1500,ハネマン,牝,3,原田和真,53.0,伊坂重信,美,前川俊行,安達牧場,ファインニードル,オルレアンシェリ,23103936,4,ハービンジャー,鹿毛,1,6,9,10,14,   274,     0, 0,   0.0,0,0126240801
260830,札幌,8, 2,１勝ｸﾗｽ,芝,1500,メメボス,牝,3,古川吉洋,53.0,飯田祐史,栗,本谷惠,沖田牧場,コントレイル,ピエナミント,23100718,4,ノヴェリスト,黒鹿,2,6,5,8,14,   160,     0, 0,   0.0,0,0126240802
260830,札幌,8, 3,１勝ｸﾗｽ,芝,1500,トリスティ,牝,3,佐藤翔馬,50.0,伊藤圭三,美,星野隆男,服部牧場,ディーマジェスティ,ディアレストトリックスキ,23103085,4,"Proudest Romeo",鹿毛,3,6,10,15,14,   400,   250, 0,   0.0,0,0126240803
260830,札幌,8, 4,１勝ｸﾗｽ,芝,1500,クラウンアールシー,牡,4,石川倭,58.0,水野貴広,美,矢野恭裕,クラウン日高牧場,ブリックスアンドモルタル,クラウンロゼ,22101286,4,ロサード,栗毛,3,3,11,12,14,   666,   170, 0,   0.0,0,0126240804
260830,札幌,8, 5,１勝ｸﾗｽ,芝,1500,ユーティジャーニー,牝,4,長浜鴻緒,55.0,矢嶋大樹,美,星野壽市,前野牧場,ヤングマンパワー,リノワールド,22102088,4,オルフェーヴル,黒鹿,4,2,4,6,14,  2160,   400, 0,   0.0,0,0126240805
260830,札幌,8, 6,１勝ｸﾗｽ,芝,1500,ファンクション,牝,3,斎藤新,53.0,斎藤誠,美,高瀬真尚,上水牧場,アルアイン,アミカブルナンバー,23103648,4,ダイワメジャー,鹿毛,4,14,6,11,14,  1530,   400, 0,   0.0,0,0126240806
260830,札幌,8, 7,１勝ｸﾗｽ,芝,1500,テンユウ,牡,3,丹内祐次,55.0,奥村武,美,井山登,フジワラフアーム,サートゥルナーリア,レーヌミノル,23103178,4,ダイワメジャー,鹿毛,5,6,4,9,14,   370,     0, 0,   0.0,0,0126240807
260830,札幌,8, 8,１勝ｸﾗｽ,芝,1500,トクシージェネラル,牡,5,横山琉人,58.0,小島茂之,美,AIレーシング,浜本牧場,"Omaha Beach",ラッキーナンバー,21107279,4,"Smart Strike",黒鹿,5,2,14,13,14,  1253,   400, 0,   0.0,0,0126240808
260830,札幌,8, 9,１勝ｸﾗｽ,芝,1500,メイショウホダワラ,牝,4,吉田隼人,56.0,荒川義之,栗,松本好隆,三嶋牧場,デクラレーションオブウォー,フェルトベルク,22103237,4,ブラックタイド,鹿毛,6,2,10,8,14,  1143,   400, 0,   0.0,0,0126240809
260830,札幌,8,10,１勝ｸﾗｽ,芝,1500,スタードメイソン,牝,4,和田陽希,53.0,加藤公太,栗,社台レースホース,社台ファーム,ブリックスアンドモルタル,ソウルスターリング,22105392,4,Frankel,青鹿,6,3,13,8,14,   560,   400, 0,   0.0,0,0126240810
260830,札幌,8,11,１勝ｸﾗｽ,芝,1500,ドラリズム,牡,3,黛弘人,55.0,武藤善則,美,子安裕樹RC,清水牧場,コパノリッキー,ラッキーレディ,23100515,4,ネオユニヴァース,栗毛,7,7,4,7,14,   389,     0, 0,   0.0,0,0126240811
260830,札幌,8,12,１勝ｸﾗｽ,芝,1500,ネッタイヤライ,牡,3,横山武史,55.0,矢作芳人,栗,犬塚悠治郎,メイタイファーム,コントレイル,サンライズシェル,23104690,4,キンシャサノキセキ,芦毛,7,3,7,4,14,  1944,   400, 0,   0.0,0,0126240812
260830,札幌,8,13,１勝ｸﾗｽ,芝,1500,シェーンルスカ,牝,4,遠藤汰月,53.0,本間忍,美,ディアレストクラブ,ディアレストクラブ,イスラボニータ,シャララ,22103018,4,メイショウサムソン,鹿毛,8,1,12,9,14,    82,   100, 0,   0.0,0,0126240813
260830,札幌,8,14,１勝ｸﾗｽ,芝,1500,ルクスアドラー,牡,5,横山典弘,58.0,平岩大典,美,ルクス,いとう牧場,オルフェーヴル,スマートアストリア,21101100,4,ストラヴィンスキー,栗毛,8,1,7,3,14,  2068,   400, 0,   0.0,0,0126240814
260830,札幌,9, 1,１勝ｸﾗｽ,ダ,1700,マテンロウカナロア,牡,4,横山和生,58.0,野中賢二,栗,寺田千代乃,下河辺牧場,ロードカナロア,ヒアトゥウィン,22101445,4,"Roi Normand",黒鹿,1,4,1,9,11,  1618,   400, 0,   0.0,0,0126240901
260830,札幌,9, 2,１勝ｸﾗｽ,ダ,1700,ウヌボレヤサン,セ,5,長浜鴻緒,57.0,本間忍,美,松田真由美,谷岡スタット,ダノンレジェンド,サクラヴァニータ,21104052,4,サクラローレル,黒鹿,2,36,11,15,11,   870,   400, 0,   0.0,0,0126240902
260830,札幌,9, 3,１勝ｸﾗｽ,ダ,1700,フクシマブリルハム,牡,3,横山琉人,55.0,小島茂之,美,西本資史,チャンピオンズファーム,ドレフォン,オモテナシ2,23105405,4,Henrythenavigator,鹿毛,3,0,0,0,11,   590,   400, 0,   0.0,0,0126240903
260830,札幌,9, 4,１勝ｸﾗｽ,ダ,1700,ステラデルークス,牡,3,横山武史,55.0,鈴木伸尋,美,ウエスト.フォレスト.ステイブル,山春牧場,インカンテーション,パイクーニャン,23102263,4,フレンチデピュティ,鹿毛,4,4,4,8,11,   650,   400, 0,   0.0,0,0126240904
260830,札幌,9, 5,１勝ｸﾗｽ,ダ,1700,ホウオウバローロ,牡,5,石川倭,58.0,前川恭子,栗,小笹芳央,ノーザンファーム,ロードカナロア,ホウオウパフューム,21105772,4,ハーツクライ,鹿毛,5,3,9,6,11,  1857,   100, 0,   0.0,0,0126240905
260830,札幌,9, 6,１勝ｸﾗｽ,ダ,1700,デルマホダカ,牝,3,遠藤汰月,50.0,菊沢隆徳,美,浅沼廣幸,ファニーヒルファーム,ブリックスアンドモルタル,デルマサリーチャン,23101362,4,ホワイトマズル,栗毛,6,4,11,9,11,   590,   400, 0,   0.0,0,0126240906
260830,札幌,9, 7,１勝ｸﾗｽ,ダ,1700,イサギ,牡,3,小沢大仁,55.0,小椋研介,栗,村木慎吾,高昭牧場,リアルスティール,キララチュール,23101713,4,タイキシャトル,鹿毛,6,6,10,9,11,   812,   400, 0,   0.0,0,0126240907
260830,札幌,9, 8,１勝ｸﾗｽ,ダ,1700,サマーナイト,牡,4,河原田菜,54.0,寺島良,栗,三田昌宏,ノーザンファーム,ルーラーシップ,ガールオンファイア,22104729,4,アグネスタキオン,鹿毛,7,1,2,3,11,  1500,   400, 0,   0.0,0,0126240908
260830,札幌,9, 9,１勝ｸﾗｽ,ダ,1700,チェイサー,牡,3,佐藤翔馬,52.0,相沢郁,美,本間茂,村上欽哉,レイデオロ,ウェストレー,23104603,4,オルフェーヴル,鹿毛,7,6,1,1,11,  1042,   400, 0,   0.0,0,0126240909
260830,札幌,9,10,１勝ｸﾗｽ,ダ,1700,ブリオメンテ,牡,5,武豊,58.0,千田輝彦,栗,前原敏行,中田英樹,ドゥラメンテ,フィールグリュック,21100303,4,ストラヴィンスキー,鹿毛,8,1,7,2,11,  1290,   400, 0,   0.0,0,0126240910
260830,札幌,9,11,１勝ｸﾗｽ,ダ,1700,シックスパック,牡,4,古川奈穂,56.0,戸田博文,美,大和屋暁,辻牧場,マクフィ,オツウ,22102961,4,ハーツクライ,鹿毛,8,14,7,14,11,    56,    90, 0,   0.0,0,0126240911
260830,札幌,10, 1,ＨＢＣＨ･2勝,芝,1200,カガラプンツェル,牝,3,原田和真,52.0,萱野浩二,美,香川憲次,西村牧場,タワーオブロンドン,ラブミーダイヤ,23103036,4,ダイワメジャー,鹿毛,1,4,1,1,16,  1459,   900, 0,   0.0,0,0126241001
260830,札幌,10, 2,ＨＢＣＨ･2勝,芝,1200,ショウナンカリス,牝,3,吉田隼人,52.0,加藤士津,美,国本哲秀,ノーザンファーム,リアルスティール,ロシアンサモワール,23105347,4,"American Pharoah",鹿毛,1,5,4,9,16,  2832,  1000, 0,   0.0,0,0126241002
260830,札幌,10, 3,ＨＢＣＨ･2勝,芝,1200,バシレウスシチー,牡,7,小沢大仁,56.0,岡田稲男,栗,友駿ホースクラブ,下河辺牧場,ビッグアーサー,ダッシャーレーヌ,19101643,4,ディープインパクト,鹿毛,2,4,13,3,16,  4235,   700, 0,   0.0,0,0126241003
260830,札幌,10, 4,ＨＢＣＨ･2勝,芝,1200,ルージュベルベット,牝,5,浜中俊,53.0,浅利英明,美,東京ホースレーシング,ノーザンファーム,ドレフォン,プラトリーナ,21105749,4,ディープインパクト,鹿毛,2,3,5,1,16,  2365,   810, 0,   0.0,0,0126241004
260830,札幌,10, 5,ＨＢＣＨ･2勝,芝,1200,スイミーユニバンス,牝,6,鮫島克駿,53.0,平田修,栗,亀井哲也,ノーザンファーム,ドゥラメンテ,マンビア,20103632,4,Aldebaran,栗毛,3,4,9,7,16,  3249,   900, 0,   0.0,0,0126241005
260830,札幌,10, 6,ＨＢＣＨ･2勝,芝,1200,コックオーヴァン,牝,3,遠藤汰月,51.0,伊藤伸一,美,ビッグレッドファーム,金石牧場,ウインブライト,コスモミール,23106405,4,ヘクタープロテクター,黒鹿,3,2,5,9,16,  1930,   900, 0,   0.0,0,0126241006
260830,札幌,10, 7,ＨＢＣＨ･2勝,芝,1200,セイウンデセオ,牝,5,武豊,54.0,小手川準,美,西山茂行,タツヤファーム,ヴィクトワールピサ,ラソ,21100248,4,パイロ,鹿毛,4,6,6,2,16,  4120,   900, 0,   0.0,0,0126241007
260830,札幌,10, 8,ＨＢＣＨ･2勝,芝,1200,ムチャスグラシアス,牝,5,佐藤翔馬,52.0,菊川正達,美,ウエスト.フォレスト.ステイブル,友田牧場,カリフォルニアクローム,ロスグラシアレス,21104217,4,シンボリクリスエス,栗毛,4,2,14,12,16,  2213,   900, 0,   0.0,0,0126241008
260830,札幌,10, 9,ＨＢＣＨ･2勝,芝,1200,プレセピオ,牝,3,川又賢治,52.0,笹田和秀,栗,吉田千津,社台ファーム,パドトロワ,パネットーネ,23103503,4,エピファネイア,黒鹿,5,37,8,1,16,  2386,   900, 0,   0.0,0,0126241009
260830,札幌,10,10,ＨＢＣＨ･2勝,芝,1200,ララバニュルス,牡,4,藤懸貴志,56.0,大竹正博,美,フジイ興産,下河辺牧場,モーリス,クリーンファンキー,22101405,4,タイキシャトル,鹿毛,5,8,1,1,16,  2688,   900, 0,   0.0,0,0126241010
260830,札幌,10,11,ＨＢＣＨ･2勝,芝,1200,ファビュラススター,牡,5,丹内祐次,56.0,新谷功一,栗,前田幸貴,岡田スタツド,エピファネイア,ヴンダーゾンネ,21103478,4,グラスワンダー,鹿毛,6,6,8,7,16,  3170,   900, 0,   0.0,0,0126241011
260830,札幌,10,12,ＨＢＣＨ･2勝,芝,1200,デンプシー,牡,3,横山和生,55.0,上原佑紀,美,中辻明,バンブー牧場,ビッグアーサー,フラミンゴ,23106190,4,マルカシェンク,鹿毛,6,4,1,2,16,  2650,   900, 0,   0.0,0,0126241012
260830,札幌,10,13,ＨＢＣＨ･2勝,芝,1200,フミサウンド,牡,6,大野拓弥,55.0,鹿戸雄一,美,林文彦,ノーザンファーム,ジャスタウェイ,アブソルートリー,20103218,4,"Redoute's Choice",黒鹿,7,6,5,9,16,  3974,   900, 0,   0.0,0,0126241013
260830,札幌,10,14,ＨＢＣＨ･2勝,芝,1200,ホウオウブースター,牡,4,石川倭,55.0,高柳瑞樹,美,小笹芳央,ノーザンファーム,ブリックスアンドモルタル,イェーガーオレンジ,22104637,4,ダイワメジャー,青鹿,7,8,13,7,16,  1698,   900, 0,   0.0,0,0126241014
260830,札幌,10,15,ＨＢＣＨ･2勝,芝,1200,シーグルロス,牝,3,小林美駒,52.0,尾形和幸,美,伊藤正樹,土田農場,フィレンツェファイア,ディヴァインクレア,23100214,4,ディープインパクト,鹿毛,8,9,4,4,16,  1894,   900, 0,   0.0,0,0126241015
260830,札幌,10,16,ＨＢＣＨ･2勝,芝,1200,サトノワーグナー,牡,3,横山武史,54.0,斎藤誠,美,里見治,下河辺牧場,ロードカナロア,サトノワルキューレ,23100925,4,ディープインパクト,鹿毛,8,4,2,1,16,  1899,   900, 0,   0.0,0,0126241016
260830,札幌,11, 1,日高Ｓ･3勝,芝,1500,アンビバレント,牡,6,丹内祐次,58.0,藤野健太,栗,ノルマンディーサラブレッドレーシング,碧雲牧場,ディスクリートキャット,フォーミー,20102140,4,アドマイヤマックス,鹿毛,1,35,7,1,14,  4574,  1500, 0,   0.0,0,0126241101
260830,札幌,11, 2,日高Ｓ･3勝,芝,1500,ワタシマツワ,牝,4,小林美駒,56.0,竹内正洋,美,由井健太郎,下河辺牧場,グレーターロンドン,サンドスラッシュ,22101412,4,"Holy Roman Emperor",鹿毛,2,5,5,1,14,  3384,  1500, 0,   0.0,0,0126241102
260830,札幌,11, 3,日高Ｓ･3勝,芝,1500,マジックローズ,牝,4,武豊,56.0,中内田充,栗,ロードホースクラブ,ケイアイファーム,キズナ,エンジェルフェイス,22100622,4,キングカメハメハ,青鹿,3,8,1,1,14,  2860,  1220, 0,   0.0,0,0126241103
260830,札幌,11, 4,日高Ｓ･3勝,芝,1500,エフォートレス,牡,5,横山和生,58.0,嘉藤貴行,美,ライオンレースホース,秋場牧場,エピファネイア,ブライトガーランド,21100564,4,ダイワメジャー,栗毛,3,10,7,8,14,  5266,  1500, 0,   0.0,0,0126241104
260830,札幌,11, 5,日高Ｓ･3勝,芝,1500,リゾートアイランド,牡,3,横山武史,55.0,上原佑紀,美,柳田将司,ノーザンファーム,イスラボニータ,エディスバーグ,23106916,4,Frankel,黒鹿,4,36,3,2,14,  3175,  1600, 0,   0.0,0,0126241105
260830,札幌,11, 6,日高Ｓ･3勝,芝,1500,エマヌエーレ,牡,6,浜中俊,58.0,平田修,栗,丸山担,ノーザンファーム,ロードカナロア,エマノン,20103280,4,ハーツクライ,鹿毛,4,5,5,3,14,  7887,  1500, 0,   0.0,0,0126241106
260830,札幌,11, 7,日高Ｓ･3勝,芝,1500,サクセスアイ,牝,6,藤懸貴志,56.0,北出成人,栗,タカシマ,タニグチ牧場,ミッキーアイル,サクセスアイニー,20105354,4,ジャングルポケット,黒鹿,5,13,15,9,14,  6564,  1500, 0,   0.0,0,0126241107
260830,札幌,11, 8,日高Ｓ･3勝,芝,1500,トラペジスト,牡,5,吉田隼人,58.0,秋山真一,栗,シルクレーシング,社台コーポレーション白老ファーム,ニューイヤーズデイ,ルシルク,21104928,4,Dynaformer,鹿毛,5,13,16,14,14,  5837,  1500, 0,   0.0,0,0126241108
260830,札幌,11, 9,日高Ｓ･3勝,芝,1500,ダノンミッション,牡,4,石川倭,58.0,堀宣行,美,ダノックス,社台ファーム,ロードカナロア,フローレスダンサー,22105478,4,ハービンジャー,鹿毛,6,51,1,1,14,  6160,  1500, 0,   0.0,0,0126241109
260830,札幌,11,10,日高Ｓ･3勝,芝,1500,エルマーゴ,牡,4,鮫島克駿,58.0,加藤征弘,美,長谷川祐司,アスラン,サートゥルナーリア,ホーリーウーマン,22105601,4,Tawqeet,栗毛,6,42,4,5,14,  3520,  1500, 0,   0.0,0,0126241110
260830,札幌,11,11,日高Ｓ･3勝,芝,1500,サンタアニタ,牝,4,斎藤新,56.0,斎藤誠,美,諸江幸祐,岡田スタツド,ナダル,ワンスインナムーン,22103594,4,アドマイヤムーン,栗毛,7,8,4,1,14,  4684,  1500, 0,   0.0,0,0126241111
260830,札幌,11,12,日高Ｓ･3勝,芝,1500,パワーホール,セ,5,古川吉洋,58.0,昆貢,栗,NICKS,平野牧場,スワーヴリチャード,ストロベリーズ,21100363,4,コマンズ,青鹿,7,40,4,8,14,  5861,  1600, 0,   0.0,0,0126241112
260830,札幌,11,13,日高Ｓ･3勝,芝,1500,モンドデラモーレ,牡,4,大野拓弥,58.0,千葉直人,美,吉田和美,社台コーポレーション白老ファーム,ワールドエース,ヒカルアモーレ,22105830,4,クロフネ,芦毛,8,10,3,4,14,  7080,  1200, 0,   0.0,0,0126241113
260830,札幌,11,14,日高Ｓ･3勝,芝,1500,マテンロウサン,牡,4,横山典弘,58.0,昆貢,栗,寺田千代乃,"Chiyono Terada","Into Mischief","Miss Panthere",22110093,4,"Daiwa Major",鹿毛,8,4,2,1,14,  3760,  1500, 0,   0.0,0,0126241114
260830,札幌,12, 1,北辰特別･1勝,芝,2600,ノリマル,牡,3,丹内祐次,55.0,尾形和幸,美,中谷典生,チャンピオンズファーム,ブリックスアンドモルタル,ガジュマル,23106079,4,ヴィクトワールピサ,芦毛,1,6,2,2,14,  2069,   400, 0,   0.0,0,0126241201
260830,札幌,12, 2,北辰特別･1勝,芝,2600,ハバタクジユウニ,牝,3,川又賢治,53.0,角田晃一,栗,MMSホールディングス,宮内牧場,ダノンキングリー,リュヌドサーブル,23105065,4,Medicean,青鹿,2,3,14,9,14,     0,     0, 0,   0.0,0,0126241202
260830,札幌,12, 3,北辰特別･1勝,芝,2600,モルビド,牝,4,小沢大仁,56.0,中内田充,栗,社台レースホース,社台ファーム,ブリックスアンドモルタル,マルセリーナ,22105525,4,ディープインパクト,鹿毛,3,7,5,6,14,   850,   400, 0,   0.0,0,0126241203
260830,札幌,12, 4,北辰特別･1勝,芝,2600,クオンタムスター,牡,3,鮫島克駿,55.0,堀宣行,美,KRジャパン,スマイルファーム,コントレイル,サンタモニカ,23101050,4,Mastercraftsman,黒鹿,3,4,1,2,14,  1189,   400, 0,   0.0,0,0126241204
260830,札幌,12, 5,北辰特別･1勝,芝,2600,ディーリライズ,牡,3,浜中俊,55.0,緒方努,栗,大塚泰弘,高橋啓,ディーマジェスティ,トーセンディオール,23100521,4,キングカメハメハ,鹿毛,4,3,5,6,14,   959,   400, 0,   0.0,0,0126241205
260830,札幌,12, 6,北辰特別･1勝,芝,2600,ミッドタウンナイト,牝,4,荻野琢真,56.0,河嶋宏樹,栗,吉田千津,社台ファーム,ブラックタイド,ミッドナイトフラッシュ,22105529,4,"Anabaa Blue",鹿毛,4,2,7,9,14,   894,   400, 0,   0.0,0,0126241206
260830,札幌,12, 7,北辰特別･1勝,芝,2600,ニューアライブ,牡,3,石川倭,55.0,斉藤正弘,地,原久美子,ファーミングヤナキタ,タリスマニック,ニュールック,23106495,4,スウェプトオーヴァーボード,芦毛,5,3,5,4,14,   160,   250, 0,   0.0,0,0126241207
260830,札幌,12, 8,北辰特別･1勝,芝,2600,タビニュ,牡,3,松本大輝,55.0,松尾卓哉,美,ゴドルフィン,ダーレー・ジャパン・ファーム,バゴ,ミッドサマーコモン,23101168,4,ディープインパクト,鹿毛,5,1,4,6,14,   476,     0, 0,   0.0,0,0126241208
260830,札幌,12, 9,北辰特別･1勝,芝,2600,シーンオブドリーム,セ,3,和田陽希,55.0,池江泰寿,栗,青芝商事,スマイルファーム,キタサンブラック,パスーイングザドリーム,23105412,4,"Dream Ahead",鹿毛,6,3,8,11,14,     0,     0, 0,   0.0,0,0126241209
260830,札幌,12,10,北辰特別･1勝,芝,2600,ワンダフルデイズ,牡,3,横山武史,55.0,高橋義忠,栗,三田昌宏,ノーザンファーム,ルーラーシップ,シーオブラブ,23107050,4,ディープインパクト,鹿毛,6,4,2,4,14,  2288,   400, 0,   0.0,0,0126241210
260830,札幌,12,11,北辰特別･1勝,芝,2600,ディベルティスマン,牡,4,横山典弘,58.0,菊沢隆徳,美,堂守貴志,タイヘイ牧場,キズナ,レディオブキャメロット,22104000,4,Montjeu,黒鹿,7,9,4,1,14,  2478,     0, 0,   0.0,0,0126241211
260830,札幌,12,12,北辰特別･1勝,芝,2600,テイクザクラウン,牡,5,吉田隼人,58.0,吉村圭司,栗,塚田義広,二風谷ファーム,サトノクラウン,アムールレジェンド,21102379,4,ディープインパクト,黒鹿,7,2,6,5,14,  3729,     0, 0,   0.0,0,0126241212
260830,札幌,12,13,北辰特別･1勝,芝,2600,タケルフォーカス,牡,3,古川吉洋,55.0,四位洋文,栗,森保彦,チャンピオンズファーム,サトノダイヤモンド,オスカーステージ,23106077,4,キングカメハメハ,鹿毛,8,2,4,3,14,  1518,   400, 0,   0.0,0,0126241213
260830,札幌,12,14,北辰特別･1勝,芝,2600,ドンテスタマスター,牡,3,斎藤新,55.0,杉山晴紀,栗,藤田晋,ケイアイファーム,コントレイル,インディアナギャル,23105789,4,Intikhab,黒鹿,8,3,2,1,14,  1538,   400, 0,   0.0,0,0126241214
260830,新潟,1, 1,障害未勝利,芝,2850,フレイムジョーカー,牡,7,大江原圭,60.0,岩戸孝樹,美,ノルマンディーサラブレッドレーシング,岡田スタツド,ロージズインメイ,オヒア,19105745,4,ブラックタイド,鹿毛,1,9,6,7,13,   797,     0, 0,   0.0,0,0426340101
260830,新潟,1, 2,障害未勝利,芝,2850,ニシノインヴィクタ,牡,5,伴啓太,60.0,本間忍,美,西山茂行,さとう,ブリックスアンドモルタル,ニシノミストレス,21100190,4,ルーラーシップ,鹿毛,2,9,9,11,13,  2231,     0, 0,   0.0,0,0426340102
260830,新潟,1, 3,障害未勝利,芝,2850,ニシノクードクール,牝,4,水沼元輝,57.0,武藤善則,美,西山茂行,村上欽哉,ホークビル,セイウンリリシイ,22106999,4,ダイワメジャー,栗毛,3,6,5,7,13,  2247,     0, 0,   0.0,0,0426340103
260830,新潟,1, 4,障害未勝利,芝,2850,メイショウブレゲ,牡,7,中村将之,60.0,本田優,栗,松本好隆,三嶋牧場,ゴールドシップ,メイショウスイヅキ,19104091,4,パイロ,栗毛,4,8,6,8,13, 10175,     0, 0,   0.0,0,0426340104
260830,新潟,1, 5,障害未勝利,芝,2850,マルディランダ,牡,6,上野翔,60.0,金成貴史,美,社台レースホース,社台ファーム,イスラボニータ,マルバイユ,20103063,4,Marju,青鹿,4,4,2,2,13,  7054,     0, 0,   0.0,0,0426340105
260830,新潟,1, 6,障害未勝利,芝,2850,エポカスピーガ,牝,4,井上敏樹,57.0,田中剛,美,加藤誠,シンボリ牧場,エポカドーロ,インドリヤ,22101532,4,"Stormy Atlantic",栗毛,5,7,3,6,13,   560,     0, 0,   0.0,0,0426340106
260830,新潟,1, 7,障害未勝利,芝,2850,バトンロード,牡,4,小林凌大,57.0,粕谷昌央,美,ヒダカ・ブリーダーズ・ユニオン,宮内牧場,ホッコータルマエ,ウイナーズロード,22103285,4,ケイムホーム,黒鹿,5,11,15,16,13,    56,     0, 0,   0.0,0,0426340107
260830,新潟,1, 8,障害未勝利,芝,2850,ブラックシールド,牡,7,小牧加矢,60.0,小栗実,栗,吉田勝己,ノーザンファーム,キタサンブラック,ゴールドエッセンス,19105197,4,キングカメハメハ,鹿毛,6,12,5,9,13,  8061,     0, 0,   0.0,0,0426340108
260830,新潟,1, 9,障害未勝利,芝,2850,オーサムストローク,牡,5,草野太郎,60.0,伊藤圭三,美,ライオンレースホース,秋場牧場,エピファネイア,グランドクララ,21100557,4,Frankel,鹿毛,6,5,4,4,13,  4278,     0, 0,   0.0,0,0426340109
260830,新潟,1,10,障害未勝利,芝,2850,ヨシノヤッタルデー,牡,5,黒岩悠,60.0,中竹和也,栗,清水義徳,川向高橋育成牧場,ファインニードル,ナムラバイオレット,21102336,4,チーフベアハート,鹿毛,7,3,9,7,13,  2230,     0, 0,   0.0,0,0426340110
260830,新潟,1,11,障害未勝利,芝,2850,トラマンダーレ,セ,6,坂口智康,58.0,浅利英明,美,シルクレーシング,ノーザンファーム,ドゥラメンテ,テルアケリー,20103486,4,Tapit,鹿毛,7,9,6,0,13,  5290,     0, 0,   0.0,0,0426340111
260830,新潟,1,12,障害未勝利,芝,2850,スノーリン,セ,4,江田勇亮,60.0,和田雄二,美,榊原浩一,岡田スタツド,ノヴェリスト,レットイットスノー,22103588,4,ハーツクライ,黒鹿,8,7,14,10,13,   110,     0, 0,   0.0,0,0426340112
260830,新潟,1,13,障害未勝利,芝,2850,ゴールデンステップ,牝,5,高田潤,58.0,和田勇介,美,岡田牧雄,岡田スタツド,ブリックスアンドモルタル,ルミナスレッド,21103555,4,トーセンダンス,黒鹿,8,4,1,2,13,  2663,     0, 0,   0.0,0,0426340113
260830,新潟,2, 1,新馬,ダ,1800,ゴールドバーニング,牝,2,石神深道,53.0,柄崎将寿,美,居城寿与,北勝ファーム,ゴールドアクター,ゴールドアクション,24103674,4,ヘニーヒューズ,栗毛,1,0,0,0,13,     0,     0, 0,   0.0,0,0426340201
260830,新潟,2, 2,新馬,ダ,1800,ゴルトシェーン,牡,2,今村聖奈,53.0,武井亮,美,大将レーシング,平野牧場,ゴールドドリーム,アマルフィターナ,24105499,4,シンボリクリスエス,青鹿,2,0,0,0,13,     0,     0, 0,   0.0,0,0426340202
260830,新潟,2, 3,新馬,ダ,1800,ウラノグラフィア,牡,2,岩田望来,55.0,宮田敬介,美,キャロットファーム,ノーザンファーム,ナダル,リュラ,24106700,4,ステイゴールド,鹿毛,3,0,0,0,13,     0,     0, 0,   0.0,0,0426340203
260830,新潟,2, 4,新馬,ダ,1800,マイトレーヤー,牡,2,津村明秀,55.0,手塚貴徳,美,栗原政史,社台ファーム,マインドユアビスケッツ,エバーマノ,24105779,4,ディープインパクト,鹿毛,4,0,0,0,13,     0,     0, 0,   0.0,0,0426340204
260830,新潟,2, 5,新馬,ダ,1800,ミシェルバローズ,牝,2,三浦皇成,55.0,中内田充,栗,猪熊広次,ノーザンファーム,ナダル,メリッサーニ,24106651,4,ゴールドアリュール,鹿毛,4,0,0,0,13,     0,     0, 0,   0.0,0,0426340205
260830,新潟,2, 6,新馬,ダ,1800,ニシノマキロイ,牡,2,野中悠太,55.0,田中勝春,美,西山茂行,メイタイファーム,ニューイヤーズデイ,ニシノアジーブ,24103935,4,モーリス,栗毛,5,0,0,0,13,     0,     0, 0,   0.0,0,0426340206
260830,新潟,2, 7,新馬,ダ,1800,ピーエムリンダ,牝,2,武藤雅,55.0,和田正一,美,松山毅,ノーザンファーム,クリソベリル,ベルクワイア,24106588,4,ロードカナロア,鹿毛,5,0,0,0,13,     0,     0, 0,   0.0,0,0426340207
260830,新潟,2, 8,新馬,ダ,1800,ウィザードシチー,牡,2,亀田温心,55.0,北出成人,栗,友駿ホースクラブ,中村雅明,チュウワウィザード,ハニーウィル,24102718,4,ヘニーヒューズ,鹿毛,6,0,0,0,13,     0,     0, 0,   0.0,0,0426340208
260830,新潟,2, 9,新馬,ダ,1800,レッドマウロア,牡,2,川田将雅,55.0,加藤征弘,美,東京ホースレーシング,坂東牧場,クリソベリル,レッドアネラ,24101427,4,カジノドライヴ,鹿毛,6,0,0,0,13,     0,     0, 0,   0.0,0,0426340209
260830,新潟,2,10,新馬,ダ,1800,スタレネルヴェント,牝,2,原優介,55.0,高木登,美,街風隆雄,社台コーポレーション白老ファーム,リアルスティール,フィーリングトーン,24107043,4,ワイルドラッシュ,鹿毛,7,0,0,0,13,     0,     0, 0,   0.0,0,0426340210
260830,新潟,2,11,新馬,ダ,1800,ギガントシュラーク,牡,2,丸山元気,55.0,萱野浩二,美,楠本勝大,門別牧場,アニマルキングダム,ケイディーズバック,24101182,4,バゴ,栗毛,7,0,0,0,13,     0,     0, 0,   0.0,0,0426340211
260830,新潟,2,12,新馬,ダ,1800,エコロゲラン,牡,2,菊沢一樹,55.0,古賀大生,美,原村正紀,千代田牧場,オメガパフューム,サトノニーケ,24104685,4,マンハッタンカフェ,鹿毛,8,0,0,0,13,     0,     0, 0,   0.0,0,0426340212
260830,新潟,2,13,新馬,ダ,1800,タイセイリッター,牡,2,石田拓郎,53.0,新開幸一,美,田中成奉,ナカノファーム,タイセイレジェンド,チャンダナ,24100824,4,スウェプトオーヴァーボード,芦毛,8,0,0,0,13,     0,     0, 0,   0.0,0,0426340213
260830,新潟,3, 1,未勝利*,芝,2000,ケイジャーダ,牝,2,柴田大知,55.0,佐藤吉勝,美,サラブレッドクラブ・ラフィアン,ビッグレッドファーム,グローリーヴェイズ,ダリオール,24103607,4,"Highest Honor",黒鹿,1,2,12,9,8,     0,     0, 0,   0.0,0,0426340301
260830,新潟,3, 2,未勝利*,芝,2000,ニシノリリックス,牝,2,石橋脩,55.0,小野次郎,美,西山茂行,村上欽哉牧場,リーチザクラウン,ニシノミンクス,24103855,4,カジノドライヴ,青鹿,2,3,12,8,8,     0,     0, 0,   0.0,0,0426340302
260830,新潟,3, 3,未勝利*,芝,2000,イカルステソーロ,牡,2,岩田望来,55.0,武市康男,美,了徳寺健二ホールディングス,リョーケンファーム,フィエールマン,ライトファンタスティック,24101291,4,Acclamation,鹿毛,3,2,7,4,8,   120,     0, 0,   0.0,0,0426340303
260830,新潟,3, 4,未勝利*,芝,2000,タイセイソアリング,牡,2,菊沢一樹,55.0,池上昌和,美,田中成奉,タイヘイ牧場,コントレイル,レディオブキャメロット,24104576,4,Montjeu,黒鹿,4,8,12,5,8,    78,     0, 0,   0.0,0,0426340304
260830,新潟,3, 5,未勝利*,芝,2000,エクスマキナ,牝,2,津村明秀,55.0,手塚貴徳,美,ビッグレッドファーム,静内白井牧場,フィエールマン,レッドラフィーネ,24104469,4,ハービンジャー,鹿毛,5,3,5,4,8,   289,     0, 0,   0.0,0,0426340305
260830,新潟,3, 6,未勝利*,芝,2000,ウイニングレイ,牝,2,岩田康誠,55.0,戸田博文,美,吉田照哉,社台ファーム,ウインブライト,シャーラレイ,24105882,4,"Afleet Alex",鹿毛,6,6,7,8,8,     0,     0, 0,   0.0,0,0426340306
260830,新潟,3, 7,未勝利*,芝,2000,ハンデンブレイズ,牡,2,小崎綾也,55.0,伊藤大士,美,坂田行夫,土田和男,ファインニードル,ハタノディアマンテ,24105416,4,エンパイアメーカー,黒鹿,7,8,11,6,8,     0,     0, 0,   0.0,0,0426340307
260830,新潟,3, 8,未勝利*,芝,2000,ルークスイテルム,牡,2,石神深道,53.0,中川公成,美,岡田牧雄,岡田スタツド,マインドユアビスケッツ,ヘレナモルフォ,24104167,4,ジャングルポケット,鹿毛,8,2,11,11,8,     0,     0, 0,   0.0,0,0426340308
260830,新潟,4, 1,新馬,芝,1800,ヒズストーリー,牡,2,嶋田純次,55.0,中川公成,美,ミルファーム,ミルファーム,ダノンスマッシュ,ネクストストーリー,24102844,4,ジョーカプチーノ,黒鹿,1,0,0,0,11,     0,     0, 0,   0.0,0,0426340401
260830,新潟,4, 2,新馬,芝,1800,チェスティーノ,牡,2,ルメール,55.0,鹿戸雄一,美,サンデーレーシング,ノーザンファーム,エフフォーリア,チェッキーノ,24106452,4,キングカメハメハ,黒鹿,2,0,0,0,11,     0,     0, 0,   0.0,0,0426340402
260830,新潟,4, 3,新馬,芝,1800,ガヤーズサムライ,牡,2,田辺裕信,55.0,田中勝春,美,小谷野宗靖,レイクヴィラファーム,"Into Mischief",マドン,24107168,4,Vancouver,鹿毛,3,0,0,0,11,     0,     0, 0,   0.0,0,0426340403
260830,新潟,4, 4,新馬,芝,1800,キャッチアップ,牝,2,菊沢一樹,55.0,小野次郎,美,ビッグレッドファーム,笹島智則,ベンバトル,マイネランデブー,24101787,4,アグネスデジタル,栗毛,4,0,0,0,11,     0,     0, 0,   0.0,0,0426340404
260830,新潟,4, 5,新馬,芝,1800,オオルリ,牝,2,原優介,55.0,水野貴広,美,ブルースターズファーム,ブルースターズファーム,ベンバトル,ウォーブル,24103646,4,トーセンホマレボシ,栗毛,5,0,0,0,11,     0,     0, 0,   0.0,0,0426340405
260830,新潟,4, 6,新馬,芝,1800,ペントザリス,牡,2,岩田康誠,55.0,戸田博文,美,キャロットファーム,社台コーポレーション白老ファーム,サリオス,パドゥヴァルス,24107035,4,エピファネイア,鹿毛,6,0,0,0,11,     0,     0, 0,   0.0,0,0426340406
260830,新潟,4, 7,新馬,芝,1800,マイネルウルカヌス,牡,2,柴田大知,55.0,畠山吉宏,美,サラブレッドクラブ・ラフィアン,ビッグレッドファーム,ゴールドシップ,ソスピタ,24103606,4,スクリーンヒーロー,栗毛,6,0,0,0,11,     0,     0, 0,   0.0,0,0426340407
260830,新潟,4, 8,新馬,芝,1800,ダディーズレガリア,牡,2,岩田望来,55.0,畑端省吾,栗,田島大史,上水牧場,グレーターロンドン,ケイディーズネイル,24106809,4,ダノンシャンティ,鹿毛,7,0,0,0,11,     0,     0, 0,   0.0,0,0426340408
260830,新潟,4, 9,新馬,芝,1800,テキサス,牡,2,津村明秀,55.0,田中博康,美,エムズレーシング,前谷牧場,Baaeed,トニトーズ,24105048,4,Blame,栗毛,7,0,0,0,11,     0,     0, 0,   0.0,0,0426340409
260830,新潟,4,10,新馬,芝,1800,リアスハート,牝,2,武藤雅,55.0,水野貴広,美,パニオロ,松浦牧場,エフフォーリア,ラントルナ,24107358,4,Bodemeister,鹿毛,8,0,0,0,11,     0,     0, 0,   0.0,0,0426340410
260830,新潟,4,11,新馬,芝,1800,ライヴテキーラ,牝,2,杉原誠人,55.0,牧光二,美,澤田孝之,三村卓也,ジャスタウェイ,ガートルード,24103814,4,ジャングルポケット,黒鹿,8,0,0,0,11,     0,     0, 0,   0.0,0,0426340411
260830,新潟,5, 1,未勝利,芝,1400,セリエンクーニゲン,牝,3,川田将雅,55.0,田中博康,美,NICKS,"Mr Gestut Wittekindshof",Kingman,Serienheilige,23110025,4,"Holy Roman Emperor",鹿毛,1,3,4,2,18,   469,     0, 0,   0.0,0,0426340501
260830,新潟,5, 2,未勝利,芝,1400,チョコブラウニー,牝,3,原優介,55.0,天間昭一,美,八木澤充貴,岡田スタツド,イスラボニータ,タニノハイクレア,23102387,4,クロフネ,栗毛,1,0,0,0,18,     0,     0, 0,   0.0,0,0426340502
260830,新潟,5, 3,未勝利,芝,1400,ゴッドレイ,牝,3,石田拓郎,53.0,伊藤大士,美,迫田三果子,チャンピオンズファーム,コントレイル,コンセッションズ,23106084,4,ダイワメジャー,青毛,2,4,3,4,18,   387,     0, 0,   0.0,0,0426340503
260830,新潟,5, 4,未勝利,芝,1400,ステキサプライズ,牡,3,谷原柚希,53.0,粕谷昌央,美,小田切統二,小田牧場,ゴールドシップ,ドゥモワゼル,23101910,4,ショウナンカンプ,黒鹿,2,4,12,5,18,   141,     0, 0,   0.0,0,0426340504
260830,新潟,5, 5,未勝利,芝,1400,エナノムスメ,牝,3,丸田恭介,55.0,伊藤大士,美,桑畑夏美,前谷牧場,サトノダイヤモンド,エナチャン,23103236,4,キンシャサノキセキ,鹿毛,3,12,10,13,18,     0,     0, 0,   0.0,0,0426340505
260830,新潟,5, 6,未勝利,芝,1400,ラウンドヒル,牝,3,菊沢一樹,55.0,田島俊明,美,小原準一郎,静内フアーム,ベストウォーリア,レイテストバード,23105751,4,サマーバード,栗毛,3,2,1,3,18,   462,     0, 0,   0.0,0,0426340506
260830,新潟,5, 7,未勝利,芝,1400,エフティヴェント,牡,3,石神深道,55.0,金成貴史,美,吉野弘司,奥山ファーム,ミッキーアイル,エフティイーリス,23105600,4,ルーラーシップ,鹿毛,4,9,15,9,18,    84,     0, 0,   0.0,0,0426340507
260830,新潟,5, 8,未勝利,芝,1400,カラーオブサクセス,牝,3,小崎綾也,55.0,武市康男,美,飯田正剛,千代田牧場,ゴールドドリーム,カラフルワード,23102896,4,キングカメハメハ,鹿毛,4,8,9,8,18,   440,     0, 0,   0.0,0,0426340508
260830,新潟,5, 9,未勝利,芝,1400,アリアス,牝,3,三浦皇成,55.0,高柳瑞樹,美,越村洋子,杵臼牧場,コントレイル,アンジェリック,23104857,4,シンボリクリスエス,青鹿,5,9,6,6,18,   349,     0, 0,   0.0,0,0426340509
260830,新潟,5,10,未勝利,芝,1400,ソルティアーラ,牝,3,ミシェル,55.0,西田雄一,美,DMMドリームクラブ,オリオンファーム,タワーオブロンドン,ルナティアーラ,23100743,4,ディープインパクト,鹿毛,5,42,4,10,18,     0,     0, 0,   0.0,0,0426340510
260830,新潟,5,11,未勝利,芝,1400,オンナキュヌヴィ,牝,3,田辺裕信,55.0,蛯名正義,美,金子真人ホールディングス,坂東牧場,リオンディーズ,ラベンダーヴァレイ,23105688,4,ディープインパクト,青毛,6,3,2,5,18,   378,     0, 0,   0.0,0,0426340511
260830,新潟,5,12,未勝利,芝,1400,ネオアンボウ,牡,3,野中悠太,57.0,松尾卓哉,美,西田俊二,野坂牧場,デクラレーションオブウォー,リビングマイライフ,23103049,4,ダイワメジャー,鹿毛,6,8,12,10,18,     0,     0, 0,   0.0,0,0426340512
260830,新潟,5,13,未勝利,芝,1400,ウインテラジーナ,牝,3,津村明秀,55.0,栗田徹,美,ウイン,コスモヴューファーム,ウインブライト,ウインジェルベーラ,23105858,4,アイルハヴアナザー,鹿毛,7,4,2,3,18,   497,     0, 0,   0.0,0,0426340513
260830,新潟,5,14,未勝利,芝,1400,ワインレッドハート,牝,3,上里直汰,52.0,戸田博文,美,青芝商事,前谷牧場,シスキン,ロックマイハート,23105410,4,Sholokhov,鹿毛,7,0,0,0,18,     0,     0, 0,   0.0,0,0426340514
260830,新潟,5,15,未勝利,芝,1400,ルディドゥゲンジ,牝,3,嶋田純次,55.0,蛯名利弘,美,ミルファーム,安達牧場,ファインニードル,ウルバーノ,23103934,4,"Heart's Cry",鹿毛,7,2,4,4,18,   237,     0, 0,   0.0,0,0426340515
260830,新潟,5,16,未勝利,芝,1400,ペルウィクトール,牡,3,岩田望来,57.0,宮田敬介,美,シルクレーシング,ノーザンファーム,サートゥルナーリア,ウィクトーリア,23106886,4,ヴィクトワールピサ,青鹿,8,57,1,3,18,   430,     0, 0,   0.0,0,0426340516
260830,新潟,5,17,未勝利,芝,1400,エイシンイクサボシ,牝,3,木幡初也,55.0,勢司和浩,美,栄進堂,中地義次,エイシンヒカリ,エイシンポラリス,23105536,4,"Unbridled's Song",栗毛,8,4,10,5,18,   318,     0, 0,   0.0,0,0426340517
260830,新潟,5,18,未勝利,芝,1400,ミクロスギガース,牝,3,杉原誠人,55.0,西田雄一,美,飯田貴大,千代田牧場,シルバーステート,ピュアリーグッド,23102931,4,ロードカナロア,鹿毛,8,3,12,5,18,   179,     0, 0,   0.0,0,0426340518
260830,新潟,6, 1,両津湾特･2勝,ダ,1800,ピコシー,牡,4,内田博幸,58.0,奥村武,美,ビジュピコ,チャンピオンズファーム,サトノダイヤモンド,アヴァール,22101716,4,キングカメハメハ,鹿毛,1,6,5,5,15,  2474,   900, 0,   0.0,0,0426340601
260830,新潟,6, 2,両津湾特･2勝,ダ,1800,ビービーアジャイル,牡,3,ルメール,55.0,中舘英二,美,坂東牧場,ファーミングヤナキタ,サンダースノー,ツインダイヤ,23106494,4,ゴールドアリュール,栗毛,2,11,1,3,15,  2520,   900, 0,   0.0,0,0426340602
260830,新潟,6, 3,両津湾特･2勝,ダ,1800,オクトーバーナイン,牡,3,戸崎圭太,55.0,稲垣幸雄,美,ライフエンタープライズ,石田牧場,コパノリッキー,アロゴ,23103962,4,ジャスタウェイ,黒鹿,2,10,2,1,15,  1690,   900, 0,   0.0,0,0426340603
260830,新潟,6, 4,両津湾特･2勝,ダ,1800,ニシノケンタマン,牡,4,今村聖奈,58.0,深山雅史,美,西山茂行,中央牧場,アポロケンタッキー,オテンバランナー,22106427,4,メイショウボーラー,青鹿,3,4,8,4,15,  2585,   900, 0,   0.0,0,0426340604
260830,新潟,6, 5,両津湾特･2勝,ダ,1800,コパノエビータ,牝,5,嶋田純次,56.0,手塚貴久,美,小林祥晃,ヤナガワ牧場,ダノンレジェンド,コパノビジン,21102219,4,ゴールドアリュール,鹿毛,3,9,7,5,15,  2811,   900, 0,   0.0,0,0426340605
260830,新潟,6, 6,両津湾特･2勝,ダ,1800,アルベリック,牡,5,三浦皇成,58.0,中竹和也,栗,西田彰宏,スマイルファーム,エイシンヒカリ,エイシンウィキ,21101554,4,キングカメハメハ,栗毛,4,40,10,11,15,  1683,   900, 0,   0.0,0,0426340606
260830,新潟,6, 7,両津湾特･2勝,ダ,1800,トゥーザムーン,牝,4,岩田康誠,56.0,辻哲英,美,辻子依旦,川越ファーム,"American Pharoah",ミチャチスインテンタ,22102700,4,Paynter,鹿毛,4,8,5,5,15,  2119,   900, 0,   0.0,0,0426340607
260830,新潟,6, 8,両津湾特･2勝,ダ,1800,スターシップ,牡,3,川田将雅,55.0,高柳大輔,栗,沖田正憲,沖田牧場,ラブリーデイ,インフィニティ,23100704,4,カジノドライヴ,鹿毛,5,4,1,1,15,  1450,   830, 0,   0.0,0,0426340608
260830,新潟,6, 9,両津湾特･2勝,ダ,1800,ヴァイヴァーイ,牝,3,小崎綾也,53.0,小崎憲,栗,吉田勝利,村上欽哉,マジェスティックウォリアー,イリデ,23106711,4,"Indian Charlie",鹿毛,5,2,9,1,15,  1649,   900, 0,   0.0,0,0426340609
260830,新潟,6,10,両津湾特･2勝,ダ,1800,フラッシング,牡,5,丸田恭介,58.0,牧浦充徳,栗,マークス,レイクヴィラファーム,ドレフォン,プントバンコ,21105971,4,フジキセキ,栗毛,6,10,9,7,15,  2202,   900, 0,   0.0,0,0426340610
260830,新潟,6,11,両津湾特･2勝,ダ,1800,ジェーケーボンバー,牡,4,菊沢一樹,58.0,上原博之,美,園生裕造,庄野牧場,ホッコータルマエ,レッドプライム,22101476,4,スペシャルウィーク,黒鹿,6,9,7,6,15,     0,   590, 0,   0.0,0,0426340611
260830,新潟,6,12,両津湾特･2勝,ダ,1800,マハナ,牝,5,石橋脩,56.0,井上智史,栗,ノースヒルズ,ノースヒルズ,ハービンジャー,エレーデ,21106618,4,ディープインパクト,鹿毛,7,14,6,10,15,  3050,   900, 0,   0.0,0,0426340612
260830,新潟,6,13,両津湾特･2勝,ダ,1800,クロドラバール,セ,5,池添謙一,58.0,奥村武,美,長谷川祐司,チャンピオンズファーム,ロードカナロア,ジュエルメーカー,21101733,4,エンパイアメーカー,鹿毛,7,8,8,9,15,  1800,   900, 0,   0.0,0,0426340613
260830,新潟,6,14,両津湾特･2勝,ダ,1800,コスモコンフェルマ,牡,4,柴田大知,58.0,鈴木慎太,美,ビッグレッドファーム,沖田博志,ホッコータルマエ,ソリッドリーズン,22100526,4,ジャングルポケット,鹿毛,8,2,5,2,15,  2490,   900, 0,   0.0,0,0426340614
260830,新潟,6,15,両津湾特･2勝,ダ,1800,ノルドヴェスト,セ,6,原優介,58.0,秋本大介,美,サンデーレーシング,社台コーポレーション白老ファーム,ロードカナロア,マエストラーレ,20102711,4,ネオユニヴァース,鹿毛,8,13,9,16,15,  1914,   580, 0,   0.0,0,0426340615
260830,新潟,7, 1,日本海Ｓ･3勝,芝,2200,シャドウメテオ,牝,4,三浦皇成,56.0,金成貴史,美,飯塚知一,社台ファーム,オルフェーヴル,パールシャドウ,22105454,4,クロフネ,栗毛,1,11,8,3,12,  4910,  1500, 0,   0.0,0,0426340701
260830,新潟,7, 2,日本海Ｓ･3勝,芝,2200,ウインデイジー,牝,5,岩田康誠,56.0,宮徹,栗,ウイン,コスモヴューファーム,ゴールドシップ,ウインアキレア,21106194,4,コンデュイット,黒鹿,2,5,4,8,12,  5578,  1500, 0,   0.0,0,0426340702
260830,新潟,7, 3,日本海Ｓ･3勝,芝,2200,チャリングクロス,牡,3,戸崎圭太,55.0,奥村武,美,サンデーレーシング,坂東牧場,キタサンブラック,ライジングクロス,23107389,4,"Cape Cross",青鹿,3,10,2,1,12,  3604,  1500, 0,   0.0,0,0426340703
260830,新潟,7, 4,日本海Ｓ･3勝,芝,2200,シュバルツマサムネ,牡,4,高田潤,58.0,杉山佳明,栗,塩澤正樹,ノーザンファーム,マインドユアビスケッツ,タンザニアブラック,22104887,4,モーリス,鹿毛,4,10,5,13,12,  4608,  1500, 0,   0.0,0,0426340704
260830,新潟,7, 5,日本海Ｓ･3勝,芝,2200,サダムオプシス,牡,5,ルメール,58.0,平田修,栗,大西美生子,ノーザンファーム,ルーラーシップ,カレンオプシス,21105474,4,サムライハート,鹿毛,5,5,5,2,12,  5742,  1500, 0,   0.0,0,0426340705
260830,新潟,7, 6,日本海Ｓ･3勝,芝,2200,ナムラフッカー,牡,5,原優介,58.0,長谷川浩,栗,奈村睦弘,猿倉牧場,スワーヴリチャード,ナムラライラ,21102510,4,ルーラーシップ,栗毛,5,5,8,7,12,  6418,  1500, 0,   0.0,0,0426340706
260830,新潟,7, 7,日本海Ｓ･3勝,芝,2200,オストラヴァ,牡,4,津村明秀,58.0,林徹,美,村野慎之介,社台ファーム,スクリーンヒーロー,ピュアコンチェルト,22105456,4,キンシャサノキセキ,鹿毛,6,11,2,2,12,  5590,  1500, 0,   0.0,0,0426340707
260830,新潟,7, 8,日本海Ｓ･3勝,芝,2200,ベンサレム,牡,5,岩田望来,58.0,稲垣幸雄,美,シルクレーシング,ノーザンファーム,スワーヴリチャード,アガルタ,21105352,4,キングカメハメハ,鹿毛,6,11,10,13,12,  4010,  1500, 0,   0.0,0,0426340708
260830,新潟,7, 9,日本海Ｓ･3勝,芝,2200,タイセイフェリーク,牝,6,小崎綾也,56.0,青木孝文,美,田中成奉,ノーザンファーム,ミッキーロケット,レーヴルシード,20103713,4,ディープインパクト,黒鹿,7,5,7,10,12,  7725,  1500, 0,   0.0,0,0426340709
260830,新潟,7,10,日本海Ｓ･3勝,芝,2200,サトノパトリオット,セ,4,川田将雅,58.0,木村哲也,美,里見治,ノーザンファーム,レイデオロ,ティファニーズオナー,22104907,4,"Street Cry",黒鹿,7,13,4,1,12,  4261,  1500, 0,   0.0,0,0426340710
260830,新潟,7,11,日本海Ｓ･3勝,芝,2200,リンフレスカンテ,牡,8,石橋脩,58.0,宮本博,栗,名古屋友豊,社台ファーム,ルーラーシップ,マルカサワヤカ,18104797,4,サンデーサイレンス,黒鹿,8,5,11,5,12, 11487,  1500, 0,   0.0,0,0426340711
260830,新潟,7,12,日本海Ｓ･3勝,芝,2200,クリニクラウン,牝,6,菊沢一樹,56.0,小手川準,美,新木鈴子,ヒダカフアーム,トビーズコーナー,ルナフォース,20100934,4,ディープブリランテ,栗毛,8,3,10,8,12,  6894,  1500, 0,   0.0,0,0426340712
260830,新潟,8, 1,新潟記念G3,芝,2000,ボーンディスウェイ,牡,7,丸山元気,57.0,牧光二,美,平田修,社台ファーム,ハーツクライ,ウィンドハック,19104658,4,Platini,黒鹿,1,7,14,5,11, 16000,  3800, 0,   0.0,0,0426340801
260830,新潟,8, 2,新潟記念G3,芝,2000,サヴォーナ,牡,6,池添謙一,57.0,中竹和也,栗,加藤誠,高昭牧場,キズナ,テイケイラピッド,20100734,4,スニッツェル,鹿毛,2,7,3,10,11, 15750,  5150, 0,   0.0,0,0426340802
260830,新潟,8, 3,新潟記念G3,芝,2000,ロデオドライブ,牡,3,ルメール,57.0,辻哲英,美,吉田勝己,ノーザンファーム,サートゥルナーリア,ビバリーヒルズ,23107166,4,スニッツェル,鹿毛,3,36,5,1,11, 16770,  8500, 0,   0.0,0,0426340803
260830,新潟,8, 4,新潟記念G3,芝,2000,ドゥレッツァ,牡,6,田辺裕信,59.0,尾関知人,美,キャロットファーム,ノーザンファーム,ドゥラメンテ,モアザンセイクリッド,20103650,4,"More Than Ready",青鹿,4,39,0,0,11, 44360, 23750, 0,   0.0,0,0426340804
260830,新潟,8, 5,新潟記念G3,芝,2000,ゾロアストロ,牡,3,岩田望来,55.0,宮田敬介,美,サンデーレーシング,ノーザンファーム,モーリス,アルミレーナ,23106850,4,ディープインパクト,芦毛,5,40,5,2,11,  7290,  3200, 0,   0.0,0,0426340805
260830,新潟,8, 6,新潟記念G3,芝,2000,チェルヴィニア,牝,5,津村明秀,56.0,木村哲也,美,サンデーレーシング,ノーザンファーム,ハービンジャー,チェッキーノ,21105643,4,キングカメハメハ,鹿毛,6,40,8,10,11, 39510, 15800, 0,   0.0,0,0426340806
260830,新潟,8, 7,新潟記念G3,芝,2000,ジュンブロッサム,牡,7,杉原誠人,58.0,友道康夫,栗,河合純二,ノーザンファーム,ワールドエース,エンプレスティアラ,19105118,4,クロフネ,黒鹿,6,3,7,9,11, 20844,  6550, 0,   0.0,0,0426340807
260830,新潟,8, 8,新潟記念G3,芝,2000,ダノンシーマ,牡,4,川田将雅,57.0,中内田充,栗,ダノックス,ノーザンファーム,キタサンブラック,インクルードベティ,22104645,4,Include,黒鹿,7,13,2,3,11, 11960,  3800, 0,   0.0,0,0426340808
260830,新潟,8, 9,新潟記念G3,芝,2000,アーバンシック,牡,5,三浦皇成,59.0,武井亮,美,シルクレーシング,ノーザンファーム,スワーヴリチャード,エッジースタイル,21105436,4,ハービンジャー,栗毛,7,37,0,10,11, 36490, 14400, 0,   0.0,0,0426340809
260830,新潟,8,10,新潟記念G3,芝,2000,バレエマスター,牡,7,菊沢一樹,57.0,梅田智之,栗,吉田照哉,社台ファーム,スピルバーグ,パドパピヨン,19104850,4,スウェプトオーヴァーボード,鹿毛,8,11,10,6,11,  9456,  3250, 0,   0.0,0,0426340810
260830,新潟,8,11,新潟記念G3,芝,2000,ステレンボッシュ,牝,5,戸崎圭太,56.0,宮田敬介,美,吉田勝己,ノーザンファーム,エピファネイア,ブルークランズ,21105743,4,ルーラーシップ,鹿毛,8,12,5,10,11, 29320, 13050, 0,   0.0,0,0426340811
260830,新潟,9, 1,閃光特別･2勝,芝,1000,カレンデュラ,牝,3,嶋田純次,54.0,室井潔,美,ミルファーム,松田牧場,アルアイン,オフェーリアシチー,23106613,4,アドマイヤコジーン,芦毛,1,3,6,3,18,  3430,   900, 0,   0.0,0,0426340901
260830,新潟,9, 2,閃光特別･2勝,芝,1000,サトノアルペジオ,セ,6,ミシェル,58.0,大和田成,美,里見治,ノーザンファーム,モーリス,チャームドヴェール,20103477,4,ネオユニヴァース,鹿毛,1,3,14,15,18,  1840,   870, 0,   0.0,0,0426340902
260830,新潟,9, 3,閃光特別･2勝,芝,1000,ゼンダンタカ,牝,4,杉原誠人,56.0,中舘英二,美,鈴木昌樹,協和牧場,アジアエクスプレス,キョウワヒラリー,22106187,4,ダイワメジャー,栗毛,2,3,13,5,18,  1703,   900, 0,   0.0,0,0426340903
260830,新潟,9, 4,閃光特別･2勝,芝,1000,フレッシュラン,牝,4,石田拓郎,56.0,尾形和幸,美,岡村善行,辻牧場,ホッコータルマエ,フレッシュスマイル,22102995,4,サウスヴィグラス,鹿毛,2,7,13,13,18,  1500,   900, 0,   0.0,0,0426340904
260830,新潟,9, 5,閃光特別･2勝,芝,1000,ファイツオン,牡,5,三浦皇成,58.0,藤岡健一,栗,前田幸治,村上牧場,アルアイン,ソラコマチ,21100476,4,サクラバクシンオー,鹿毛,3,2,9,3,18,  3347,   900, 0,   0.0,0,0426340905
260830,新潟,9, 6,閃光特別･2勝,芝,1000,エリカカリーナ,牝,5,原優介,56.0,宮田敬介,美,三木正浩,ノーザンファーム,ミッキーアイル,キャレモンショコラ,21105485,4,サクラバクシンオー,鹿毛,3,8,7,15,18,  3535,   900, 0,   0.0,0,0426340906
260830,新潟,9, 7,閃光特別･2勝,芝,1000,リュウノタブーク,牝,5,上里直汰,56.0,伊坂重信,美,蓑島竜一,藤川フアーム,オルフェーヴル,フレンズ,21104365,4,クロフネ,芦毛,4,2,13,10,18,   855,   970, 0,   0.0,0,0426340907
260830,新潟,9, 8,閃光特別･2勝,芝,1000,ハニーローリエ,牝,4,菊沢一樹,56.0,小手川準,美,東豊物産,竹島幸治,ルーラーシップ,トーホウハニー,22101604,4,ステイゴールド,鹿毛,4,3,1,2,18,  4606,   900, 0,   0.0,0,0426340908
260830,新潟,9, 9,閃光特別･2勝,芝,1000,バンディート,牡,6,小崎綾也,58.0,東田明士,栗,大塚亮一,ディアレストクラブ,イスラボニータ,ジョリーザスターズ,20106698,4,"Sea The Stars",青鹿,5,11,9,13,18,  1216,   620, 0,   0.0,0,0426340909
260830,新潟,9,10,閃光特別･2勝,芝,1000,キントラダンサー,牝,4,野中悠太,56.0,長谷川浩,栗,三木久史,フジワラフアーム,キタサンブラック,キントラ,22104387,4,Kingman,鹿毛,5,3,5,11,18,  2070,   900, 0,   0.0,0,0426340910
260830,新潟,9,11,閃光特別･2勝,芝,1000,ビップムーラン,牝,3,丸山元気,54.0,田島俊明,美,鈴木邦英,木下牧場,アルアイン,ココナッツパルム,23100095,4,フレンチデピュティ,鹿毛,6,7,1,1,18,  2849,   900, 0,   0.0,0,0426340911
260830,新潟,9,12,閃光特別･2勝,芝,1000,レジーナローズ,牝,6,津村明秀,56.0,鈴木慎太,美,永山勝敏レーシング,サカイファーム,リオンディーズ,ヒルノリスボン,20104174,4,マンハッタンカフェ,青鹿,6,3,4,9,18,  2951,   900, 0,   0.0,0,0426340912
260830,新潟,9,13,閃光特別･2勝,芝,1000,ビーアイフォルテ,牝,4,江田照男,56.0,牧田和弥,栗,礒川正明,前田牧場,シルバーステート,ビットアリエス,22104515,4,ヨハネスブルグ,青鹿,7,40,12,1,18,  1360,   900, 0,   0.0,0,0426340913
260830,新潟,9,14,閃光特別･2勝,芝,1000,ケンキョ,牡,6,丸田恭介,58.0,高橋文雅,美,佐久間拓士,村上欽哉,ダノンレジェンド,ブライアンズイブ,20105949,4,ブライアンズタイム,黒鹿,7,39,7,7,18,  3145,   900, 0,   0.0,0,0426340914
260830,新潟,9,15,閃光特別･2勝,芝,1000,ミスエル,牡,5,武藤雅,58.0,菊沢隆徳,美,パニオロ,村上欽哉,ディスクリートキャット,ダイワミストレス,21106986,4,ダイワメジャー,黒鹿,7,3,16,7,18,  2946,   900, 0,   0.0,0,0426340915
260830,新潟,9,16,閃光特別･2勝,芝,1000,スペルキャスター,牝,6,石橋脩,56.0,蛯名利弘,美,稲場澄,社台コーポレーション白老ファーム,ロードカナロア,スペルバインド,20102674,4,ゴールドアリュール,鹿毛,8,3,12,4,18,  1758,   730, 0,   0.0,0,0426340916
260830,新潟,9,17,閃光特別･2勝,芝,1000,ラトルシェ,牝,4,岩田康誠,56.0,菊川正達,美,飯田正剛,千代田牧場,ミッキーアイル,レーヴドフィユ,22104190,4,"Storm Cat",栗毛,8,3,10,13,18,  2340,   900, 0,   0.0,0,0426340917
260830,新潟,9,18,閃光特別･2勝,芝,1000,ヴェントゥーラ,牝,4,岩田望来,56.0,小栗実,栗,飯田貴大,千代田牧場,サートゥルナーリア,リボンフラワー,22104186,4,ディープインパクト,鹿毛,8,6,4,11,18,  1730,   900, 0,   0.0,0,0426340918
260830,新潟,10, 1,未勝利,ダ,1800,カーボフリオ,牝,3,ミシェル,55.0,高木登,美,吉田千津,社台ファーム,ナダル,サザナミ,23103404,4,ディープインパクト,黒鹿,1,2,3,5,15,   647,     0, 0,   0.0,0,0426341001
260830,新潟,10, 2,未勝利,ダ,1800,ソナタムーンライト,牡,3,原優介,57.0,堀内岳志,美,松本智,木村牧場,ハービンジャー,ハーモニクス,23105717,4,キンシャサノキセキ,鹿毛,2,11,11,9,15,     0,     0, 0,   0.0,0,0426341002
260830,新潟,10, 3,未勝利,ダ,1800,アーティキュレート,牡,3,内田博幸,57.0,手塚貴久,美,シルクレーシング,ノーザンファーム,サートゥルナーリア,アーキテクチャー,23106860,4,Zoffany,鹿毛,2,7,4,6,15,   239,     0, 0,   0.0,0,0426341003
260830,新潟,10, 4,未勝利,ダ,1800,パワポケウォーズ,牡,3,上里直汰,54.0,大和田成,美,柳原達也,坂本智広,リアルスティール,レッドアクトレス,23107440,4,スクリーンヒーロー,鹿毛,3,2,10,3,15,   377,     0, 0,   0.0,0,0426341004
260830,新潟,10, 5,未勝利,ダ,1800,クライングナウ,牡,3,岩田望来,57.0,斎藤誠,美,小村アセットM,追分ファーム,サトノダイヤモンド,スマイルワールド,23103697,4,キングカメハメハ,鹿毛,3,3,10,3,15,   209,     0, 0,   0.0,0,0426341005
260830,新潟,10, 6,未勝利,ダ,1800,ロジキセキ,牡,3,戸崎圭太,57.0,新開幸一,美,久米田正明,アイズスタッド,アドマイヤマーズ,グロッタアズーラ,23100578,4,フジキセキ,黒鹿,4,2,1,2,15,   577,     0, 0,   0.0,0,0426341006
260830,新潟,10, 7,未勝利,ダ,1800,カノープス,牝,3,石田拓郎,53.0,辻哲英,美,杵臼牧場,杵臼牧場,ルーラーシップ,アリデッド,23104855,4,ダンスインザダーク,鹿毛,4,1,11,7,15,     0,     0, 0,   0.0,0,0426341007
260830,新潟,10, 8,未勝利,ダ,1800,ザンテソーロ,牡,3,柴田大知,57.0,畠山吉宏,美,了徳寺健二ホールディングス,リョーケンファーム,オルフェーヴル,アオイテソーロ,23106733,4,ルーラーシップ,鹿毛,5,2,3,6,15,   464,     0, 0,   0.0,0,0426341008
260830,新潟,10, 9,未勝利,ダ,1800,ウモラダエピカ,牝,3,石神深道,53.0,林徹,美,ライオンレースホース,ノーザンファーム,"American Pharoah",ウモラダネグラ,23106891,4,"Emperor Richard",鹿毛,5,0,0,0,15,     0,     0, 0,   0.0,0,0426341009
260830,新潟,10,10,未勝利,ダ,1800,サングラント,牡,3,三浦皇成,57.0,金成貴史,美,野田努,ノーザンファーム,ルヴァンスレーヴ,カールファターレ,23106956,4,キングカメハメハ,鹿毛,6,4,3,2,15,   375,     0, 0,   0.0,0,0426341010
260830,新潟,10,11,未勝利,ダ,1800,ヴァルク,牡,3,木幡初也,57.0,武市康男,美,ケンブリッジバレー,ケンブリッジバレー,パドトロワ,ケンブリッジデイズ,23101693,4,クロフネ,鹿毛,6,11,6,7,15,     0,     0, 0,   0.0,0,0426341011
260830,新潟,10,12,未勝利,ダ,1800,サンタピア,牡,3,菊沢一樹,57.0,松山将樹,美,井上久光,タイヘイ牧場,ルヴァンスレーヴ,ドリームバラード,23102804,4,タニノギムレット,黒鹿,7,2,6,4,15,   237,     0, 0,   0.0,0,0426341012
260830,新潟,10,13,未勝利,ダ,1800,エイシンキーウィ,牝,3,江田照男,55.0,田中剛,美,栄進堂,信田牧場,ミスターメロディ,エイシンキララ,23105525,4,ハーツクライ,鹿毛,7,0,0,0,15,     0,     0, 0,   0.0,0,0426341013
260830,新潟,10,14,未勝利,ダ,1800,マジギレカレン,牝,3,野中悠太,55.0,的場均,美,小塩利文,細川牧場,カレンブラックヒル,ヴィオラ,23101433,4,ストリートセンス,黒鹿,8,2,9,9,15,     0,     0, 0,   0.0,0,0426341014
260830,新潟,10,15,未勝利,ダ,1800,カフェプラウド,牡,3,水沼元輝,54.0,柄崎将寿,美,西川光一,三嶋牧場,ドレフォン,ラゴンダカフェ,23102246,4,カフェラピード,黒鹿,8,2,12,12,15,     0,     0, 0,   0.0,0,0426341015
260830,新潟,11, 1,１勝ｸﾗｽ・牝,芝,1800,ブルバンビーナ,牝,4,石田拓郎,54.0,尾形和幸,美,高田秀信,チャンピオンズファーム,キズナ,パールヴァティー,22101749,4,タイキシャトル,黒鹿,1,5,17,14,14,   969,   400, 0,   0.0,0,0426341101
260830,新潟,11, 2,１勝ｸﾗｽ・牝,芝,1800,シアブリス,牝,5,三浦皇成,56.0,手塚貴徳,美,シルクレーシング,ノーザンファーム,エピファネイア,ブリスフルデイズ,21105742,4,キングカメハメハ,黒鹿,2,4,10,5,14,  2263,   400, 0,   0.0,0,0426341102
260830,新潟,11, 3,１勝ｸﾗｽ・牝,芝,1800,スカイダンスタイム,牝,5,石神深道,54.0,萱野浩二,美,細川大輔,村上牧場,ビーチパトロール,イムディーナ,21107025,4,スペシャルウィーク,鹿毛,3,31,5,5,14,     0,   210, 0,   0.0,0,0426341103
260830,新潟,11, 4,１勝ｸﾗｽ・牝,芝,1800,ナックホワイト,牝,3,野中悠太,53.0,杉浦宏昭,美,小松欣也,レイクヴィラファーム,ブリックスアンドモルタル,イタリアンホワイト,23103885,4,ステイゴールド,芦毛,3,13,5,12,14,  1042,   400, 0,   0.0,0,0426341104
260830,新潟,11, 5,１勝ｸﾗｽ・牝,芝,1800,カンティーナ,牝,3,原優介,53.0,堀内岳志,美,柴原榮,マリオステーブル,シルバーステート,シーサイドチャペル,23104576,4,シンボリクリスエス,青鹿,4,41,7,11,14,  1280,   400, 0,   0.0,0,0426341105
260830,新潟,11, 6,１勝ｸﾗｽ・牝,芝,1800,ニシノコマチムスメ,牝,5,菊沢一樹,56.0,松山将樹,美,西山茂行,西山牧場,ルーラーシップ,ニシノハナムスメ,21107253,4,ディープインパクト,鹿毛,4,4,12,11,14,  1490,   400, 0,   0.0,0,0426341106
260830,新潟,11, 7,１勝ｸﾗｽ・牝,芝,1800,ハニーオーケストラ,牝,3,小崎綾也,53.0,稲垣幸雄,美,中村伊三美,ケイアイファーム,ダノンスマッシュ,パステラリア,23105811,4,エンパイアメーカー,鹿毛,5,10,13,12,14,   670,   400, 0,   0.0,0,0426341107
260830,新潟,11, 8,１勝ｸﾗｽ・牝,芝,1800,ダーリングハースト,牝,3,岩田望来,53.0,宮田敬介,美,サンデーレーシング,ノーザンファーム,エピファネイア,フォエヴァーダーリング,23107179,4,Congrats,栗毛,5,10,4,7,14,   780,   400, 0,   0.0,0,0426341108
260830,新潟,11, 9,１勝ｸﾗｽ・牝,芝,1800,ケイツールピア,牝,5,上里直汰,53.0,蛯名利弘,美,楠本勝美,道見牧場,アニマルキングダム,リップグロス,21101801,4,ハーツクライ,栗毛,6,2,12,12,14,  1173,   400, 0,   0.0,0,0426341109
260830,新潟,11,10,１勝ｸﾗｽ・牝,芝,1800,タッセルノット,牝,3,戸崎圭太,53.0,林徹,美,シルクレーシング,ノーザンファーム,キズナ,ディアンドル,23107121,4,ルーラーシップ,黒鹿,6,10,2,3,14,  1280,   400, 0,   0.0,0,0426341110
260830,新潟,11,11,１勝ｸﾗｽ・牝,芝,1800,シェーンシュティア,牝,4,杉原誠人,56.0,林徹,美,ライオンレースホース,ノーザンファーム,ブリックスアンドモルタル,カイゼリン,22104716,4,アドマイヤベガ,黒鹿,7,13,2,3,14,  1690,   400, 0,   0.0,0,0426341111
260830,新潟,11,12,１勝ｸﾗｽ・牝,芝,1800,ヴァリスマリネリス,牝,3,津村明秀,53.0,中舘英二,美,社台レースホース,社台ファーム,アドマイヤマーズ,エレクトラレーン,23103356,4,Dubawi,栗毛,7,5,4,9,14,   920,   400, 0,   0.0,0,0426341112
260830,新潟,11,13,１勝ｸﾗｽ・牝,芝,1800,ココソラーレ,牝,3,谷原柚希,50.0,天間昭一,美,西村新一郎,ココファーム,セイウンコウセイ,ニシノプレジール,23109031,4,オルフェーヴル,鹿毛,8,1,9,7,14,   805,     0, 0,   0.0,0,0426341113
260830,新潟,11,14,１勝ｸﾗｽ・牝,芝,1800,アオイハルカ,牝,3,今村聖奈,51.0,大久保龍,栗,新谷正子,チャンピオンズファーム,コントレイル,アオイプリンセス,23106068,4,キングカメハメハ,青鹿,8,8,8,1,14,   580,   400, 0,   0.0,0,0426341114
260830,新潟,12, 1,１勝ｸﾗｽ,ダ,1200,ガルディーノ,牡,3,石田拓郎,54.0,新開幸一,美,大塚亮一,村上欽哉,ダイワメジャー,ドロミティ,23105402,4,"Pure Prize",栗毛,1,4,8,2,15,   920,   400, 0,   0.0,0,0426341201
260830,新潟,12, 2,１勝ｸﾗｽ,ダ,1200,アイファージェット,牡,4,木幡育也,58.0,的場均,美,中島稔,アースファーム,パドトロワ,オトメローズ,22101114,4,アサクサデンエン,鹿毛,2,22,1,2,15,     0,   150, 0,   0.0,0,0426341202
260830,新潟,12, 3,１勝ｸﾗｽ,ダ,1200,スリーコーズ,牡,3,岩田望来,56.0,伊藤圭三,美,永井商事,辻牧場,スズカコーズウェイ,スズカローラー,23106208,4,スズカマンボ,栗毛,2,3,6,3,15,  1432,   400, 0,   0.0,0,0426341203
260830,新潟,12, 4,１勝ｸﾗｽ,ダ,1200,エテオクロス,牡,4,杉原誠人,58.0,新開幸一,美,会田浩史,社台ファーム,サトノアラジン,ピリカクル,22105459,4,オルフェーヴル,鹿毛,3,5,6,5,15,   985,   110, 0,   0.0,0,0426341204
260830,新潟,12, 5,１勝ｸﾗｽ,ダ,1200,ゴーゴーパンチ,牡,3,石神深道,54.0,天間昭一,美,吉田勝利,アサヒ牧場,タリスマニック,ユーセイクインサー,23103931,4,タイムパラドックス,鹿毛,3,8,3,10,15,  1068,   400, 0,   0.0,0,0426341205
260830,新潟,12, 6,１勝ｸﾗｽ,ダ,1200,ジャックナダル,牡,3,川田将雅,56.0,伊坂重信,美,辻高史,クラウン日高牧場,ナダル,ブロッサムレーン,23100803,4,"New Approach",栗毛,4,42,4,9,15,  1130,   400, 0,   0.0,0,0426341206
260830,新潟,12, 7,１勝ｸﾗｽ,ダ,1200,クラウンフリード,牡,4,上里直汰,55.0,天間昭一,美,和田志保,クラウン日高牧場,タワーオブロンドン,クラウンビション,22101281,4,メジロベイリー,栗毛,4,9,15,15,15,     0,   120, 0,   0.0,0,0426341207
260830,新潟,12, 8,１勝ｸﾗｽ,ダ,1200,サトノエスケープ,牡,3,田辺裕信,56.0,久保田貴,美,里見治,ノーザンファーム,ジャスタウェイ,エルフィンコーブ,23106932,4,"Adios Charlie",鹿毛,5,3,5,2,15,  1474,   400, 0,   0.0,0,0426341208
260830,新潟,12, 9,１勝ｸﾗｽ,ダ,1200,スマートブル,牡,4,内田博幸,58.0,室井潔,美,"CHEVAL ATTACHE",小河豊水,オーヴァルエース,エコロシンフォニー,22100497,4,ワイルドラッシュ,鹿毛,5,11,10,11,15,   850,   400, 0,   0.0,0,0426341209
260830,新潟,12,10,１勝ｸﾗｽ,ダ,1200,ガンバレベアー,牝,4,野中悠太,56.0,杉浦宏昭,美,熊木浩,ヴェルサイユファーム,サトノアラジン,サンマルリトリート,22101141,4,ハードスパン,黒鹿,6,5,8,8,15,  1177,   280, 0,   0.0,0,0426341210
260830,新潟,12,11,１勝ｸﾗｽ,ダ,1200,マルターズドン,牡,3,嶋田純次,56.0,手塚貴久,美,藤田在子,天羽禮治,ドレフォン,マルターズディオサ,23100626,4,キズナ,黒鹿,6,11,11,17,15,   970,   400, 0,   0.0,0,0426341211
260830,新潟,12,12,１勝ｸﾗｽ,ダ,1200,ナインオブレター,牡,4,原優介,58.0,佐藤吉勝,美,熊坂俊一,松浦牧場,モーニン,ブリリアントレター,22106926,4,スマートファルコン,栗毛,7,6,14,8,15,  1548,   400, 0,   0.0,0,0426341212
260830,新潟,12,13,１勝ｸﾗｽ,ダ,1200,コンパクトファイト,牡,4,菅原隆一,58.0,天間昭一,美,西村新一郎,田原橋本牧場,ディスクリートキャット,デストリアー,22104110,4,ディープスカイ,鹿毛,7,51,7,1,15,  1059,   400, 0,   0.0,0,0426341213
260830,新潟,12,14,１勝ｸﾗｽ,ダ,1200,ラベンダーヘイズ,牡,3,小崎綾也,56.0,岩戸孝樹,美,田頭勇貴,中脇栄,パドトロワ,ラベンダーメモリー,23106162,4,ナカヤマフェスタ,鹿毛,8,11,10,14,15,   590,   400, 0,   0.0,0,0426341214
260830,新潟,12,15,１勝ｸﾗｽ,ダ,1200,ジェイエルライナー,牝,4,小林脩斗,56.0,青木孝文,美,橋元幸人,ナカノファーム,タワーオブロンドン,ホウライサンデー,22101819,4,サンデーサイレンス,鹿毛,8,8,6,9,15,    84,    80, 0,   0.0,0,0426341215
260830,中京,1, 1,未勝利*,芝,1400,ビップルーチェ,牝,2,永島まな,53.0,田島俊明,美,鈴木邦英,アフリートファーム,サトノダイヤモンド,オルトリンデ,24104028,4,ダンスインザダーク,鹿毛,1,3,9,9,10,     0,     0, 0,   0.0,0,0726340101
260830,中京,1, 2,未勝利*,芝,1400,ナポリ,牝,2,川端海翼,52.0,井上智史,栗,白井さゆり,白井牧場,ウインブライト,セシャルマン,24100505,4,ワークフォース,黒鹿,2,11,10,11,10,     0,     0, 0,   0.0,0,0726340102
260830,中京,1, 3,未勝利*,芝,1400,スピーディスピン,牝,2,田山旺佑,54.0,加藤公太,栗,岡田牧雄,パカパカファーム,アジアエクスプレス,インアスピン,24107310,4,モーリス,栗毛,3,2,4,10,10,   167,     0, 0,   0.0,0,0726340103
260830,中京,1, 4,未勝利*,芝,1400,コジアン,牡,2,吉村誠之,55.0,小椋研介,栗,TURFレーシング,船越伸也,フィエールマン,ラビットファレル,24101437,4,アグネスデジタル,鹿毛,4,3,6,6,10,     0,     0, 0,   0.0,0,0726340104
260830,中京,1, 5,未勝利*,芝,1400,コスモルミナ,牡,2,団野大成,55.0,宮地貴稔,栗,ブルースターズファーム,ブルースターズファーム,ベンバトル,ルミナスライン,24103655,4,マツリダゴッホ,鹿毛,5,3,3,4,10,   167,     0, 0,   0.0,0,0726340105
260830,中京,1, 6,未勝利*,芝,1400,ダイメイアゲイン,牡,2,川須栄彦,55.0,秋山真一,栗,宮本孝一,白井牧場,ダノンキングリー,デルマヒジリ,24100510,4,バゴ,黒鹿,6,3,7,7,10,     0,     0, 0,   0.0,0,0726340106
260830,中京,1, 7,未勝利*,芝,1400,ロンリーマン,牡,2,太宰啓介,55.0,荒川義之,栗,酒井孝敏,大林ファーム,カレンブラックヒル,ステラローザ,24102958,4,ロードカナロア,鹿毛,7,3,5,5,10,    59,     0, 0,   0.0,0,0726340107
260830,中京,1, 8,未勝利*,芝,1400,ヴィヴェローネ,牝,2,松山弘平,55.0,高野友和,栗,社台レースホース,社台コーポレーション白老ファーム,サートゥルナーリア,ヴァイブランス,24106976,4,Violence,青鹿,7,10,3,3,10,   200,     0, 0,   0.0,0,0726340108
260830,中京,1, 9,未勝利*,芝,1400,スターオブザイヤー,牝,2,松若風馬,55.0,井上智史,栗,岡田牧雄,岡田スタツド,アドマイヤマーズ,ラズールリッキー,24104182,4,スタチューオブリバティ,栗毛,8,3,5,2,10,   310,     0, 0,   0.0,0,0726340109
260830,中京,1,10,未勝利*,芝,1400,ヤマトデュノール,牡,2,森田誠也,52.0,安達昭夫,栗,サン,橋本牧場,マテラスカイ,ルリー,24104826,4,ゼンノロブロイ,栗毛,8,2,10,10,10,     0,     0, 0,   0.0,0,0726340110
260830,中京,2, 1,新馬,芝,1600,サトノボルテクス,牡,2,幸英明,55.0,中竹和也,栗,里見治,辻牧場,ルーラーシップ,トーコーユズキ,24101966,4,ディープインパクト,黒鹿,1,0,0,0,10,     0,     0, 0,   0.0,0,0726340201
260830,中京,2, 2,新馬,芝,1600,シーラーステート,牡,2,坂井瑠星,55.0,室井潔,美,ゴドルフィン,ダーレー・ジャパン・ファーム,シルバーステート,ナシーラー,24100676,4,Dubawi,鹿毛,2,0,0,0,10,     0,     0, 0,   0.0,0,0726340202
260830,中京,2, 3,新馬,芝,1600,ベラジオセブン,牡,2,国分恭介,55.0,小椋研介,栗,ベラジオレーシング,ハクレイファーム,モズアスコット,アージオン,24103504,4,ロードカナロア,栗毛,3,0,0,0,10,     0,     0, 0,   0.0,0,0726340203
260830,中京,2, 4,新馬,芝,1600,コスモクラウン,牡,2,松山弘平,55.0,北出成人,栗,ウエストヒルズ,フジワラフアーム,ロードカナロア,エーポス,24104927,4,ジャスタウェイ,鹿毛,4,0,0,0,10,     0,     0, 0,   0.0,0,0726340204
260830,中京,2, 5,新馬,芝,1600,シャトンダンス,牝,2,吉村誠之,55.0,東田明士,栗,サンデーレーシング,ノーザンファーム,モーリス,カトゥルスフェリス,24106253,4,ディープインパクト,鹿毛,5,0,0,0,10,     0,     0, 0,   0.0,0,0726340205
260830,中京,2, 6,新馬,芝,1600,ナイトインチュニス,牡,2,団野大成,55.0,野中賢二,栗,キーウエスト,吉田ファーム,サートゥルナーリア,キスオンザグリーン,24102887,4,オルフェーヴル,黒鹿,6,0,0,0,10,     0,     0, 0,   0.0,0,0726340206
260830,中京,2, 7,新馬,芝,1600,ラガッタレアーレ,牝,2,北村友一,55.0,秋山真一,栗,吉田勝己,ノーザンファーム,ルーラーシップ,クイーンズキトゥン,24106277,4,ディープインパクト,鹿毛,7,0,0,0,10,     0,     0, 0,   0.0,0,0726340207
260830,中京,2, 8,新馬,芝,1600,メイショウセイクウ,牡,2,松若風馬,55.0,荒川義之,栗,松本好隆,三嶋牧場,デクラレーションオブウォー,フェルトベルク,24102272,4,ブラックタイド,黒鹿,7,0,0,0,10,     0,     0, 0,   0.0,0,0726340208
260830,中京,2, 9,新馬,芝,1600,メイショウスパーク,牡,2,太宰啓介,55.0,飯田祐史,栗,松本好隆,高昭牧場,ダノンキングリー,モンテルース,24102590,4,アグネスデジタル,青鹿,8,0,0,0,10,     0,     0, 0,   0.0,0,0726340209
260830,中京,2,10,新馬,芝,1600,カフジポポー,牡,2,田山旺佑,54.0,森田直行,栗,加藤千豊,静内白井牧場,エフフォーリア,ムーンフライト,24104468,4,アドマイヤムーン,鹿毛,8,0,0,0,10,     0,     0, 0,   0.0,0,0726340210
260830,中京,3, 1,新馬,芝,2000,サイモンジェセル,牡,2,松山弘平,55.0,梅田智之,栗,澤田昭紀,社台ファーム,イスラボニータ,グレースオブナイル,24105837,4,タートルボウル,黒鹿,1,0,0,0,11,     0,     0, 0,   0.0,0,0726340301
260830,中京,3, 2,新馬,芝,2000,ブレイズフォート,牡,2,北村友一,55.0,高野友和,栗,キャロットファーム,ノーザンファーム,エピファネイア,プルメリアスター,24106576,4,ゼンノロブロイ,鹿毛,2,0,0,0,11,     0,     0, 0,   0.0,0,0726340302
260830,中京,3, 3,新馬,芝,2000,ジェントル,牡,2,団野大成,55.0,池添学,栗,海老塚勝也,新冠橋本牧場,ハービンジャー,シーズインクルーデッド,24103402,4,Include,鹿毛,3,0,0,0,11,     0,     0, 0,   0.0,0,0726340303
260830,中京,3, 4,新馬,芝,2000,ポカポカヨウキ,牡,2,松若風馬,55.0,東田明士,栗,小田切光,桑嶋峰雄,オルフェーヴル,イイコトバカリ,24104309,4,エンパイアメーカー,鹿毛,4,0,0,0,11,     0,     0, 0,   0.0,0,0726340304
260830,中京,3, 5,新馬,芝,2000,コルキス,牡,2,西村淳也,55.0,須貝尚介,栗,キャロットファーム,社台コーポレーション白老ファーム,シスキン,ココファンタジア,24107182,4,ステイゴールド,青鹿,5,0,0,0,11,     0,     0, 0,   0.0,0,0726340305
260830,中京,3, 6,新馬,芝,2000,アモロロプーロ,牡,2,永島まな,53.0,高橋康之,栗,福盛訓之,様似共栄牧場,ゴールドシップ,ジオパーククイーン,24101492,4,バトルプラン,芦毛,6,0,0,0,11,     0,     0, 0,   0.0,0,0726340306
260830,中京,3, 7,新馬,芝,2000,ゴーイントゥノヴァ,牝,2,坂井瑠星,55.0,新谷功一,栗,柳田悠岐,千代田牧場,キタサンブラック,ゴーイントゥザウィンドウ,24104681,4,Tapit,鹿毛,6,0,0,0,11,     0,     0, 0,   0.0,0,0726340307
260830,中京,3, 8,新馬,芝,2000,エーテルワーム,牡,2,吉村誠之,55.0,杉山晴紀,栗,迫田三果子,チャンピオンズファーム,コントレイル,コンセッションズ,24100731,4,ダイワメジャー,青鹿,7,0,0,0,11,     0,     0, 0,   0.0,0,0726340308
260830,中京,3, 9,新馬,芝,2000,ロードフローリス,牡,2,田口貫太,55.0,小椋研介,栗,ロードホースクラブ,オリオンファーム,ダノンバラード,フロルセレジェイラ,24100208,4,ロードカナロア,鹿毛,7,0,0,0,11,     0,     0, 0,   0.0,0,0726340309
260830,中京,3,10,新馬,芝,2000,ルクスアルカード,牡,2,富田暁,55.0,上村洋行,栗,ルクス,静内山田牧場,キズナ,カシシ,24104510,4,ジャングルポケット,鹿毛,8,0,0,0,11,     0,     0, 0,   0.0,0,0726340310
260830,中京,3,11,新馬,芝,2000,ワンダーラヴグッド,牝,2,酒井学,55.0,羽月友彦,栗,山本能行,三石川上牧場,ゴールドシップ,レッドペルーシュ,24105615,4,スピルバーグ,芦毛,8,0,0,0,11,     0,     0, 0,   0.0,0,0726340311
260830,中京,4, 1,未勝利,ダ,1400,キングズテイル,牡,3,松山弘平,57.0,岡田稲男,栗,インゼルレーシング,桑田牧場,リオンディーズ,スマートオランプ,23105124,4,キングズベスト,鹿毛,1,2,5,4,16,   933,     0, 0,   0.0,0,0726340401
260830,中京,4, 2,未勝利,ダ,1400,プペアンビスキュイ,牝,3,坂井瑠星,55.0,茶木太樹,栗,吉田勝己,ノーザンファーム,インディチャンプ,ヴィンテージドール,23106906,4,ホワイトマズル,鹿毛,1,10,6,7,16,     0,     0, 0,   0.0,0,0726340402
260830,中京,4, 3,未勝利,ダ,1400,オーロラボレアリス,牝,3,北村友一,55.0,吉岡辰弥,栗,社台レースホース,社台ファーム,コントレイル,エスキモーキセス,23103348,4,"To Honor and Serve",青鹿,2,3,4,5,16,   429,     0, 0,   0.0,0,0726340403
260830,中京,4, 4,未勝利,ダ,1400,カツラコマチ,牝,3,国分恭介,55.0,吉村圭司,栗,山田有暉朗,千代田牧場,ルヴァンスレーヴ,フリーダムライター,23102934,4,ハーツクライ,芦毛,2,5,14,8,16,     0,     0, 0,   0.0,0,0726340404
260830,中京,4, 5,未勝利,ダ,1400,ハツアカネ,牝,3,松若風馬,55.0,小崎憲,栗,インゼルレーシング,社台ファーム,ニューイヤーズデイ,アンバーミニー,23103323,4,ダイワメジャー,黒鹿,3,6,11,10,16,    98,     0, 0,   0.0,0,0726340405
260830,中京,4, 6,未勝利,ダ,1400,グランブリーゼ,牝,3,加藤祥太,55.0,庄野靖志,栗,間宮秀直,カナイシスタッド,マジェスティックウォリアー,グランシェリー,23101989,4,アルデバラン2,芦毛,3,5,15,13,16,     0,     0, 0,   0.0,0,0726340406
260830,中京,4, 7,未勝利,ダ,1400,セッシュウ,牡,3,団野大成,57.0,石橋守,栗,サミットレーシング,室田千秋,アドマイヤムーン,レディマハロ,23102255,4,フォーティナイナー,栗毛,4,2,3,2,16,  1020,     0, 0,   0.0,0,0726340407
260830,中京,4, 8,未勝利,ダ,1400,メイショウヒタカミ,牡,3,角田大和,57.0,石橋守,栗,松本好隆,三嶋牧場,フィエールマン,メイショウラッシュ,23102245,4,ケイムホーム,鹿毛,4,3,6,5,16,   498,     0, 0,   0.0,0,0726340408
260830,中京,4, 9,未勝利,ダ,1400,デュードロップ,牝,3,永島まな,53.0,平田修,栗,シルクレーシング,ノーザンファーム,リオンディーズ,ディーコンセンテス,23107123,4,ディープインパクト,鹿毛,5,8,9,14,16,     0,     0, 0,   0.0,0,0726340409
260830,中京,4,10,未勝利,ダ,1400,ラッキーヴォーグ,牡,3,西村淳也,57.0,牧田和弥,栗,ロイヤルパーク,柏木一則,タリスマニック,サンタレジーナ,23105657,4,タニノギムレット,黒鹿,5,7,6,6,16,   176,     0, 0,   0.0,0,0726340410
260830,中京,4,11,未勝利,ダ,1400,メイショウドキョウ,セ,3,富田暁,57.0,笹田和秀,栗,松本好隆,三嶋牧場,ミッキーアイル,メイショウツレヅレ,23102244,4,サウスヴィグラス,青鹿,6,5,14,14,16,     0,     0, 0,   0.0,0,0726340411
260830,中京,4,12,未勝利,ダ,1400,サウンドヴィヴァン,牡,3,森田誠也,54.0,斉藤崇史,栗,増田雄一,飛渡牧場,シルバーステート,ヴィリエルバクル,23104249,4,"Sea The Stars",鹿毛,6,8,11,13,16,     0,     0, 0,   0.0,0,0726340412
260830,中京,4,13,未勝利,ダ,1400,サカトクフェイス,牡,3,長岡禎仁,57.0,今野貞一,栗,STレーシング,吉田ファーム,ダノンスマッシュ,マナブフェイス,23101898,4,ブラックタイド,黒鹿,7,6,12,10,16,     0,     0, 0,   0.0,0,0726340413
260830,中京,4,14,未勝利,ダ,1400,ウェンロック,牡,3,田山旺佑,56.0,藤岡健一,栗,ゴドルフィン,ダーレー・ジャパン・ファーム,アメリカンペイトリオット,サマリーズ,23101121,4,"Hard Spun",鹿毛,7,0,0,0,16,     0,     0, 0,   0.0,0,0726340414
260830,中京,4,15,未勝利,ダ,1400,サンロンブル,牡,3,Ｍ．デム,57.0,柴田卓,栗,ラ・メール,松浦牧場,エピカリス,リンガスウーノ,23106724,4,サウスヴィグラス,栗毛,8,6,5,5,16,     0,     0, 0,   0.0,0,0726340415
260830,中京,4,16,未勝利,ダ,1400,メイショウケンゴウ,牡,3,太宰啓介,57.0,高橋亮,栗,松本好隆,大島牧場,フィエールマン,サンヴィセンテ,23105091,4,ジャスタウェイ,鹿毛,8,5,13,7,16,     0,     0, 0,   0.0,0,0726340416
260830,中京,5, 1,１勝ｸﾗｽ,ダ,1800,マジックブルー,牡,5,太宰啓介,58.0,荒川義之,栗,広尾レース,木村秀則,マジェスティックウォリアー,エンパイアブルー,21103682,4,エンパイアメーカー,鹿毛,1,41,8,13,13,  1095,   400, 0,   0.0,0,0726340501
260830,中京,5, 2,１勝ｸﾗｽ,ダ,1800,スコーピオンイメル,牡,4,高倉稜,58.0,武英智,栗,ケーエスHD,前谷牧場,ホッコータルマエ,ダーリングバード,22104496,4,Birdstone,鹿毛,2,36,8,3,13,  1797,   400, 0,   0.0,0,0726340502
260830,中京,5, 3,１勝ｸﾗｽ,ダ,1800,ブームバップビート,牡,3,坂井瑠星,55.0,中内田充,栗,藤田晋,"Alpha Delta Stables LLC","Into Mischief","Point of Honor",23110070,4,Curlin,鹿毛,3,4,4,3,13,  1202,   400, 0,   0.0,0,0726340503
260830,中京,5, 4,１勝ｸﾗｽ,ダ,1800,クラックショット,牡,3,北村友一,55.0,清水久詞,栗,キャロットファーム,浜本牧場,アドマイヤマーズ,スウィートショット,23106172,4,"Trappe Shot",栗毛,4,40,2,1,13,   560,   400, 0,   0.0,0,0726340504
260830,中京,5, 5,１勝ｸﾗｽ,ダ,1800,タリスマン,牡,5,伊藤工真,58.0,金成貴史,美,リトルブルーファーム,リトルブルーファーム,タリスマニック,クロエチャン,21104618,4,スパイキュール,黒鹿,4,2,15,3,13,  1122,   400, 0,   0.0,0,0726340505
260830,中京,5, 6,１勝ｸﾗｽ,ダ,1800,オーレアミスト,セ,4,幸英明,58.0,井上智史,栗,インゼルレーシング,ノーザンファーム,ゴールドドリーム,ジンジャーミスト,22104841,4,Bernardini,黒鹿,5,2,13,6,13,  1360,   400, 0,   0.0,0,0726340506
260830,中京,5, 7,１勝ｸﾗｽ,ダ,1800,トワイライトサイト,牡,3,菱田裕二,55.0,嘉藤貴行,美,ライオンレースホース,三嶋牧場,シニスターミニスター,ポートナイトサイト,23102235,4,ダノンシャンティ,栗毛,5,6,13,10,13,   750,   400, 0,   0.0,0,0726340507
260830,中京,5, 8,１勝ｸﾗｽ,ダ,1800,ビービーバザーク,牡,4,西村淳也,58.0,武幸四郎,栗,坂東牧場,坂東牧場,シニスターミニスター,カリビアンロマンス,22102397,4,コマンズ,黒鹿,6,2,5,5,13,  2024,     0, 0,   0.0,0,0726340508
260830,中京,5, 9,１勝ｸﾗｽ,ダ,1800,メイショウマドロス,牡,5,団野大成,58.0,石橋守,栗,松本好隆,太陽牧場,カリフォルニアクローム,メイショウデイム,21102835,4,マンハッタンカフェ,鹿毛,6,2,3,7,13,   667,   400, 0,   0.0,0,0726340509
260830,中京,5,10,１勝ｸﾗｽ,ダ,1800,アトモス,牡,3,角田大和,55.0,角田晃一,栗,寺田寿男,下屋敷牧場,キタサンブラック,コミカル,23100145,4,"Into Mischief",黒鹿,7,42,2,1,13,   770,   400, 0,   0.0,0,0726340510
260830,中京,5,11,１勝ｸﾗｽ,ダ,1800,ステイクオール,セ,4,富田暁,58.0,上村洋行,栗,キャロットファーム,社台コーポレーション白老ファーム,ナダル,ボールドアテンプト,22105848,4,ゴールドアリュール,鹿毛,7,5,6,4,13,  1330,   400, 0,   0.0,0,0726340511
260830,中京,5,12,１勝ｸﾗｽ,ダ,1800,ルシタニア,セ,4,森田誠也,55.0,武幸四郎,栗,フィールドレーシング,ノーザンファーム,レイデオロ,イスパニダ,22104640,4,"Pure Prize",鹿毛,8,2,14,10,13,   942,   400, 0,   0.0,0,0726340512
260830,中京,5,13,１勝ｸﾗｽ,ダ,1800,シンギタイ,セ,4,田口貫太,58.0,庄野靖志,栗,程田真司,吉田ファーム,スワーヴリチャード,クーレクー,22100458,4,ヘニーヒューズ,栗毛,8,3,10,15,13,   280,   400, 0,   0.0,0,0726340513
260830,中京,6, 1,白川郷Ｈ･3勝,ダ,1900,サンセットブライト,牝,5,秋山稔樹,52.0,相沢郁,美,神田紘爾,金成吉田牧場,ホッコータルマエ,デルマオサキ,21102753,4,ネオユニヴァース,黒鹿,1,4,12,8,16,  3989,  1500, 0,   0.0,0,0726340601
260830,中京,6, 2,白川郷Ｈ･3勝,ダ,1900,ペンナヴェローチェ,牡,5,北村友一,57.0,須貝尚介,栗,"TO RACING",千代田牧場,キズナ,エンパイアブレイク,21104092,4,エンパイアメーカー,鹿毛,1,4,1,5,16, 11530,  1500, 0,   0.0,0,0726340602
260830,中京,6, 3,白川郷Ｈ･3勝,ダ,1900,ダンツシタン,牡,3,太宰啓介,54.0,本田優,栗,山元哲二,川越ファーム,パイロ,マリスレーン,23104848,4,ストリートセンス,青鹿,2,5,1,1,16,  4185,  1500, 0,   0.0,0,0726340603
260830,中京,6, 4,白川郷Ｈ･3勝,ダ,1900,ビップスコーピオン,牡,6,Ｍ．デム,55.0,田島俊明,美,鈴木邦英,ノーザンファーム,サトノクラウン,アソルータ,20103199,4,ゼンノロブロイ,鹿毛,2,14,15,7,16,  7621,  1500, 0,   0.0,0,0726340604
260830,中京,6, 5,白川郷Ｈ･3勝,ダ,1900,シャルクハフト,牡,4,吉村誠之,54.0,清水久詞,栗,林正道,ノーザンファーム,リアルスティール,クィーンズベスト,22104745,4,ワークフォース,鹿毛,3,10,18,17,16,  4621,  1500, 0,   0.0,0,0726340605
260830,中京,6, 6,白川郷Ｈ･3勝,ダ,1900,ビービークローサー,牡,3,坂井瑠星,55.0,野中賢二,栗,坂東牧場,坂東牧場,グレーターロンドン,ハッピーベリンダ,23100547,4,アグネスデジタル,鹿毛,3,4,1,1,16,  4940,  1500, 0,   0.0,0,0726340606
260830,中京,6, 7,白川郷Ｈ･3勝,ダ,1900,タイセイカイザー,牡,4,団野大成,55.0,奥村豊,栗,田中成奉,谷川牧場,アジアエクスプレス,ヴァローア,22102882,4,エンパイアメーカー,鹿毛,4,13,1,1,16,  3620,  1500, 0,   0.0,0,0726340607
260830,中京,6, 8,白川郷Ｈ･3勝,ダ,1900,インザモーメント,セ,5,田山旺佑,56.0,田中克典,栗,前田幸大,ノースヒルズ,キズナ,ディルガ,21106635,4,Curlin,黒鹿,4,3,6,4,16,  5730,  1500, 0,   0.0,0,0726340608
260830,中京,6, 9,白川郷Ｈ･3勝,ダ,1900,リューデスハイム,牡,5,西村淳也,55.0,牧田和弥,栗,キャロットファーム,ノーザンファーム,ニューイヤーズデイ,グリューヴァイン,21105508,4,ゴールドアリュール,鹿毛,5,37,6,2,16,  5373,  1500, 0,   0.0,0,0726340609
260830,中京,6,10,白川郷Ｈ･3勝,ダ,1900,インジケーター,牡,5,酒井学,53.0,高橋康之,栗,会田浩史,岡田牧場,"Liam's Map",アイスクリームサイレンス,21103574,4,"Street Sense",芦毛,5,10,16,16,16,  2242,  1220, 0,   0.0,0,0726340610
260830,中京,6,11,白川郷Ｈ･3勝,ダ,1900,フームスムート,牡,9,菱田裕二,53.0,水野貴広,美,ディアレストクラブ,ディアレストクラブ,トゥザグローリー,ディアジーローズ,17104238,4,ワイルドラッシュ,黒鹿,6,4,13,13,16, 11233,  1500, 0,   0.0,0,0726340611
260830,中京,6,12,白川郷Ｈ･3勝,ダ,1900,クァンタムウェーブ,牡,4,幸英明,56.0,松永幹夫,栗,キャロットファーム,田端牧場,ナダル,クァンタムミス,22106395,4,"Smoke Glacken",芦毛,6,3,3,6,16,  2070,  1320, 0,   0.0,0,0726340612
260830,中京,6,13,白川郷Ｈ･3勝,ダ,1900,メイショウシナノ,牡,6,田口貫太,56.0,大橋勇樹,栗,松本好隆,辻牧場,サトノダイヤモンド,アルボナンザ,20106635,4,キングカメハメハ,鹿毛,7,3,5,3,16,  6829,  1500, 0,   0.0,0,0726340613
260830,中京,6,14,白川郷Ｈ･3勝,ダ,1900,レヴァンテシチー,牡,4,松山弘平,55.0,柴田卓,栗,友駿ホースクラブ,野坂牧場,ルヴァンスレーヴ,ビヴァレッジクイーン,22104267,4,"Indygo Shiner",鹿毛,7,6,1,5,16,  4463,  1500, 0,   0.0,0,0726340614
260830,中京,6,15,白川郷Ｈ･3勝,ダ,1900,キーチパルフェ,牡,5,松若風馬,56.0,高柳大輔,栗,山本益臣,グランド牧場,ドゥラメンテ,スプリングサンダー,21103727,4,クロフネ,鹿毛,8,40,3,3,16,  3790,  1500, 0,   0.0,0,0726340615
260830,中京,6,16,白川郷Ｈ･3勝,ダ,1900,ゴッドエスパーダ,牡,4,角田大和,55.0,角田晃一,栗,中西憲治,協和牧場,レイデオロ,キョウワゼノビア,22106186,4,ハーツクライ,黒鹿,8,13,1,1,16,  5548,  1500, 0,   0.0,0,0726340616
260830,中京,7, 1,中京２歳G3,芝,1400,ピコキング,牡,2,田口貫太,55.0,森秀行,栗,ビジュピコ,"Equus Farm",Nashville,"Miss Vigilance",24108326,4,"War Pass",黒鹿,1,2,3,7,9,     0,     0, 0,   0.0,0,0726340701
260830,中京,7, 2,中京２歳G3,芝,1400,バクソウシャチョウ,牡,2,松若風馬,55.0,森秀行,栗,ミキハウスHKサービス,"Don Alberto Corporation",Charlatan,"Wind and Hope",24108273,4,Tapit,栗毛,2,2,3,2,9,   480,     0, 0,   0.0,0,0726340702
260830,中京,7, 3,中京２歳G3,芝,1400,サンタンジェロ,牝,2,西村淳也,55.0,須貝尚介,栗,サンデーレーシング,ノーザンファーム,エピファネイア,モアナアネラ,24106654,4,キングカメハメハ,鹿毛,3,5,4,1,9,   590,   400, 0,   0.0,0,0726340703
260830,中京,7, 4,中京２歳G3,芝,1400,シスキンブルーム,牝,2,団野大成,55.0,斉藤崇史,栗,ホシノレーシング,ノーザンファーム,シスキン,ボンジュールココロ,24106603,4,リンカーン,鹿毛,4,9,1,1,9,   900,   400, 0,   0.0,0,0726340704
260830,中京,7, 5,中京２歳G3,芝,1400,マルモリムソウ,牡,2,泉谷楓真,55.0,大橋勇樹,栗,山下繁美,金石牧場,ビッグアーサー,オリーブジュエル,24101644,4,ディープインパクト,鹿毛,5,7,3,1,9,   780,   400, 0,   0.0,0,0726340705
260830,中京,7, 6,中京２歳G3,芝,1400,ジャスパートレノ,牡,2,中井裕二,55.0,森秀行,栗,加藤和夫,"Brandywine Farm (Jim & Pam Robinson)",Mitole,Yako,24108325,4,Mineshaft,芦毛,6,3,1,1,9,   780,   400, 0,   0.0,0,0726340706
260830,中京,7, 7,中京２歳G3,芝,1400,ビスケットサンド,牝,2,北村友一,55.0,佐藤悠太,栗,保坂和孝,ノーザンファーム,マインドユアビスケッツ,ガルデルスリール,24106262,4,ダイワメジャー,鹿毛,7,12,4,1,9,   780,   400, 0,   0.0,0,0726340707
260830,中京,7, 8,中京２歳G3,芝,1400,ピコジャック,牡,2,吉村誠之,55.0,森秀行,栗,ビジュピコ,"Bakster Farms","Jack Christopher","Girl With a Dream",24108327,4,"Practical Joke",栗毛,8,2,3,8,9,     0,     0, 0,   0.0,0,0726340708
260830,中京,7, 9,中京２歳G3,芝,1400,ジーティーマイカ,牝,2,松山弘平,55.0,前川恭子,栗,田畑利彦,レイクヴィラファーム,シスキン,ベルカプリ,24107165,4,ダイワメジャー,黒鹿,8,9,1,1,9,   780,   400, 0,   0.0,0,0726340709
260830,中京,8, 1,熊野特別･2勝,芝,2200,ブレットパス,牡,3,吉村誠之,55.0,中内田充,栗,キャロットファーム,ノーザンファーム,アルアイン,パッシングスルー,23107157,4,ルーラーシップ,鹿毛,1,11,1,2,15,  3550,   900, 0,   0.0,0,0726340801
260830,中京,8, 2,熊野特別･2勝,芝,2200,サガルマータ,牡,3,松山弘平,55.0,福永祐一,栗,前田幸治,ノーザンファーム,コントレイル,コンヴィクション2,23105286,4,"City Banker",青鹿,2,10,1,1,15,  1600,   900, 0,   0.0,0,0726340802
260830,中京,8, 3,熊野特別･2勝,芝,2200,ノチェセラーダ,牡,3,西村淳也,55.0,杉山佳明,栗,サンデーレーシング,ノーザンファーム,ドレフォン,ノチェブランカ,23107143,4,ディープインパクト,芦毛,2,11,2,6,15,  3200,   900, 0,   0.0,0,0726340803
260830,中京,8, 4,熊野特別･2勝,芝,2200,ショウナンハウル,セ,5,富田暁,58.0,松下武士,栗,国本哲秀,ノーザンファーム,レイデオロ,リンフォルツァンド,21105867,4,ディープインパクト,鹿毛,3,3,7,7,15,  2942,   900, 0,   0.0,0,0726340804
260830,中京,8, 5,熊野特別･2勝,芝,2200,ソルパッサーレ,牝,3,団野大成,53.0,四位洋文,栗,TNレーシング,タイヘイ牧場,キズナ,ベアフットレディ,23102806,4,Footstepsinthesand,鹿毛,3,14,15,13,15,  1890,   900, 0,   0.0,0,0726340805
260830,中京,8, 6,熊野特別･2勝,芝,2200,ニュークレド,牡,4,松若風馬,58.0,石坂公一,栗,東豊物産,竹島幸治,ブリックスアンドモルタル,トーホウアルテミス,22101601,4,ハーツクライ,黒鹿,4,9,3,4,15,  3621,   900, 0,   0.0,0,0726340806
260830,中京,8, 7,熊野特別･2勝,芝,2200,カフジエメンタール,牡,3,坂井瑠星,55.0,矢作芳人,栗,加藤千豊,レイクヴィラファーム,ポエティックフレア,パンデリング,23103899,4,キングカメハメハ,鹿毛,4,12,1,1,15,  3750,  1000, 0,   0.0,0,0726340807
260830,中京,8, 8,熊野特別･2勝,芝,2200,ヤマニンループ,牡,7,太宰啓介,58.0,松永幹夫,栗,土井肇,錦岡牧場,ディープインパクト,ヤマニンプードレ,19100606,4,チチカステナンゴ,鹿毛,5,3,5,6,15,  5328,   900, 0,   0.0,0,0726340808
260830,中京,8, 9,熊野特別･2勝,芝,2200,ジェットブレード,牡,4,田口貫太,58.0,青木孝文,美,岡田牧雄,岡田スタツド,ビーチパトロール,ジュリーハーツ,22103522,4,ハーツクライ,黒鹿,5,6,7,10,15,  3694,   900, 0,   0.0,0,0726340809
260830,中京,8,10,熊野特別･2勝,芝,2200,シャドウマスター,牡,3,北村友一,55.0,杉山晴紀,栗,飯塚知一,社台ファーム,キタサンブラック,シャドウマリア,23103423,4,ヴィクトワールピサ,鹿毛,6,43,2,1,15,  1972,   900, 0,   0.0,0,0726340810
260830,中京,8,11,熊野特別･2勝,芝,2200,ビップチェイス,牡,5,菱田裕二,58.0,田島俊明,美,鈴木邦英,ノーザンファーム,アルアイン,ベッラレイア,21105763,4,ナリタトップロード,鹿毛,6,2,12,6,15,  2552,   900, 0,   0.0,0,0726340811
260830,中京,8,12,熊野特別･2勝,芝,2200,スイートオレンジ,牝,4,秋山稔樹,56.0,中川公成,美,岡田牧雄,岡田スタツド,ゴールドシップ,ヴィーナスベルト,22103494,4,コンデュイット,芦毛,7,4,3,1,15,  3004,   900, 0,   0.0,0,0726340812
260830,中京,8,13,熊野特別･2勝,芝,2200,オルトパラティウム,牡,5,田山旺佑,58.0,金成貴史,美,社台レースホース,社台ファーム,エピファネイア,ザレマ,21105056,4,ダンスインザダーク,栗毛,7,7,6,3,15,  3820,   900, 0,   0.0,0,0726340813
260830,中京,8,14,熊野特別･2勝,芝,2200,ジュンライデン,牡,4,Ｍ．デム,58.0,友道康夫,栗,河合純二,ノーザンファーム,レイデオロ,チェリーコレクト,22104899,4,Oratorio,鹿毛,8,2,6,1,15,  2682,   900, 0,   0.0,0,0726340814
260830,中京,8,15,熊野特別･2勝,芝,2200,メイショウナルカミ,牡,3,幸英明,55.0,安達昭夫,栗,松本好隆,橋本牧場,ゴールドシップ,メイショウルミナス,23106560,4,アイルハヴアナザー,芦毛,8,4,3,1,15,  2420,   900, 0,   0.0,0,0726340815
260830,中京,9, 1,未勝利・牝,ダ,1800,ベリベリハッピー,牝,3,国分恭介,55.0,渡辺薫彦,栗,小島將之,ハシモトフアーム,パイロ,ヴェイルドクリス,23104441,4,シンボリクリスエス,黒鹿,1,4,6,4,15,     0,     0, 0,   0.0,0,0726340901
260830,中京,9, 2,未勝利・牝,ダ,1800,スプレンドーレ,牝,3,国分優作,55.0,矢作芳人,栗,STレーシング,ノーザンファーム,サトノダイヤモンド,ヴィクトリアピース,23106897,4,ヴィクトワールピサ,鹿毛,2,1,11,12,15,     0,     0, 0,   0.0,0,0726340902
260830,中京,9, 3,未勝利・牝,ダ,1800,キミガスキダ,牝,3,吉村誠之,55.0,牧田和弥,栗,サンライズ,天羽牧場,ドレフォン,セシリア,23100605,4,アグネスタキオン,鹿毛,2,2,7,3,15,   380,     0, 0,   0.0,0,0726340903
260830,中京,9, 4,未勝利・牝,ダ,1800,オーブフレッシュ,牝,3,長岡禎仁,55.0,辻野泰之,栗,平井裕,白井牧場,スワーヴリチャード,サラトガ,23100990,4,クロフネ,芦毛,3,3,7,11,15,   310,     0, 0,   0.0,0,0726340904
260830,中京,9, 5,未勝利・牝,ダ,1800,タマモパルファン,牝,3,柴田裕一,53.0,角田晃一,栗,タマモ,対馬正,サンダースノー,タマモイヤリング,23104230,4,ブラックタイド,鹿毛,3,2,9,10,15,     0,     0, 0,   0.0,0,0726340905
260830,中京,9, 6,未勝利・牝,ダ,1800,タガノアルテミス,牝,3,松山弘平,55.0,西園翔太,栗,八木良司,新冠タガノファーム,サンダースノー,バーンアウル,23104329,4,コマンズ,黒鹿,4,4,8,3,15,   449,     0, 0,   0.0,0,0726340906
260830,中京,9, 7,未勝利・牝,ダ,1800,ダノンプレリュード,牝,3,角田大和,55.0,坂口智康,栗,ダノックス,ノーザンファーム,キタサンブラック,マハゴニー,23107239,4,"Storm Embrujado",黒鹿,4,9,12,13,15,    84,     0, 0,   0.0,0,0726340907
260830,中京,9, 8,未勝利・牝,ダ,1800,アンヌグロース,牝,3,永島まな,53.0,松下武士,栗,東野隼士,社台ファーム,ニューイヤーズデイ,ナチュラルスタンス,23105244,4,フジキセキ,鹿毛,5,0,0,0,15,     0,     0, 0,   0.0,0,0726340908
260830,中京,9, 9,未勝利・牝,ダ,1800,スマイルガーデン,牝,3,西村淳也,55.0,西村真幸,栗,吉田勝己,ノーザンファーム,ナダル,スマイルシャワー,23107077,4,シンボリクリスエス,鹿毛,5,6,6,12,15,   430,     0, 0,   0.0,0,0726340909
260830,中京,9,10,未勝利・牝,ダ,1800,アキノビューティー,牝,3,鮫島良太,55.0,河嶋宏樹,栗,徳山彰俊,土居牧場,ゴールドドリーム,ジョーゲルダ,23100233,4,オペラハウス,鹿毛,6,2,2,2,15,   717,     0, 0,   0.0,0,0726340910
260830,中京,9,11,未勝利・牝,ダ,1800,スマートエトワール,牝,3,川端海翼,52.0,辻野泰之,栗,大川徹,杵臼牧場,ドレフォン,スマートランウェイ,23106004,4,ディープインパクト,芦毛,6,4,9,8,15,     0,     0, 0,   0.0,0,0726340911
260830,中京,9,12,未勝利・牝,ダ,1800,ローズラフィネ,牝,3,坂井瑠星,55.0,友道康夫,栗,平井裕,白井牧場,エピファネイア,ニーナドレス,23100998,4,ハーツクライ,青鹿,7,3,4,3,15,   450,     0, 0,   0.0,0,0726340912
260830,中京,9,13,未勝利・牝,ダ,1800,バトルセレーネ,牝,3,田口貫太,55.0,吉村圭司,栗,小林英一ホールディングス,出口牧場,ベンバトル,シスターフラッグ,23101198,4,ルーラーシップ,鹿毛,7,10,15,13,15,     0,     0, 0,   0.0,0,0726340913
260830,中京,9,14,未勝利・牝,ダ,1800,レウコテア,牝,3,富田暁,55.0,西園翔太,栗,G1レーシング,社台コーポレーション白老ファーム,ゴールドシップ,スアデラ,23103787,4,ゴールドアリュール,芦毛,8,12,8,6,15,   160,     0, 0,   0.0,0,0726340914
260830,中京,9,15,未勝利・牝,ダ,1800,ラミアスペランツァ,牝,3,北村友一,55.0,宮地貴稔,栗,シルクレーシング,社台コーポレーション白老ファーム,キタサンブラック,アンティフォナ,23106794,4,Songandaprayer,鹿毛,8,4,4,11,15,   239,     0, 0,   0.0,0,0726340915
260830,中京,10, 1,１勝ｸﾗｽ,芝,2000,リアルセンター,牝,5,団野大成,56.0,千葉直人,美,岡田牧雄,岡田スタツド,ゴールドシップ,ヌーナ,21103518,4,Congrats,芦毛,1,5,11,6,10,   725,   400, 0,   0.0,0,0726341001
260830,中京,10, 2,１勝ｸﾗｽ,芝,2000,エテルノレガーメ,牡,4,富田暁,58.0,野中賢二,栗,グリーンファーム,社台ファーム,キズナ,マゲバ,22107185,4,"Wootton Bassett",青鹿,2,37,1,9,10,   752,   400, 0,   0.0,0,0726341002
260830,中京,10, 3,１勝ｸﾗｽ,芝,2000,サイモンノーブル,牡,4,森田誠也,55.0,梅田智之,栗,澤田昭紀,社台コーポレーション白老ファーム,ハービンジャー,タンタグローリア,22105814,4,ディープインパクト,鹿毛,3,5,2,1,10,   364,   170, 0,   0.0,0,0726341003
260830,中京,10, 4,１勝ｸﾗｽ,芝,2000,バーバラップ,牡,3,田山旺佑,54.0,小崎憲,栗,キヨタケ牧場,岡田牧場,ルーラーシップ,バーバラ,23102471,4,ディープインパクト,黒鹿,4,1,10,7,10,     0,     0, 0,   0.0,0,0726341004
260830,中京,10, 5,１勝ｸﾗｽ,芝,2000,バークシャーシチー,牡,3,松若風馬,55.0,牧田和弥,栗,友駿ホースクラブ,下河辺牧場,モズアスコット,マートンパーク,23100967,4,フレンチデピュティ,鹿毛,5,13,8,8,10,   750,   400, 0,   0.0,0,0726341005
260830,中京,10, 6,１勝ｸﾗｽ,芝,2000,レッドヴァリアート,牡,4,西村淳也,58.0,加藤公太,栗,東京ホースレーシング,社台ファーム,ルーラーシップ,ガールズバンド,22105290,4,ディープインパクト,鹿毛,6,4,2,4,10,  1958,   400, 0,   0.0,0,0726341006
260830,中京,10, 7,１勝ｸﾗｽ,芝,2000,シュエットアムール,牝,4,角田大和,56.0,加藤和宏,美,ノルマンディーサラブレッドレーシング,岡田スタツド,ゴールドシップ,シュエットヌーベル,22103517,4,スマートファルコン,栗毛,7,6,11,6,10,    56,     0, 0,   0.0,0,0726341007
260830,中京,10, 8,１勝ｸﾗｽ,芝,2000,ゼンノインヴォーク,セ,7,幸英明,58.0,緒方努,栗,大迫久美子,村上欽哉,シルバーステート,ヴォワルドール,19100915,4,ハービンジャー,鹿毛,7,3,3,3,10,  7545,   400, 0,   0.0,0,0726341008
260830,中京,10, 9,１勝ｸﾗｽ,芝,2000,ロードメルヴェイユ,牡,3,吉村誠之,55.0,長谷川浩,栗,ロードホースクラブ,ケイアイファーム,ロードカナロア,メイズオブオナー,23105822,4,ハーツクライ,鹿毛,8,36,2,1,10,   754,   400, 0,   0.0,0,0726341009
260830,中京,10,10,１勝ｸﾗｽ,芝,2000,ロードスタニング,牡,3,坂井瑠星,55.0,杉山晴紀,栗,ロードホースクラブ,ケイアイファーム,コントレイル,エンジェルフェイス,23105793,4,キングカメハメハ,青鹿,8,10,3,10,10,  1090,   400, 0,   0.0,0,0726341010
260830,中京,11, 1,未勝利,芝,1400,プリモマーレ,牝,3,中井裕二,55.0,中内田充,栗,シルクレーシング,ノーザンファーム,ロードカナロア,プリモシーン,23107208,4,ディープインパクト,黒鹿,1,0,0,0,18,     0,     0, 0,   0.0,0,0726341101
260830,中京,11, 2,未勝利,芝,1400,トウカイジーク,牡,3,菱田裕二,57.0,野中賢二,栗,内村正則,びらとり牧場,マクフィ,トウカイセンス,23100555,4,ハーツクライ,鹿毛,1,2,4,2,18,   380,     0, 0,   0.0,0,0726341102
260830,中京,11, 3,未勝利,芝,1400,シャンデリュイーズ,牝,3,富田暁,55.0,小栗実,栗,社台レースホース,社台ファーム,ダノンキングリー,エマソング,23103353,4,"Unbridled's Song",黒鹿,2,7,6,10,18,   638,     0, 0,   0.0,0,0726341103
260830,中京,11, 4,未勝利,芝,1400,メイショウトライオ,牝,3,太宰啓介,55.0,石橋守,栗,松本好隆,庄野牧場,リオンディーズ,メトカルフィア,23100979,4,タートルボウル,黒鹿,2,0,0,0,18,     0,     0, 0,   0.0,0,0726341104
260830,中京,11, 5,未勝利,芝,1400,バルフルール,牝,3,角田大和,55.0,長谷川浩,栗,キャロットファーム,ノーザンファーム,"Saxon Warrior",ヴォーセル,23106909,4,"Le Havre",栗毛,3,3,12,3,18,   150,     0, 0,   0.0,0,0726341105
260830,中京,11, 6,未勝利,芝,1400,ルーセントムーン,牡,3,森田誠也,54.0,高橋一哉,栗,村島聡乃,"M STABLE",インディチャンプ,サンドグロース,23100690,4,"Mr. Greeley",青鹿,3,6,15,7,18,     0,     0, 0,   0.0,0,0726341106
260830,中京,11, 7,未勝利,芝,1400,ハピネスサンライズ,牝,3,松山弘平,55.0,東田明士,栗,ライフハウス,下河辺牧場,ダノンスマッシュ,オークヴィル,23100910,4,タニノギムレット,鹿毛,4,2,7,4,18,   570,     0, 0,   0.0,0,0726341107
260830,中京,11, 8,未勝利,芝,1400,スイートポメロ,牝,3,川須栄彦,55.0,森田直行,栗,河原義宏,ディアレストクラブ,ダノンプレミアム,エレスチャル,23102133,4,ショウナンカンプ,黒鹿,4,1,8,3,18,   586,     0, 0,   0.0,0,0726341108
260830,中京,11, 9,未勝利,芝,1400,デルニエジョイ,牡,3,田口貫太,57.0,鈴木孝志,栗,林千枝子,浦河日成牧場,シスキン,グランジョイ,23101973,4,ダンスインザダーク,鹿毛,5,2,5,5,18,   433,     0, 0,   0.0,0,0726341109
260830,中京,11,10,未勝利,芝,1400,プリュスエクラ,牝,3,団野大成,55.0,小林真也,栗,社台レースホース,社台ファーム,エイシンフラッシュ,プリュス,23103535,4,ヴィクトワールピサ,鹿毛,5,3,7,5,18,   231,     0, 0,   0.0,0,0726341110
260830,中京,11,11,未勝利,芝,1400,リントゥラウル,牡,3,幸英明,57.0,秋山真一,栗,ノースヒルズ,高昭牧場,キズナ,ノースパストラル,23101735,4,キングヘイロー,鹿毛,6,2,4,3,18,   454,     0, 0,   0.0,0,0726341111
260830,中京,11,12,未勝利,芝,1400,ナデシコザクラ,牝,3,秋山稔樹,55.0,秋山真一,栗,平川三津,秋田牧場,ビーチパトロール,ナデシコニッポン,23103916,4,アドマイヤジャパン,鹿毛,6,6,8,5,18,   548,     0, 0,   0.0,0,0726341112
260830,中京,11,13,未勝利,芝,1400,パトローナス,セ,3,吉村誠之,57.0,高橋亮,栗,吉田勝己,ノーザンファーム,フィエールマン,エルビッシュ,23106931,4,キングカメハメハ,黒鹿,7,2,2,2,18,   650,     0, 0,   0.0,0,0726341113
260830,中京,11,14,未勝利,芝,1400,モカプウイング,牝,3,田山旺佑,54.0,加藤公太,栗,西尾誠一郎,社台ファーム,マインドユアビスケッツ,ウイングドウィール,23103334,4,シンボリクリスエス,鹿毛,7,2,6,4,18,   220,     0, 0,   0.0,0,0726341114
260830,中京,11,15,未勝利,芝,1400,ミッキーラヴィータ,牝,3,西村淳也,55.0,高橋亮,栗,野田みづき,ノーザンファーム,モーリス,レッドラヴィータ,23105346,4,スペシャルウィーク,栗毛,7,4,2,3,18,   700,     0, 0,   0.0,0,0726341115
260830,中京,11,16,未勝利,芝,1400,ボールドペイト,牡,3,松若風馬,57.0,千田輝彦,栗,増田陽一,新冠橋本牧場,アメリカンペイトリオット,ラブカーナ,23104350,4,オース,黒鹿,8,1,14,5,18,    58,     0, 0,   0.0,0,0726341116
260830,中京,11,17,未勝利,芝,1400,カルロット,牡,3,坂井瑠星,57.0,武幸四郎,栗,キーファーズ,ノーザンファーム,リオンディーズ,ラルケット,23105339,4,ファルブラヴ,鹿毛,8,6,1,6,18,  1124,     0, 0,   0.0,0,0726341117
260830,中京,11,18,未勝利,芝,1400,エコロディアン,牝,3,Ｍ．デム,55.0,牧浦充徳,栗,原村正紀,ノーザンファーム,シスキン,メッシーナ,23107273,4,ディープインパクト,鹿毛,8,3,2,2,18,   380,     0, 0,   0.0,0,0726341118
260830,中京,12, 1,１勝ｸﾗｽ,ダ,1200,ヴォンドゥ,牝,3,森田誠也,51.0,小栗実,栗,ヒダカ・ブリーダーズ・ユニオン,中神牧場,ルヴァンスレーヴ,キティ,23101810,4,"Northern Afleet",鹿毛,1,3,3,5,14,  1052,   400, 0,   0.0,0,0726341201
260830,中京,12, 2,１勝ｸﾗｽ,ダ,1200,オンザノアール,牝,3,幸英明,54.0,佐藤悠太,栗,久保田定,社台ファーム,インディチャンプ,コーンドリー,23103399,4,"Indian Charlie",鹿毛,2,3,4,10,14,   870,   400, 0,   0.0,0,0726341202
260830,中京,12, 3,１勝ｸﾗｽ,ダ,1200,アーガイルショア,牝,3,北村友一,54.0,安田翔伍,栗,キャロットファーム,追分ファーム,ナダル,ベルプラージュ,23103718,4,キングカメハメハ,栗毛,3,2,5,5,14,  1601,   400, 0,   0.0,0,0726341203
260830,中京,12, 4,１勝ｸﾗｽ,ダ,1200,サヨノパララックス,牡,3,川須栄彦,56.0,羽月友彦,栗,吉岡泰治,鮫川啓一,ミッキーアイル,ナリタアマリリス,23105140,4,ハーツクライ,鹿毛,3,3,11,11,14,   862,   400, 0,   0.0,0,0726341204
260830,中京,12, 5,１勝ｸﾗｽ,ダ,1200,モノノケ,牝,3,酒井学,54.0,宮地貴稔,栗,岡浩二,大江牧場,マテラスカイ,ツインエンジェルズ,23100695,4,ハーツクライ,黒鹿,4,3,8,6,14,   230,     0, 0,   0.0,0,0726341205
260830,中京,12, 6,１勝ｸﾗｽ,ダ,1200,ダノンステート,牡,3,角田大和,56.0,千田輝彦,栗,ダノックス,三嶋牧場,シルバーステート,マダムヴェステル,23105024,4,"Into Mischief",鹿毛,4,1,2,7,14,   340,     0, 0,   0.0,0,0726341206
260830,中京,12, 7,１勝ｸﾗｽ,ダ,1200,ミスヘンリー,牝,3,柴田裕一,52.0,羽月友彦,栗,サイプレスホールディングス,いとう牧場,ヘニーヒューズ,ミスパッション,23100676,4,ディープブリランテ,栗毛,5,5,10,9,14,   829,   400, 0,   0.0,0,0726341207
260830,中京,12, 8,１勝ｸﾗｽ,ダ,1200,レジェンダリーデイ,セ,6,菱田裕二,58.0,森田直行,栗,岡田牧雄,斉藤英牧場,ダノンレジェンド,ハイウェイトゥグローリー,20107018,4,"Cape Cross",青鹿,5,41,9,2,14,   592,   130, 0,   0.0,0,0726341208
260830,中京,12, 9,１勝ｸﾗｽ,ダ,1200,メラヴィリオーザ,牝,6,川端海翼,53.0,秋山真一,栗,ノルマンディーサラブレッドレーシング,出口牧場,ディーマジェスティ,メイクデュース,20101920,4,トウカイテイオー,黒鹿,6,3,14,12,14,   240,   200, 0,   0.0,0,0726341209
260830,中京,12,10,１勝ｸﾗｽ,ダ,1200,グラスゴー,牝,3,田山旺佑,53.0,浜田多実,栗,共田義夫,北洋牧場,モズアスコット,トモノメジェール,23103218,4,ゼンノロブロイ,栗毛,6,11,10,6,14,   730,   400, 0,   0.0,0,0726341210
260830,中京,12,11,１勝ｸﾗｽ,ダ,1200,ヒルノプーリア,牝,3,秋山稔樹,54.0,北出成人,栗,ヒルノ,サカイファーム,ミスチヴィアスアレックス,ヒルノケアンズ,23106388,4,ハーツクライ,鹿毛,7,39,12,11,14,  1620,   400, 0,   0.0,0,0726341211
260830,中京,12,12,１勝ｸﾗｽ,ダ,1200,ラヴネヴァーダイズ,牡,3,松山弘平,56.0,渡辺薫彦,栗,江馬由将,辻牧場,ミッキーアイル,モーレアモーレ,23102131,4,ジャイアントレッカー,鹿毛,7,3,1,3,14,  1579,   400, 0,   0.0,0,0726341212
260830,中京,12,13,１勝ｸﾗｽ,ダ,1200,タイセイブロウ,牡,5,田口貫太,58.0,平田修,栗,田中成奉,千代田牧場,キンシャサノキセキ,ギブユースマイル,21104101,4,エンパイアメーカー,黒鹿,8,4,10,9,14,  1004,   400, 0,   0.0,0,0726341213
260830,中京,12,14,１勝ｸﾗｽ,ダ,1200,パワポケビー,牝,7,中井裕二,56.0,森田直行,栗,柳原達也,佐々木康治,アポロキングダム,ハイパーラッシュ,19107007,4,ワイルドラッシュ,栗毛,8,48,11,12,14,  1290,   400, 0,   0.0,0,0726341214
