日付,開催場,R,race_id,racekey,発走,番組表示,馬番,馬名,IDM,IDM印,脚質,騎手名,斤量,調教師,所属,基準単勝,基準複勝,source_url,source_status
2026-08-30,新潟,2,202604030402,04263402,10:15,2R ダ1800 ２歳新馬 10:15,1,ゴールドバーニング,16,,,石神道,53△,柄崎将,美,25.9,4.4,https://jrdb.com/member/n_live_20260830_04263402.html,PASS_UI_RACE_SELECTOR_BASE_ODDS
2026-08-30,新潟,2,202604030402,04263402,10:15,2R ダ1800 ２歳新馬 10:15,2,ゴルトシェーン,17,,,今村聖,53◇,武井亮,美,19.3,3.5,https://jrdb.com/member/n_live_20260830_04263402.html,PASS_UI_RACE_SELECTOR_BASE_ODDS
2026-08-30,新潟,2,202604030402,04263402,10:15,2R ダ1800 ２歳新馬 10:15,3,ウラノグラフィア,36,○,,岩田望,55,宮田敬,美,2.8,1.2,https://jrdb.com/member/n_live_20260830_04263402.html,PASS_UI_RACE_SELECTOR_BASE_ODDS
2026-08-30,新潟,2,202604030402,04263402,10:15,2R ダ1800 ２歳新馬 10:15,4,マイトレーヤー,17,▽,,津村明,55,手塚徳,美,16.2,3,https://jrdb.com/member/n_live_20260830_04263402.html,PASS_UI_RACE_SELECTOR_BASE_ODDS
2026-08-30,新潟,2,202604030402,04263402,10:15,2R ダ1800 ２歳新馬 10:15,5,ミシェルバローズ,32,▲,,三浦皇,55,中内田,栗,4.9,1.5,https://jrdb.com/member/n_live_20260830_04263402.html,PASS_UI_RACE_SELECTOR_BASE_ODDS
2026-08-30,新潟,2,202604030402,04263402,10:15,2R ダ1800 ２歳新馬 10:15,6,ニシノマキロイ,13,,,野中悠,55,田中勝,美,20.4,3.7,https://jrdb.com/member/n_live_20260830_04263402.html,PASS_UI_RACE_SELECTOR_BASE_ODDS
2026-08-30,新潟,2,202604030402,04263402,10:15,2R ダ1800 ２歳新馬 10:15,7,ピーエムリンダ,10,,,武藤雅,55,和田一,美,29.1,4.9,https://jrdb.com/member/n_live_20260830_04263402.html,PASS_UI_RACE_SELECTOR_BASE_ODDS
2026-08-30,新潟,2,202604030402,04263402,10:15,2R ダ1800 ２歳新馬 10:15,8,ウィザードシチー,10,,,亀田温,55,北出成,栗,30.1,5,https://jrdb.com/member/n_live_20260830_04263402.html,PASS_UI_RACE_SELECTOR_BASE_ODDS
2026-08-30,新潟,2,202604030402,04263402,10:15,2R ダ1800 ２歳新馬 10:15,9,レッドマウロア,38,◎,,川田将,55,加藤征,美,2.7,1.2,https://jrdb.com/member/n_live_20260830_04263402.html,PASS_UI_RACE_SELECTOR_BASE_ODDS
2026-08-30,新潟,2,202604030402,04263402,10:15,2R ダ1800 ２歳新馬 10:15,10,スタレネルヴェント,10,,,原優介,55,高木登,美,51.5,8.1,https://jrdb.com/member/n_live_20260830_04263402.html,PASS_UI_RACE_SELECTOR_BASE_ODDS
2026-08-30,新潟,2,202604030402,04263402,10:15,2R ダ1800 ２歳新馬 10:15,11,ギガントシュラーク,10,,,丸山元,55,萱野浩,美,44.3,7.1,https://jrdb.com/member/n_live_20260830_04263402.html,PASS_UI_RACE_SELECTOR_BASE_ODDS
2026-08-30,新潟,2,202604030402,04263402,10:15,2R ダ1800 ２歳新馬 10:15,12,エコロゲラン,21,△,,菊沢一,55,古賀大,美,31.1,5.2,https://jrdb.com/member/n_live_20260830_04263402.html,PASS_UI_RACE_SELECTOR_BASE_ODDS
2026-08-30,新潟,2,202604030402,04263402,10:15,2R ダ1800 ２歳新馬 10:15,13,タイセイリッター,24,注,,石田拓,53△,新開幸,美,16.2,3.1,https://jrdb.com/member/n_live_20260830_04263402.html,PASS_UI_RACE_SELECTOR_BASE_ODDS
2026-08-30,新潟,3,202604030403,04263403,10:45,3R 芝2000 ２歳未勝利 10:45,1,ケイジャーダ,22,,先,柴田大[替],55,佐藤吉,美,16.1,3.2,https://jrdb.com/member/n_live_20260830_04263403.html,PASS_UI_RACE_SELECTOR_BASE_ODDS
2026-08-30,新潟,3,202604030403,04263403,10:45,3R 芝2000 ２歳未勝利 10:45,2,ニシノリリックス,23,▽,追,石橋脩,55,小野次,美,22.1,4,https://jrdb.com/member/n_live_20260830_04263403.html,PASS_UI_RACE_SELECTOR_BASE_ODDS
2026-08-30,新潟,3,202604030403,04263403,10:45,3R 芝2000 ２歳未勝利 10:45,3,イカルステソーロ,27,▲,逃,岩田望[替],55,武市康,美,2.9,1.2,https://jrdb.com/member/n_live_20260830_04263403.html,PASS_UI_RACE_SELECTOR_BASE_ODDS
2026-08-30,新潟,3,202604030403,04263403,10:45,3R 芝2000 ２歳未勝利 10:45,4,タイセイソアリング,30,○,先,菊沢一,55,池上和,美,3.9,1.4,https://jrdb.com/member/n_live_20260830_04263403.html,PASS_UI_RACE_SELECTOR_BASE_ODDS
2026-08-30,新潟,3,202604030403,04263403,10:45,3R 芝2000 ２歳未勝利 10:45,5,エクスマキナ,33,◎,追,津村明[替],55,手塚徳,美,2.8,1.2,https://jrdb.com/member/n_live_20260830_04263403.html,PASS_UI_RACE_SELECTOR_BASE_ODDS
2026-08-30,新潟,3,202604030403,04263403,10:45,3R 芝2000 ２歳未勝利 10:45,6,ウイニングレイ,25,△,追,岩田康[替],55,戸田博,美,5.1,1.6,https://jrdb.com/member/n_live_20260830_04263403.html,PASS_UI_RACE_SELECTOR_BASE_ODDS
2026-08-30,新潟,3,202604030403,04263403,10:45,3R 芝2000 ２歳未勝利 10:45,7,ハンデンブレイズ,27,注,差,小崎綾,55,伊藤大,美,12,2.5,https://jrdb.com/member/n_live_20260830_04263403.html,PASS_UI_RACE_SELECTOR_BASE_ODDS
2026-08-30,新潟,3,202604030403,04263403,10:45,3R 芝2000 ２歳未勝利 10:45,8,ルークスイテルム,10,,追,石神道[替],53△,中川公,美,38.1,6.5,https://jrdb.com/member/n_live_20260830_04263403.html,PASS_UI_RACE_SELECTOR_BASE_ODDS
2026-08-30,新潟,4,202604030404,04263404,11:15,4R 芝1800 ２歳新馬(無料開放レース) 11:15,1,ヒズストーリー,20,,,嶋田純,55,中川公,美,23.7,4.8,https://jrdb.com/member/n_live_20260830_04263404.html,PASS_UI_RACE_SELECTOR_BASE_ODDS
2026-08-30,新潟,4,202604030404,04263404,11:15,4R 芝1800 ２歳新馬(無料開放レース) 11:15,2,チェスティーノ,44,◎,,ルメー,55,鹿戸雄,美,2.5,1.3,https://jrdb.com/member/n_live_20260830_04263404.html,PASS_UI_RACE_SELECTOR_BASE_ODDS
2026-08-30,新潟,4,202604030404,04263404,11:15,4R 芝1800 ２歳新馬(無料開放レース) 11:15,3,ガヤーズサムライ,24,▽,,田辺裕,55,田中勝,美,15.9,3.5,https://jrdb.com/member/n_live_20260830_04263404.html,PASS_UI_RACE_SELECTOR_BASE_ODDS
2026-08-30,新潟,4,202604030404,04263404,11:15,4R 芝1800 ２歳新馬(無料開放レース) 11:15,4,キャッチアップ,22,,,菊沢一,55,小野次,美,42.2,8,https://jrdb.com/member/n_live_20260830_04263404.html,PASS_UI_RACE_SELECTOR_BASE_ODDS
2026-08-30,新潟,4,202604030404,04263404,11:15,4R 芝1800 ２歳新馬(無料開放レース) 11:15,5,オオルリ,20,,,原優介,55,水野貴,美,46.6,8.8,https://jrdb.com/member/n_live_20260830_04263404.html,PASS_UI_RACE_SELECTOR_BASE_ODDS
2026-08-30,新潟,4,202604030404,04263404,11:15,4R 芝1800 ２歳新馬(無料開放レース) 11:15,6,ペントザリス,37,▲,,岩田康,55,戸田博,美,4.8,1.6,https://jrdb.com/member/n_live_20260830_04263404.html,PASS_UI_RACE_SELECTOR_BASE_ODDS
2026-08-30,新潟,4,202604030404,04263404,11:15,4R 芝1800 ２歳新馬(無料開放レース) 11:15,7,マイネルウルカヌス,20,,,柴田大,55,畠山吉,美,16.1,3.5,https://jrdb.com/member/n_live_20260830_04263404.html,PASS_UI_RACE_SELECTOR_BASE_ODDS
2026-08-30,新潟,4,202604030404,04263404,11:15,4R 芝1800 ２歳新馬(無料開放レース) 11:15,8,ダディーズレガリア,36,注,,岩田望,55,畑端省,栗,4.9,1.6,https://jrdb.com/member/n_live_20260830_04263404.html,PASS_UI_RACE_SELECTOR_BASE_ODDS
2026-08-30,新潟,4,202604030404,04263404,11:15,4R 芝1800 ２歳新馬(無料開放レース) 11:15,9,テキサス,43,○,,津村明,55,田中博,美,5.3,1.7,https://jrdb.com/member/n_live_20260830_04263404.html,PASS_UI_RACE_SELECTOR_BASE_ODDS
2026-08-30,新潟,4,202604030404,04263404,11:15,4R 芝1800 ２歳新馬(無料開放レース) 11:15,10,リアスハート,35,△,,武藤雅,55,水野貴,美,7.9,2.2,https://jrdb.com/member/n_live_20260830_04263404.html,PASS_UI_RACE_SELECTOR_BASE_ODDS
2026-08-30,新潟,4,202604030404,04263404,11:15,4R 芝1800 ２歳新馬(無料開放レース) 11:15,11,ライヴテキーラ,20,,,杉原誠,55,牧光二,美,41.9,7.9,https://jrdb.com/member/n_live_20260830_04263404.html,PASS_UI_RACE_SELECTOR_BASE_ODDS
2026-08-30,新潟,5,202604030405,04263405,11:45,5R 芝1400 ３歳未勝利 11:45,1,セリエンクーニゲン,40,△,先,川田将[替],55,田中博,美,3.8,1.5,https://jrdb.com/member/n_live_20260830_04263405.html,PASS_UI_RACE_SELECTOR_BASE_ODDS
2026-08-30,新潟,5,202604030405,04263405,11:45,5R 芝1400 ３歳未勝利 11:45,2,チョコブラウニー,13,,追,原優介[替],55,天間昭,美,186,34.6,https://jrdb.com/member/n_live_20260830_04263405.html,PASS_UI_RACE_SELECTOR_BASE_ODDS
2026-08-30,新潟,5,202604030405,04263405,11:45,5R 芝1400 ３歳未勝利 11:45,3,ゴッドレイ,39,▽,差,石田拓,53△,伊藤大,美,14.6,3.4,https://jrdb.com/member/n_live_20260830_04263405.html,PASS_UI_RACE_SELECTOR_BASE_ODDS
2026-08-30,新潟,5,202604030405,04263405,11:45,5R 芝1400 ３歳未勝利 11:45,4,ステキサプライズ,49,◎,差,今村聖[替],55,粕谷昌,美,66.7,12.8,https://jrdb.com/member/n_live_20260830_04263405.html,PASS_UI_RACE_SELECTOR_BASE_ODDS
2026-08-30,新潟,5,202604030405,04263405,11:45,5R 芝1400 ３歳未勝利 11:45,5,エナノムスメ,25,,差,丸田恭[替],55,伊藤大,美,60.2,11.7,https://jrdb.com/member/n_live_20260830_04263405.html,PASS_UI_RACE_SELECTOR_BASE_ODDS
2026-08-30,新潟,5,202604030405,04263405,11:45,5R 芝1400 ３歳未勝利 11:45,6,ラウンドヒル,40,注,先,菊沢一[替],55,田島俊,美,19.9,4.5,https://jrdb.com/member/n_live_20260830_04263405.html,PASS_UI_RACE_SELECTOR_BASE_ODDS
2026-08-30,新潟,5,202604030405,04263405,11:45,5R 芝1400 ３歳未勝利 11:45,7,エフティヴェント,34,,差,石神道[替],55△,金成貴,美,107,20.1,https://jrdb.com/member/n_live_20260830_04263405.html,PASS_UI_RACE_SELECTOR_BASE_ODDS
2026-08-30,新潟,5,202604030405,04263405,11:45,5R 芝1400 ３歳未勝利 11:45,8,カラーオブサクセス,31,,差,小崎綾[替],55,武市康,美,33.6,7,https://jrdb.com/member/n_live_20260830_04263405.html,PASS_UI_RACE_SELECTOR_BASE_ODDS
2026-08-30,新潟,5,202604030405,04263405,11:45,5R 芝1400 ３歳未勝利 11:45,9,アリアス,37,,追,三浦皇[替],55,高柳瑞,美,11.8,2.9,https://jrdb.com/member/n_live_20260830_04263405.html,PASS_UI_RACE_SELECTOR_BASE_ODDS
2026-08-30,新潟,5,202604030405,04263405,11:45,5R 芝1400 ３歳未勝利 11:45,10,ソルティアーラ,15,,差,ミシェ[替],55,西田雄,美,45.1,9.1,https://jrdb.com/member/n_live_20260830_04263405.html,PASS_UI_RACE_SELECTOR_BASE_ODDS
2026-08-30,新潟,5,202604030405,04263405,11:45,5R 芝1400 ３歳未勝利 11:45,11,オンナキュヌヴィ,39,,差,田辺裕[替],55,蛯名正,美,3.4,1.5,https://jrdb.com/member/n_live_20260830_04263405.html,PASS_UI_RACE_SELECTOR_BASE_ODDS
2026-08-30,新潟,5,202604030405,04263405,11:45,5R 芝1400 ３歳未勝利 11:45,12,ネオアンボウ,27,,差,野中悠[替],57,松尾卓,美,66,12.7,https://jrdb.com/member/n_live_20260830_04263405.html,PASS_UI_RACE_SELECTOR_BASE_ODDS
2026-08-30,新潟,5,202604030405,04263405,11:45,5R 芝1400 ３歳未勝利 11:45,13,ウインテラジーナ,42,○,差,津村明,55,栗田徹,美,5.1,1.8,https://jrdb.com/member/n_live_20260830_04263405.html,PASS_UI_RACE_SELECTOR_BASE_ODDS
2026-08-30,新潟,5,202604030405,04263405,11:45,5R 芝1400 ３歳未勝利 11:45,14,ワインレッドハート,10,,追,上里直[替],52▲,戸田博,美,57.1,11.1,https://jrdb.com/member/n_live_20260830_04263405.html,PASS_UI_RACE_SELECTOR_BASE_ODDS
2026-08-30,新潟,5,202604030405,04263405,11:45,5R 芝1400 ３歳未勝利 11:45,15,ルディドゥゲンジ,39,,追,嶋田純[替],55,蛯名利,美,39,8,https://jrdb.com/member/n_live_20260830_04263405.html,PASS_UI_RACE_SELECTOR_BASE_ODDS
2026-08-30,新潟,5,202604030405,04263405,11:45,5R 芝1400 ３歳未勝利 11:45,16,ペルウィクトール,41,▲,先,岩田望[替],57,宮田敬,美,5.4,1.8,https://jrdb.com/member/n_live_20260830_04263405.html,PASS_UI_RACE_SELECTOR_BASE_ODDS
2026-08-30,新潟,5,202604030405,04263405,11:45,5R 芝1400 ３歳未勝利 11:45,17,エイシンイクサボシ,39,,先,木幡初,55,勢司和,美,32,6.7,https://jrdb.com/member/n_live_20260830_04263405.html,PASS_UI_RACE_SELECTOR_BASE_ODDS
2026-08-30,新潟,5,202604030405,04263405,11:45,5R 芝1400 ３歳未勝利 11:45,18,ミクロスギガース,39,,先,杉原誠,55,西田雄,美,39.1,8,https://jrdb.com/member/n_live_20260830_04263405.html,PASS_UI_RACE_SELECTOR_BASE_ODDS
2026-08-30,新潟,6,202604030406,04263406,14:35,6R ダ1800 両津湾特別 2勝クラス 14:35,1,ピコシー,52,▽,差,内田博[替],58,奥村武,美,21.6,4.4,https://jrdb.com/member/n_live_20260830_04263406.html,PASS_UI_RACE_SELECTOR_BASE_ODDS
2026-08-30,新潟,6,202604030406,04263406,14:35,6R ダ1800 両津湾特別 2勝クラス 14:35,2,ビービーアジャイル,56,△,先,ルメー,55,中舘英,美,2.5,1.3,https://jrdb.com/member/n_live_20260830_04263406.html,PASS_UI_RACE_SELECTOR_BASE_ODDS
2026-08-30,新潟,6,202604030406,04263406,14:35,6R ダ1800 両津湾特別 2勝クラス 14:35,3,オクトーバーナイン,58,○,先,戸崎圭[替],55,稲垣幸,美,4.5,1.6,https://jrdb.com/member/n_live_20260830_04263406.html,PASS_UI_RACE_SELECTOR_BASE_ODDS
2026-08-30,新潟,6,202604030406,04263406,14:35,6R ダ1800 両津湾特別 2勝クラス 14:35,4,ニシノケンタマン,56,注,差,今村聖,58,深山雅,美,8.6,2.3,https://jrdb.com/member/n_live_20260830_04263406.html,PASS_UI_RACE_SELECTOR_BASE_ODDS
2026-08-30,新潟,6,202604030406,04263406,14:35,6R ダ1800 両津湾特別 2勝クラス 14:35,5,コパノエビータ,43,,差,嶋田純[替],56,手塚貴,美,93.4,16.3,https://jrdb.com/member/n_live_20260830_04263406.html,PASS_UI_RACE_SELECTOR_BASE_ODDS
2026-08-30,新潟,6,202604030406,04263406,14:35,6R ダ1800 両津湾特別 2勝クラス 14:35,6,アルベリック,46,,追,三浦皇[替],58,中竹和,栗,33.7,6.5,https://jrdb.com/member/n_live_20260830_04263406.html,PASS_UI_RACE_SELECTOR_BASE_ODDS
2026-08-30,新潟,6,202604030406,04263406,14:35,6R ダ1800 両津湾特別 2勝クラス 14:35,7,トゥーザムーン,50,,先,岩田康[替],56,辻哲英,美,11.1,2.6,https://jrdb.com/member/n_live_20260830_04263406.html,PASS_UI_RACE_SELECTOR_BASE_ODDS
2026-08-30,新潟,6,202604030406,04263406,14:35,6R ダ1800 両津湾特別 2勝クラス 14:35,8,スターシップ,57,▲,追,川田将[替],55,高柳大,栗,5.1,1.7,https://jrdb.com/member/n_live_20260830_04263406.html,PASS_UI_RACE_SELECTOR_BASE_ODDS
2026-08-30,新潟,6,202604030406,04263406,14:35,6R ダ1800 両津湾特別 2勝クラス 14:35,9,ヴァイヴァーイ,52,,先,小崎綾[替],53,小崎憲,栗,13.5,3,https://jrdb.com/member/n_live_20260830_04263406.html,PASS_UI_RACE_SELECTOR_BASE_ODDS
2026-08-30,新潟,6,202604030406,04263406,14:35,6R ダ1800 両津湾特別 2勝クラス 14:35,10,フラッシング,46,,追,丸田恭[替],58,牧浦充,栗,60.4,10.8,https://jrdb.com/member/n_live_20260830_04263406.html,PASS_UI_RACE_SELECTOR_BASE_ODDS
2026-08-30,新潟,6,202604030406,04263406,14:35,6R ダ1800 両津湾特別 2勝クラス 14:35,11,ジェーケーボンバー,40,,差,菊沢一,58,上原博,美,126,21.8,https://jrdb.com/member/n_live_20260830_04263406.html,PASS_UI_RACE_SELECTOR_BASE_ODDS
2026-08-30,新潟,6,202604030406,04263406,14:35,6R ダ1800 両津湾特別 2勝クラス 14:35,12,マハナ,43,,追,石橋脩[替],56,井上智,栗,65,11.6,https://jrdb.com/member/n_live_20260830_04263406.html,PASS_UI_RACE_SELECTOR_BASE_ODDS
2026-08-30,新潟,6,202604030406,04263406,14:35,6R ダ1800 両津湾特別 2勝クラス 14:35,13,クロドラバール,43,,差,池添謙[替],58,奥村武,美,39.9,7.5,https://jrdb.com/member/n_live_20260830_04263406.html,PASS_UI_RACE_SELECTOR_BASE_ODDS
2026-08-30,新潟,6,202604030406,04263406,14:35,6R ダ1800 両津湾特別 2勝クラス 14:35,14,コスモコンフェルマ,59,◎,先,柴田大,58,鈴木慎,美,12.9,2.9,https://jrdb.com/member/n_live_20260830_04263406.html,PASS_UI_RACE_SELECTOR_BASE_ODDS
2026-08-30,新潟,6,202604030406,04263406,14:35,6R ダ1800 両津湾特別 2勝クラス 14:35,15,ノルドヴェスト,43,,差,原優介[替],58,秋本大,美,43.9,8.2,https://jrdb.com/member/n_live_20260830_04263406.html,PASS_UI_RACE_SELECTOR_BASE_ODDS
2026-08-30,新潟,7,202604030407,04263407,15:10,7R 芝2200 日本海ステークス 3勝クラス WIN5 15:10,1,シャドウメテオ,57,,追,三浦皇[替],56,金成貴,美,7.6,2.3,https://jrdb.com/member/n_live_20260830_04263407.html,PASS_UI_RACE_SELECTOR_BASE_ODDS
2026-08-30,新潟,7,202604030407,04263407,15:10,7R 芝2200 日本海ステークス 3勝クラス WIN5 15:10,2,ウインデイジー,57,,差,岩田康[替],56,宮　徹,栗,13.9,3.3,https://jrdb.com/member/n_live_20260830_04263407.html,PASS_UI_RACE_SELECTOR_BASE_ODDS
2026-08-30,新潟,7,202604030407,04263407,15:10,7R 芝2200 日本海ステークス 3勝クラス WIN5 15:10,3,チャリングクロス,59,注,差,戸崎圭,55,奥村武,美,3.3,1.4,https://jrdb.com/member/n_live_20260830_04263407.html,PASS_UI_RACE_SELECTOR_BASE_ODDS
2026-08-30,新潟,7,202604030407,04263407,15:10,7R 芝2200 日本海ステークス 3勝クラス WIN5 15:10,4,シュバルツマサムネ,56,,先,高田潤[替],58,杉山佳,栗,37.4,7.7,https://jrdb.com/member/n_live_20260830_04263407.html,PASS_UI_RACE_SELECTOR_BASE_ODDS
2026-08-30,新潟,7,202604030407,04263407,15:10,7R 芝2200 日本海ステークス 3勝クラス WIN5 15:10,5,サダムオプシス,63,○,追,ルメー[替],58,平田修,栗,4.2,1.6,https://jrdb.com/member/n_live_20260830_04263407.html,PASS_UI_RACE_SELECTOR_BASE_ODDS
2026-08-30,新潟,7,202604030407,04263407,15:10,7R 芝2200 日本海ステークス 3勝クラス WIN5 15:10,6,ナムラフッカー,57,,追,原優介[替],58,長谷川,栗,50.6,10.1,https://jrdb.com/member/n_live_20260830_04263407.html,PASS_UI_RACE_SELECTOR_BASE_ODDS
2026-08-30,新潟,7,202604030407,04263407,15:10,7R 芝2200 日本海ステークス 3勝クラス WIN5 15:10,7,オストラヴァ,60,▲,先,津村明,58,林　徹,美,4,1.5,https://jrdb.com/member/n_live_20260830_04263407.html,PASS_UI_RACE_SELECTOR_BASE_ODDS
2026-08-30,新潟,7,202604030407,04263407,15:10,7R 芝2200 日本海ステークス 3勝クラス WIN5 15:10,8,ベンサレム,50,,先,岩田望[替],58,稲垣幸,美,20.6,4.6,https://jrdb.com/member/n_live_20260830_04263407.html,PASS_UI_RACE_SELECTOR_BASE_ODDS
2026-08-30,新潟,7,202604030407,04263407,15:10,7R 芝2200 日本海ステークス 3勝クラス WIN5 15:10,9,タイセイフェリーク,54,,追,小崎綾[替],56,青木孝,美,31.7,6.6,https://jrdb.com/member/n_live_20260830_04263407.html,PASS_UI_RACE_SELECTOR_BASE_ODDS
2026-08-30,新潟,7,202604030407,04263407,15:10,7R 芝2200 日本海ステークス 3勝クラス WIN5 15:10,10,サトノパトリオット,65,◎,先,川田将,58,木村哲,美,5.3,1.8,https://jrdb.com/member/n_live_20260830_04263407.html,PASS_UI_RACE_SELECTOR_BASE_ODDS
2026-08-30,新潟,7,202604030407,04263407,15:10,7R 芝2200 日本海ステークス 3勝クラス WIN5 15:10,11,リンフレスカンテ,57,▽,追,石橋脩[替],58,宮本博,栗,33.9,7,https://jrdb.com/member/n_live_20260830_04263407.html,PASS_UI_RACE_SELECTOR_BASE_ODDS
2026-08-30,新潟,7,202604030407,04263407,15:10,7R 芝2200 日本海ステークス 3勝クラス WIN5 15:10,12,クリニクラウン,59,△,追,菊沢一[替],56,小手川,美,33.8,7,https://jrdb.com/member/n_live_20260830_04263407.html,PASS_UI_RACE_SELECTOR_BASE_ODDS
2026-08-30,新潟,8,202604030408,04263408,15:45,8R 芝2000 新潟記念・Ｇ３ WIN5 15:45,1,ボーンディスウェイ,65,注,差,丸山元,57,牧光二,美,32,6.2,https://jrdb.com/member/n_live_20260830_04263408.html,PASS_UI_RACE_SELECTOR_BASE_ODDS
2026-08-30,新潟,8,202604030408,04263408,15:45,8R 芝2000 新潟記念・Ｇ３ WIN5 15:45,2,サヴォーナ,64,△,差,池添謙,57,中竹和,栗,15.7,3.4,https://jrdb.com/member/n_live_20260830_04263408.html,PASS_UI_RACE_SELECTOR_BASE_ODDS
2026-08-30,新潟,8,202604030408,04263408,15:45,8R 芝2000 新潟記念・Ｇ３ WIN5 15:45,3,ロデオドライブ,70,○,差,ルメー[替],57,辻哲英,美,3.9,1.5,https://jrdb.com/member/n_live_20260830_04263408.html,PASS_UI_RACE_SELECTOR_BASE_ODDS
2026-08-30,新潟,8,202604030408,04263408,15:45,8R 芝2000 新潟記念・Ｇ３ WIN5 15:45,4,ドゥレッツァ,64,,差,田辺裕[替],59,尾関知,美,8.8,2.4,https://jrdb.com/member/n_live_20260830_04263408.html,PASS_UI_RACE_SELECTOR_BASE_ODDS
2026-08-30,新潟,8,202604030408,04263408,15:45,8R 芝2000 新潟記念・Ｇ３ WIN5 15:45,5,ゾロアストロ,64,▽,差,岩田望,55,宮田敬,美,5,1.6,https://jrdb.com/member/n_live_20260830_04263408.html,PASS_UI_RACE_SELECTOR_BASE_ODDS
2026-08-30,新潟,8,202604030408,04263408,15:45,8R 芝2000 新潟記念・Ｇ３ WIN5 15:45,6,チェルヴィニア,63,,差,津村明[替],56,木村哲,美,14.6,3.2,https://jrdb.com/member/n_live_20260830_04263408.html,PASS_UI_RACE_SELECTOR_BASE_ODDS
2026-08-30,新潟,8,202604030408,04263408,15:45,8R 芝2000 新潟記念・Ｇ３ WIN5 15:45,7,ジュンブロッサム,61,,追,杉原誠[替],58,友道康,栗,26.9,5.3,https://jrdb.com/member/n_live_20260830_04263408.html,PASS_UI_RACE_SELECTOR_BASE_ODDS
2026-08-30,新潟,8,202604030408,04263408,15:45,8R 芝2000 新潟記念・Ｇ３ WIN5 15:45,8,ダノンシーマ,72,◎,差,川田将,57,中内田,栗,2.8,1.3,https://jrdb.com/member/n_live_20260830_04263408.html,PASS_UI_RACE_SELECTOR_BASE_ODDS
2026-08-30,新潟,8,202604030408,04263408,15:45,8R 芝2000 新潟記念・Ｇ３ WIN5 15:45,9,アーバンシック,64,,追,三浦皇,59,武井亮,美,13.1,2.9,https://jrdb.com/member/n_live_20260830_04263408.html,PASS_UI_RACE_SELECTOR_BASE_ODDS
2026-08-30,新潟,8,202604030408,04263408,15:45,8R 芝2000 新潟記念・Ｇ３ WIN5 15:45,10,バレエマスター,57,,追,菊沢一,57,梅田智,栗,24.4,4.9,https://jrdb.com/member/n_live_20260830_04263408.html,PASS_UI_RACE_SELECTOR_BASE_ODDS
2026-08-30,新潟,8,202604030408,04263408,15:45,8R 芝2000 新潟記念・Ｇ３ WIN5 15:45,11,ステレンボッシュ,66,▲,差,戸崎圭[替],56,宮田敬,美,9.2,2.5,https://jrdb.com/member/n_live_20260830_04263408.html,PASS_UI_RACE_SELECTOR_BASE_ODDS
2026-08-30,新潟,9,202604030409,04263409,16:25,9R 芝1000 閃光特別 2勝クラス 16:25,1,カレンデュラ,55,▲,先,嶋田純[替],54,室井潔,美,4.3,1.6,https://jrdb.com/member/n_live_20260830_04263409.html,PASS_UI_RACE_SELECTOR_BASE_ODDS
2026-08-30,新潟,9,202604030409,04263409,16:25,9R 芝1000 閃光特別 2勝クラス 16:25,2,サトノアルペジオ,42,,差,ミシェ[替],58,大和田,美,57.7,10.7,https://jrdb.com/member/n_live_20260830_04263409.html,PASS_UI_RACE_SELECTOR_BASE_ODDS
2026-08-30,新潟,9,202604030409,04263409,16:25,9R 芝1000 閃光特別 2勝クラス 16:25,3,ゼンダンタカ,53,△,先,杉原誠,56,中舘英,美,32.5,6.5,https://jrdb.com/member/n_live_20260830_04263409.html,PASS_UI_RACE_SELECTOR_BASE_ODDS
2026-08-30,新潟,9,202604030409,04263409,16:25,9R 芝1000 閃光特別 2勝クラス 16:25,4,フレッシュラン,35,,差,石田拓[替],56,尾形和,美,108,19.3,https://jrdb.com/member/n_live_20260830_04263409.html,PASS_UI_RACE_SELECTOR_BASE_ODDS
2026-08-30,新潟,9,202604030409,04263409,16:25,9R 芝1000 閃光特別 2勝クラス 16:25,5,ファイツオン,56,◎,逃,三浦皇[替],58,藤岡健,栗,17.3,3.8,https://jrdb.com/member/n_live_20260830_04263409.html,PASS_UI_RACE_SELECTOR_BASE_ODDS
2026-08-30,新潟,9,202604030409,04263409,16:25,9R 芝1000 閃光特別 2勝クラス 16:25,6,エリカカリーナ,46,,逃,原優介[替],56,宮田敬,美,16.5,3.7,https://jrdb.com/member/n_live_20260830_04263409.html,PASS_UI_RACE_SELECTOR_BASE_ODDS
2026-08-30,新潟,9,202604030409,04263409,16:25,9R 芝1000 閃光特別 2勝クラス 16:25,7,リュウノタブーク,47,,差,上里直[替],56,伊坂重,美,65.3,12,https://jrdb.com/member/n_live_20260830_04263409.html,PASS_UI_RACE_SELECTOR_BASE_ODDS
2026-08-30,新潟,9,202604030409,04263409,16:25,9R 芝1000 閃光特別 2勝クラス 16:25,8,ハニーローリエ,56,○,先,菊沢一,56,小手川,美,2.8,1.4,https://jrdb.com/member/n_live_20260830_04263409.html,PASS_UI_RACE_SELECTOR_BASE_ODDS
2026-08-30,新潟,9,202604030409,04263409,16:25,9R 芝1000 閃光特別 2勝クラス 16:25,9,バンディート,33,,先,小崎綾[替],58,東田明,栗,66.9,12.3,https://jrdb.com/member/n_live_20260830_04263409.html,PASS_UI_RACE_SELECTOR_BASE_ODDS
2026-08-30,新潟,9,202604030409,04263409,16:25,9R 芝1000 閃光特別 2勝クラス 16:25,10,キントラダンサー,48,,逃,野中悠[替],56,長谷川,栗,82,14.9,https://jrdb.com/member/n_live_20260830_04263409.html,PASS_UI_RACE_SELECTOR_BASE_ODDS
2026-08-30,新潟,9,202604030409,04263409,16:25,9R 芝1000 閃光特別 2勝クラス 16:25,11,ビップムーラン,50,,逃,丸山元[替],54,田島俊,美,9.3,2.5,https://jrdb.com/member/n_live_20260830_04263409.html,PASS_UI_RACE_SELECTOR_BASE_ODDS
2026-08-30,新潟,9,202604030409,04263409,16:25,9R 芝1000 閃光特別 2勝クラス 16:25,12,レジーナローズ,52,▽,差,津村明,56,鈴木慎,美,15.9,3.5,https://jrdb.com/member/n_live_20260830_04263409.html,PASS_UI_RACE_SELECTOR_BASE_ODDS
2026-08-30,新潟,9,202604030409,04263409,16:25,9R 芝1000 閃光特別 2勝クラス 16:25,13,ビーアイフォルテ,43,,逃,江田照[替],56,牧田和,栗,34.9,6.9,https://jrdb.com/member/n_live_20260830_04263409.html,PASS_UI_RACE_SELECTOR_BASE_ODDS
2026-08-30,新潟,9,202604030409,04263409,16:25,9R 芝1000 閃光特別 2勝クラス 16:25,14,ケンキョ,43,,差,丸田恭[替],58,高橋文,美,47.6,9.2,https://jrdb.com/member/n_live_20260830_04263409.html,PASS_UI_RACE_SELECTOR_BASE_ODDS
2026-08-30,新潟,9,202604030409,04263409,16:25,9R 芝1000 閃光特別 2勝クラス 16:25,15,ミスエル,51,,差,武藤雅,58,菊沢隆,美,20,4.3,https://jrdb.com/member/n_live_20260830_04263409.html,PASS_UI_RACE_SELECTOR_BASE_ODDS
2026-08-30,新潟,9,202604030409,04263409,16:25,9R 芝1000 閃光特別 2勝クラス 16:25,16,スペルキャスター,53,注,差,石橋脩[替],56,蛯名利,美,15.4,3.5,https://jrdb.com/member/n_live_20260830_04263409.html,PASS_UI_RACE_SELECTOR_BASE_ODDS
2026-08-30,新潟,9,202604030409,04263409,16:25,9R 芝1000 閃光特別 2勝クラス 16:25,17,ラトルシェ,48,,差,岩田康[替],56,菊川正,美,18.8,4.1,https://jrdb.com/member/n_live_20260830_04263409.html,PASS_UI_RACE_SELECTOR_BASE_ODDS
2026-08-30,新潟,9,202604030409,04263409,16:25,9R 芝1000 閃光特別 2勝クラス 16:25,18,ヴェントゥーラ,50,,先,岩田望[替],56,小栗実,栗,6.9,2.1,https://jrdb.com/member/n_live_20260830_04263409.html,PASS_UI_RACE_SELECTOR_BASE_ODDS
2026-08-30,新潟,10,202604030410,04263410,17:00,10R ダ1800 ３歳未勝利 17:00,1,カーボフリオ,23,,追,ミシェ[替],55,高木登,美,8.6,2.2,https://jrdb.com/member/n_live_20260830_04263410.html,PASS_UI_RACE_SELECTOR_BASE_ODDS
2026-08-30,新潟,10,202604030410,04263410,17:00,10R ダ1800 ３歳未勝利 17:00,2,ソナタムーンライト,16,,差,原優介[替],57,堀内岳,美,106,16.7,https://jrdb.com/member/n_live_20260830_04263410.html,PASS_UI_RACE_SELECTOR_BASE_ODDS
2026-08-30,新潟,10,202604030410,04263410,17:00,10R ダ1800 ３歳未勝利 17:00,3,アーティキュレート,35,▽,差,内田博[替],57,手塚貴,美,24.6,4.5,https://jrdb.com/member/n_live_20260830_04263410.html,PASS_UI_RACE_SELECTOR_BASE_ODDS
2026-08-30,新潟,10,202604030410,04263410,17:00,10R ダ1800 ３歳未勝利 17:00,4,パワポケウォーズ,38,▲,追,上里直,54▲,大和田,美,26.9,4.8,https://jrdb.com/member/n_live_20260830_04263410.html,PASS_UI_RACE_SELECTOR_BASE_ODDS
2026-08-30,新潟,10,202604030410,04263410,17:00,10R ダ1800 ３歳未勝利 17:00,5,クライングナウ,31,,追,岩田望[替],57,斎藤誠,美,5.3,1.6,https://jrdb.com/member/n_live_20260830_04263410.html,PASS_UI_RACE_SELECTOR_BASE_ODDS
2026-08-30,新潟,10,202604030410,04263410,17:00,10R ダ1800 ３歳未勝利 17:00,6,ロジキセキ,37,注,先,戸崎圭[替],57,新開幸,美,3,1.3,https://jrdb.com/member/n_live_20260830_04263410.html,PASS_UI_RACE_SELECTOR_BASE_ODDS
2026-08-30,新潟,10,202604030410,04263410,17:00,10R ダ1800 ３歳未勝利 17:00,7,カノープス,35,,差,石田拓,53△,辻哲英,美,96.5,15.3,https://jrdb.com/member/n_live_20260830_04263410.html,PASS_UI_RACE_SELECTOR_BASE_ODDS
2026-08-30,新潟,10,202604030410,04263410,17:00,10R ダ1800 ３歳未勝利 17:00,8,ザンテソーロ,38,○,差,柴田大[替],57,畠山吉,美,17.5,3.4,https://jrdb.com/member/n_live_20260830_04263410.html,PASS_UI_RACE_SELECTOR_BASE_ODDS
2026-08-30,新潟,10,202604030410,04263410,17:00,10R ダ1800 ３歳未勝利 17:00,9,ウモラダエピカ,23,,,石神道,53△,林　徹,美,17,3.4,https://jrdb.com/member/n_live_20260830_04263410.html,PASS_UI_RACE_SELECTOR_BASE_ODDS
2026-08-30,新潟,10,202604030410,04263410,17:00,10R ダ1800 ３歳未勝利 17:00,10,サングラント,37,△,差,三浦皇,57,金成貴,美,2.8,1.3,https://jrdb.com/member/n_live_20260830_04263410.html,PASS_UI_RACE_SELECTOR_BASE_ODDS
2026-08-30,新潟,10,202604030410,04263410,17:00,10R ダ1800 ３歳未勝利 17:00,11,ヴァルク,20,,差,木幡初[替],57,武市康,美,99.6,15.8,https://jrdb.com/member/n_live_20260830_04263410.html,PASS_UI_RACE_SELECTOR_BASE_ODDS
2026-08-30,新潟,10,202604030410,04263410,17:00,10R ダ1800 ３歳未勝利 17:00,12,サンタピア,43,◎,先,菊沢一[替],57,松山将,美,16.3,3.2,https://jrdb.com/member/n_live_20260830_04263410.html,PASS_UI_RACE_SELECTOR_BASE_ODDS
2026-08-30,新潟,10,202604030410,04263410,17:00,10R ダ1800 ３歳未勝利 17:00,13,エイシンキーウィ,10,,,江田照,55,田中剛,美,24.5,4.5,https://jrdb.com/member/n_live_20260830_04263410.html,PASS_UI_RACE_SELECTOR_BASE_ODDS
2026-08-30,新潟,10,202604030410,04263410,17:00,10R ダ1800 ３歳未勝利 17:00,14,マジギレカレン,25,,追,野中悠[替],55,的場均,美,47.2,8,https://jrdb.com/member/n_live_20260830_04263410.html,PASS_UI_RACE_SELECTOR_BASE_ODDS
2026-08-30,新潟,10,202604030410,04263410,17:00,10R ダ1800 ３歳未勝利 17:00,15,カフェプラウド,25,,差,水沼元,54▲,柄崎将,美,109,17.2,https://jrdb.com/member/n_live_20260830_04263410.html,PASS_UI_RACE_SELECTOR_BASE_ODDS
2026-08-30,新潟,11,202604030411,04263411,17:30,11R 芝1800 ３歳上１勝クラス 17:30,1,ブルバンビーナ,42,,差,石田拓,54△,尾形和,美,52.7,9.4,https://jrdb.com/member/n_live_20260830_04263411.html,PASS_UI_RACE_SELECTOR_BASE_ODDS
2026-08-30,新潟,11,202604030411,04263411,17:30,11R 芝1800 ３歳上１勝クラス 17:30,2,シアブリス,49,注,逃,三浦皇[替],56,手塚徳,美,9.4,2.4,https://jrdb.com/member/n_live_20260830_04263411.html,PASS_UI_RACE_SELECTOR_BASE_ODDS
2026-08-30,新潟,11,202604030411,04263411,17:30,11R 芝1800 ３歳上１勝クラス 17:30,3,スカイダンスタイム,35,,追,石神道[替],54△,萱野浩,美,59.6,10.2,https://jrdb.com/member/n_live_20260830_04263411.html,PASS_UI_RACE_SELECTOR_BASE_ODDS
2026-08-30,新潟,11,202604030411,04263411,17:30,11R 芝1800 ３歳上１勝クラス 17:30,4,ナックホワイト,44,,逃,野中悠[替],53,杉浦宏,美,16.2,3.4,https://jrdb.com/member/n_live_20260830_04263411.html,PASS_UI_RACE_SELECTOR_BASE_ODDS
2026-08-30,新潟,11,202604030411,04263411,17:30,11R 芝1800 ３歳上１勝クラス 17:30,5,カンティーナ,45,,先,原優介[替],53,堀内岳,美,11.2,2.5,https://jrdb.com/member/n_live_20260830_04263411.html,PASS_UI_RACE_SELECTOR_BASE_ODDS
2026-08-30,新潟,11,202604030411,04263411,17:30,11R 芝1800 ３歳上１勝クラス 17:30,6,ニシノコマチムスメ,46,▽,追,菊沢一[替],56,松山将,美,31.5,5.9,https://jrdb.com/member/n_live_20260830_04263411.html,PASS_UI_RACE_SELECTOR_BASE_ODDS
2026-08-30,新潟,11,202604030411,04263411,17:30,11R 芝1800 ３歳上１勝クラス 17:30,7,ハニーオーケストラ,35,,逃,小崎綾[替],53,稲垣幸,美,42.3,7.6,https://jrdb.com/member/n_live_20260830_04263411.html,PASS_UI_RACE_SELECTOR_BASE_ODDS
2026-08-30,新潟,11,202604030411,04263411,17:30,11R 芝1800 ３歳上１勝クラス 17:30,8,ダーリングハースト,47,△,先,岩田望[替],53,宮田敬,美,5.4,1.8,https://jrdb.com/member/n_live_20260830_04263411.html,PASS_UI_RACE_SELECTOR_BASE_ODDS
2026-08-30,新潟,11,202604030411,04263411,17:30,11R 芝1800 ３歳上１勝クラス 17:30,9,ケイツールピア,43,,追,上里直[替],53▲,蛯名利,美,44,7.9,https://jrdb.com/member/n_live_20260830_04263411.html,PASS_UI_RACE_SELECTOR_BASE_ODDS
2026-08-30,新潟,11,202604030411,04263411,17:30,11R 芝1800 ３歳上１勝クラス 17:30,10,タッセルノット,51,○,差,戸崎圭[替],53,林　徹,美,2.2,1.3,https://jrdb.com/member/n_live_20260830_04263411.html,PASS_UI_RACE_SELECTOR_BASE_ODDS
2026-08-30,新潟,11,202604030411,04263411,17:30,11R 芝1800 ３歳上１勝クラス 17:30,11,シェーンシュティア,52,◎,追,杉原誠,56,林　徹,美,10.9,2.5,https://jrdb.com/member/n_live_20260830_04263411.html,PASS_UI_RACE_SELECTOR_BASE_ODDS
2026-08-30,新潟,11,202604030411,04263411,17:30,11R 芝1800 ３歳上１勝クラス 17:30,12,ヴァリスマリネリス,50,▲,先,津村明[替],53,中舘英,美,8.8,2.3,https://jrdb.com/member/n_live_20260830_04263411.html,PASS_UI_RACE_SELECTOR_BASE_ODDS
2026-08-30,新潟,11,202604030411,04263411,17:30,11R 芝1800 ３歳上１勝クラス 17:30,13,ココソラーレ,44,,差,武藤雅[替],53,天間昭,美,53.1,9.4,https://jrdb.com/member/n_live_20260830_04263411.html,PASS_UI_RACE_SELECTOR_BASE_ODDS
2026-08-30,新潟,11,202604030411,04263411,17:30,11R 芝1800 ３歳上１勝クラス 17:30,14,アオイハルカ,45,,差,今村聖,51◇,大久龍,栗,9.2,2.4,https://jrdb.com/member/n_live_20260830_04263411.html,PASS_UI_RACE_SELECTOR_BASE_ODDS
2026-08-30,新潟,12,202604030412,04263412,18:05,12R ダ1200 ３歳上１勝クラス 18:05,1,ガルディーノ,48,注,逃,石田拓,54△,新開幸,美,7.8,2,https://jrdb.com/member/n_live_20260830_04263412.html,PASS_UI_RACE_SELECTOR_BASE_ODDS
2026-08-30,新潟,12,202604030412,04263412,18:05,12R ダ1200 ３歳上１勝クラス 18:05,2,アイファージェット,35,,差,木幡育[替],58,的場均,美,141,20.9,https://jrdb.com/member/n_live_20260830_04263412.html,PASS_UI_RACE_SELECTOR_BASE_ODDS
2026-08-30,新潟,12,202604030412,04263412,18:05,12R ダ1200 ３歳上１勝クラス 18:05,3,スリーコーズ,49,▲,逃,岩田望,56,伊藤圭,美,6.6,1.8,https://jrdb.com/member/n_live_20260830_04263412.html,PASS_UI_RACE_SELECTOR_BASE_ODDS
2026-08-30,新潟,12,202604030412,04263412,18:05,12R ダ1200 ３歳上１勝クラス 18:05,4,エテオクロス,43,,追,杉原誠[替],58,新開幸,美,17.6,3.3,https://jrdb.com/member/n_live_20260830_04263412.html,PASS_UI_RACE_SELECTOR_BASE_ODDS
2026-08-30,新潟,12,202604030412,04263412,18:05,12R ダ1200 ３歳上１勝クラス 18:05,5,ゴーゴーパンチ,47,△,差,石神道[替],54△,天間昭,美,18.5,3.4,https://jrdb.com/member/n_live_20260830_04263412.html,PASS_UI_RACE_SELECTOR_BASE_ODDS
2026-08-30,新潟,12,202604030412,04263412,18:05,12R ダ1200 ３歳上１勝クラス 18:05,6,ジャックナダル,52,◎,差,川田将[替],56,伊坂重,美,2.6,1.3,https://jrdb.com/member/n_live_20260830_04263412.html,PASS_UI_RACE_SELECTOR_BASE_ODDS
2026-08-30,新潟,12,202604030412,04263412,18:05,12R ダ1200 ３歳上１勝クラス 18:05,7,クラウンフリード,25,,差,上里直[替],55▲,天間昭,美,63,9.7,https://jrdb.com/member/n_live_20260830_04263412.html,PASS_UI_RACE_SELECTOR_BASE_ODDS
2026-08-30,新潟,12,202604030412,04263412,18:05,12R ダ1200 ３歳上１勝クラス 18:05,8,サトノエスケープ,51,○,先,田辺裕,56,久保田,美,2.9,1.3,https://jrdb.com/member/n_live_20260830_04263412.html,PASS_UI_RACE_SELECTOR_BASE_ODDS
2026-08-30,新潟,12,202604030412,04263412,18:05,12R ダ1200 ３歳上１勝クラス 18:05,9,スマートブル,32,,先,内田博[替],58,室井潔,美,36.6,6,https://jrdb.com/member/n_live_20260830_04263412.html,PASS_UI_RACE_SELECTOR_BASE_ODDS
2026-08-30,新潟,12,202604030412,04263412,18:05,12R ダ1200 ３歳上１勝クラス 18:05,10,ガンバレベアー,37,,追,野中悠[替],56,杉浦宏,美,81,12.3,https://jrdb.com/member/n_live_20260830_04263412.html,PASS_UI_RACE_SELECTOR_BASE_ODDS
2026-08-30,新潟,12,202604030412,04263412,18:05,12R ダ1200 ３歳上１勝クラス 18:05,11,マルターズドン,38,,先,嶋田純,56,手塚貴,美,35.3,5.9,https://jrdb.com/member/n_live_20260830_04263412.html,PASS_UI_RACE_SELECTOR_BASE_ODDS
2026-08-30,新潟,12,202604030412,04263412,18:05,12R ダ1200 ３歳上１勝クラス 18:05,12,ナインオブレター,46,▽,差,原優介[替],58,佐藤吉,美,60.1,9.3,https://jrdb.com/member/n_live_20260830_04263412.html,PASS_UI_RACE_SELECTOR_BASE_ODDS
2026-08-30,新潟,12,202604030412,04263412,18:05,12R ダ1200 ３歳上１勝クラス 18:05,13,コンパクトファイト,37,,追,菅原隆[替],58,天間昭,美,128,18.9,https://jrdb.com/member/n_live_20260830_04263412.html,PASS_UI_RACE_SELECTOR_BASE_ODDS
2026-08-30,新潟,12,202604030412,04263412,18:05,12R ダ1200 ３歳上１勝クラス 18:05,14,ラベンダーヘイズ,43,,先,小崎綾[替],56,岩戸孝,美,9.4,2.2,https://jrdb.com/member/n_live_20260830_04263412.html,PASS_UI_RACE_SELECTOR_BASE_ODDS
2026-08-30,新潟,12,202604030412,04263412,18:05,12R ダ1200 ３歳上１勝クラス 18:05,15,ジェイエルライナー,30,,差,小林脩[替],56,青木孝,美,42.8,7,https://jrdb.com/member/n_live_20260830_04263412.html,PASS_UI_RACE_SELECTOR_BASE_ODDS
2026-08-30,中京,1,202607030401,07263401,09:50,1R 芝1400 ２歳未勝利 09:50,1,ビップルーチェ,19,,先,永島ま[替],53◇,田島俊,美,22.8,3.8,https://jrdb.com/member/n_live_20260830_07263401.html,PASS_UI_RACE_SELECTOR_BASE_ODDS
2026-08-30,中京,1,202607030401,07263401,09:50,1R 芝1400 ２歳未勝利 09:50,2,ナポリ,19,,追,川端海[替],52▲,井上智,栗,25.2,4.2,https://jrdb.com/member/n_live_20260830_07263401.html,PASS_UI_RACE_SELECTOR_BASE_ODDS
2026-08-30,中京,1,202607030401,07263401,09:50,1R 芝1400 ２歳未勝利 09:50,3,スピーディスピン,34,◎,差,田山旺,54☆,加藤公,栗,7.2,1.8,https://jrdb.com/member/n_live_20260830_07263401.html,PASS_UI_RACE_SELECTOR_BASE_ODDS
2026-08-30,中京,1,202607030401,07263401,09:50,1R 芝1400 ２歳未勝利 09:50,4,コジアン,26,▽,先,吉村誠[替],55,小椋研,栗,11.2,2.2,https://jrdb.com/member/n_live_20260830_07263401.html,PASS_UI_RACE_SELECTOR_BASE_ODDS
2026-08-30,中京,1,202607030401,07263401,09:50,1R 芝1400 ２歳未勝利 09:50,5,コスモルミナ,31,▲,逃,団野大[替],55,宮地貴,栗,6.1,1.6,https://jrdb.com/member/n_live_20260830_07263401.html,PASS_UI_RACE_SELECTOR_BASE_ODDS
2026-08-30,中京,1,202607030401,07263401,09:50,1R 芝1400 ２歳未勝利 09:50,6,ダイメイアゲイン,19,,追,川須栄,55,秋山真,栗,27.5,4.5,https://jrdb.com/member/n_live_20260830_07263401.html,PASS_UI_RACE_SELECTOR_BASE_ODDS
2026-08-30,中京,1,202607030401,07263401,09:50,1R 芝1400 ２歳未勝利 09:50,7,ロンリーマン,30,注,追,太宰啓[替],55,荒川義,栗,17,3.1,https://jrdb.com/member/n_live_20260830_07263401.html,PASS_UI_RACE_SELECTOR_BASE_ODDS
2026-08-30,中京,1,202607030401,07263401,09:50,1R 芝1400 ２歳未勝利 09:50,8,ヴィヴェローネ,32,○,先,松山弘,55,高野友,栗,2.1,1.2,https://jrdb.com/member/n_live_20260830_07263401.html,PASS_UI_RACE_SELECTOR_BASE_ODDS
2026-08-30,中京,1,202607030401,07263401,09:50,1R 芝1400 ２歳未勝利 09:50,9,スターオブザイヤー,28,△,差,松若風,55,井上智,栗,3.6,1.3,https://jrdb.com/member/n_live_20260830_07263401.html,PASS_UI_RACE_SELECTOR_BASE_ODDS
2026-08-30,中京,1,202607030401,07263401,09:50,1R 芝1400 ２歳未勝利 09:50,10,ヤマトデュノール,19,,追,森田誠,52▲,安達昭,栗,42.9,6.6,https://jrdb.com/member/n_live_20260830_07263401.html,PASS_UI_RACE_SELECTOR_BASE_ODDS
2026-08-30,中京,2,202607030402,07263402,10:25,2R 芝1600 ２歳新馬 10:25,1,サトノボルテクス,30,注,,幸英明,55,中竹和,栗,8.5,2.1,https://jrdb.com/member/n_live_20260830_07263402.html,PASS_UI_RACE_SELECTOR_BASE_ODDS
2026-08-30,中京,2,202607030402,07263402,10:25,2R 芝1600 ２歳新馬 10:25,2,シーラーステート,34,▲,,坂井瑠,55,室井潔,美,4,1.4,https://jrdb.com/member/n_live_20260830_07263402.html,PASS_UI_RACE_SELECTOR_BASE_ODDS
2026-08-30,中京,2,202607030402,07263402,10:25,2R 芝1600 ２歳新馬 10:25,3,ベラジオセブン,15,,,国分恭,55,小椋研,栗,24.3,4.3,https://jrdb.com/member/n_live_20260830_07263402.html,PASS_UI_RACE_SELECTOR_BASE_ODDS
2026-08-30,中京,2,202607030402,07263402,10:25,2R 芝1600 ２歳新馬 10:25,4,コスモクラウン,45,◎,,松山弘,55,北出成,栗,2.2,1.2,https://jrdb.com/member/n_live_20260830_07263402.html,PASS_UI_RACE_SELECTOR_BASE_ODDS
2026-08-30,中京,2,202607030402,07263402,10:25,2R 芝1600 ２歳新馬 10:25,5,シャトンダンス,25,,,吉村誠,55,東田明,栗,15.7,3.1,https://jrdb.com/member/n_live_20260830_07263402.html,PASS_UI_RACE_SELECTOR_BASE_ODDS
2026-08-30,中京,2,202607030402,07263402,10:25,2R 芝1600 ２歳新馬 10:25,6,ナイトインチュニス,36,○,,団野大,55,野中賢,栗,5.9,1.7,https://jrdb.com/member/n_live_20260830_07263402.html,PASS_UI_RACE_SELECTOR_BASE_ODDS
2026-08-30,中京,2,202607030402,07263402,10:25,2R 芝1600 ２歳新馬 10:25,7,ラガッタレアーレ,26,△,,北村友,55,秋山真,栗,11.7,2.5,https://jrdb.com/member/n_live_20260830_07263402.html,PASS_UI_RACE_SELECTOR_BASE_ODDS
2026-08-30,中京,2,202607030402,07263402,10:25,2R 芝1600 ２歳新馬 10:25,8,メイショウセイクウ,25,▽,,松若風,55,荒川義,栗,13.1,2.7,https://jrdb.com/member/n_live_20260830_07263402.html,PASS_UI_RACE_SELECTOR_BASE_ODDS
2026-08-30,中京,2,202607030402,07263402,10:25,2R 芝1600 ２歳新馬 10:25,9,メイショウスパーク,16,,,太宰啓,55,飯田祐,栗,17.6,3.4,https://jrdb.com/member/n_live_20260830_07263402.html,PASS_UI_RACE_SELECTOR_BASE_ODDS
2026-08-30,中京,2,202607030402,07263402,10:25,2R 芝1600 ２歳新馬 10:25,10,カフジポポー,15,,,田山旺,54☆,森田直,栗,27.2,4.8,https://jrdb.com/member/n_live_20260830_07263402.html,PASS_UI_RACE_SELECTOR_BASE_ODDS
2026-08-30,中京,3,202607030403,07263403,10:55,3R 芝2000 ２歳新馬 10:55,1,サイモンジェセル,16,,,松山弘,55,梅田智,栗,18.6,4.5,https://jrdb.com/member/n_live_20260830_07263403.html,PASS_UI_RACE_SELECTOR_BASE_ODDS
2026-08-30,中京,3,202607030403,07263403,10:55,3R 芝2000 ２歳新馬 10:55,2,ブレイズフォート,29,注,,北村友,55,高野友,栗,6.6,2.2,https://jrdb.com/member/n_live_20260830_07263403.html,PASS_UI_RACE_SELECTOR_BASE_ODDS
2026-08-30,中京,3,202607030403,07263403,10:55,3R 芝2000 ２歳新馬 10:55,3,ジェントル,15,,,団野大,55,池添学,栗,25.1,5.8,https://jrdb.com/member/n_live_20260830_07263403.html,PASS_UI_RACE_SELECTOR_BASE_ODDS
2026-08-30,中京,3,202607030403,07263403,10:55,3R 芝2000 ２歳新馬 10:55,4,ポカポカヨウキ,36,◎,,松若風,55,東田明,栗,3.8,1.6,https://jrdb.com/member/n_live_20260830_07263403.html,PASS_UI_RACE_SELECTOR_BASE_ODDS
2026-08-30,中京,3,202607030403,07263403,10:55,3R 芝2000 ２歳新馬 10:55,5,コルキス,28,△,,西村淳,55,須貝尚,栗,5,1.8,https://jrdb.com/member/n_live_20260830_07263403.html,PASS_UI_RACE_SELECTOR_BASE_ODDS
2026-08-30,中京,3,202607030403,07263403,10:55,3R 芝2000 ２歳新馬 10:55,6,アモロロプーロ,17,,,永島ま,53◇,高橋康,栗,21.7,5.1,https://jrdb.com/member/n_live_20260830_07263403.html,PASS_UI_RACE_SELECTOR_BASE_ODDS
2026-08-30,中京,3,202607030403,07263403,10:55,3R 芝2000 ２歳新馬 10:55,7,ゴーイントゥノヴァ,27,▽,,坂井瑠,55,新谷功,栗,7.4,2.4,https://jrdb.com/member/n_live_20260830_07263403.html,PASS_UI_RACE_SELECTOR_BASE_ODDS
2026-08-30,中京,3,202607030403,07263403,10:55,3R 芝2000 ２歳新馬 10:55,8,エーテルワーム,25,,,吉村誠,55,杉山晴,栗,9,2.7,https://jrdb.com/member/n_live_20260830_07263403.html,PASS_UI_RACE_SELECTOR_BASE_ODDS
2026-08-30,中京,3,202607030403,07263403,10:55,3R 芝2000 ２歳新馬 10:55,9,ロードフローリス,35,▲,,田口貫,55,小椋研,栗,4.6,1.8,https://jrdb.com/member/n_live_20260830_07263403.html,PASS_UI_RACE_SELECTOR_BASE_ODDS
2026-08-30,中京,3,202607030403,07263403,10:55,3R 芝2000 ２歳新馬 10:55,10,ルクスアルカード,35,○,,富田暁,55,上村洋,栗,7,2.3,https://jrdb.com/member/n_live_20260830_07263403.html,PASS_UI_RACE_SELECTOR_BASE_ODDS
2026-08-30,中京,3,202607030403,07263403,10:55,3R 芝2000 ２歳新馬 10:55,11,ワンダーラヴグッド,15,,,酒井学,55,羽月友,栗,39,8.6,https://jrdb.com/member/n_live_20260830_07263403.html,PASS_UI_RACE_SELECTOR_BASE_ODDS
2026-08-30,中京,4,202607030404,07263404,11:25,4R ダ1400 ３歳未勝利 11:25,1,キングズテイル,42,○,先,松山弘[替],57,岡田稲,栗,4.5,1.6,https://jrdb.com/member/n_live_20260830_07263404.html,PASS_UI_RACE_SELECTOR_BASE_ODDS
2026-08-30,中京,4,202607030404,07263404,11:25,4R ダ1400 ３歳未勝利 11:25,2,プペアンビスキュイ,25,,差,坂井瑠[替],55,茶木太,栗,6,1.8,https://jrdb.com/member/n_live_20260830_07263404.html,PASS_UI_RACE_SELECTOR_BASE_ODDS
2026-08-30,中京,4,202607030404,07263404,11:25,4R ダ1400 ３歳未勝利 11:25,3,オーロラボレアリス,27,△,追,北村友[替],55,吉岡辰,栗,14.5,3,https://jrdb.com/member/n_live_20260830_07263404.html,PASS_UI_RACE_SELECTOR_BASE_ODDS
2026-08-30,中京,4,202607030404,07263404,11:25,4R ダ1400 ３歳未勝利 11:25,4,カツラコマチ,23,,追,国分恭,55,吉村圭,栗,27.5,5.1,https://jrdb.com/member/n_live_20260830_07263404.html,PASS_UI_RACE_SELECTOR_BASE_ODDS
2026-08-30,中京,4,202607030404,07263404,11:25,4R ダ1400 ３歳未勝利 11:25,5,ハツアカネ,22,,先,松若風,55,小崎憲,栗,36.8,6.6,https://jrdb.com/member/n_live_20260830_07263404.html,PASS_UI_RACE_SELECTOR_BASE_ODDS
2026-08-30,中京,4,202607030404,07263404,11:25,4R ダ1400 ３歳未勝利 11:25,6,グランブリーゼ,14,,追,加藤祥,55,庄野靖,栗,69.9,11.6,https://jrdb.com/member/n_live_20260830_07263404.html,PASS_UI_RACE_SELECTOR_BASE_ODDS
2026-08-30,中京,4,202607030404,07263404,11:25,4R ダ1400 ３歳未勝利 11:25,7,セッシュウ,50,◎,先,団野大,57,石橋守,栗,2.3,1.2,https://jrdb.com/member/n_live_20260830_07263404.html,PASS_UI_RACE_SELECTOR_BASE_ODDS
2026-08-30,中京,4,202607030404,07263404,11:25,4R ダ1400 ３歳未勝利 11:25,8,メイショウヒタカミ,36,▲,差,角田和,57,石橋守,栗,12.6,2.7,https://jrdb.com/member/n_live_20260830_07263404.html,PASS_UI_RACE_SELECTOR_BASE_ODDS
2026-08-30,中京,4,202607030404,07263404,11:25,4R ダ1400 ３歳未勝利 11:25,9,デュードロップ,20,,差,永島ま,53◇,平田修,栗,38,6.8,https://jrdb.com/member/n_live_20260830_07263404.html,PASS_UI_RACE_SELECTOR_BASE_ODDS
2026-08-30,中京,4,202607030404,07263404,11:25,4R ダ1400 ３歳未勝利 11:25,10,ラッキーヴォーグ,35,注,先,西村淳[替],57,牧田和,栗,9.1,2.3,https://jrdb.com/member/n_live_20260830_07263404.html,PASS_UI_RACE_SELECTOR_BASE_ODDS
2026-08-30,中京,4,202607030404,07263404,11:25,4R ダ1400 ３歳未勝利 11:25,11,メイショウドキョウ,14,,追,富田暁,57,笹田和,栗,93.1,15.3,https://jrdb.com/member/n_live_20260830_07263404.html,PASS_UI_RACE_SELECTOR_BASE_ODDS
2026-08-30,中京,4,202607030404,07263404,11:25,4R ダ1400 ３歳未勝利 11:25,12,サウンドヴィヴァン,17,,先,森田誠,54▲,斉藤崇,栗,74.3,12.3,https://jrdb.com/member/n_live_20260830_07263404.html,PASS_UI_RACE_SELECTOR_BASE_ODDS
2026-08-30,中京,4,202607030404,07263404,11:25,4R ダ1400 ３歳未勝利 11:25,13,サカトクフェイス,25,,差,長岡禎,57,今野貞,栗,64,10.7,https://jrdb.com/member/n_live_20260830_07263404.html,PASS_UI_RACE_SELECTOR_BASE_ODDS
2026-08-30,中京,4,202607030404,07263404,11:25,4R ダ1400 ３歳未勝利 11:25,14,ウェンロック,27,▽,,田山旺,56☆,藤岡健,栗,20.3,4,https://jrdb.com/member/n_live_20260830_07263404.html,PASS_UI_RACE_SELECTOR_BASE_ODDS
2026-08-30,中京,4,202607030404,07263404,11:25,4R ダ1400 ３歳未勝利 11:25,15,サンロンブル,20,,差,Ｍデム[替],57,柴田卓,栗,23.8,4.5,https://jrdb.com/member/n_live_20260830_07263404.html,PASS_UI_RACE_SELECTOR_BASE_ODDS
2026-08-30,中京,4,202607030404,07263404,11:25,4R ダ1400 ３歳未勝利 11:25,16,メイショウケンゴウ,25,,差,太宰啓,57,高橋亮,栗,48.5,8.5,https://jrdb.com/member/n_live_20260830_07263404.html,PASS_UI_RACE_SELECTOR_BASE_ODDS
2026-08-30,中京,5,202607030405,07263405,11:55,5R ダ1800 ３歳上１勝クラス 11:55,1,マジックブルー,35,,差,太宰啓[替],58,荒川義,栗,30.7,6,https://jrdb.com/member/n_live_20260830_07263405.html,PASS_UI_RACE_SELECTOR_BASE_ODDS
2026-08-30,中京,5,202607030405,07263405,11:55,5R ダ1800 ３歳上１勝クラス 11:55,2,スコーピオンイメル,35,,追,高倉稜[替],58,武英智,栗,20.3,4.2,https://jrdb.com/member/n_live_20260830_07263405.html,PASS_UI_RACE_SELECTOR_BASE_ODDS
2026-08-30,中京,5,202607030405,07263405,11:55,5R ダ1800 ３歳上１勝クラス 11:55,3,ブームバップビート,46,注,先,坂井瑠,55,中内田,栗,2.5,1.3,https://jrdb.com/member/n_live_20260830_07263405.html,PASS_UI_RACE_SELECTOR_BASE_ODDS
2026-08-30,中京,5,202607030405,07263405,11:55,5R ダ1800 ３歳上１勝クラス 11:55,4,クラックショット,49,○,差,北村友[替],55,清水久,栗,17.1,3.7,https://jrdb.com/member/n_live_20260830_07263405.html,PASS_UI_RACE_SELECTOR_BASE_ODDS
2026-08-30,中京,5,202607030405,07263405,11:55,5R ダ1800 ３歳上１勝クラス 11:55,5,タリスマン,50,◎,追,伊藤工,58,金成貴,美,15.9,3.5,https://jrdb.com/member/n_live_20260830_07263405.html,PASS_UI_RACE_SELECTOR_BASE_ODDS
2026-08-30,中京,5,202607030405,07263405,11:55,5R ダ1800 ３歳上１勝クラス 11:55,6,オーレアミスト,46,△,追,幸英明[替],58,井上智,栗,23,4.6,https://jrdb.com/member/n_live_20260830_07263405.html,PASS_UI_RACE_SELECTOR_BASE_ODDS
2026-08-30,中京,5,202607030405,07263405,11:55,5R ダ1800 ３歳上１勝クラス 11:55,7,トワイライトサイト,40,,追,菱田裕[替],55,嘉藤貴,美,43.3,8.2,https://jrdb.com/member/n_live_20260830_07263405.html,PASS_UI_RACE_SELECTOR_BASE_ODDS
2026-08-30,中京,5,202607030405,07263405,11:55,5R ダ1800 ３歳上１勝クラス 11:55,8,ビービーバザーク,42,,先,西村淳[替],58,武幸四,栗,8,2.2,https://jrdb.com/member/n_live_20260830_07263405.html,PASS_UI_RACE_SELECTOR_BASE_ODDS
2026-08-30,中京,5,202607030405,07263405,11:55,5R ダ1800 ３歳上１勝クラス 11:55,9,メイショウマドロス,47,▲,先,団野大[替],58,石橋守,栗,4.5,1.6,https://jrdb.com/member/n_live_20260830_07263405.html,PASS_UI_RACE_SELECTOR_BASE_ODDS
2026-08-30,中京,5,202607030405,07263405,11:55,5R ダ1800 ３歳上１勝クラス 11:55,10,アトモス,43,,差,角田和,55,角田晃,栗,5.3,1.7,https://jrdb.com/member/n_live_20260830_07263405.html,PASS_UI_RACE_SELECTOR_BASE_ODDS
2026-08-30,中京,5,202607030405,07263405,11:55,5R ダ1800 ３歳上１勝クラス 11:55,11,ステイクオール,45,▽,追,富田暁[替],58,上村洋,栗,8.9,2.4,https://jrdb.com/member/n_live_20260830_07263405.html,PASS_UI_RACE_SELECTOR_BASE_ODDS
2026-08-30,中京,5,202607030405,07263405,11:55,5R ダ1800 ３歳上１勝クラス 11:55,12,ルシタニア,40,,差,森田誠,55▲,武幸四,栗,43.9,8.3,https://jrdb.com/member/n_live_20260830_07263405.html,PASS_UI_RACE_SELECTOR_BASE_ODDS
2026-08-30,中京,5,202607030405,07263405,11:55,5R ダ1800 ３歳上１勝クラス 11:55,13,シンギタイ,29,,先,田口貫,58,庄野靖,栗,34.8,6.7,https://jrdb.com/member/n_live_20260830_07263405.html,PASS_UI_RACE_SELECTOR_BASE_ODDS
2026-08-30,中京,6,202607030406,07263406,15:00,6R ダ1900 白川郷ステークス 3勝クラス WIN5 15:00,1,サンセットブライト,51,,追,秋山稔[替],52,相沢郁,美,60.3,9.6,https://jrdb.com/member/n_live_20260830_07263406.html,PASS_UI_RACE_SELECTOR_BASE_ODDS
2026-08-30,中京,6,202607030406,07263406,15:00,6R ダ1900 白川郷ステークス 3勝クラス WIN5 15:00,2,ペンナヴェローチェ,56,,先,北村友[替],57,須貝尚,栗,17.4,3.4,https://jrdb.com/member/n_live_20260830_07263406.html,PASS_UI_RACE_SELECTOR_BASE_ODDS
2026-08-30,中京,6,202607030406,07263406,15:00,6R ダ1900 白川郷ステークス 3勝クラス WIN5 15:00,3,ダンツシタン,54,,差,太宰啓,54,本田優,栗,5.5,1.7,https://jrdb.com/member/n_live_20260830_07263406.html,PASS_UI_RACE_SELECTOR_BASE_ODDS
2026-08-30,中京,6,202607030406,07263406,15:00,6R ダ1900 白川郷ステークス 3勝クラス WIN5 15:00,4,ビップスコーピオン,49,,追,Ｍデム[替],55,田島俊,美,33.3,5.7,https://jrdb.com/member/n_live_20260830_07263406.html,PASS_UI_RACE_SELECTOR_BASE_ODDS
2026-08-30,中京,6,202607030406,07263406,15:00,6R ダ1900 白川郷ステークス 3勝クラス WIN5 15:00,5,シャルクハフト,58,▽,差,吉村誠[替],54,清水久,栗,57,9.1,https://jrdb.com/member/n_live_20260830_07263406.html,PASS_UI_RACE_SELECTOR_BASE_ODDS
2026-08-30,中京,6,202607030406,07263406,15:00,6R ダ1900 白川郷ステークス 3勝クラス WIN5 15:00,6,ビービークローサー,67,◎,差,坂井瑠,55,野中賢,栗,1.9,1.2,https://jrdb.com/member/n_live_20260830_07263406.html,PASS_UI_RACE_SELECTOR_BASE_ODDS
2026-08-30,中京,6,202607030406,07263406,15:00,6R ダ1900 白川郷ステークス 3勝クラス WIN5 15:00,7,タイセイカイザー,56,,差,団野大[替],55,奥村豊,栗,26.3,4.7,https://jrdb.com/member/n_live_20260830_07263406.html,PASS_UI_RACE_SELECTOR_BASE_ODDS
2026-08-30,中京,6,202607030406,07263406,15:00,6R ダ1900 白川郷ステークス 3勝クラス WIN5 15:00,8,インザモーメント,59,△,差,田山旺,56,田中克,栗,30.6,5.3,https://jrdb.com/member/n_live_20260830_07263406.html,PASS_UI_RACE_SELECTOR_BASE_ODDS
2026-08-30,中京,6,202607030406,07263406,15:00,6R ダ1900 白川郷ステークス 3勝クラス WIN5 15:00,9,リューデスハイム,61,注,逃,西村淳[替],55,牧田和,栗,14.1,2.9,https://jrdb.com/member/n_live_20260830_07263406.html,PASS_UI_RACE_SELECTOR_BASE_ODDS
2026-08-30,中京,6,202607030406,07263406,15:00,6R ダ1900 白川郷ステークス 3勝クラス WIN5 15:00,10,インジケーター,53,,逃,酒井学[替],53,高橋康,栗,83.6,13.1,https://jrdb.com/member/n_live_20260830_07263406.html,PASS_UI_RACE_SELECTOR_BASE_ODDS
2026-08-30,中京,6,202607030406,07263406,15:00,6R ダ1900 白川郷ステークス 3勝クラス WIN5 15:00,11,フームスムート,48,,差,菱田裕[替],53,水野貴,美,78.7,12.4,https://jrdb.com/member/n_live_20260830_07263406.html,PASS_UI_RACE_SELECTOR_BASE_ODDS
2026-08-30,中京,6,202607030406,07263406,15:00,6R ダ1900 白川郷ステークス 3勝クラス WIN5 15:00,12,クァンタムウェーブ,56,,差,幸英明[替],56,松永幹,栗,18.2,3.5,https://jrdb.com/member/n_live_20260830_07263406.html,PASS_UI_RACE_SELECTOR_BASE_ODDS
2026-08-30,中京,6,202607030406,07263406,15:00,6R ダ1900 白川郷ステークス 3勝クラス WIN5 15:00,13,メイショウシナノ,61,▲,追,田口貫,56,大橋勇,栗,22.4,4.1,https://jrdb.com/member/n_live_20260830_07263406.html,PASS_UI_RACE_SELECTOR_BASE_ODDS
2026-08-30,中京,6,202607030406,07263406,15:00,6R ダ1900 白川郷ステークス 3勝クラス WIN5 15:00,14,レヴァンテシチー,57,,追,松山弘,55,柴田卓,栗,11.8,2.5,https://jrdb.com/member/n_live_20260830_07263406.html,PASS_UI_RACE_SELECTOR_BASE_ODDS
2026-08-30,中京,6,202607030406,07263406,15:00,6R ダ1900 白川郷ステークス 3勝クラス WIN5 15:00,15,キーチパルフェ,58,,差,松若風[替],56,高柳大,栗,17.7,3.4,https://jrdb.com/member/n_live_20260830_07263406.html,PASS_UI_RACE_SELECTOR_BASE_ODDS
2026-08-30,中京,6,202607030406,07263406,15:00,6R ダ1900 白川郷ステークス 3勝クラス WIN5 15:00,16,ゴッドエスパーダ,66,○,差,角田和,55,角田晃,栗,11,2.4,https://jrdb.com/member/n_live_20260830_07263406.html,PASS_UI_RACE_SELECTOR_BASE_ODDS
2026-08-30,中京,7,202607030407,07263407,15:35,7R 芝1400 中京２歳Ｓ・Ｇ３ WIN5 15:35,1,ピコキング,19,,差,田口貫[替],55,森秀行,栗,29.1,5.1,https://jrdb.com/member/n_live_20260830_07263407.html,PASS_UI_RACE_SELECTOR_BASE_ODDS
2026-08-30,中京,7,202607030407,07263407,15:35,7R 芝1400 中京２歳Ｓ・Ｇ３ WIN5 15:35,2,バクソウシャチョウ,40,△,先,松若風[替],55,森秀行,栗,17.5,3.4,https://jrdb.com/member/n_live_20260830_07263407.html,PASS_UI_RACE_SELECTOR_BASE_ODDS
2026-08-30,中京,7,202607030407,07263407,15:35,7R 芝1400 中京２歳Ｓ・Ｇ３ WIN5 15:35,3,サンタンジェロ,43,▲,追,西村淳[替],55,須貝尚,栗,3.3,1.3,https://jrdb.com/member/n_live_20260830_07263407.html,PASS_UI_RACE_SELECTOR_BASE_ODDS
2026-08-30,中京,7,202607030407,07263407,15:35,7R 芝1400 中京２歳Ｓ・Ｇ３ WIN5 15:35,4,シスキンブルーム,46,○,逃,団野大,55,斉藤崇,栗,6.6,1.8,https://jrdb.com/member/n_live_20260830_07263407.html,PASS_UI_RACE_SELECTOR_BASE_ODDS
2026-08-30,中京,7,202607030407,07263407,15:35,7R 芝1400 中京２歳Ｓ・Ｇ３ WIN5 15:35,5,マルモリムソウ,34,,逃,泉谷楓,55,大橋勇,栗,14,2.9,https://jrdb.com/member/n_live_20260830_07263407.html,PASS_UI_RACE_SELECTOR_BASE_ODDS
2026-08-30,中京,7,202607030407,07263407,15:35,7R 芝1400 中京２歳Ｓ・Ｇ３ WIN5 15:35,6,ジャスパートレノ,35,▽,逃,中井裕[替],55,森秀行,栗,23,4.2,https://jrdb.com/member/n_live_20260830_07263407.html,PASS_UI_RACE_SELECTOR_BASE_ODDS
2026-08-30,中京,7,202607030407,07263407,15:35,7R 芝1400 中京２歳Ｓ・Ｇ３ WIN5 15:35,7,ビスケットサンド,41,注,差,北村友,55,佐藤悠,栗,3.7,1.3,https://jrdb.com/member/n_live_20260830_07263407.html,PASS_UI_RACE_SELECTOR_BASE_ODDS
2026-08-30,中京,7,202607030407,07263407,15:35,7R 芝1400 中京２歳Ｓ・Ｇ３ WIN5 15:35,8,ピコジャック,19,,先,吉村誠[替],55,森秀行,栗,25.1,4.5,https://jrdb.com/member/n_live_20260830_07263407.html,PASS_UI_RACE_SELECTOR_BASE_ODDS
2026-08-30,中京,7,202607030407,07263407,15:35,7R 芝1400 中京２歳Ｓ・Ｇ３ WIN5 15:35,9,ジーティーマイカ,51,◎,先,松山弘,55,前川恭,栗,2.6,1.2,https://jrdb.com/member/n_live_20260830_07263407.html,PASS_UI_RACE_SELECTOR_BASE_ODDS
2026-08-30,中京,8,202607030408,07263408,16:10,8R 芝2200 熊野特別 2勝クラス 16:10,1,ブレットパス,59,○,追,吉村誠[替],55,中内田,栗,3,1.4,https://jrdb.com/member/n_live_20260830_07263408.html,PASS_UI_RACE_SELECTOR_BASE_ODDS
2026-08-30,中京,8,202607030408,07263408,16:10,8R 芝2200 熊野特別 2勝クラス 16:10,2,サガルマータ,55,▽,差,松山弘[替],55,福永祐,栗,5.4,1.8,https://jrdb.com/member/n_live_20260830_07263408.html,PASS_UI_RACE_SELECTOR_BASE_ODDS
2026-08-30,中京,8,202607030408,07263408,16:10,8R 芝2200 熊野特別 2勝クラス 16:10,3,ノチェセラーダ,56,△,追,西村淳,55,杉山佳,栗,5.3,1.8,https://jrdb.com/member/n_live_20260830_07263408.html,PASS_UI_RACE_SELECTOR_BASE_ODDS
2026-08-30,中京,8,202607030408,07263408,16:10,8R 芝2200 熊野特別 2勝クラス 16:10,4,ショウナンハウル,49,,追,富田暁,58,松下武,栗,99.8,18.2,https://jrdb.com/member/n_live_20260830_07263408.html,PASS_UI_RACE_SELECTOR_BASE_ODDS
2026-08-30,中京,8,202607030408,07263408,16:10,8R 芝2200 熊野特別 2勝クラス 16:10,5,ソルパッサーレ,49,,差,団野大[替],53,四位洋,栗,25,5.2,https://jrdb.com/member/n_live_20260830_07263408.html,PASS_UI_RACE_SELECTOR_BASE_ODDS
2026-08-30,中京,8,202607030408,07263408,16:10,8R 芝2200 熊野特別 2勝クラス 16:10,6,ニュークレド,52,,差,松若風[替],58,石坂公,栗,18.3,4,https://jrdb.com/member/n_live_20260830_07263408.html,PASS_UI_RACE_SELECTOR_BASE_ODDS
2026-08-30,中京,8,202607030408,07263408,16:10,8R 芝2200 熊野特別 2勝クラス 16:10,7,カフジエメンタール,60,◎,先,坂井瑠,55,矢作芳,栗,4,1.5,https://jrdb.com/member/n_live_20260830_07263408.html,PASS_UI_RACE_SELECTOR_BASE_ODDS
2026-08-30,中京,8,202607030408,07263408,16:10,8R 芝2200 熊野特別 2勝クラス 16:10,8,ヤマニンループ,51,,追,太宰啓[替],58,松永幹,栗,56.4,10.6,https://jrdb.com/member/n_live_20260830_07263408.html,PASS_UI_RACE_SELECTOR_BASE_ODDS
2026-08-30,中京,8,202607030408,07263408,16:10,8R 芝2200 熊野特別 2勝クラス 16:10,9,ジェットブレード,46,,差,田口貫[替],58,青木孝,美,52.8,10.2,https://jrdb.com/member/n_live_20260830_07263408.html,PASS_UI_RACE_SELECTOR_BASE_ODDS
2026-08-30,中京,8,202607030408,07263408,16:10,8R 芝2200 熊野特別 2勝クラス 16:10,10,シャドウマスター,49,,差,北村友,55,杉山晴,栗,11.5,2.8,https://jrdb.com/member/n_live_20260830_07263408.html,PASS_UI_RACE_SELECTOR_BASE_ODDS
2026-08-30,中京,8,202607030408,07263408,16:10,8R 芝2200 熊野特別 2勝クラス 16:10,11,ビップチェイス,56,注,差,菱田裕[替],58,田島俊,美,66,12.3,https://jrdb.com/member/n_live_20260830_07263408.html,PASS_UI_RACE_SELECTOR_BASE_ODDS
2026-08-30,中京,8,202607030408,07263408,16:10,8R 芝2200 熊野特別 2勝クラス 16:10,12,スイートオレンジ,50,,先,秋山稔[替],56,中川公,美,30.2,6.1,https://jrdb.com/member/n_live_20260830_07263408.html,PASS_UI_RACE_SELECTOR_BASE_ODDS
2026-08-30,中京,8,202607030408,07263408,16:10,8R 芝2200 熊野特別 2勝クラス 16:10,13,オルトパラティウム,59,▲,差,田山旺[替],58,金成貴,美,26.8,5.5,https://jrdb.com/member/n_live_20260830_07263408.html,PASS_UI_RACE_SELECTOR_BASE_ODDS
2026-08-30,中京,8,202607030408,07263408,16:10,8R 芝2200 熊野特別 2勝クラス 16:10,14,ジュンライデン,47,,先,Ｍデム[替],58,友道康,栗,28.7,5.9,https://jrdb.com/member/n_live_20260830_07263408.html,PASS_UI_RACE_SELECTOR_BASE_ODDS
2026-08-30,中京,8,202607030408,07263408,16:10,8R 芝2200 熊野特別 2勝クラス 16:10,15,メイショウナルカミ,50,,先,幸英明,55,安達昭,栗,20.7,4.5,https://jrdb.com/member/n_live_20260830_07263408.html,PASS_UI_RACE_SELECTOR_BASE_ODDS
2026-08-30,中京,9,202607030409,07263409,16:45,9R ダ1800 ３歳未勝利(無料開放レース) 16:45,1,ベリベリハッピー,19,,差,国分恭,55,渡辺薫,栗,50.8,9.5,https://jrdb.com/member/n_live_20260830_07263409.html,PASS_UI_RACE_SELECTOR_BASE_ODDS
2026-08-30,中京,9,202607030409,07263409,16:45,9R ダ1800 ３歳未勝利(無料開放レース) 16:45,2,スプレンドーレ,18,,追,国分優,55,矢作芳,栗,24.6,4.9,https://jrdb.com/member/n_live_20260830_07263409.html,PASS_UI_RACE_SELECTOR_BASE_ODDS
2026-08-30,中京,9,202607030409,07263409,16:45,9R ダ1800 ３歳未勝利(無料開放レース) 16:45,3,キミガスキダ,34,▲,追,吉村誠[替],55,牧田和,栗,6.6,2,https://jrdb.com/member/n_live_20260830_07263409.html,PASS_UI_RACE_SELECTOR_BASE_ODDS
2026-08-30,中京,9,202607030409,07263409,16:45,9R ダ1800 ３歳未勝利(無料開放レース) 16:45,4,オーブフレッシュ,24,,逃,長岡禎[替],55,辻野泰,栗,27.9,5.5,https://jrdb.com/member/n_live_20260830_07263409.html,PASS_UI_RACE_SELECTOR_BASE_ODDS
2026-08-30,中京,9,202607030409,07263409,16:45,9R ダ1800 ３歳未勝利(無料開放レース) 16:45,5,タマモパルファン,20,,追,柴田裕[替],53△,角田晃,栗,64.1,11.5,https://jrdb.com/member/n_live_20260830_07263409.html,PASS_UI_RACE_SELECTOR_BASE_ODDS
2026-08-30,中京,9,202607030409,07263409,16:45,9R ダ1800 ３歳未勝利(無料開放レース) 16:45,6,タガノアルテミス,34,○,逃,松山弘[替],55,西園翔,栗,3.4,1.4,https://jrdb.com/member/n_live_20260830_07263409.html,PASS_UI_RACE_SELECTOR_BASE_ODDS
2026-08-30,中京,9,202607030409,07263409,16:45,9R ダ1800 ３歳未勝利(無料開放レース) 16:45,7,ダノンプレリュード,18,,差,角田和[替],55,坂口智,栗,20.6,4.3,https://jrdb.com/member/n_live_20260830_07263409.html,PASS_UI_RACE_SELECTOR_BASE_ODDS
2026-08-30,中京,9,202607030409,07263409,16:45,9R ダ1800 ３歳未勝利(無料開放レース) 16:45,8,アンヌグロース,19,,追,永島ま[替],53◇,松下武,栗,42.5,8.1,https://jrdb.com/member/n_live_20260830_07263409.html,PASS_UI_RACE_SELECTOR_BASE_ODDS
2026-08-30,中京,9,202607030409,07263409,16:45,9R ダ1800 ３歳未勝利(無料開放レース) 16:45,9,スマイルガーデン,16,,追,西村淳,55,西村真,栗,19.2,4.1,https://jrdb.com/member/n_live_20260830_07263409.html,PASS_UI_RACE_SELECTOR_BASE_ODDS
2026-08-30,中京,9,202607030409,07263409,16:45,9R ダ1800 ３歳未勝利(無料開放レース) 16:45,10,アキノビューティー,37,◎,追,鮫島良,55,河嶋宏,栗,5,1.7,https://jrdb.com/member/n_live_20260830_07263409.html,PASS_UI_RACE_SELECTOR_BASE_ODDS
2026-08-30,中京,9,202607030409,07263409,16:45,9R ダ1800 ３歳未勝利(無料開放レース) 16:45,11,スマートエトワール,29,▽,先,川端海[替],52▲,辻野泰,栗,59.7,10.8,https://jrdb.com/member/n_live_20260830_07263409.html,PASS_UI_RACE_SELECTOR_BASE_ODDS
2026-08-30,中京,9,202607030409,07263409,16:45,9R ダ1800 ３歳未勝利(無料開放レース) 16:45,12,ローズラフィネ,32,注,先,坂井瑠[替],55,友道康,栗,3.1,1.4,https://jrdb.com/member/n_live_20260830_07263409.html,PASS_UI_RACE_SELECTOR_BASE_ODDS
2026-08-30,中京,9,202607030409,07263409,16:45,9R ダ1800 ３歳未勝利(無料開放レース) 16:45,13,バトルセレーネ,14,,差,田口貫,55,吉村圭,栗,42.9,8.1,https://jrdb.com/member/n_live_20260830_07263409.html,PASS_UI_RACE_SELECTOR_BASE_ODDS
2026-08-30,中京,9,202607030409,07263409,16:45,9R ダ1800 ３歳未勝利(無料開放レース) 16:45,14,レウコテア,21,,差,富田暁[替],55,西園翔,栗,19.2,4.1,https://jrdb.com/member/n_live_20260830_07263409.html,PASS_UI_RACE_SELECTOR_BASE_ODDS
2026-08-30,中京,9,202607030409,07263409,16:45,9R ダ1800 ３歳未勝利(無料開放レース) 16:45,15,ラミアスペランツァ,29,△,逃,北村友[替],55,宮地貴,栗,15.9,3.5,https://jrdb.com/member/n_live_20260830_07263409.html,PASS_UI_RACE_SELECTOR_BASE_ODDS
2026-08-30,中京,10,202607030410,07263410,17:15,10R 芝2000 ３歳上１勝クラス 17:15,1,リアルセンター,46,▲,差,団野大[替],56,千葉直,美,21.8,3.9,https://jrdb.com/member/n_live_20260830_07263410.html,PASS_UI_RACE_SELECTOR_BASE_ODDS
2026-08-30,中京,10,202607030410,07263410,17:15,10R 芝2000 ３歳上１勝クラス 17:15,2,エテルノレガーメ,43,▽,差,富田暁[替],58,野中賢,栗,14.9,2.9,https://jrdb.com/member/n_live_20260830_07263410.html,PASS_UI_RACE_SELECTOR_BASE_ODDS
2026-08-30,中京,10,202607030410,07263410,17:15,10R 芝2000 ３歳上１勝クラス 17:15,3,サイモンノーブル,32,,追,森田誠[替],55▲,梅田智,栗,35.2,5.9,https://jrdb.com/member/n_live_20260830_07263410.html,PASS_UI_RACE_SELECTOR_BASE_ODDS
2026-08-30,中京,10,202607030410,07263410,17:15,10R 芝2000 ３歳上１勝クラス 17:15,4,バーバラップ,43,△,差,田山旺,54☆,小崎憲,栗,18.9,3.5,https://jrdb.com/member/n_live_20260830_07263410.html,PASS_UI_RACE_SELECTOR_BASE_ODDS
2026-08-30,中京,10,202607030410,07263410,17:15,10R 芝2000 ３歳上１勝クラス 17:15,5,バークシャーシチー,45,注,追,松若風[替],55,牧田和,栗,12.6,2.6,https://jrdb.com/member/n_live_20260830_07263410.html,PASS_UI_RACE_SELECTOR_BASE_ODDS
2026-08-30,中京,10,202607030410,07263410,17:15,10R 芝2000 ３歳上１勝クラス 17:15,6,レッドヴァリアート,47,○,追,西村淳[替],58,加藤公,栗,4.8,1.5,https://jrdb.com/member/n_live_20260830_07263410.html,PASS_UI_RACE_SELECTOR_BASE_ODDS
2026-08-30,中京,10,202607030410,07263410,17:15,10R 芝2000 ３歳上１勝クラス 17:15,7,シュエットアムール,36,,追,角田和[替],56,加藤和,美,44.3,7.3,https://jrdb.com/member/n_live_20260830_07263410.html,PASS_UI_RACE_SELECTOR_BASE_ODDS
2026-08-30,中京,10,202607030410,07263410,17:15,10R 芝2000 ３歳上１勝クラス 17:15,8,ゼンノインヴォーク,51,◎,差,幸英明,58,緒方努,栗,3.5,1.3,https://jrdb.com/member/n_live_20260830_07263410.html,PASS_UI_RACE_SELECTOR_BASE_ODDS
2026-08-30,中京,10,202607030410,07263410,17:15,10R 芝2000 ３歳上１勝クラス 17:15,9,ロードメルヴェイユ,41,,先,吉村誠[替],55,長谷川,栗,7.6,1.9,https://jrdb.com/member/n_live_20260830_07263410.html,PASS_UI_RACE_SELECTOR_BASE_ODDS
2026-08-30,中京,10,202607030410,07263410,17:15,10R 芝2000 ３歳上１勝クラス 17:15,10,ロードスタニング,42,,先,坂井瑠[替],55,杉山晴,栗,2.3,1.2,https://jrdb.com/member/n_live_20260830_07263410.html,PASS_UI_RACE_SELECTOR_BASE_ODDS
2026-08-30,中京,11,202607030411,07263411,17:45,11R 芝1400 ３歳未勝利 17:45,1,プリモマーレ,15,,,中井裕,55,中内田,栗,33.9,7.5,https://jrdb.com/member/n_live_20260830_07263411.html,PASS_UI_RACE_SELECTOR_BASE_ODDS
2026-08-30,中京,11,202607030411,07263411,17:45,11R 芝1400 ３歳未勝利 17:45,2,トウカイジーク,41,,差,菱田裕[替],57,野中賢,栗,25.8,5.9,https://jrdb.com/member/n_live_20260830_07263411.html,PASS_UI_RACE_SELECTOR_BASE_ODDS
2026-08-30,中京,11,202607030411,07263411,17:45,11R 芝1400 ３歳未勝利 17:45,3,シャンデリュイーズ,32,,差,富田暁[替],55,小栗実,栗,39.3,8.6,https://jrdb.com/member/n_live_20260830_07263411.html,PASS_UI_RACE_SELECTOR_BASE_ODDS
2026-08-30,中京,11,202607030411,07263411,17:45,11R 芝1400 ３歳未勝利 17:45,4,メイショウトライオ,15,,,太宰啓,55,石橋守,栗,78,16.1,https://jrdb.com/member/n_live_20260830_07263411.html,PASS_UI_RACE_SELECTOR_BASE_ODDS
2026-08-30,中京,11,202607030411,07263411,17:45,11R 芝1400 ３歳未勝利 17:45,5,バルフルール,43,▽,差,角田和,55,長谷川,栗,11.6,3.1,https://jrdb.com/member/n_live_20260830_07263411.html,PASS_UI_RACE_SELECTOR_BASE_ODDS
2026-08-30,中京,11,202607030411,07263411,17:45,11R 芝1400 ３歳未勝利 17:45,6,ルーセントムーン,37,,追,森田誠[替],54▲,高橋一,栗,108,22.1,https://jrdb.com/member/n_live_20260830_07263411.html,PASS_UI_RACE_SELECTOR_BASE_ODDS
2026-08-30,中京,11,202607030411,07263411,17:45,11R 芝1400 ３歳未勝利 17:45,7,ハピネスサンライズ,43,△,先,松山弘[替],55,東田明,栗,14.4,3.6,https://jrdb.com/member/n_live_20260830_07263411.html,PASS_UI_RACE_SELECTOR_BASE_ODDS
2026-08-30,中京,11,202607030411,07263411,17:45,11R 芝1400 ３歳未勝利 17:45,8,スイートポメロ,43,,逃,川須栄,55,森田直,栗,49.4,10.7,https://jrdb.com/member/n_live_20260830_07263411.html,PASS_UI_RACE_SELECTOR_BASE_ODDS
2026-08-30,中京,11,202607030411,07263411,17:45,11R 芝1400 ３歳未勝利 17:45,9,デルニエジョイ,39,,先,田口貫,57,鈴木孝,栗,35.2,7.8,https://jrdb.com/member/n_live_20260830_07263411.html,PASS_UI_RACE_SELECTOR_BASE_ODDS
2026-08-30,中京,11,202607030411,07263411,17:45,11R 芝1400 ３歳未勝利 17:45,10,プリュスエクラ,38,,逃,団野大,55,小林真,栗,29.5,6.6,https://jrdb.com/member/n_live_20260830_07263411.html,PASS_UI_RACE_SELECTOR_BASE_ODDS
2026-08-30,中京,11,202607030411,07263411,17:45,11R 芝1400 ３歳未勝利 17:45,11,リントゥラウル,44,▲,差,幸英明,57,秋山真,栗,12.2,3.2,https://jrdb.com/member/n_live_20260830_07263411.html,PASS_UI_RACE_SELECTOR_BASE_ODDS
2026-08-30,中京,11,202607030411,07263411,17:45,11R 芝1400 ３歳未勝利 17:45,12,ナデシコザクラ,39,,差,秋山稔[替],55,秋山真,栗,35.1,7.8,https://jrdb.com/member/n_live_20260830_07263411.html,PASS_UI_RACE_SELECTOR_BASE_ODDS
2026-08-30,中京,11,202607030411,07263411,17:45,11R 芝1400 ３歳未勝利 17:45,13,パトローナス,45,○,先,吉村誠,57,高橋亮,栗,6.5,2.2,https://jrdb.com/member/n_live_20260830_07263411.html,PASS_UI_RACE_SELECTOR_BASE_ODDS
2026-08-30,中京,11,202607030411,07263411,17:45,11R 芝1400 ３歳未勝利 17:45,14,モカプウイング,39,,差,田山旺[替],54☆,加藤公,栗,26.4,6,https://jrdb.com/member/n_live_20260830_07263411.html,PASS_UI_RACE_SELECTOR_BASE_ODDS
2026-08-30,中京,11,202607030411,07263411,17:45,11R 芝1400 ３歳未勝利 17:45,15,ミッキーラヴィータ,46,◎,先,西村淳[替],55,高橋亮,栗,3.8,1.6,https://jrdb.com/member/n_live_20260830_07263411.html,PASS_UI_RACE_SELECTOR_BASE_ODDS
2026-08-30,中京,11,202607030411,07263411,17:45,11R 芝1400 ３歳未勝利 17:45,16,ボールドペイト,42,,差,松若風[替],57,千田輝,栗,48.3,10.5,https://jrdb.com/member/n_live_20260830_07263411.html,PASS_UI_RACE_SELECTOR_BASE_ODDS
2026-08-30,中京,11,202607030411,07263411,17:45,11R 芝1400 ３歳未勝利 17:45,17,カルロット,42,,差,坂井瑠[替],57,武幸四,栗,4.6,1.8,https://jrdb.com/member/n_live_20260830_07263411.html,PASS_UI_RACE_SELECTOR_BASE_ODDS
2026-08-30,中京,11,202607030411,07263411,17:45,11R 芝1400 ３歳未勝利 17:45,18,エコロディアン,44,注,先,Ｍデム,55,牧浦充,栗,5.5,1.9,https://jrdb.com/member/n_live_20260830_07263411.html,PASS_UI_RACE_SELECTOR_BASE_ODDS
2026-08-30,中京,12,202607030412,07263412,18:15,12R ダ1200 ３歳上１勝クラス 18:15,1,ヴォンドゥ,49,▲,差,森田誠,51▲,小栗実,栗,7.7,2.2,https://jrdb.com/member/n_live_20260830_07263412.html,PASS_UI_RACE_SELECTOR_BASE_ODDS
2026-08-30,中京,12,202607030412,07263412,18:15,12R ダ1200 ３歳上１勝クラス 18:15,2,オンザノアール,38,,先,幸英明,54,佐藤悠,栗,11.5,2.7,https://jrdb.com/member/n_live_20260830_07263412.html,PASS_UI_RACE_SELECTOR_BASE_ODDS
2026-08-30,中京,12,202607030412,07263412,18:15,12R ダ1200 ３歳上１勝クラス 18:15,3,アーガイルショア,45,注,差,北村友[替],54,安田翔,栗,5.3,1.7,https://jrdb.com/member/n_live_20260830_07263412.html,PASS_UI_RACE_SELECTOR_BASE_ODDS
2026-08-30,中京,12,202607030412,07263412,18:15,12R ダ1200 ３歳上１勝クラス 18:15,4,サヨノパララックス,39,▽,差,川須栄,56,羽月友,栗,29.3,5.8,https://jrdb.com/member/n_live_20260830_07263412.html,PASS_UI_RACE_SELECTOR_BASE_ODDS
2026-08-30,中京,12,202607030412,07263412,18:15,12R ダ1200 ３歳上１勝クラス 18:15,5,モノノケ,35,,差,酒井学[替],54,宮地貴,栗,46.2,8.7,https://jrdb.com/member/n_live_20260830_07263412.html,PASS_UI_RACE_SELECTOR_BASE_ODDS
2026-08-30,中京,12,202607030412,07263412,18:15,12R ダ1200 ３歳上１勝クラス 18:15,6,ダノンステート,35,,差,角田和,56,千田輝,栗,17.6,3.8,https://jrdb.com/member/n_live_20260830_07263412.html,PASS_UI_RACE_SELECTOR_BASE_ODDS
2026-08-30,中京,12,202607030412,07263412,18:15,12R ダ1200 ３歳上１勝クラス 18:15,7,ミスヘンリー,35,,先,柴田裕[替],52△,羽月友,栗,23.1,4.7,https://jrdb.com/member/n_live_20260830_07263412.html,PASS_UI_RACE_SELECTOR_BASE_ODDS
2026-08-30,中京,12,202607030412,07263412,18:15,12R ダ1200 ３歳上１勝クラス 18:15,8,レジェンダリーデイ,34,,先,菱田裕,58,森田直,栗,31.7,6.2,https://jrdb.com/member/n_live_20260830_07263412.html,PASS_UI_RACE_SELECTOR_BASE_ODDS
2026-08-30,中京,12,202607030412,07263412,18:15,12R ダ1200 ３歳上１勝クラス 18:15,9,メラヴィリオーザ,33,,差,川端海[替],53▲,秋山真,栗,50.6,9.5,https://jrdb.com/member/n_live_20260830_07263412.html,PASS_UI_RACE_SELECTOR_BASE_ODDS
2026-08-30,中京,12,202607030412,07263412,18:15,12R ダ1200 ３歳上１勝クラス 18:15,10,グラスゴー,41,△,先,田山旺,53☆,浜田多,栗,18.5,4,https://jrdb.com/member/n_live_20260830_07263412.html,PASS_UI_RACE_SELECTOR_BASE_ODDS
2026-08-30,中京,12,202607030412,07263412,18:15,12R ダ1200 ３歳上１勝クラス 18:15,11,ヒルノプーリア,53,◎,逃,秋山稔,54,北出成,栗,3.3,1.4,https://jrdb.com/member/n_live_20260830_07263412.html,PASS_UI_RACE_SELECTOR_BASE_ODDS
2026-08-30,中京,12,202607030412,07263412,18:15,12R ダ1200 ３歳上１勝クラス 18:15,12,ラヴネヴァーダイズ,49,○,先,松山弘,56,渡辺薫,栗,3.2,1.4,https://jrdb.com/member/n_live_20260830_07263412.html,PASS_UI_RACE_SELECTOR_BASE_ODDS
2026-08-30,中京,12,202607030412,07263412,18:15,12R ダ1200 ３歳上１勝クラス 18:15,13,タイセイブロウ,39,,差,田口貫[替],58,平田修,栗,17.2,3.7,https://jrdb.com/member/n_live_20260830_07263412.html,PASS_UI_RACE_SELECTOR_BASE_ODDS
2026-08-30,中京,12,202607030412,07263412,18:15,12R ダ1200 ３歳上１勝クラス 18:15,14,パワポケビー,29,,先,中井裕[替],56,森田直,栗,52.1,9.8,https://jrdb.com/member/n_live_20260830_07263412.html,PASS_UI_RACE_SELECTOR_BASE_ODDS
2026-08-30,札幌,1,202601020401,01262401,10:00,1R ダ1700 ３歳未勝利 10:00,1,タガノシルフィー,48,◎,逃,横山和[替],55,石橋守,栗,3.9,1.7,https://jrdb.com/member/n_live_20260830_01262401.html,PASS_UI_RACE_SELECTOR_BASE_ODDS
2026-08-30,札幌,1,202601020401,01262401,10:00,1R ダ1700 ３歳未勝利 10:00,2,マーゴットクリュグ,45,▲,先,松本大,55,小林真,栗,11.5,3.2,https://jrdb.com/member/n_live_20260830_01262401.html,PASS_UI_RACE_SELECTOR_BASE_ODDS
2026-08-30,札幌,1,202601020401,01262401,10:00,1R ダ1700 ３歳未勝利 10:00,3,ゴーゴーエイミー,13,,先,斎藤新,55,東田明,栗,29.3,7,https://jrdb.com/member/n_live_20260830_01262401.html,PASS_UI_RACE_SELECTOR_BASE_ODDS
2026-08-30,札幌,1,202601020401,01262401,10:00,1R ダ1700 ３歳未勝利 10:00,4,テンレッドサン,39,,差,横山武[替],55,西園翔,栗,8.4,2.7,https://jrdb.com/member/n_live_20260830_01262401.html,PASS_UI_RACE_SELECTOR_BASE_ODDS
2026-08-30,札幌,1,202601020401,01262401,10:00,1R ダ1700 ３歳未勝利 10:00,5,サンセリテ,30,,差,武　豊[替],55,鹿戸雄,美,11.4,3.2,https://jrdb.com/member/n_live_20260830_01262401.html,PASS_UI_RACE_SELECTOR_BASE_ODDS
2026-08-30,札幌,1,202601020401,01262401,10:00,1R ダ1700 ３歳未勝利 10:00,6,ビレッジルイーザ,40,,逃,丹内祐[替],55,伊藤圭,美,15.6,4.1,https://jrdb.com/member/n_live_20260830_01262401.html,PASS_UI_RACE_SELECTOR_BASE_ODDS
2026-08-30,札幌,1,202601020401,01262401,10:00,1R ダ1700 ３歳未勝利 10:00,7,エリカビアリッツ,43,▽,先,鮫島駿[替],55,堀宣行,美,6,2.1,https://jrdb.com/member/n_live_20260830_01262401.html,PASS_UI_RACE_SELECTOR_BASE_ODDS
2026-08-30,札幌,1,202601020401,01262401,10:00,1R ダ1700 ３歳未勝利 10:00,8,タガノラヴズワン,33,,追,和田陽[替],52▲,平田修,栗,29.9,7.1,https://jrdb.com/member/n_live_20260830_01262401.html,PASS_UI_RACE_SELECTOR_BASE_ODDS
2026-08-30,札幌,1,202601020401,01262401,10:00,1R ダ1700 ３歳未勝利 10:00,9,セントピュアベース,36,,差,荻野琢[替],55,藤野健,栗,46.7,10.7,https://jrdb.com/member/n_live_20260830_01262401.html,PASS_UI_RACE_SELECTOR_BASE_ODDS
2026-08-30,札幌,1,202601020401,01262401,10:00,1R ダ1700 ３歳未勝利 10:00,10,モンテパステル,15,,追,古川吉[替],55,四位洋,栗,46.2,10.6,https://jrdb.com/member/n_live_20260830_01262401.html,PASS_UI_RACE_SELECTOR_BASE_ODDS
2026-08-30,札幌,1,202601020401,01262401,10:00,1R ダ1700 ３歳未勝利 10:00,11,ウォータースパウト,45,注,先,吉田隼,55,小笠倫,美,5.7,2.1,https://jrdb.com/member/n_live_20260830_01262401.html,PASS_UI_RACE_SELECTOR_BASE_ODDS
2026-08-30,札幌,1,202601020401,01262401,10:00,1R ダ1700 ３歳未勝利 10:00,12,ブライトエンジェル,46,○,先,川又賢,55,角田晃,栗,7,2.4,https://jrdb.com/member/n_live_20260830_01262401.html,PASS_UI_RACE_SELECTOR_BASE_ODDS
2026-08-30,札幌,1,202601020401,01262401,10:00,1R ダ1700 ３歳未勝利 10:00,13,ジーティービキニ,44,△,先,小林美[替],52▲,松下武,栗,16,4.2,https://jrdb.com/member/n_live_20260830_01262401.html,PASS_UI_RACE_SELECTOR_BASE_ODDS
2026-08-30,札幌,1,202601020401,01262401,10:00,1R ダ1700 ３歳未勝利 10:00,14,コイバナ,39,,差,浜中俊[替],55,渡辺薫,栗,12.3,3.3,https://jrdb.com/member/n_live_20260830_01262401.html,PASS_UI_RACE_SELECTOR_BASE_ODDS
2026-08-30,札幌,2,202601020402,01262402,10:30,2R 芝1200 ２歳未勝利 10:30,1,アワードリームス,15,,先,石川倭[替],55,中村直,栗,35.7,7.1,https://jrdb.com/member/n_live_20260830_01262402.html,PASS_UI_RACE_SELECTOR_BASE_ODDS
2026-08-30,札幌,2,202601020402,01262402,10:30,2R 芝1200 ２歳未勝利 10:30,2,ヴィヴィアンリーチ,29,,差,斎藤新[替],55,東田明,栗,17.6,3.9,https://jrdb.com/member/n_live_20260830_01262402.html,PASS_UI_RACE_SELECTOR_BASE_ODDS
2026-08-30,札幌,2,202601020402,01262402,10:30,2R 芝1200 ２歳未勝利 10:30,3,ショパンコンクール,30,△,差,丹内祐[替],55,岩戸孝,美,16.1,3.6,https://jrdb.com/member/n_live_20260830_01262402.html,PASS_UI_RACE_SELECTOR_BASE_ODDS
2026-08-30,札幌,2,202601020402,01262402,10:30,2R 芝1200 ２歳未勝利 10:30,4,トスカ,24,,差,小沢大,55,杉山佳,栗,26.7,5.5,https://jrdb.com/member/n_live_20260830_01262402.html,PASS_UI_RACE_SELECTOR_BASE_ODDS
2026-08-30,札幌,2,202601020402,01262402,10:30,2R 芝1200 ２歳未勝利 10:30,5,ミハテヌユメ,23,,先,小林美[替],52▲,前川恭,栗,27.1,5.6,https://jrdb.com/member/n_live_20260830_01262402.html,PASS_UI_RACE_SELECTOR_BASE_ODDS
2026-08-30,札幌,2,202601020402,01262402,10:30,2R 芝1200 ２歳未勝利 10:30,6,キャンドル,16,,先,横山琉[替],55,清水久,栗,21.7,4.6,https://jrdb.com/member/n_live_20260830_01262402.html,PASS_UI_RACE_SELECTOR_BASE_ODDS
2026-08-30,札幌,2,202601020402,01262402,10:30,2R 芝1200 ２歳未勝利 10:30,7,ゲームチェンジャー,18,,差,原田和,55,蛯名利,美,51.1,9.9,https://jrdb.com/member/n_live_20260830_01262402.html,PASS_UI_RACE_SELECTOR_BASE_ODDS
2026-08-30,札幌,2,202601020402,01262402,10:30,2R 芝1200 ２歳未勝利 10:30,8,アルテクィーン,40,○,差,鮫島駿,55,杉山晴,栗,4.5,1.6,https://jrdb.com/member/n_live_20260830_01262402.html,PASS_UI_RACE_SELECTOR_BASE_ODDS
2026-08-30,札幌,2,202601020402,01262402,10:30,2R 芝1200 ２歳未勝利 10:30,9,パーフェクトゲーム,31,注,先,横山和,55,千葉直,美,7.7,2.2,https://jrdb.com/member/n_live_20260830_01262402.html,PASS_UI_RACE_SELECTOR_BASE_ODDS
2026-08-30,札幌,2,202601020402,01262402,10:30,2R 芝1200 ２歳未勝利 10:30,10,アスコットペスカ,15,,差,和田陽,52▲,藤野健,栗,50.1,9.7,https://jrdb.com/member/n_live_20260830_01262402.html,PASS_UI_RACE_SELECTOR_BASE_ODDS
2026-08-30,札幌,2,202601020402,01262402,10:30,2R 芝1200 ２歳未勝利 10:30,11,インサイドストーム,21,,先,古川吉[替],55,緒方努,栗,44.5,8.7,https://jrdb.com/member/n_live_20260830_01262402.html,PASS_UI_RACE_SELECTOR_BASE_ODDS
2026-08-30,札幌,2,202601020402,01262402,10:30,2R 芝1200 ２歳未勝利 10:30,12,ソニックアイル,42,◎,差,横山武,55,平岩大,美,2.8,1.4,https://jrdb.com/member/n_live_20260830_01262402.html,PASS_UI_RACE_SELECTOR_BASE_ODDS
2026-08-30,札幌,2,202601020402,01262402,10:30,2R 芝1200 ２歳未勝利 10:30,13,ギャルズマインド,29,▽,先,浜中俊,55,武幸四,栗,7.8,2.3,https://jrdb.com/member/n_live_20260830_01262402.html,PASS_UI_RACE_SELECTOR_BASE_ODDS
2026-08-30,札幌,2,202601020402,01262402,10:30,2R 芝1200 ２歳未勝利 10:30,14,トーセンルルド,35,▲,逃,武　豊[替],55,杉浦宏,美,5.2,1.7,https://jrdb.com/member/n_live_20260830_01262402.html,PASS_UI_RACE_SELECTOR_BASE_ODDS
2026-08-30,札幌,3,202601020403,01262403,11:00,3R ダ1700 ３歳未勝利 11:00,1,ペガサスウィンド,40,○,先,鮫島駿[替],55,宮地貴,栗,4.1,1.6,https://jrdb.com/member/n_live_20260830_01262403.html,PASS_UI_RACE_SELECTOR_BASE_ODDS
2026-08-30,札幌,3,202601020403,01262403,11:00,3R ダ1700 ３歳未勝利 11:00,2,サクセスブルー,34,,逃,丹内祐[替],57,秋本大,美,7.1,2.2,https://jrdb.com/member/n_live_20260830_01262403.html,PASS_UI_RACE_SELECTOR_BASE_ODDS
2026-08-30,札幌,3,202601020403,01262403,11:00,3R ダ1700 ３歳未勝利 11:00,3,ラスターヴァース,30,,先,長浜鴻[替],54☆,牧光二,美,29.6,6.4,https://jrdb.com/member/n_live_20260830_01262403.html,PASS_UI_RACE_SELECTOR_BASE_ODDS
2026-08-30,札幌,3,202601020403,01262403,11:00,3R ダ1700 ３歳未勝利 11:00,4,ポップアップ,44,◎,差,河原田[替],53★,寺島良,栗,3.6,1.5,https://jrdb.com/member/n_live_20260830_01262403.html,PASS_UI_RACE_SELECTOR_BASE_ODDS
2026-08-30,札幌,3,202601020403,01262403,11:00,3R ダ1700 ３歳未勝利 11:00,5,デルマテイネ,30,,追,的場勇[替],57,的場均,美,45.9,9.6,https://jrdb.com/member/n_live_20260830_01262403.html,PASS_UI_RACE_SELECTOR_BASE_ODDS
2026-08-30,札幌,3,202601020403,01262403,11:00,3R ダ1700 ３歳未勝利 11:00,6,ヨドノサファイア,34,,差,石川倭[替],55,稲垣幸,美,31,6.7,https://jrdb.com/member/n_live_20260830_01262403.html,PASS_UI_RACE_SELECTOR_BASE_ODDS
2026-08-30,札幌,3,202601020403,01262403,11:00,3R ダ1700 ３歳未勝利 11:00,7,チャーチルデュース,35,注,先,武　豊,57,松永幹,栗,7.3,2.3,https://jrdb.com/member/n_live_20260830_01262403.html,PASS_UI_RACE_SELECTOR_BASE_ODDS
2026-08-30,札幌,3,202601020403,01262403,11:00,3R ダ1700 ３歳未勝利 11:00,8,サンエンジェルス,38,▲,追,浜中俊,55,谷　潔,栗,15.7,3.8,https://jrdb.com/member/n_live_20260830_01262403.html,PASS_UI_RACE_SELECTOR_BASE_ODDS
2026-08-30,札幌,3,202601020403,01262403,11:00,3R ダ1700 ３歳未勝利 11:00,9,モンテール,29,,差,斎藤新[替],57,栗田徹,美,11.7,3,https://jrdb.com/member/n_live_20260830_01262403.html,PASS_UI_RACE_SELECTOR_BASE_ODDS
2026-08-30,札幌,3,202601020403,01262403,11:00,3R ダ1700 ３歳未勝利 11:00,10,ミアエッテ,20,,差,横山琉[替],57,田中剛,美,37.5,8,https://jrdb.com/member/n_live_20260830_01262403.html,PASS_UI_RACE_SELECTOR_BASE_ODDS
2026-08-30,札幌,3,202601020403,01262403,11:00,3R ダ1700 ３歳未勝利 11:00,11,ダンツアラーム,27,,追,黛弘人[替],55,本田優,栗,47.1,9.8,https://jrdb.com/member/n_live_20260830_01262403.html,PASS_UI_RACE_SELECTOR_BASE_ODDS
2026-08-30,札幌,3,202601020403,01262403,11:00,3R ダ1700 ３歳未勝利 11:00,12,クリコイーコ,30,,差,吉田隼,55,荒川義,栗,28.8,6.3,https://jrdb.com/member/n_live_20260830_01262403.html,PASS_UI_RACE_SELECTOR_BASE_ODDS
2026-08-30,札幌,3,202601020403,01262403,11:00,3R ダ1700 ３歳未勝利 11:00,13,ジャストグレース,35,▽,追,古川吉,57,大根田,栗,17.3,4.1,https://jrdb.com/member/n_live_20260830_01262403.html,PASS_UI_RACE_SELECTOR_BASE_ODDS
2026-08-30,札幌,3,202601020403,01262403,11:00,3R ダ1700 ３歳未勝利 11:00,14,ホウオウファラオ,35,△,差,横山武[替],57,奥村武,美,5.5,1.9,https://jrdb.com/member/n_live_20260830_01262403.html,PASS_UI_RACE_SELECTOR_BASE_ODDS
2026-08-30,札幌,4,202601020404,01262404,11:30,4R 芝2000 ３歳未勝利 11:30,1,ダイシンパルス,34,,差,横山琉[替],57,小笠倫,美,51.2,11.2,https://jrdb.com/member/n_live_20260830_01262404.html,PASS_UI_RACE_SELECTOR_BASE_ODDS
2026-08-30,札幌,4,202601020404,01262404,11:30,4R 芝2000 ３歳未勝利 11:30,2,ジリアート,38,,逃,吉田隼[替],55,矢作芳,栗,18.1,4.4,https://jrdb.com/member/n_live_20260830_01262404.html,PASS_UI_RACE_SELECTOR_BASE_ODDS
2026-08-30,札幌,4,202601020404,01262404,11:30,4R 芝2000 ３歳未勝利 11:30,3,コスモヘリアンサス,35,,追,丹内祐[替],57,伊藤大,美,27.7,6.3,https://jrdb.com/member/n_live_20260830_01262404.html,PASS_UI_RACE_SELECTOR_BASE_ODDS
2026-08-30,札幌,4,202601020404,01262404,11:30,4R 芝2000 ３歳未勝利 11:30,4,デルマフジ,42,▲,先,浜中俊,57,武幸四,栗,4.5,1.7,https://jrdb.com/member/n_live_20260830_01262404.html,PASS_UI_RACE_SELECTOR_BASE_ODDS
2026-08-30,札幌,4,202601020404,01262404,11:30,4R 芝2000 ３歳未勝利 11:30,5,イデアジュアンイハ,35,,先,遠藤汰[替],52▲,小野次,美,103,21.2,https://jrdb.com/member/n_live_20260830_01262404.html,PASS_UI_RACE_SELECTOR_BASE_ODDS
2026-08-30,札幌,4,202601020404,01262404,11:30,4R 芝2000 ３歳未勝利 11:30,6,ギオンバヤシ,43,◎,追,武　豊,57,鈴木孝,栗,4.2,1.7,https://jrdb.com/member/n_live_20260830_01262404.html,PASS_UI_RACE_SELECTOR_BASE_ODDS
2026-08-30,札幌,4,202601020404,01262404,11:30,4R 芝2000 ３歳未勝利 11:30,7,ワダツミ,37,,差,小林美,52▲,笹田和,栗,23.5,5.5,https://jrdb.com/member/n_live_20260830_01262404.html,PASS_UI_RACE_SELECTOR_BASE_ODDS
2026-08-30,札幌,4,202601020404,01262404,11:30,4R 芝2000 ３歳未勝利 11:30,8,ネクストドア,35,,差,古川吉[替],57,高橋文,美,30.6,6.9,https://jrdb.com/member/n_live_20260830_01262404.html,PASS_UI_RACE_SELECTOR_BASE_ODDS
2026-08-30,札幌,4,202601020404,01262404,11:30,4R 芝2000 ３歳未勝利 11:30,9,コスモクラシック,42,○,逃,横山武[替],57,嘉藤貴,美,4.2,1.7,https://jrdb.com/member/n_live_20260830_01262404.html,PASS_UI_RACE_SELECTOR_BASE_ODDS
2026-08-30,札幌,4,202601020404,01262404,11:30,4R 芝2000 ３歳未勝利 11:30,10,メイショウライガ,41,注,差,和田陽,54▲,藤原英,栗,7.8,2.5,https://jrdb.com/member/n_live_20260830_01262404.html,PASS_UI_RACE_SELECTOR_BASE_ODDS
2026-08-30,札幌,4,202601020404,01262404,11:30,4R 芝2000 ３歳未勝利 11:30,11,アート,38,,追,鮫島駿[替],57,杉山晴,栗,21.9,5.2,https://jrdb.com/member/n_live_20260830_01262404.html,PASS_UI_RACE_SELECTOR_BASE_ODDS
2026-08-30,札幌,4,202601020404,01262404,11:30,4R 芝2000 ３歳未勝利 11:30,12,カリドーラ,39,▽,差,小沢大,55,中舘英,美,24,5.6,https://jrdb.com/member/n_live_20260830_01262404.html,PASS_UI_RACE_SELECTOR_BASE_ODDS
2026-08-30,札幌,4,202601020404,01262404,11:30,4R 芝2000 ３歳未勝利 11:30,13,ロックフラワー,30,,追,石川倭,55,西田雄,美,35,7.9,https://jrdb.com/member/n_live_20260830_01262404.html,PASS_UI_RACE_SELECTOR_BASE_ODDS
2026-08-30,札幌,4,202601020404,01262404,11:30,4R 芝2000 ３歳未勝利 11:30,14,インテンスゲイズ,40,△,差,斎藤新,55,矢嶋大,美,18.1,4.4,https://jrdb.com/member/n_live_20260830_01262404.html,PASS_UI_RACE_SELECTOR_BASE_ODDS
2026-08-30,札幌,4,202601020404,01262404,11:30,4R 芝2000 ３歳未勝利 11:30,15,エイシンリーガル,39,,逃,松本大,57,高橋康,栗,35.2,7.9,https://jrdb.com/member/n_live_20260830_01262404.html,PASS_UI_RACE_SELECTOR_BASE_ODDS
2026-08-30,札幌,4,202601020404,01262404,11:30,4R 芝2000 ３歳未勝利 11:30,16,メイショウローゼ,39,,追,藤懸貴[替],55,本田優,栗,7.4,2.4,https://jrdb.com/member/n_live_20260830_01262404.html,PASS_UI_RACE_SELECTOR_BASE_ODDS
2026-08-30,札幌,5,202601020405,01262405,12:20,5R 芝1800 ２歳新馬 12:20,1,コスモノーチラス,20,△,,丹内祐,55,伊藤大,美,13,2.4,https://jrdb.com/member/n_live_20260830_01262405.html,PASS_UI_RACE_SELECTOR_BASE_ODDS
2026-08-30,札幌,5,202601020405,01262405,12:20,5R 芝1800 ２歳新馬 12:20,2,アイアムイガイニモ,20,,,古川吉,55,奥平雅,美,13.9,2.5,https://jrdb.com/member/n_live_20260830_01262405.html,PASS_UI_RACE_SELECTOR_BASE_ODDS
2026-08-30,札幌,5,202601020405,01262405,12:20,5R 芝1800 ２歳新馬 12:20,3,ヴァンクライ,51,◎,,武　豊,55,須貝尚,栗,2.1,1.2,https://jrdb.com/member/n_live_20260830_01262405.html,PASS_UI_RACE_SELECTOR_BASE_ODDS
2026-08-30,札幌,5,202601020405,01262405,12:20,5R 芝1800 ２歳新馬 12:20,4,コーズウルルン,20,▽,,石川倭,55,伊藤圭,美,13.8,2.5,https://jrdb.com/member/n_live_20260830_01262405.html,PASS_UI_RACE_SELECTOR_BASE_ODDS
2026-08-30,札幌,5,202601020405,01262405,12:20,5R 芝1800 ２歳新馬 12:20,5,トーセンイルン,44,○,,長浜鴻,54☆,小笠倫,美,6.9,1.7,https://jrdb.com/member/n_live_20260830_01262405.html,PASS_UI_RACE_SELECTOR_BASE_ODDS
2026-08-30,札幌,5,202601020405,01262405,12:20,5R 芝1800 ２歳新馬 12:20,6,イルリサット,42,▲,,横山武,55,菊沢隆,美,3,1.3,https://jrdb.com/member/n_live_20260830_01262405.html,PASS_UI_RACE_SELECTOR_BASE_ODDS
2026-08-30,札幌,5,202601020405,01262405,12:20,5R 芝1800 ２歳新馬 12:20,7,ゴルタン,20,,,吉田隼,55,千葉直,美,18.1,3.1,https://jrdb.com/member/n_live_20260830_01262405.html,PASS_UI_RACE_SELECTOR_BASE_ODDS
2026-08-30,札幌,5,202601020405,01262405,12:20,5R 芝1800 ２歳新馬 12:20,8,トワイライトローズ,31,注,,浜中俊,55,秋山真,栗,7.3,1.8,https://jrdb.com/member/n_live_20260830_01262405.html,PASS_UI_RACE_SELECTOR_BASE_ODDS
2026-08-30,札幌,6,202601020406,01262406,12:50,6R ダ1700 ３歳上１勝クラス 12:50,1,クロミ,20,,追,藤懸貴[替],53,小崎憲,栗,46.9,7.8,https://jrdb.com/member/n_live_20260830_01262406.html,PASS_UI_RACE_SELECTOR_BASE_ODDS
2026-08-30,札幌,6,202601020406,01262406,12:50,6R ダ1700 ３歳上１勝クラス 12:50,2,ルージュリヴィエラ,41,,差,佐藤翔[替],50▲,嘉藤貴,美,13.2,2.7,https://jrdb.com/member/n_live_20260830_01262406.html,PASS_UI_RACE_SELECTOR_BASE_ODDS
2026-08-30,札幌,6,202601020406,01262406,12:50,6R ダ1700 ３歳上１勝クラス 12:50,3,ライラックデューン,40,,追,古川吉[替],56,緒方努,栗,22.1,4,https://jrdb.com/member/n_live_20260830_01262406.html,PASS_UI_RACE_SELECTOR_BASE_ODDS
2026-08-30,札幌,6,202601020406,01262406,12:50,6R ダ1700 ３歳上１勝クラス 12:50,4,サイモンイロハニー,35,,追,河原田[替],52★,谷　潔,栗,30.7,5.4,https://jrdb.com/member/n_live_20260830_01262406.html,PASS_UI_RACE_SELECTOR_BASE_ODDS
2026-08-30,札幌,6,202601020406,01262406,12:50,6R ダ1700 ３歳上１勝クラス 12:50,5,サマースプラッシュ,31,,差,和田陽[替],50▲,石栗龍,美,46.9,7.8,https://jrdb.com/member/n_live_20260830_01262406.html,PASS_UI_RACE_SELECTOR_BASE_ODDS
2026-08-30,札幌,6,202601020406,01262406,12:50,6R ダ1700 ３歳上１勝クラス 12:50,6,デルマサクラサク,47,○,追,横山和[替],56,牧田和,栗,6.1,1.7,https://jrdb.com/member/n_live_20260830_01262406.html,PASS_UI_RACE_SELECTOR_BASE_ODDS
2026-08-30,札幌,6,202601020406,01262406,12:50,6R ダ1700 ３歳上１勝クラス 12:50,7,タイセイルビー,44,△,追,小林美[替],50▲,千葉直,美,12.3,2.6,https://jrdb.com/member/n_live_20260830_01262406.html,PASS_UI_RACE_SELECTOR_BASE_ODDS
2026-08-30,札幌,6,202601020406,01262406,12:50,6R ダ1700 ３歳上１勝クラス 12:50,8,ヤマヤロード,26,,差,古川奈[替],51◇,小崎憲,栗,33.5,5.8,https://jrdb.com/member/n_live_20260830_01262406.html,PASS_UI_RACE_SELECTOR_BASE_ODDS
2026-08-30,札幌,6,202601020406,01262406,12:50,6R ダ1700 ３歳上１勝クラス 12:50,9,ウィンターガーデン,47,注,差,小沢大,56,井上智,栗,11.9,2.5,https://jrdb.com/member/n_live_20260830_01262406.html,PASS_UI_RACE_SELECTOR_BASE_ODDS
2026-08-30,札幌,6,202601020406,01262406,12:50,6R ダ1700 ３歳上１勝クラス 12:50,10,ヴェールミューズ,42,▽,先,鮫島駿[替],53,浜田多,栗,12.2,2.6,https://jrdb.com/member/n_live_20260830_01262406.html,PASS_UI_RACE_SELECTOR_BASE_ODDS
2026-08-30,札幌,6,202601020406,01262406,12:50,6R ダ1700 ３歳上１勝クラス 12:50,11,スリーケイ,47,▲,先,斎藤新,53,高橋一,栗,4,1.4,https://jrdb.com/member/n_live_20260830_01262406.html,PASS_UI_RACE_SELECTOR_BASE_ODDS
2026-08-30,札幌,6,202601020406,01262406,12:50,6R ダ1700 ３歳上１勝クラス 12:50,12,ルージュボニート,54,◎,逃,横山武,53,高柳瑞,美,2.2,1.2,https://jrdb.com/member/n_live_20260830_01262406.html,PASS_UI_RACE_SELECTOR_BASE_ODDS
2026-08-30,札幌,7,202601020407,01262407,13:20,7R ダ1000 ３歳上１勝クラス 13:20,1,ブライアーヒル,37,△,追,大久保[替],53▲,中尾秀,栗,32.4,6.1,https://jrdb.com/member/n_live_20260830_01262407.html,PASS_UI_RACE_SELECTOR_BASE_ODDS
2026-08-30,札幌,7,202601020407,01262407,13:20,7R ダ1000 ３歳上１勝クラス 13:20,2,カップッチョ,31,,追,黛弘人[替],58,佐藤吉,美,32.7,6.2,https://jrdb.com/member/n_live_20260830_01262407.html,PASS_UI_RACE_SELECTOR_BASE_ODDS
2026-08-30,札幌,7,202601020407,01262407,13:20,7R ダ1000 ３歳上１勝クラス 13:20,3,ヨドノゴールド,44,○,先,石川倭[替],58,橋田宜,栗,3.5,1.4,https://jrdb.com/member/n_live_20260830_01262407.html,PASS_UI_RACE_SELECTOR_BASE_ODDS
2026-08-30,札幌,7,202601020407,01262407,13:20,7R ダ1000 ３歳上１勝クラス 13:20,4,アスコットアイ,34,,差,古川吉[替],56,緒方努,栗,22.1,4.4,https://jrdb.com/member/n_live_20260830_01262407.html,PASS_UI_RACE_SELECTOR_BASE_ODDS
2026-08-30,札幌,7,202601020407,01262407,13:20,7R ダ1000 ３歳上１勝クラス 13:20,5,ラスベガスサイン,30,,先,横山琉,54,長谷川,栗,13.2,2.9,https://jrdb.com/member/n_live_20260830_01262407.html,PASS_UI_RACE_SELECTOR_BASE_ODDS
2026-08-30,札幌,7,202601020407,01262407,13:20,7R ダ1000 ３歳上１勝クラス 13:20,6,セイウンバジリスク,37,▽,先,和田陽,53▲,北出成,栗,5.7,1.8,https://jrdb.com/member/n_live_20260830_01262407.html,PASS_UI_RACE_SELECTOR_BASE_ODDS
2026-08-30,札幌,7,202601020407,01262407,13:20,7R ダ1000 ３歳上１勝クラス 13:20,7,ステラノヴァ,33,,逃,長浜鴻[替],57☆,水野貴,美,19.1,3.9,https://jrdb.com/member/n_live_20260830_01262407.html,PASS_UI_RACE_SELECTOR_BASE_ODDS
2026-08-30,札幌,7,202601020407,01262407,13:20,7R ダ1000 ３歳上１勝クラス 13:20,8,ワイドデコラシオン,45,◎,先,横山武,58,辻野泰,栗,2.9,1.3,https://jrdb.com/member/n_live_20260830_01262407.html,PASS_UI_RACE_SELECTOR_BASE_ODDS
2026-08-30,札幌,7,202601020407,01262407,13:20,7R ダ1000 ３歳上１勝クラス 13:20,9,セイルロケット,34,,差,大野拓[替],58,橋口慎,栗,16.1,3.4,https://jrdb.com/member/n_live_20260830_01262407.html,PASS_UI_RACE_SELECTOR_BASE_ODDS
2026-08-30,札幌,7,202601020407,01262407,13:20,7R ダ1000 ３歳上１勝クラス 13:20,10,スパークルジョイ,36,,逃,小沢大,56,前川恭,栗,19.2,4,https://jrdb.com/member/n_live_20260830_01262407.html,PASS_UI_RACE_SELECTOR_BASE_ODDS
2026-08-30,札幌,7,202601020407,01262407,13:20,7R ダ1000 ３歳上１勝クラス 13:20,11,プルミエールパス,43,▲,先,川又賢[替],56,河嶋宏,栗,8.4,2.3,https://jrdb.com/member/n_live_20260830_01262407.html,PASS_UI_RACE_SELECTOR_BASE_ODDS
2026-08-30,札幌,7,202601020407,01262407,13:20,7R ダ1000 ３歳上１勝クラス 13:20,12,メイショウハッブル,39,注,追,古川奈,56◇,石橋守,栗,13.6,3,https://jrdb.com/member/n_live_20260830_01262407.html,PASS_UI_RACE_SELECTOR_BASE_ODDS
2026-08-30,札幌,8,202601020408,01262408,13:50,8R 芝1500 ３歳上１勝クラス(無料開放レース) 13:50,1,ハネマン,31,,追,原田和,53,伊坂重,美,52.2,10.1,https://jrdb.com/member/n_live_20260830_01262408.html,PASS_UI_RACE_SELECTOR_BASE_ODDS
2026-08-30,札幌,8,202601020408,01262408,13:50,8R 芝1500 ３歳上１勝クラス(無料開放レース) 13:50,2,メメボス,41,,追,古川吉,53,飯田祐,栗,35.8,7.2,https://jrdb.com/member/n_live_20260830_01262408.html,PASS_UI_RACE_SELECTOR_BASE_ODDS
2026-08-30,札幌,8,202601020408,01262408,13:50,8R 芝1500 ３歳上１勝クラス(無料開放レース) 13:50,3,トリスティ,39,,差,佐藤翔[替],50▲,伊藤圭,美,30.7,6.2,https://jrdb.com/member/n_live_20260830_01262408.html,PASS_UI_RACE_SELECTOR_BASE_ODDS
2026-08-30,札幌,8,202601020408,01262408,13:50,8R 芝1500 ３歳上１勝クラス(無料開放レース) 13:50,4,クラウンアールシー,29,,先,石川倭[替],58,水野貴,美,39.2,7.8,https://jrdb.com/member/n_live_20260830_01262408.html,PASS_UI_RACE_SELECTOR_BASE_ODDS
2026-08-30,札幌,8,202601020408,01262408,13:50,8R 芝1500 ３歳上１勝クラス(無料開放レース) 13:50,5,ユーティジャーニー,46,▲,差,長浜鴻,55☆,矢嶋大,美,5.8,1.9,https://jrdb.com/member/n_live_20260830_01262408.html,PASS_UI_RACE_SELECTOR_BASE_ODDS
2026-08-30,札幌,8,202601020408,01262408,13:50,8R 芝1500 ３歳上１勝クラス(無料開放レース) 13:50,6,ファンクション,43,△,先,斎藤新[替],53,斎藤誠,美,3.3,1.4,https://jrdb.com/member/n_live_20260830_01262408.html,PASS_UI_RACE_SELECTOR_BASE_ODDS
2026-08-30,札幌,8,202601020408,01262408,13:50,8R 芝1500 ３歳上１勝クラス(無料開放レース) 13:50,7,テンユウ,37,,追,丹内祐[替],55,奥村武,美,13.7,3.2,https://jrdb.com/member/n_live_20260830_01262408.html,PASS_UI_RACE_SELECTOR_BASE_ODDS
2026-08-30,札幌,8,202601020408,01262408,13:50,8R 芝1500 ３歳上１勝クラス(無料開放レース) 13:50,8,トクシージェネラル,39,,差,横山琉,58,小島茂,美,38.4,7.6,https://jrdb.com/member/n_live_20260830_01262408.html,PASS_UI_RACE_SELECTOR_BASE_ODDS
2026-08-30,札幌,8,202601020408,01262408,13:50,8R 芝1500 ３歳上１勝クラス(無料開放レース) 13:50,9,メイショウホダワラ,35,,先,吉田隼,56,荒川義,栗,17.2,3.8,https://jrdb.com/member/n_live_20260830_01262408.html,PASS_UI_RACE_SELECTOR_BASE_ODDS
2026-08-30,札幌,8,202601020408,01262408,13:50,8R 芝1500 ３歳上１勝クラス(無料開放レース) 13:50,10,スタードメイソン,45,注,追,和田陽,53▲,加藤公,栗,26.7,5.5,https://jrdb.com/member/n_live_20260830_01262408.html,PASS_UI_RACE_SELECTOR_BASE_ODDS
2026-08-30,札幌,8,202601020408,01262408,13:50,8R 芝1500 ３歳上１勝クラス(無料開放レース) 13:50,11,ドラリズム,41,▽,追,黛弘人[替],55,武藤善,美,22,4.7,https://jrdb.com/member/n_live_20260830_01262408.html,PASS_UI_RACE_SELECTOR_BASE_ODDS
2026-08-30,札幌,8,202601020408,01262408,13:50,8R 芝1500 ３歳上１勝クラス(無料開放レース) 13:50,12,ネッタイヤライ,50,○,逃,横山武[替],55,矢作芳,栗,3.6,1.5,https://jrdb.com/member/n_live_20260830_01262408.html,PASS_UI_RACE_SELECTOR_BASE_ODDS
2026-08-30,札幌,8,202601020408,01262408,13:50,8R 芝1500 ３歳上１勝クラス(無料開放レース) 13:50,13,シェーンルスカ,36,,追,遠藤汰,53▲,本間忍,美,43.7,8.6,https://jrdb.com/member/n_live_20260830_01262408.html,PASS_UI_RACE_SELECTOR_BASE_ODDS
2026-08-30,札幌,8,202601020408,01262408,13:50,8R 芝1500 ３歳上１勝クラス(無料開放レース) 13:50,14,ルクスアドラー,50,◎,追,横山典,58,平岩大,美,4.2,1.5,https://jrdb.com/member/n_live_20260830_01262408.html,PASS_UI_RACE_SELECTOR_BASE_ODDS
2026-08-30,札幌,9,202601020409,01262409,14:20,9R ダ1700 ３歳上１勝クラス 14:20,1,マテンロウカナロア,46,▲,差,横山和,58,野中賢,栗,6.2,2,https://jrdb.com/member/n_live_20260830_01262409.html,PASS_UI_RACE_SELECTOR_BASE_ODDS
2026-08-30,札幌,9,202601020409,01262409,14:20,9R ダ1700 ３歳上１勝クラス 14:20,2,ウヌボレヤサン,25,,先,長浜鴻[替],57☆,本間忍,美,31.3,6.5,https://jrdb.com/member/n_live_20260830_01262409.html,PASS_UI_RACE_SELECTOR_BASE_ODDS
2026-08-30,札幌,9,202601020409,01262409,14:20,9R ダ1700 ３歳上１勝クラス 14:20,3,フクシマブリルハム,37,,追,横山琉[替],55,小島茂,美,25.3,5.3,https://jrdb.com/member/n_live_20260830_01262409.html,PASS_UI_RACE_SELECTOR_BASE_ODDS
2026-08-30,札幌,9,202601020409,01262409,14:20,9R ダ1700 ３歳上１勝クラス 14:20,4,ステラデルークス,45,△,追,横山武,55,鈴木伸,美,5.2,1.8,https://jrdb.com/member/n_live_20260830_01262409.html,PASS_UI_RACE_SELECTOR_BASE_ODDS
2026-08-30,札幌,9,202601020409,01262409,14:20,9R ダ1700 ３歳上１勝クラス 14:20,5,ホウオウバローロ,43,▽,先,石川倭[替],58,前川恭,栗,12.6,3,https://jrdb.com/member/n_live_20260830_01262409.html,PASS_UI_RACE_SELECTOR_BASE_ODDS
2026-08-30,札幌,9,202601020409,01262409,14:20,9R ダ1700 ３歳上１勝クラス 14:20,6,デルマホダカ,35,,追,遠藤汰[替],50▲,菊沢隆,美,35.6,7.3,https://jrdb.com/member/n_live_20260830_01262409.html,PASS_UI_RACE_SELECTOR_BASE_ODDS
2026-08-30,札幌,9,202601020409,01262409,14:20,9R ダ1700 ３歳上１勝クラス 14:20,7,イサギ,40,,差,小沢大,55,小椋研,栗,20.8,4.6,https://jrdb.com/member/n_live_20260830_01262409.html,PASS_UI_RACE_SELECTOR_BASE_ODDS
2026-08-30,札幌,9,202601020409,01262409,14:20,9R ダ1700 ３歳上１勝クラス 14:20,8,サマーナイト,48,○,差,河原田[替],54★,寺島良,栗,3.9,1.6,https://jrdb.com/member/n_live_20260830_01262409.html,PASS_UI_RACE_SELECTOR_BASE_ODDS
2026-08-30,札幌,9,202601020409,01262409,14:20,9R ダ1700 ３歳上１勝クラス 14:20,9,チェイサー,52,◎,逃,佐藤翔,52▲,相沢郁,美,5.3,1.8,https://jrdb.com/member/n_live_20260830_01262409.html,PASS_UI_RACE_SELECTOR_BASE_ODDS
2026-08-30,札幌,9,202601020409,01262409,14:20,9R ダ1700 ３歳上１勝クラス 14:20,10,ブリオメンテ,46,注,先,武　豊[替],58,千田輝,栗,3.3,1.4,https://jrdb.com/member/n_live_20260830_01262409.html,PASS_UI_RACE_SELECTOR_BASE_ODDS
2026-08-30,札幌,9,202601020409,01262409,14:20,9R ダ1700 ３歳上１勝クラス 14:20,11,シックスパック,34,,先,古川奈[替],56◇,戸田博,美,26.1,5.5,https://jrdb.com/member/n_live_20260830_01262409.html,PASS_UI_RACE_SELECTOR_BASE_ODDS
2026-08-30,札幌,10,202601020410,01262410,14:50,10R 芝1200 ＨＢＣ賞 2勝クラス 14:50,1,カガラプンツェル,56,▲,先,原田和[替],52,萱野浩,美,24.9,5.4,https://jrdb.com/member/n_live_20260830_01262410.html,PASS_UI_RACE_SELECTOR_BASE_ODDS
2026-08-30,札幌,10,202601020410,01262410,14:50,10R 芝1200 ＨＢＣ賞 2勝クラス 14:50,2,ショウナンカリス,52,,差,吉田隼[替],52,加藤士,美,13.6,3.3,https://jrdb.com/member/n_live_20260830_01262410.html,PASS_UI_RACE_SELECTOR_BASE_ODDS
2026-08-30,札幌,10,202601020410,01262410,14:50,10R 芝1200 ＨＢＣ賞 2勝クラス 14:50,3,バシレウスシチー,51,,先,小沢大,56,岡田稲,栗,15.1,3.6,https://jrdb.com/member/n_live_20260830_01262410.html,PASS_UI_RACE_SELECTOR_BASE_ODDS
2026-08-30,札幌,10,202601020410,01262410,14:50,10R 芝1200 ＨＢＣ賞 2勝クラス 14:50,4,ルージュベルベット,57,◎,先,浜中俊[替],53,浅利英,美,13.7,3.3,https://jrdb.com/member/n_live_20260830_01262410.html,PASS_UI_RACE_SELECTOR_BASE_ODDS
2026-08-30,札幌,10,202601020410,01262410,14:50,10R 芝1200 ＨＢＣ賞 2勝クラス 14:50,5,スイミーユニバンス,52,,追,鮫島駿,53,平田修,栗,22.1,4.8,https://jrdb.com/member/n_live_20260830_01262410.html,PASS_UI_RACE_SELECTOR_BASE_ODDS
2026-08-30,札幌,10,202601020410,01262410,14:50,10R 芝1200 ＨＢＣ賞 2勝クラス 14:50,6,コックオーヴァン,46,,差,遠藤汰[替],51,伊藤伸,美,55.3,10.8,https://jrdb.com/member/n_live_20260830_01262410.html,PASS_UI_RACE_SELECTOR_BASE_ODDS
2026-08-30,札幌,10,202601020410,01262410,14:50,10R 芝1200 ＨＢＣ賞 2勝クラス 14:50,7,セイウンデセオ,56,○,差,武　豊[替],54,小手川,美,8.6,2.5,https://jrdb.com/member/n_live_20260830_01262410.html,PASS_UI_RACE_SELECTOR_BASE_ODDS
2026-08-30,札幌,10,202601020410,01262410,14:50,10R 芝1200 ＨＢＣ賞 2勝クラス 14:50,8,ムチャスグラシアス,46,,差,佐藤翔[替],52,菊川正,美,78.8,15.1,https://jrdb.com/member/n_live_20260830_01262410.html,PASS_UI_RACE_SELECTOR_BASE_ODDS
2026-08-30,札幌,10,202601020410,01262410,14:50,10R 芝1200 ＨＢＣ賞 2勝クラス 14:50,9,プレセピオ,47,,先,川又賢[替],52,笹田和,栗,11.8,2.9,https://jrdb.com/member/n_live_20260830_01262410.html,PASS_UI_RACE_SELECTOR_BASE_ODDS
2026-08-30,札幌,10,202601020410,01262410,14:50,10R 芝1200 ＨＢＣ賞 2勝クラス 14:50,10,ララバニュルス,53,▽,先,藤懸貴[替],56,大竹正,美,14.9,3.5,https://jrdb.com/member/n_live_20260830_01262410.html,PASS_UI_RACE_SELECTOR_BASE_ODDS
2026-08-30,札幌,10,202601020410,01262410,14:50,10R 芝1200 ＨＢＣ賞 2勝クラス 14:50,11,ファビュラススター,53,,追,丹内祐[替],56,新谷功,栗,26.6,5.7,https://jrdb.com/member/n_live_20260830_01262410.html,PASS_UI_RACE_SELECTOR_BASE_ODDS
2026-08-30,札幌,10,202601020410,01262410,14:50,10R 芝1200 ＨＢＣ賞 2勝クラス 14:50,12,デンプシー,54,△,差,横山和[替],55,上原佑,美,3.3,1.5,https://jrdb.com/member/n_live_20260830_01262410.html,PASS_UI_RACE_SELECTOR_BASE_ODDS
2026-08-30,札幌,10,202601020410,01262410,14:50,10R 芝1200 ＨＢＣ賞 2勝クラス 14:50,13,フミサウンド,50,,差,大野拓[替],55,鹿戸雄,美,34.8,7.2,https://jrdb.com/member/n_live_20260830_01262410.html,PASS_UI_RACE_SELECTOR_BASE_ODDS
2026-08-30,札幌,10,202601020410,01262410,14:50,10R 芝1200 ＨＢＣ賞 2勝クラス 14:50,14,ホウオウブースター,51,,差,石川倭[替],55,高柳瑞,美,63.5,12.3,https://jrdb.com/member/n_live_20260830_01262410.html,PASS_UI_RACE_SELECTOR_BASE_ODDS
2026-08-30,札幌,10,202601020410,01262410,14:50,10R 芝1200 ＨＢＣ賞 2勝クラス 14:50,15,シーグルロス,53,,先,小林美,52,尾形和,美,9.1,2.6,https://jrdb.com/member/n_live_20260830_01262410.html,PASS_UI_RACE_SELECTOR_BASE_ODDS
2026-08-30,札幌,10,202601020410,01262410,14:50,10R 芝1200 ＨＢＣ賞 2勝クラス 14:50,16,サトノワーグナー,55,注,先,横山武,54,斎藤誠,美,4,1.7,https://jrdb.com/member/n_live_20260830_01262410.html,PASS_UI_RACE_SELECTOR_BASE_ODDS
2026-08-30,札幌,11,202601020411,01262411,15:25,11R 芝1500 日高ステークス 3勝クラス WIN5 15:25,1,アンビバレント,50,,差,丹内祐[替],58,藤野健,栗,23.4,5.7,https://jrdb.com/member/n_live_20260830_01262411.html,PASS_UI_RACE_SELECTOR_BASE_ODDS
2026-08-30,札幌,11,202601020411,01262411,15:25,11R 芝1500 日高ステークス 3勝クラス WIN5 15:25,2,ワタシマツワ,58,▽,先,小林美,56,竹内正,美,26.3,6.3,https://jrdb.com/member/n_live_20260830_01262411.html,PASS_UI_RACE_SELECTOR_BASE_ODDS
2026-08-30,札幌,11,202601020411,01262411,15:25,11R 芝1500 日高ステークス 3勝クラス WIN5 15:25,3,マジックローズ,62,○,逃,武　豊[替],56,中内田,栗,8.8,2.8,https://jrdb.com/member/n_live_20260830_01262411.html,PASS_UI_RACE_SELECTOR_BASE_ODDS
2026-08-30,札幌,11,202601020411,01262411,15:25,11R 芝1500 日高ステークス 3勝クラス WIN5 15:25,4,エフォートレス,58,△,差,横山和[替],58,嘉藤貴,美,8.7,2.8,https://jrdb.com/member/n_live_20260830_01262411.html,PASS_UI_RACE_SELECTOR_BASE_ODDS
2026-08-30,札幌,11,202601020411,01262411,15:25,11R 芝1500 日高ステークス 3勝クラス WIN5 15:25,5,リゾートアイランド,47,,先,横山武[替],55,上原佑,美,12,3.3,https://jrdb.com/member/n_live_20260830_01262411.html,PASS_UI_RACE_SELECTOR_BASE_ODDS
2026-08-30,札幌,11,202601020411,01262411,15:25,11R 芝1500 日高ステークス 3勝クラス WIN5 15:25,6,エマヌエーレ,60,注,逃,浜中俊[替],58,平田修,栗,14.4,3.8,https://jrdb.com/member/n_live_20260830_01262411.html,PASS_UI_RACE_SELECTOR_BASE_ODDS
2026-08-30,札幌,11,202601020411,01262411,15:25,11R 芝1500 日高ステークス 3勝クラス WIN5 15:25,7,サクセスアイ,48,,差,藤懸貴[替],56,北出成,栗,50.3,11.5,https://jrdb.com/member/n_live_20260830_01262411.html,PASS_UI_RACE_SELECTOR_BASE_ODDS
2026-08-30,札幌,11,202601020411,01262411,15:25,11R 芝1500 日高ステークス 3勝クラス WIN5 15:25,8,トラペジスト,47,,差,吉田隼[替],58,秋山真,栗,27.1,6.5,https://jrdb.com/member/n_live_20260830_01262411.html,PASS_UI_RACE_SELECTOR_BASE_ODDS
2026-08-30,札幌,11,202601020411,01262411,15:25,11R 芝1500 日高ステークス 3勝クラス WIN5 15:25,9,ダノンミッション,61,▲,先,石川倭[替],58,堀宣行,美,4.1,1.7,https://jrdb.com/member/n_live_20260830_01262411.html,PASS_UI_RACE_SELECTOR_BASE_ODDS
2026-08-30,札幌,11,202601020411,01262411,15:25,11R 芝1500 日高ステークス 3勝クラス WIN5 15:25,10,エルマーゴ,58,,差,鮫島駿[替],58,加藤征,美,5.3,2,https://jrdb.com/member/n_live_20260830_01262411.html,PASS_UI_RACE_SELECTOR_BASE_ODDS
2026-08-30,札幌,11,202601020411,01262411,15:25,11R 芝1500 日高ステークス 3勝クラス WIN5 15:25,11,サンタアニタ,56,,先,斎藤新,56,斎藤誠,美,21.8,5.4,https://jrdb.com/member/n_live_20260830_01262411.html,PASS_UI_RACE_SELECTOR_BASE_ODDS
2026-08-30,札幌,11,202601020411,01262411,15:25,11R 芝1500 日高ステークス 3勝クラス WIN5 15:25,12,パワーホール,50,,逃,古川吉[替],58,昆　貢,栗,25.3,6.1,https://jrdb.com/member/n_live_20260830_01262411.html,PASS_UI_RACE_SELECTOR_BASE_ODDS
2026-08-30,札幌,11,202601020411,01262411,15:25,11R 芝1500 日高ステークス 3勝クラス WIN5 15:25,13,モンドデラモーレ,62,◎,差,大野拓,58,千葉直,美,5.4,2,https://jrdb.com/member/n_live_20260830_01262411.html,PASS_UI_RACE_SELECTOR_BASE_ODDS
2026-08-30,札幌,11,202601020411,01262411,15:25,11R 芝1500 日高ステークス 3勝クラス WIN5 15:25,14,マテンロウサン,54,,先,横山典,58,昆　貢,栗,7.2,2.4,https://jrdb.com/member/n_live_20260830_01262411.html,PASS_UI_RACE_SELECTOR_BASE_ODDS
2026-08-30,札幌,12,202601020412,01262412,16:00,12R 芝2600 北辰特別 1勝クラス 16:00,1,ノリマル,53,◎,差,丹内祐[替],55,尾形和,美,5.9,1.9,https://jrdb.com/member/n_live_20260830_01262412.html,PASS_UI_RACE_SELECTOR_BASE_ODDS
2026-08-30,札幌,12,202601020412,01262412,16:00,12R 芝2600 北辰特別 1勝クラス 16:00,2,ハバタクジユウニ,41,,差,川又賢,53,角田晃,栗,42.2,8.5,https://jrdb.com/member/n_live_20260830_01262412.html,PASS_UI_RACE_SELECTOR_BASE_ODDS
2026-08-30,札幌,12,202601020412,01262412,16:00,12R 芝2600 北辰特別 1勝クラス 16:00,3,モルビド,46,,追,小沢大,56,中内田,栗,15.3,3.5,https://jrdb.com/member/n_live_20260830_01262412.html,PASS_UI_RACE_SELECTOR_BASE_ODDS
2026-08-30,札幌,12,202601020412,01262412,16:00,12R 芝2600 北辰特別 1勝クラス 16:00,4,クオンタムスター,53,○,先,鮫島駿[替],55,堀宣行,美,2.6,1.4,https://jrdb.com/member/n_live_20260830_01262412.html,PASS_UI_RACE_SELECTOR_BASE_ODDS
2026-08-30,札幌,12,202601020412,01262412,16:00,12R 芝2600 北辰特別 1勝クラス 16:00,5,ディーリライズ,47,▽,追,浜中俊,55,緒方努,栗,13.2,3.1,https://jrdb.com/member/n_live_20260830_01262412.html,PASS_UI_RACE_SELECTOR_BASE_ODDS
2026-08-30,札幌,12,202601020412,01262412,16:00,12R 芝2600 北辰特別 1勝クラス 16:00,6,ミッドタウンナイト,42,,先,荻野琢,56,河嶋宏,栗,36.5,7.4,https://jrdb.com/member/n_live_20260830_01262412.html,PASS_UI_RACE_SELECTOR_BASE_ODDS
2026-08-30,札幌,12,202601020412,01262412,16:00,12R 芝2600 北辰特別 1勝クラス 16:00,7,ニューアライブ,40,,差,石川倭,55,斉藤正,北,51.1,10.1,https://jrdb.com/member/n_live_20260830_01262412.html,PASS_UI_RACE_SELECTOR_BASE_ODDS
2026-08-30,札幌,12,202601020412,01262412,16:00,12R 芝2600 北辰特別 1勝クラス 16:00,8,タビニュ,41,,差,松本大[替],55,松尾卓,美,38,7.7,https://jrdb.com/member/n_live_20260830_01262412.html,PASS_UI_RACE_SELECTOR_BASE_ODDS
2026-08-30,札幌,12,202601020412,01262412,16:00,12R 芝2600 北辰特別 1勝クラス 16:00,9,シーンオブドリーム,25,,逃,和田陽,55,池江寿,栗,71,13.4,https://jrdb.com/member/n_live_20260830_01262412.html,PASS_UI_RACE_SELECTOR_BASE_ODDS
2026-08-30,札幌,12,202601020412,01262412,16:00,12R 芝2600 北辰特別 1勝クラス 16:00,10,ワンダフルデイズ,50,注,差,横山武[替],55,高橋忠,栗,5.6,1.8,https://jrdb.com/member/n_live_20260830_01262412.html,PASS_UI_RACE_SELECTOR_BASE_ODDS
2026-08-30,札幌,12,202601020412,01262412,16:00,12R 芝2600 北辰特別 1勝クラス 16:00,11,ディベルティスマン,35,,先,横山典[替],58,菊沢隆,美,12.1,2.9,https://jrdb.com/member/n_live_20260830_01262412.html,PASS_UI_RACE_SELECTOR_BASE_ODDS
2026-08-30,札幌,12,202601020412,01262412,16:00,12R 芝2600 北辰特別 1勝クラス 16:00,12,テイクザクラウン,43,,追,吉田隼[替],58,吉村圭,栗,24.5,5.2,https://jrdb.com/member/n_live_20260830_01262412.html,PASS_UI_RACE_SELECTOR_BASE_ODDS
2026-08-30,札幌,12,202601020412,01262412,16:00,12R 芝2600 北辰特別 1勝クラス 16:00,13,タケルフォーカス,51,▲,差,古川吉,55,四位洋,栗,7,2.1,https://jrdb.com/member/n_live_20260830_01262412.html,PASS_UI_RACE_SELECTOR_BASE_ODDS
2026-08-30,札幌,12,202601020412,01262412,16:00,12R 芝2600 北辰特別 1勝クラス 16:00,14,ドンテスタマスター,48,△,先,斎藤新,55,杉山晴,栗,10.7,2.7,https://jrdb.com/member/n_live_20260830_01262412.html,PASS_UI_RACE_SELECTOR_BASE_ODDS
