日付,開催場,R,race_id,racekey,発走,番組表示,馬番,馬名,基準単勝,基準複勝,オッズ種別,source_url,source_status
2026-08-30,新潟,2,202604030402,04263402,10:15,2R ダ1800 ２歳新馬 10:15,1,ゴールドバーニング,25.9,4.4,JRDB基準オッズ（確定オッズではない）,https://jrdb.com/member/n_live_20260830_04263402.html,PASS_UI_RACE_SELECTOR_BASE_ODDS
2026-08-30,新潟,2,202604030402,04263402,10:15,2R ダ1800 ２歳新馬 10:15,2,ゴルトシェーン,19.3,3.5,JRDB基準オッズ（確定オッズではない）,https://jrdb.com/member/n_live_20260830_04263402.html,PASS_UI_RACE_SELECTOR_BASE_ODDS
2026-08-30,新潟,2,202604030402,04263402,10:15,2R ダ1800 ２歳新馬 10:15,3,ウラノグラフィア,2.8,1.2,JRDB基準オッズ（確定オッズではない）,https://jrdb.com/member/n_live_20260830_04263402.html,PASS_UI_RACE_SELECTOR_BASE_ODDS
2026-08-30,新潟,2,202604030402,04263402,10:15,2R ダ1800 ２歳新馬 10:15,4,マイトレーヤー,16.2,3,JRDB基準オッズ（確定オッズではない）,https://jrdb.com/member/n_live_20260830_04263402.html,PASS_UI_RACE_SELECTOR_BASE_ODDS
2026-08-30,新潟,2,202604030402,04263402,10:15,2R ダ1800 ２歳新馬 10:15,5,ミシェルバローズ,4.9,1.5,JRDB基準オッズ（確定オッズではない）,https://jrdb.com/member/n_live_20260830_04263402.html,PASS_UI_RACE_SELECTOR_BASE_ODDS
2026-08-30,新潟,2,202604030402,04263402,10:15,2R ダ1800 ２歳新馬 10:15,6,ニシノマキロイ,20.4,3.7,JRDB基準オッズ（確定オッズではない）,https://jrdb.com/member/n_live_20260830_04263402.html,PASS_UI_RACE_SELECTOR_BASE_ODDS
2026-08-30,新潟,2,202604030402,04263402,10:15,2R ダ1800 ２歳新馬 10:15,7,ピーエムリンダ,29.1,4.9,JRDB基準オッズ（確定オッズではない）,https://jrdb.com/member/n_live_20260830_04263402.html,PASS_UI_RACE_SELECTOR_BASE_ODDS
2026-08-30,新潟,2,202604030402,04263402,10:15,2R ダ1800 ２歳新馬 10:15,8,ウィザードシチー,30.1,5,JRDB基準オッズ（確定オッズではない）,https://jrdb.com/member/n_live_20260830_04263402.html,PASS_UI_RACE_SELECTOR_BASE_ODDS
2026-08-30,新潟,2,202604030402,04263402,10:15,2R ダ1800 ２歳新馬 10:15,9,レッドマウロア,2.7,1.2,JRDB基準オッズ（確定オッズではない）,https://jrdb.com/member/n_live_20260830_04263402.html,PASS_UI_RACE_SELECTOR_BASE_ODDS
2026-08-30,新潟,2,202604030402,04263402,10:15,2R ダ1800 ２歳新馬 10:15,10,スタレネルヴェント,51.5,8.1,JRDB基準オッズ（確定オッズではない）,https://jrdb.com/member/n_live_20260830_04263402.html,PASS_UI_RACE_SELECTOR_BASE_ODDS
2026-08-30,新潟,2,202604030402,04263402,10:15,2R ダ1800 ２歳新馬 10:15,11,ギガントシュラーク,44.3,7.1,JRDB基準オッズ（確定オッズではない）,https://jrdb.com/member/n_live_20260830_04263402.html,PASS_UI_RACE_SELECTOR_BASE_ODDS
2026-08-30,新潟,2,202604030402,04263402,10:15,2R ダ1800 ２歳新馬 10:15,12,エコロゲラン,31.1,5.2,JRDB基準オッズ（確定オッズではない）,https://jrdb.com/member/n_live_20260830_04263402.html,PASS_UI_RACE_SELECTOR_BASE_ODDS
2026-08-30,新潟,2,202604030402,04263402,10:15,2R ダ1800 ２歳新馬 10:15,13,タイセイリッター,16.2,3.1,JRDB基準オッズ（確定オッズではない）,https://jrdb.com/member/n_live_20260830_04263402.html,PASS_UI_RACE_SELECTOR_BASE_ODDS
2026-08-30,新潟,3,202604030403,04263403,10:45,3R 芝2000 ２歳未勝利 10:45,1,ケイジャーダ,16.1,3.2,JRDB基準オッズ（確定オッズではない）,https://jrdb.com/member/n_live_20260830_04263403.html,PASS_UI_RACE_SELECTOR_BASE_ODDS
2026-08-30,新潟,3,202604030403,04263403,10:45,3R 芝2000 ２歳未勝利 10:45,2,ニシノリリックス,22.1,4,JRDB基準オッズ（確定オッズではない）,https://jrdb.com/member/n_live_20260830_04263403.html,PASS_UI_RACE_SELECTOR_BASE_ODDS
2026-08-30,新潟,3,202604030403,04263403,10:45,3R 芝2000 ２歳未勝利 10:45,3,イカルステソーロ,2.9,1.2,JRDB基準オッズ（確定オッズではない）,https://jrdb.com/member/n_live_20260830_04263403.html,PASS_UI_RACE_SELECTOR_BASE_ODDS
2026-08-30,新潟,3,202604030403,04263403,10:45,3R 芝2000 ２歳未勝利 10:45,4,タイセイソアリング,3.9,1.4,JRDB基準オッズ（確定オッズではない）,https://jrdb.com/member/n_live_20260830_04263403.html,PASS_UI_RACE_SELECTOR_BASE_ODDS
2026-08-30,新潟,3,202604030403,04263403,10:45,3R 芝2000 ２歳未勝利 10:45,5,エクスマキナ,2.8,1.2,JRDB基準オッズ（確定オッズではない）,https://jrdb.com/member/n_live_20260830_04263403.html,PASS_UI_RACE_SELECTOR_BASE_ODDS
2026-08-30,新潟,3,202604030403,04263403,10:45,3R 芝2000 ２歳未勝利 10:45,6,ウイニングレイ,5.1,1.6,JRDB基準オッズ（確定オッズではない）,https://jrdb.com/member/n_live_20260830_04263403.html,PASS_UI_RACE_SELECTOR_BASE_ODDS
2026-08-30,新潟,3,202604030403,04263403,10:45,3R 芝2000 ２歳未勝利 10:45,7,ハンデンブレイズ,12,2.5,JRDB基準オッズ（確定オッズではない）,https://jrdb.com/member/n_live_20260830_04263403.html,PASS_UI_RACE_SELECTOR_BASE_ODDS
2026-08-30,新潟,3,202604030403,04263403,10:45,3R 芝2000 ２歳未勝利 10:45,8,ルークスイテルム,38.1,6.5,JRDB基準オッズ（確定オッズではない）,https://jrdb.com/member/n_live_20260830_04263403.html,PASS_UI_RACE_SELECTOR_BASE_ODDS
2026-08-30,新潟,4,202604030404,04263404,11:15,4R 芝1800 ２歳新馬(無料開放レース) 11:15,1,ヒズストーリー,23.7,4.8,JRDB基準オッズ（確定オッズではない）,https://jrdb.com/member/n_live_20260830_04263404.html,PASS_UI_RACE_SELECTOR_BASE_ODDS
2026-08-30,新潟,4,202604030404,04263404,11:15,4R 芝1800 ２歳新馬(無料開放レース) 11:15,2,チェスティーノ,2.5,1.3,JRDB基準オッズ（確定オッズではない）,https://jrdb.com/member/n_live_20260830_04263404.html,PASS_UI_RACE_SELECTOR_BASE_ODDS
2026-08-30,新潟,4,202604030404,04263404,11:15,4R 芝1800 ２歳新馬(無料開放レース) 11:15,3,ガヤーズサムライ,15.9,3.5,JRDB基準オッズ（確定オッズではない）,https://jrdb.com/member/n_live_20260830_04263404.html,PASS_UI_RACE_SELECTOR_BASE_ODDS
2026-08-30,新潟,4,202604030404,04263404,11:15,4R 芝1800 ２歳新馬(無料開放レース) 11:15,4,キャッチアップ,42.2,8,JRDB基準オッズ（確定オッズではない）,https://jrdb.com/member/n_live_20260830_04263404.html,PASS_UI_RACE_SELECTOR_BASE_ODDS
2026-08-30,新潟,4,202604030404,04263404,11:15,4R 芝1800 ２歳新馬(無料開放レース) 11:15,5,オオルリ,46.6,8.8,JRDB基準オッズ（確定オッズではない）,https://jrdb.com/member/n_live_20260830_04263404.html,PASS_UI_RACE_SELECTOR_BASE_ODDS
2026-08-30,新潟,4,202604030404,04263404,11:15,4R 芝1800 ２歳新馬(無料開放レース) 11:15,6,ペントザリス,4.8,1.6,JRDB基準オッズ（確定オッズではない）,https://jrdb.com/member/n_live_20260830_04263404.html,PASS_UI_RACE_SELECTOR_BASE_ODDS
2026-08-30,新潟,4,202604030404,04263404,11:15,4R 芝1800 ２歳新馬(無料開放レース) 11:15,7,マイネルウルカヌス,16.1,3.5,JRDB基準オッズ（確定オッズではない）,https://jrdb.com/member/n_live_20260830_04263404.html,PASS_UI_RACE_SELECTOR_BASE_ODDS
2026-08-30,新潟,4,202604030404,04263404,11:15,4R 芝1800 ２歳新馬(無料開放レース) 11:15,8,ダディーズレガリア,4.9,1.6,JRDB基準オッズ（確定オッズではない）,https://jrdb.com/member/n_live_20260830_04263404.html,PASS_UI_RACE_SELECTOR_BASE_ODDS
2026-08-30,新潟,4,202604030404,04263404,11:15,4R 芝1800 ２歳新馬(無料開放レース) 11:15,9,テキサス,5.3,1.7,JRDB基準オッズ（確定オッズではない）,https://jrdb.com/member/n_live_20260830_04263404.html,PASS_UI_RACE_SELECTOR_BASE_ODDS
2026-08-30,新潟,4,202604030404,04263404,11:15,4R 芝1800 ２歳新馬(無料開放レース) 11:15,10,リアスハート,7.9,2.2,JRDB基準オッズ（確定オッズではない）,https://jrdb.com/member/n_live_20260830_04263404.html,PASS_UI_RACE_SELECTOR_BASE_ODDS
2026-08-30,新潟,4,202604030404,04263404,11:15,4R 芝1800 ２歳新馬(無料開放レース) 11:15,11,ライヴテキーラ,41.9,7.9,JRDB基準オッズ（確定オッズではない）,https://jrdb.com/member/n_live_20260830_04263404.html,PASS_UI_RACE_SELECTOR_BASE_ODDS
2026-08-30,新潟,5,202604030405,04263405,11:45,5R 芝1400 ３歳未勝利 11:45,1,セリエンクーニゲン,3.8,1.5,JRDB基準オッズ（確定オッズではない）,https://jrdb.com/member/n_live_20260830_04263405.html,PASS_UI_RACE_SELECTOR_BASE_ODDS
2026-08-30,新潟,5,202604030405,04263405,11:45,5R 芝1400 ３歳未勝利 11:45,2,チョコブラウニー,186,34.6,JRDB基準オッズ（確定オッズではない）,https://jrdb.com/member/n_live_20260830_04263405.html,PASS_UI_RACE_SELECTOR_BASE_ODDS
2026-08-30,新潟,5,202604030405,04263405,11:45,5R 芝1400 ３歳未勝利 11:45,3,ゴッドレイ,14.6,3.4,JRDB基準オッズ（確定オッズではない）,https://jrdb.com/member/n_live_20260830_04263405.html,PASS_UI_RACE_SELECTOR_BASE_ODDS
2026-08-30,新潟,5,202604030405,04263405,11:45,5R 芝1400 ３歳未勝利 11:45,4,ステキサプライズ,66.7,12.8,JRDB基準オッズ（確定オッズではない）,https://jrdb.com/member/n_live_20260830_04263405.html,PASS_UI_RACE_SELECTOR_BASE_ODDS
2026-08-30,新潟,5,202604030405,04263405,11:45,5R 芝1400 ３歳未勝利 11:45,5,エナノムスメ,60.2,11.7,JRDB基準オッズ（確定オッズではない）,https://jrdb.com/member/n_live_20260830_04263405.html,PASS_UI_RACE_SELECTOR_BASE_ODDS
2026-08-30,新潟,5,202604030405,04263405,11:45,5R 芝1400 ３歳未勝利 11:45,6,ラウンドヒル,19.9,4.5,JRDB基準オッズ（確定オッズではない）,https://jrdb.com/member/n_live_20260830_04263405.html,PASS_UI_RACE_SELECTOR_BASE_ODDS
2026-08-30,新潟,5,202604030405,04263405,11:45,5R 芝1400 ３歳未勝利 11:45,7,エフティヴェント,107,20.1,JRDB基準オッズ（確定オッズではない）,https://jrdb.com/member/n_live_20260830_04263405.html,PASS_UI_RACE_SELECTOR_BASE_ODDS
2026-08-30,新潟,5,202604030405,04263405,11:45,5R 芝1400 ３歳未勝利 11:45,8,カラーオブサクセス,33.6,7,JRDB基準オッズ（確定オッズではない）,https://jrdb.com/member/n_live_20260830_04263405.html,PASS_UI_RACE_SELECTOR_BASE_ODDS
2026-08-30,新潟,5,202604030405,04263405,11:45,5R 芝1400 ３歳未勝利 11:45,9,アリアス,11.8,2.9,JRDB基準オッズ（確定オッズではない）,https://jrdb.com/member/n_live_20260830_04263405.html,PASS_UI_RACE_SELECTOR_BASE_ODDS
2026-08-30,新潟,5,202604030405,04263405,11:45,5R 芝1400 ３歳未勝利 11:45,10,ソルティアーラ,45.1,9.1,JRDB基準オッズ（確定オッズではない）,https://jrdb.com/member/n_live_20260830_04263405.html,PASS_UI_RACE_SELECTOR_BASE_ODDS
2026-08-30,新潟,5,202604030405,04263405,11:45,5R 芝1400 ３歳未勝利 11:45,11,オンナキュヌヴィ,3.4,1.5,JRDB基準オッズ（確定オッズではない）,https://jrdb.com/member/n_live_20260830_04263405.html,PASS_UI_RACE_SELECTOR_BASE_ODDS
2026-08-30,新潟,5,202604030405,04263405,11:45,5R 芝1400 ３歳未勝利 11:45,12,ネオアンボウ,66,12.7,JRDB基準オッズ（確定オッズではない）,https://jrdb.com/member/n_live_20260830_04263405.html,PASS_UI_RACE_SELECTOR_BASE_ODDS
2026-08-30,新潟,5,202604030405,04263405,11:45,5R 芝1400 ３歳未勝利 11:45,13,ウインテラジーナ,5.1,1.8,JRDB基準オッズ（確定オッズではない）,https://jrdb.com/member/n_live_20260830_04263405.html,PASS_UI_RACE_SELECTOR_BASE_ODDS
2026-08-30,新潟,5,202604030405,04263405,11:45,5R 芝1400 ３歳未勝利 11:45,14,ワインレッドハート,57.1,11.1,JRDB基準オッズ（確定オッズではない）,https://jrdb.com/member/n_live_20260830_04263405.html,PASS_UI_RACE_SELECTOR_BASE_ODDS
2026-08-30,新潟,5,202604030405,04263405,11:45,5R 芝1400 ３歳未勝利 11:45,15,ルディドゥゲンジ,39,8,JRDB基準オッズ（確定オッズではない）,https://jrdb.com/member/n_live_20260830_04263405.html,PASS_UI_RACE_SELECTOR_BASE_ODDS
2026-08-30,新潟,5,202604030405,04263405,11:45,5R 芝1400 ３歳未勝利 11:45,16,ペルウィクトール,5.4,1.8,JRDB基準オッズ（確定オッズではない）,https://jrdb.com/member/n_live_20260830_04263405.html,PASS_UI_RACE_SELECTOR_BASE_ODDS
2026-08-30,新潟,5,202604030405,04263405,11:45,5R 芝1400 ３歳未勝利 11:45,17,エイシンイクサボシ,32,6.7,JRDB基準オッズ（確定オッズではない）,https://jrdb.com/member/n_live_20260830_04263405.html,PASS_UI_RACE_SELECTOR_BASE_ODDS
2026-08-30,新潟,5,202604030405,04263405,11:45,5R 芝1400 ３歳未勝利 11:45,18,ミクロスギガース,39.1,8,JRDB基準オッズ（確定オッズではない）,https://jrdb.com/member/n_live_20260830_04263405.html,PASS_UI_RACE_SELECTOR_BASE_ODDS
2026-08-30,新潟,6,202604030406,04263406,14:35,6R ダ1800 両津湾特別 2勝クラス 14:35,1,ピコシー,21.6,4.4,JRDB基準オッズ（確定オッズではない）,https://jrdb.com/member/n_live_20260830_04263406.html,PASS_UI_RACE_SELECTOR_BASE_ODDS
2026-08-30,新潟,6,202604030406,04263406,14:35,6R ダ1800 両津湾特別 2勝クラス 14:35,2,ビービーアジャイル,2.5,1.3,JRDB基準オッズ（確定オッズではない）,https://jrdb.com/member/n_live_20260830_04263406.html,PASS_UI_RACE_SELECTOR_BASE_ODDS
2026-08-30,新潟,6,202604030406,04263406,14:35,6R ダ1800 両津湾特別 2勝クラス 14:35,3,オクトーバーナイン,4.5,1.6,JRDB基準オッズ（確定オッズではない）,https://jrdb.com/member/n_live_20260830_04263406.html,PASS_UI_RACE_SELECTOR_BASE_ODDS
2026-08-30,新潟,6,202604030406,04263406,14:35,6R ダ1800 両津湾特別 2勝クラス 14:35,4,ニシノケンタマン,8.6,2.3,JRDB基準オッズ（確定オッズではない）,https://jrdb.com/member/n_live_20260830_04263406.html,PASS_UI_RACE_SELECTOR_BASE_ODDS
2026-08-30,新潟,6,202604030406,04263406,14:35,6R ダ1800 両津湾特別 2勝クラス 14:35,5,コパノエビータ,93.4,16.3,JRDB基準オッズ（確定オッズではない）,https://jrdb.com/member/n_live_20260830_04263406.html,PASS_UI_RACE_SELECTOR_BASE_ODDS
2026-08-30,新潟,6,202604030406,04263406,14:35,6R ダ1800 両津湾特別 2勝クラス 14:35,6,アルベリック,33.7,6.5,JRDB基準オッズ（確定オッズではない）,https://jrdb.com/member/n_live_20260830_04263406.html,PASS_UI_RACE_SELECTOR_BASE_ODDS
2026-08-30,新潟,6,202604030406,04263406,14:35,6R ダ1800 両津湾特別 2勝クラス 14:35,7,トゥーザムーン,11.1,2.6,JRDB基準オッズ（確定オッズではない）,https://jrdb.com/member/n_live_20260830_04263406.html,PASS_UI_RACE_SELECTOR_BASE_ODDS
2026-08-30,新潟,6,202604030406,04263406,14:35,6R ダ1800 両津湾特別 2勝クラス 14:35,8,スターシップ,5.1,1.7,JRDB基準オッズ（確定オッズではない）,https://jrdb.com/member/n_live_20260830_04263406.html,PASS_UI_RACE_SELECTOR_BASE_ODDS
2026-08-30,新潟,6,202604030406,04263406,14:35,6R ダ1800 両津湾特別 2勝クラス 14:35,9,ヴァイヴァーイ,13.5,3,JRDB基準オッズ（確定オッズではない）,https://jrdb.com/member/n_live_20260830_04263406.html,PASS_UI_RACE_SELECTOR_BASE_ODDS
2026-08-30,新潟,6,202604030406,04263406,14:35,6R ダ1800 両津湾特別 2勝クラス 14:35,10,フラッシング,60.4,10.8,JRDB基準オッズ（確定オッズではない）,https://jrdb.com/member/n_live_20260830_04263406.html,PASS_UI_RACE_SELECTOR_BASE_ODDS
2026-08-30,新潟,6,202604030406,04263406,14:35,6R ダ1800 両津湾特別 2勝クラス 14:35,11,ジェーケーボンバー,126,21.8,JRDB基準オッズ（確定オッズではない）,https://jrdb.com/member/n_live_20260830_04263406.html,PASS_UI_RACE_SELECTOR_BASE_ODDS
2026-08-30,新潟,6,202604030406,04263406,14:35,6R ダ1800 両津湾特別 2勝クラス 14:35,12,マハナ,65,11.6,JRDB基準オッズ（確定オッズではない）,https://jrdb.com/member/n_live_20260830_04263406.html,PASS_UI_RACE_SELECTOR_BASE_ODDS
2026-08-30,新潟,6,202604030406,04263406,14:35,6R ダ1800 両津湾特別 2勝クラス 14:35,13,クロドラバール,39.9,7.5,JRDB基準オッズ（確定オッズではない）,https://jrdb.com/member/n_live_20260830_04263406.html,PASS_UI_RACE_SELECTOR_BASE_ODDS
2026-08-30,新潟,6,202604030406,04263406,14:35,6R ダ1800 両津湾特別 2勝クラス 14:35,14,コスモコンフェルマ,12.9,2.9,JRDB基準オッズ（確定オッズではない）,https://jrdb.com/member/n_live_20260830_04263406.html,PASS_UI_RACE_SELECTOR_BASE_ODDS
2026-08-30,新潟,6,202604030406,04263406,14:35,6R ダ1800 両津湾特別 2勝クラス 14:35,15,ノルドヴェスト,43.9,8.2,JRDB基準オッズ（確定オッズではない）,https://jrdb.com/member/n_live_20260830_04263406.html,PASS_UI_RACE_SELECTOR_BASE_ODDS
2026-08-30,新潟,7,202604030407,04263407,15:10,7R 芝2200 日本海ステークス 3勝クラス WIN5 15:10,1,シャドウメテオ,7.6,2.3,JRDB基準オッズ（確定オッズではない）,https://jrdb.com/member/n_live_20260830_04263407.html,PASS_UI_RACE_SELECTOR_BASE_ODDS
2026-08-30,新潟,7,202604030407,04263407,15:10,7R 芝2200 日本海ステークス 3勝クラス WIN5 15:10,2,ウインデイジー,13.9,3.3,JRDB基準オッズ（確定オッズではない）,https://jrdb.com/member/n_live_20260830_04263407.html,PASS_UI_RACE_SELECTOR_BASE_ODDS
2026-08-30,新潟,7,202604030407,04263407,15:10,7R 芝2200 日本海ステークス 3勝クラス WIN5 15:10,3,チャリングクロス,3.3,1.4,JRDB基準オッズ（確定オッズではない）,https://jrdb.com/member/n_live_20260830_04263407.html,PASS_UI_RACE_SELECTOR_BASE_ODDS
2026-08-30,新潟,7,202604030407,04263407,15:10,7R 芝2200 日本海ステークス 3勝クラス WIN5 15:10,4,シュバルツマサムネ,37.4,7.7,JRDB基準オッズ（確定オッズではない）,https://jrdb.com/member/n_live_20260830_04263407.html,PASS_UI_RACE_SELECTOR_BASE_ODDS
2026-08-30,新潟,7,202604030407,04263407,15:10,7R 芝2200 日本海ステークス 3勝クラス WIN5 15:10,5,サダムオプシス,4.2,1.6,JRDB基準オッズ（確定オッズではない）,https://jrdb.com/member/n_live_20260830_04263407.html,PASS_UI_RACE_SELECTOR_BASE_ODDS
2026-08-30,新潟,7,202604030407,04263407,15:10,7R 芝2200 日本海ステークス 3勝クラス WIN5 15:10,6,ナムラフッカー,50.6,10.1,JRDB基準オッズ（確定オッズではない）,https://jrdb.com/member/n_live_20260830_04263407.html,PASS_UI_RACE_SELECTOR_BASE_ODDS
2026-08-30,新潟,7,202604030407,04263407,15:10,7R 芝2200 日本海ステークス 3勝クラス WIN5 15:10,7,オストラヴァ,4,1.5,JRDB基準オッズ（確定オッズではない）,https://jrdb.com/member/n_live_20260830_04263407.html,PASS_UI_RACE_SELECTOR_BASE_ODDS
2026-08-30,新潟,7,202604030407,04263407,15:10,7R 芝2200 日本海ステークス 3勝クラス WIN5 15:10,8,ベンサレム,20.6,4.6,JRDB基準オッズ（確定オッズではない）,https://jrdb.com/member/n_live_20260830_04263407.html,PASS_UI_RACE_SELECTOR_BASE_ODDS
2026-08-30,新潟,7,202604030407,04263407,15:10,7R 芝2200 日本海ステークス 3勝クラス WIN5 15:10,9,タイセイフェリーク,31.7,6.6,JRDB基準オッズ（確定オッズではない）,https://jrdb.com/member/n_live_20260830_04263407.html,PASS_UI_RACE_SELECTOR_BASE_ODDS
2026-08-30,新潟,7,202604030407,04263407,15:10,7R 芝2200 日本海ステークス 3勝クラス WIN5 15:10,10,サトノパトリオット,5.3,1.8,JRDB基準オッズ（確定オッズではない）,https://jrdb.com/member/n_live_20260830_04263407.html,PASS_UI_RACE_SELECTOR_BASE_ODDS
2026-08-30,新潟,7,202604030407,04263407,15:10,7R 芝2200 日本海ステークス 3勝クラス WIN5 15:10,11,リンフレスカンテ,33.9,7,JRDB基準オッズ（確定オッズではない）,https://jrdb.com/member/n_live_20260830_04263407.html,PASS_UI_RACE_SELECTOR_BASE_ODDS
2026-08-30,新潟,7,202604030407,04263407,15:10,7R 芝2200 日本海ステークス 3勝クラス WIN5 15:10,12,クリニクラウン,33.8,7,JRDB基準オッズ（確定オッズではない）,https://jrdb.com/member/n_live_20260830_04263407.html,PASS_UI_RACE_SELECTOR_BASE_ODDS
2026-08-30,新潟,8,202604030408,04263408,15:45,8R 芝2000 新潟記念・Ｇ３ WIN5 15:45,1,ボーンディスウェイ,32,6.2,JRDB基準オッズ（確定オッズではない）,https://jrdb.com/member/n_live_20260830_04263408.html,PASS_UI_RACE_SELECTOR_BASE_ODDS
2026-08-30,新潟,8,202604030408,04263408,15:45,8R 芝2000 新潟記念・Ｇ３ WIN5 15:45,2,サヴォーナ,15.7,3.4,JRDB基準オッズ（確定オッズではない）,https://jrdb.com/member/n_live_20260830_04263408.html,PASS_UI_RACE_SELECTOR_BASE_ODDS
2026-08-30,新潟,8,202604030408,04263408,15:45,8R 芝2000 新潟記念・Ｇ３ WIN5 15:45,3,ロデオドライブ,3.9,1.5,JRDB基準オッズ（確定オッズではない）,https://jrdb.com/member/n_live_20260830_04263408.html,PASS_UI_RACE_SELECTOR_BASE_ODDS
2026-08-30,新潟,8,202604030408,04263408,15:45,8R 芝2000 新潟記念・Ｇ３ WIN5 15:45,4,ドゥレッツァ,8.8,2.4,JRDB基準オッズ（確定オッズではない）,https://jrdb.com/member/n_live_20260830_04263408.html,PASS_UI_RACE_SELECTOR_BASE_ODDS
2026-08-30,新潟,8,202604030408,04263408,15:45,8R 芝2000 新潟記念・Ｇ３ WIN5 15:45,5,ゾロアストロ,5,1.6,JRDB基準オッズ（確定オッズではない）,https://jrdb.com/member/n_live_20260830_04263408.html,PASS_UI_RACE_SELECTOR_BASE_ODDS
2026-08-30,新潟,8,202604030408,04263408,15:45,8R 芝2000 新潟記念・Ｇ３ WIN5 15:45,6,チェルヴィニア,14.6,3.2,JRDB基準オッズ（確定オッズではない）,https://jrdb.com/member/n_live_20260830_04263408.html,PASS_UI_RACE_SELECTOR_BASE_ODDS
2026-08-30,新潟,8,202604030408,04263408,15:45,8R 芝2000 新潟記念・Ｇ３ WIN5 15:45,7,ジュンブロッサム,26.9,5.3,JRDB基準オッズ（確定オッズではない）,https://jrdb.com/member/n_live_20260830_04263408.html,PASS_UI_RACE_SELECTOR_BASE_ODDS
2026-08-30,新潟,8,202604030408,04263408,15:45,8R 芝2000 新潟記念・Ｇ３ WIN5 15:45,8,ダノンシーマ,2.8,1.3,JRDB基準オッズ（確定オッズではない）,https://jrdb.com/member/n_live_20260830_04263408.html,PASS_UI_RACE_SELECTOR_BASE_ODDS
2026-08-30,新潟,8,202604030408,04263408,15:45,8R 芝2000 新潟記念・Ｇ３ WIN5 15:45,9,アーバンシック,13.1,2.9,JRDB基準オッズ（確定オッズではない）,https://jrdb.com/member/n_live_20260830_04263408.html,PASS_UI_RACE_SELECTOR_BASE_ODDS
2026-08-30,新潟,8,202604030408,04263408,15:45,8R 芝2000 新潟記念・Ｇ３ WIN5 15:45,10,バレエマスター,24.4,4.9,JRDB基準オッズ（確定オッズではない）,https://jrdb.com/member/n_live_20260830_04263408.html,PASS_UI_RACE_SELECTOR_BASE_ODDS
2026-08-30,新潟,8,202604030408,04263408,15:45,8R 芝2000 新潟記念・Ｇ３ WIN5 15:45,11,ステレンボッシュ,9.2,2.5,JRDB基準オッズ（確定オッズではない）,https://jrdb.com/member/n_live_20260830_04263408.html,PASS_UI_RACE_SELECTOR_BASE_ODDS
2026-08-30,新潟,9,202604030409,04263409,16:25,9R 芝1000 閃光特別 2勝クラス 16:25,1,カレンデュラ,4.3,1.6,JRDB基準オッズ（確定オッズではない）,https://jrdb.com/member/n_live_20260830_04263409.html,PASS_UI_RACE_SELECTOR_BASE_ODDS
2026-08-30,新潟,9,202604030409,04263409,16:25,9R 芝1000 閃光特別 2勝クラス 16:25,2,サトノアルペジオ,57.7,10.7,JRDB基準オッズ（確定オッズではない）,https://jrdb.com/member/n_live_20260830_04263409.html,PASS_UI_RACE_SELECTOR_BASE_ODDS
2026-08-30,新潟,9,202604030409,04263409,16:25,9R 芝1000 閃光特別 2勝クラス 16:25,3,ゼンダンタカ,32.5,6.5,JRDB基準オッズ（確定オッズではない）,https://jrdb.com/member/n_live_20260830_04263409.html,PASS_UI_RACE_SELECTOR_BASE_ODDS
2026-08-30,新潟,9,202604030409,04263409,16:25,9R 芝1000 閃光特別 2勝クラス 16:25,4,フレッシュラン,108,19.3,JRDB基準オッズ（確定オッズではない）,https://jrdb.com/member/n_live_20260830_04263409.html,PASS_UI_RACE_SELECTOR_BASE_ODDS
2026-08-30,新潟,9,202604030409,04263409,16:25,9R 芝1000 閃光特別 2勝クラス 16:25,5,ファイツオン,17.3,3.8,JRDB基準オッズ（確定オッズではない）,https://jrdb.com/member/n_live_20260830_04263409.html,PASS_UI_RACE_SELECTOR_BASE_ODDS
2026-08-30,新潟,9,202604030409,04263409,16:25,9R 芝1000 閃光特別 2勝クラス 16:25,6,エリカカリーナ,16.5,3.7,JRDB基準オッズ（確定オッズではない）,https://jrdb.com/member/n_live_20260830_04263409.html,PASS_UI_RACE_SELECTOR_BASE_ODDS
2026-08-30,新潟,9,202604030409,04263409,16:25,9R 芝1000 閃光特別 2勝クラス 16:25,7,リュウノタブーク,65.3,12,JRDB基準オッズ（確定オッズではない）,https://jrdb.com/member/n_live_20260830_04263409.html,PASS_UI_RACE_SELECTOR_BASE_ODDS
2026-08-30,新潟,9,202604030409,04263409,16:25,9R 芝1000 閃光特別 2勝クラス 16:25,8,ハニーローリエ,2.8,1.4,JRDB基準オッズ（確定オッズではない）,https://jrdb.com/member/n_live_20260830_04263409.html,PASS_UI_RACE_SELECTOR_BASE_ODDS
2026-08-30,新潟,9,202604030409,04263409,16:25,9R 芝1000 閃光特別 2勝クラス 16:25,9,バンディート,66.9,12.3,JRDB基準オッズ（確定オッズではない）,https://jrdb.com/member/n_live_20260830_04263409.html,PASS_UI_RACE_SELECTOR_BASE_ODDS
2026-08-30,新潟,9,202604030409,04263409,16:25,9R 芝1000 閃光特別 2勝クラス 16:25,10,キントラダンサー,82,14.9,JRDB基準オッズ（確定オッズではない）,https://jrdb.com/member/n_live_20260830_04263409.html,PASS_UI_RACE_SELECTOR_BASE_ODDS
2026-08-30,新潟,9,202604030409,04263409,16:25,9R 芝1000 閃光特別 2勝クラス 16:25,11,ビップムーラン,9.3,2.5,JRDB基準オッズ（確定オッズではない）,https://jrdb.com/member/n_live_20260830_04263409.html,PASS_UI_RACE_SELECTOR_BASE_ODDS
2026-08-30,新潟,9,202604030409,04263409,16:25,9R 芝1000 閃光特別 2勝クラス 16:25,12,レジーナローズ,15.9,3.5,JRDB基準オッズ（確定オッズではない）,https://jrdb.com/member/n_live_20260830_04263409.html,PASS_UI_RACE_SELECTOR_BASE_ODDS
2026-08-30,新潟,9,202604030409,04263409,16:25,9R 芝1000 閃光特別 2勝クラス 16:25,13,ビーアイフォルテ,34.9,6.9,JRDB基準オッズ（確定オッズではない）,https://jrdb.com/member/n_live_20260830_04263409.html,PASS_UI_RACE_SELECTOR_BASE_ODDS
2026-08-30,新潟,9,202604030409,04263409,16:25,9R 芝1000 閃光特別 2勝クラス 16:25,14,ケンキョ,47.6,9.2,JRDB基準オッズ（確定オッズではない）,https://jrdb.com/member/n_live_20260830_04263409.html,PASS_UI_RACE_SELECTOR_BASE_ODDS
2026-08-30,新潟,9,202604030409,04263409,16:25,9R 芝1000 閃光特別 2勝クラス 16:25,15,ミスエル,20,4.3,JRDB基準オッズ（確定オッズではない）,https://jrdb.com/member/n_live_20260830_04263409.html,PASS_UI_RACE_SELECTOR_BASE_ODDS
2026-08-30,新潟,9,202604030409,04263409,16:25,9R 芝1000 閃光特別 2勝クラス 16:25,16,スペルキャスター,15.4,3.5,JRDB基準オッズ（確定オッズではない）,https://jrdb.com/member/n_live_20260830_04263409.html,PASS_UI_RACE_SELECTOR_BASE_ODDS
2026-08-30,新潟,9,202604030409,04263409,16:25,9R 芝1000 閃光特別 2勝クラス 16:25,17,ラトルシェ,18.8,4.1,JRDB基準オッズ（確定オッズではない）,https://jrdb.com/member/n_live_20260830_04263409.html,PASS_UI_RACE_SELECTOR_BASE_ODDS
2026-08-30,新潟,9,202604030409,04263409,16:25,9R 芝1000 閃光特別 2勝クラス 16:25,18,ヴェントゥーラ,6.9,2.1,JRDB基準オッズ（確定オッズではない）,https://jrdb.com/member/n_live_20260830_04263409.html,PASS_UI_RACE_SELECTOR_BASE_ODDS
2026-08-30,新潟,10,202604030410,04263410,17:00,10R ダ1800 ３歳未勝利 17:00,1,カーボフリオ,8.6,2.2,JRDB基準オッズ（確定オッズではない）,https://jrdb.com/member/n_live_20260830_04263410.html,PASS_UI_RACE_SELECTOR_BASE_ODDS
2026-08-30,新潟,10,202604030410,04263410,17:00,10R ダ1800 ３歳未勝利 17:00,2,ソナタムーンライト,106,16.7,JRDB基準オッズ（確定オッズではない）,https://jrdb.com/member/n_live_20260830_04263410.html,PASS_UI_RACE_SELECTOR_BASE_ODDS
2026-08-30,新潟,10,202604030410,04263410,17:00,10R ダ1800 ３歳未勝利 17:00,3,アーティキュレート,24.6,4.5,JRDB基準オッズ（確定オッズではない）,https://jrdb.com/member/n_live_20260830_04263410.html,PASS_UI_RACE_SELECTOR_BASE_ODDS
2026-08-30,新潟,10,202604030410,04263410,17:00,10R ダ1800 ３歳未勝利 17:00,4,パワポケウォーズ,26.9,4.8,JRDB基準オッズ（確定オッズではない）,https://jrdb.com/member/n_live_20260830_04263410.html,PASS_UI_RACE_SELECTOR_BASE_ODDS
2026-08-30,新潟,10,202604030410,04263410,17:00,10R ダ1800 ３歳未勝利 17:00,5,クライングナウ,5.3,1.6,JRDB基準オッズ（確定オッズではない）,https://jrdb.com/member/n_live_20260830_04263410.html,PASS_UI_RACE_SELECTOR_BASE_ODDS
2026-08-30,新潟,10,202604030410,04263410,17:00,10R ダ1800 ３歳未勝利 17:00,6,ロジキセキ,3,1.3,JRDB基準オッズ（確定オッズではない）,https://jrdb.com/member/n_live_20260830_04263410.html,PASS_UI_RACE_SELECTOR_BASE_ODDS
2026-08-30,新潟,10,202604030410,04263410,17:00,10R ダ1800 ３歳未勝利 17:00,7,カノープス,96.5,15.3,JRDB基準オッズ（確定オッズではない）,https://jrdb.com/member/n_live_20260830_04263410.html,PASS_UI_RACE_SELECTOR_BASE_ODDS
2026-08-30,新潟,10,202604030410,04263410,17:00,10R ダ1800 ３歳未勝利 17:00,8,ザンテソーロ,17.5,3.4,JRDB基準オッズ（確定オッズではない）,https://jrdb.com/member/n_live_20260830_04263410.html,PASS_UI_RACE_SELECTOR_BASE_ODDS
2026-08-30,新潟,10,202604030410,04263410,17:00,10R ダ1800 ３歳未勝利 17:00,9,ウモラダエピカ,17,3.4,JRDB基準オッズ（確定オッズではない）,https://jrdb.com/member/n_live_20260830_04263410.html,PASS_UI_RACE_SELECTOR_BASE_ODDS
2026-08-30,新潟,10,202604030410,04263410,17:00,10R ダ1800 ３歳未勝利 17:00,10,サングラント,2.8,1.3,JRDB基準オッズ（確定オッズではない）,https://jrdb.com/member/n_live_20260830_04263410.html,PASS_UI_RACE_SELECTOR_BASE_ODDS
2026-08-30,新潟,10,202604030410,04263410,17:00,10R ダ1800 ３歳未勝利 17:00,11,ヴァルク,99.6,15.8,JRDB基準オッズ（確定オッズではない）,https://jrdb.com/member/n_live_20260830_04263410.html,PASS_UI_RACE_SELECTOR_BASE_ODDS
2026-08-30,新潟,10,202604030410,04263410,17:00,10R ダ1800 ３歳未勝利 17:00,12,サンタピア,16.3,3.2,JRDB基準オッズ（確定オッズではない）,https://jrdb.com/member/n_live_20260830_04263410.html,PASS_UI_RACE_SELECTOR_BASE_ODDS
2026-08-30,新潟,10,202604030410,04263410,17:00,10R ダ1800 ３歳未勝利 17:00,13,エイシンキーウィ,24.5,4.5,JRDB基準オッズ（確定オッズではない）,https://jrdb.com/member/n_live_20260830_04263410.html,PASS_UI_RACE_SELECTOR_BASE_ODDS
2026-08-30,新潟,10,202604030410,04263410,17:00,10R ダ1800 ３歳未勝利 17:00,14,マジギレカレン,47.2,8,JRDB基準オッズ（確定オッズではない）,https://jrdb.com/member/n_live_20260830_04263410.html,PASS_UI_RACE_SELECTOR_BASE_ODDS
2026-08-30,新潟,10,202604030410,04263410,17:00,10R ダ1800 ３歳未勝利 17:00,15,カフェプラウド,109,17.2,JRDB基準オッズ（確定オッズではない）,https://jrdb.com/member/n_live_20260830_04263410.html,PASS_UI_RACE_SELECTOR_BASE_ODDS
2026-08-30,新潟,11,202604030411,04263411,17:30,11R 芝1800 ３歳上１勝クラス 17:30,1,ブルバンビーナ,52.7,9.4,JRDB基準オッズ（確定オッズではない）,https://jrdb.com/member/n_live_20260830_04263411.html,PASS_UI_RACE_SELECTOR_BASE_ODDS
2026-08-30,新潟,11,202604030411,04263411,17:30,11R 芝1800 ３歳上１勝クラス 17:30,2,シアブリス,9.4,2.4,JRDB基準オッズ（確定オッズではない）,https://jrdb.com/member/n_live_20260830_04263411.html,PASS_UI_RACE_SELECTOR_BASE_ODDS
2026-08-30,新潟,11,202604030411,04263411,17:30,11R 芝1800 ３歳上１勝クラス 17:30,3,スカイダンスタイム,59.6,10.2,JRDB基準オッズ（確定オッズではない）,https://jrdb.com/member/n_live_20260830_04263411.html,PASS_UI_RACE_SELECTOR_BASE_ODDS
2026-08-30,新潟,11,202604030411,04263411,17:30,11R 芝1800 ３歳上１勝クラス 17:30,4,ナックホワイト,16.2,3.4,JRDB基準オッズ（確定オッズではない）,https://jrdb.com/member/n_live_20260830_04263411.html,PASS_UI_RACE_SELECTOR_BASE_ODDS
2026-08-30,新潟,11,202604030411,04263411,17:30,11R 芝1800 ３歳上１勝クラス 17:30,5,カンティーナ,11.2,2.5,JRDB基準オッズ（確定オッズではない）,https://jrdb.com/member/n_live_20260830_04263411.html,PASS_UI_RACE_SELECTOR_BASE_ODDS
2026-08-30,新潟,11,202604030411,04263411,17:30,11R 芝1800 ３歳上１勝クラス 17:30,6,ニシノコマチムスメ,31.5,5.9,JRDB基準オッズ（確定オッズではない）,https://jrdb.com/member/n_live_20260830_04263411.html,PASS_UI_RACE_SELECTOR_BASE_ODDS
2026-08-30,新潟,11,202604030411,04263411,17:30,11R 芝1800 ３歳上１勝クラス 17:30,7,ハニーオーケストラ,42.3,7.6,JRDB基準オッズ（確定オッズではない）,https://jrdb.com/member/n_live_20260830_04263411.html,PASS_UI_RACE_SELECTOR_BASE_ODDS
2026-08-30,新潟,11,202604030411,04263411,17:30,11R 芝1800 ３歳上１勝クラス 17:30,8,ダーリングハースト,5.4,1.8,JRDB基準オッズ（確定オッズではない）,https://jrdb.com/member/n_live_20260830_04263411.html,PASS_UI_RACE_SELECTOR_BASE_ODDS
2026-08-30,新潟,11,202604030411,04263411,17:30,11R 芝1800 ３歳上１勝クラス 17:30,9,ケイツールピア,44,7.9,JRDB基準オッズ（確定オッズではない）,https://jrdb.com/member/n_live_20260830_04263411.html,PASS_UI_RACE_SELECTOR_BASE_ODDS
2026-08-30,新潟,11,202604030411,04263411,17:30,11R 芝1800 ３歳上１勝クラス 17:30,10,タッセルノット,2.2,1.3,JRDB基準オッズ（確定オッズではない）,https://jrdb.com/member/n_live_20260830_04263411.html,PASS_UI_RACE_SELECTOR_BASE_ODDS
2026-08-30,新潟,11,202604030411,04263411,17:30,11R 芝1800 ３歳上１勝クラス 17:30,11,シェーンシュティア,10.9,2.5,JRDB基準オッズ（確定オッズではない）,https://jrdb.com/member/n_live_20260830_04263411.html,PASS_UI_RACE_SELECTOR_BASE_ODDS
2026-08-30,新潟,11,202604030411,04263411,17:30,11R 芝1800 ３歳上１勝クラス 17:30,12,ヴァリスマリネリス,8.8,2.3,JRDB基準オッズ（確定オッズではない）,https://jrdb.com/member/n_live_20260830_04263411.html,PASS_UI_RACE_SELECTOR_BASE_ODDS
2026-08-30,新潟,11,202604030411,04263411,17:30,11R 芝1800 ３歳上１勝クラス 17:30,13,ココソラーレ,53.1,9.4,JRDB基準オッズ（確定オッズではない）,https://jrdb.com/member/n_live_20260830_04263411.html,PASS_UI_RACE_SELECTOR_BASE_ODDS
2026-08-30,新潟,11,202604030411,04263411,17:30,11R 芝1800 ３歳上１勝クラス 17:30,14,アオイハルカ,9.2,2.4,JRDB基準オッズ（確定オッズではない）,https://jrdb.com/member/n_live_20260830_04263411.html,PASS_UI_RACE_SELECTOR_BASE_ODDS
2026-08-30,新潟,12,202604030412,04263412,18:05,12R ダ1200 ３歳上１勝クラス 18:05,1,ガルディーノ,7.8,2,JRDB基準オッズ（確定オッズではない）,https://jrdb.com/member/n_live_20260830_04263412.html,PASS_UI_RACE_SELECTOR_BASE_ODDS
2026-08-30,新潟,12,202604030412,04263412,18:05,12R ダ1200 ３歳上１勝クラス 18:05,2,アイファージェット,141,20.9,JRDB基準オッズ（確定オッズではない）,https://jrdb.com/member/n_live_20260830_04263412.html,PASS_UI_RACE_SELECTOR_BASE_ODDS
2026-08-30,新潟,12,202604030412,04263412,18:05,12R ダ1200 ３歳上１勝クラス 18:05,3,スリーコーズ,6.6,1.8,JRDB基準オッズ（確定オッズではない）,https://jrdb.com/member/n_live_20260830_04263412.html,PASS_UI_RACE_SELECTOR_BASE_ODDS
2026-08-30,新潟,12,202604030412,04263412,18:05,12R ダ1200 ３歳上１勝クラス 18:05,4,エテオクロス,17.6,3.3,JRDB基準オッズ（確定オッズではない）,https://jrdb.com/member/n_live_20260830_04263412.html,PASS_UI_RACE_SELECTOR_BASE_ODDS
2026-08-30,新潟,12,202604030412,04263412,18:05,12R ダ1200 ３歳上１勝クラス 18:05,5,ゴーゴーパンチ,18.5,3.4,JRDB基準オッズ（確定オッズではない）,https://jrdb.com/member/n_live_20260830_04263412.html,PASS_UI_RACE_SELECTOR_BASE_ODDS
2026-08-30,新潟,12,202604030412,04263412,18:05,12R ダ1200 ３歳上１勝クラス 18:05,6,ジャックナダル,2.6,1.3,JRDB基準オッズ（確定オッズではない）,https://jrdb.com/member/n_live_20260830_04263412.html,PASS_UI_RACE_SELECTOR_BASE_ODDS
2026-08-30,新潟,12,202604030412,04263412,18:05,12R ダ1200 ３歳上１勝クラス 18:05,7,クラウンフリード,63,9.7,JRDB基準オッズ（確定オッズではない）,https://jrdb.com/member/n_live_20260830_04263412.html,PASS_UI_RACE_SELECTOR_BASE_ODDS
2026-08-30,新潟,12,202604030412,04263412,18:05,12R ダ1200 ３歳上１勝クラス 18:05,8,サトノエスケープ,2.9,1.3,JRDB基準オッズ（確定オッズではない）,https://jrdb.com/member/n_live_20260830_04263412.html,PASS_UI_RACE_SELECTOR_BASE_ODDS
2026-08-30,新潟,12,202604030412,04263412,18:05,12R ダ1200 ３歳上１勝クラス 18:05,9,スマートブル,36.6,6,JRDB基準オッズ（確定オッズではない）,https://jrdb.com/member/n_live_20260830_04263412.html,PASS_UI_RACE_SELECTOR_BASE_ODDS
2026-08-30,新潟,12,202604030412,04263412,18:05,12R ダ1200 ３歳上１勝クラス 18:05,10,ガンバレベアー,81,12.3,JRDB基準オッズ（確定オッズではない）,https://jrdb.com/member/n_live_20260830_04263412.html,PASS_UI_RACE_SELECTOR_BASE_ODDS
2026-08-30,新潟,12,202604030412,04263412,18:05,12R ダ1200 ３歳上１勝クラス 18:05,11,マルターズドン,35.3,5.9,JRDB基準オッズ（確定オッズではない）,https://jrdb.com/member/n_live_20260830_04263412.html,PASS_UI_RACE_SELECTOR_BASE_ODDS
2026-08-30,新潟,12,202604030412,04263412,18:05,12R ダ1200 ３歳上１勝クラス 18:05,12,ナインオブレター,60.1,9.3,JRDB基準オッズ（確定オッズではない）,https://jrdb.com/member/n_live_20260830_04263412.html,PASS_UI_RACE_SELECTOR_BASE_ODDS
2026-08-30,新潟,12,202604030412,04263412,18:05,12R ダ1200 ３歳上１勝クラス 18:05,13,コンパクトファイト,128,18.9,JRDB基準オッズ（確定オッズではない）,https://jrdb.com/member/n_live_20260830_04263412.html,PASS_UI_RACE_SELECTOR_BASE_ODDS
2026-08-30,新潟,12,202604030412,04263412,18:05,12R ダ1200 ３歳上１勝クラス 18:05,14,ラベンダーヘイズ,9.4,2.2,JRDB基準オッズ（確定オッズではない）,https://jrdb.com/member/n_live_20260830_04263412.html,PASS_UI_RACE_SELECTOR_BASE_ODDS
2026-08-30,新潟,12,202604030412,04263412,18:05,12R ダ1200 ３歳上１勝クラス 18:05,15,ジェイエルライナー,42.8,7,JRDB基準オッズ（確定オッズではない）,https://jrdb.com/member/n_live_20260830_04263412.html,PASS_UI_RACE_SELECTOR_BASE_ODDS
2026-08-30,中京,1,202607030401,07263401,09:50,1R 芝1400 ２歳未勝利 09:50,1,ビップルーチェ,22.8,3.8,JRDB基準オッズ（確定オッズではない）,https://jrdb.com/member/n_live_20260830_07263401.html,PASS_UI_RACE_SELECTOR_BASE_ODDS
2026-08-30,中京,1,202607030401,07263401,09:50,1R 芝1400 ２歳未勝利 09:50,2,ナポリ,25.2,4.2,JRDB基準オッズ（確定オッズではない）,https://jrdb.com/member/n_live_20260830_07263401.html,PASS_UI_RACE_SELECTOR_BASE_ODDS
2026-08-30,中京,1,202607030401,07263401,09:50,1R 芝1400 ２歳未勝利 09:50,3,スピーディスピン,7.2,1.8,JRDB基準オッズ（確定オッズではない）,https://jrdb.com/member/n_live_20260830_07263401.html,PASS_UI_RACE_SELECTOR_BASE_ODDS
2026-08-30,中京,1,202607030401,07263401,09:50,1R 芝1400 ２歳未勝利 09:50,4,コジアン,11.2,2.2,JRDB基準オッズ（確定オッズではない）,https://jrdb.com/member/n_live_20260830_07263401.html,PASS_UI_RACE_SELECTOR_BASE_ODDS
2026-08-30,中京,1,202607030401,07263401,09:50,1R 芝1400 ２歳未勝利 09:50,5,コスモルミナ,6.1,1.6,JRDB基準オッズ（確定オッズではない）,https://jrdb.com/member/n_live_20260830_07263401.html,PASS_UI_RACE_SELECTOR_BASE_ODDS
2026-08-30,中京,1,202607030401,07263401,09:50,1R 芝1400 ２歳未勝利 09:50,6,ダイメイアゲイン,27.5,4.5,JRDB基準オッズ（確定オッズではない）,https://jrdb.com/member/n_live_20260830_07263401.html,PASS_UI_RACE_SELECTOR_BASE_ODDS
2026-08-30,中京,1,202607030401,07263401,09:50,1R 芝1400 ２歳未勝利 09:50,7,ロンリーマン,17,3.1,JRDB基準オッズ（確定オッズではない）,https://jrdb.com/member/n_live_20260830_07263401.html,PASS_UI_RACE_SELECTOR_BASE_ODDS
2026-08-30,中京,1,202607030401,07263401,09:50,1R 芝1400 ２歳未勝利 09:50,8,ヴィヴェローネ,2.1,1.2,JRDB基準オッズ（確定オッズではない）,https://jrdb.com/member/n_live_20260830_07263401.html,PASS_UI_RACE_SELECTOR_BASE_ODDS
2026-08-30,中京,1,202607030401,07263401,09:50,1R 芝1400 ２歳未勝利 09:50,9,スターオブザイヤー,3.6,1.3,JRDB基準オッズ（確定オッズではない）,https://jrdb.com/member/n_live_20260830_07263401.html,PASS_UI_RACE_SELECTOR_BASE_ODDS
2026-08-30,中京,1,202607030401,07263401,09:50,1R 芝1400 ２歳未勝利 09:50,10,ヤマトデュノール,42.9,6.6,JRDB基準オッズ（確定オッズではない）,https://jrdb.com/member/n_live_20260830_07263401.html,PASS_UI_RACE_SELECTOR_BASE_ODDS
2026-08-30,中京,2,202607030402,07263402,10:25,2R 芝1600 ２歳新馬 10:25,1,サトノボルテクス,8.5,2.1,JRDB基準オッズ（確定オッズではない）,https://jrdb.com/member/n_live_20260830_07263402.html,PASS_UI_RACE_SELECTOR_BASE_ODDS
2026-08-30,中京,2,202607030402,07263402,10:25,2R 芝1600 ２歳新馬 10:25,2,シーラーステート,4,1.4,JRDB基準オッズ（確定オッズではない）,https://jrdb.com/member/n_live_20260830_07263402.html,PASS_UI_RACE_SELECTOR_BASE_ODDS
2026-08-30,中京,2,202607030402,07263402,10:25,2R 芝1600 ２歳新馬 10:25,3,ベラジオセブン,24.3,4.3,JRDB基準オッズ（確定オッズではない）,https://jrdb.com/member/n_live_20260830_07263402.html,PASS_UI_RACE_SELECTOR_BASE_ODDS
2026-08-30,中京,2,202607030402,07263402,10:25,2R 芝1600 ２歳新馬 10:25,4,コスモクラウン,2.2,1.2,JRDB基準オッズ（確定オッズではない）,https://jrdb.com/member/n_live_20260830_07263402.html,PASS_UI_RACE_SELECTOR_BASE_ODDS
2026-08-30,中京,2,202607030402,07263402,10:25,2R 芝1600 ２歳新馬 10:25,5,シャトンダンス,15.7,3.1,JRDB基準オッズ（確定オッズではない）,https://jrdb.com/member/n_live_20260830_07263402.html,PASS_UI_RACE_SELECTOR_BASE_ODDS
2026-08-30,中京,2,202607030402,07263402,10:25,2R 芝1600 ２歳新馬 10:25,6,ナイトインチュニス,5.9,1.7,JRDB基準オッズ（確定オッズではない）,https://jrdb.com/member/n_live_20260830_07263402.html,PASS_UI_RACE_SELECTOR_BASE_ODDS
2026-08-30,中京,2,202607030402,07263402,10:25,2R 芝1600 ２歳新馬 10:25,7,ラガッタレアーレ,11.7,2.5,JRDB基準オッズ（確定オッズではない）,https://jrdb.com/member/n_live_20260830_07263402.html,PASS_UI_RACE_SELECTOR_BASE_ODDS
2026-08-30,中京,2,202607030402,07263402,10:25,2R 芝1600 ２歳新馬 10:25,8,メイショウセイクウ,13.1,2.7,JRDB基準オッズ（確定オッズではない）,https://jrdb.com/member/n_live_20260830_07263402.html,PASS_UI_RACE_SELECTOR_BASE_ODDS
2026-08-30,中京,2,202607030402,07263402,10:25,2R 芝1600 ２歳新馬 10:25,9,メイショウスパーク,17.6,3.4,JRDB基準オッズ（確定オッズではない）,https://jrdb.com/member/n_live_20260830_07263402.html,PASS_UI_RACE_SELECTOR_BASE_ODDS
2026-08-30,中京,2,202607030402,07263402,10:25,2R 芝1600 ２歳新馬 10:25,10,カフジポポー,27.2,4.8,JRDB基準オッズ（確定オッズではない）,https://jrdb.com/member/n_live_20260830_07263402.html,PASS_UI_RACE_SELECTOR_BASE_ODDS
2026-08-30,中京,3,202607030403,07263403,10:55,3R 芝2000 ２歳新馬 10:55,1,サイモンジェセル,18.6,4.5,JRDB基準オッズ（確定オッズではない）,https://jrdb.com/member/n_live_20260830_07263403.html,PASS_UI_RACE_SELECTOR_BASE_ODDS
2026-08-30,中京,3,202607030403,07263403,10:55,3R 芝2000 ２歳新馬 10:55,2,ブレイズフォート,6.6,2.2,JRDB基準オッズ（確定オッズではない）,https://jrdb.com/member/n_live_20260830_07263403.html,PASS_UI_RACE_SELECTOR_BASE_ODDS
2026-08-30,中京,3,202607030403,07263403,10:55,3R 芝2000 ２歳新馬 10:55,3,ジェントル,25.1,5.8,JRDB基準オッズ（確定オッズではない）,https://jrdb.com/member/n_live_20260830_07263403.html,PASS_UI_RACE_SELECTOR_BASE_ODDS
2026-08-30,中京,3,202607030403,07263403,10:55,3R 芝2000 ２歳新馬 10:55,4,ポカポカヨウキ,3.8,1.6,JRDB基準オッズ（確定オッズではない）,https://jrdb.com/member/n_live_20260830_07263403.html,PASS_UI_RACE_SELECTOR_BASE_ODDS
2026-08-30,中京,3,202607030403,07263403,10:55,3R 芝2000 ２歳新馬 10:55,5,コルキス,5,1.8,JRDB基準オッズ（確定オッズではない）,https://jrdb.com/member/n_live_20260830_07263403.html,PASS_UI_RACE_SELECTOR_BASE_ODDS
2026-08-30,中京,3,202607030403,07263403,10:55,3R 芝2000 ２歳新馬 10:55,6,アモロロプーロ,21.7,5.1,JRDB基準オッズ（確定オッズではない）,https://jrdb.com/member/n_live_20260830_07263403.html,PASS_UI_RACE_SELECTOR_BASE_ODDS
2026-08-30,中京,3,202607030403,07263403,10:55,3R 芝2000 ２歳新馬 10:55,7,ゴーイントゥノヴァ,7.4,2.4,JRDB基準オッズ（確定オッズではない）,https://jrdb.com/member/n_live_20260830_07263403.html,PASS_UI_RACE_SELECTOR_BASE_ODDS
2026-08-30,中京,3,202607030403,07263403,10:55,3R 芝2000 ２歳新馬 10:55,8,エーテルワーム,9,2.7,JRDB基準オッズ（確定オッズではない）,https://jrdb.com/member/n_live_20260830_07263403.html,PASS_UI_RACE_SELECTOR_BASE_ODDS
2026-08-30,中京,3,202607030403,07263403,10:55,3R 芝2000 ２歳新馬 10:55,9,ロードフローリス,4.6,1.8,JRDB基準オッズ（確定オッズではない）,https://jrdb.com/member/n_live_20260830_07263403.html,PASS_UI_RACE_SELECTOR_BASE_ODDS
2026-08-30,中京,3,202607030403,07263403,10:55,3R 芝2000 ２歳新馬 10:55,10,ルクスアルカード,7,2.3,JRDB基準オッズ（確定オッズではない）,https://jrdb.com/member/n_live_20260830_07263403.html,PASS_UI_RACE_SELECTOR_BASE_ODDS
2026-08-30,中京,3,202607030403,07263403,10:55,3R 芝2000 ２歳新馬 10:55,11,ワンダーラヴグッド,39,8.6,JRDB基準オッズ（確定オッズではない）,https://jrdb.com/member/n_live_20260830_07263403.html,PASS_UI_RACE_SELECTOR_BASE_ODDS
2026-08-30,中京,4,202607030404,07263404,11:25,4R ダ1400 ３歳未勝利 11:25,1,キングズテイル,4.5,1.6,JRDB基準オッズ（確定オッズではない）,https://jrdb.com/member/n_live_20260830_07263404.html,PASS_UI_RACE_SELECTOR_BASE_ODDS
2026-08-30,中京,4,202607030404,07263404,11:25,4R ダ1400 ３歳未勝利 11:25,2,プペアンビスキュイ,6,1.8,JRDB基準オッズ（確定オッズではない）,https://jrdb.com/member/n_live_20260830_07263404.html,PASS_UI_RACE_SELECTOR_BASE_ODDS
2026-08-30,中京,4,202607030404,07263404,11:25,4R ダ1400 ３歳未勝利 11:25,3,オーロラボレアリス,14.5,3,JRDB基準オッズ（確定オッズではない）,https://jrdb.com/member/n_live_20260830_07263404.html,PASS_UI_RACE_SELECTOR_BASE_ODDS
2026-08-30,中京,4,202607030404,07263404,11:25,4R ダ1400 ３歳未勝利 11:25,4,カツラコマチ,27.5,5.1,JRDB基準オッズ（確定オッズではない）,https://jrdb.com/member/n_live_20260830_07263404.html,PASS_UI_RACE_SELECTOR_BASE_ODDS
2026-08-30,中京,4,202607030404,07263404,11:25,4R ダ1400 ３歳未勝利 11:25,5,ハツアカネ,36.8,6.6,JRDB基準オッズ（確定オッズではない）,https://jrdb.com/member/n_live_20260830_07263404.html,PASS_UI_RACE_SELECTOR_BASE_ODDS
2026-08-30,中京,4,202607030404,07263404,11:25,4R ダ1400 ３歳未勝利 11:25,6,グランブリーゼ,69.9,11.6,JRDB基準オッズ（確定オッズではない）,https://jrdb.com/member/n_live_20260830_07263404.html,PASS_UI_RACE_SELECTOR_BASE_ODDS
2026-08-30,中京,4,202607030404,07263404,11:25,4R ダ1400 ３歳未勝利 11:25,7,セッシュウ,2.3,1.2,JRDB基準オッズ（確定オッズではない）,https://jrdb.com/member/n_live_20260830_07263404.html,PASS_UI_RACE_SELECTOR_BASE_ODDS
2026-08-30,中京,4,202607030404,07263404,11:25,4R ダ1400 ３歳未勝利 11:25,8,メイショウヒタカミ,12.6,2.7,JRDB基準オッズ（確定オッズではない）,https://jrdb.com/member/n_live_20260830_07263404.html,PASS_UI_RACE_SELECTOR_BASE_ODDS
2026-08-30,中京,4,202607030404,07263404,11:25,4R ダ1400 ３歳未勝利 11:25,9,デュードロップ,38,6.8,JRDB基準オッズ（確定オッズではない）,https://jrdb.com/member/n_live_20260830_07263404.html,PASS_UI_RACE_SELECTOR_BASE_ODDS
2026-08-30,中京,4,202607030404,07263404,11:25,4R ダ1400 ３歳未勝利 11:25,10,ラッキーヴォーグ,9.1,2.3,JRDB基準オッズ（確定オッズではない）,https://jrdb.com/member/n_live_20260830_07263404.html,PASS_UI_RACE_SELECTOR_BASE_ODDS
2026-08-30,中京,4,202607030404,07263404,11:25,4R ダ1400 ３歳未勝利 11:25,11,メイショウドキョウ,93.1,15.3,JRDB基準オッズ（確定オッズではない）,https://jrdb.com/member/n_live_20260830_07263404.html,PASS_UI_RACE_SELECTOR_BASE_ODDS
2026-08-30,中京,4,202607030404,07263404,11:25,4R ダ1400 ３歳未勝利 11:25,12,サウンドヴィヴァン,74.3,12.3,JRDB基準オッズ（確定オッズではない）,https://jrdb.com/member/n_live_20260830_07263404.html,PASS_UI_RACE_SELECTOR_BASE_ODDS
2026-08-30,中京,4,202607030404,07263404,11:25,4R ダ1400 ３歳未勝利 11:25,13,サカトクフェイス,64,10.7,JRDB基準オッズ（確定オッズではない）,https://jrdb.com/member/n_live_20260830_07263404.html,PASS_UI_RACE_SELECTOR_BASE_ODDS
2026-08-30,中京,4,202607030404,07263404,11:25,4R ダ1400 ３歳未勝利 11:25,14,ウェンロック,20.3,4,JRDB基準オッズ（確定オッズではない）,https://jrdb.com/member/n_live_20260830_07263404.html,PASS_UI_RACE_SELECTOR_BASE_ODDS
2026-08-30,中京,4,202607030404,07263404,11:25,4R ダ1400 ３歳未勝利 11:25,15,サンロンブル,23.8,4.5,JRDB基準オッズ（確定オッズではない）,https://jrdb.com/member/n_live_20260830_07263404.html,PASS_UI_RACE_SELECTOR_BASE_ODDS
2026-08-30,中京,4,202607030404,07263404,11:25,4R ダ1400 ３歳未勝利 11:25,16,メイショウケンゴウ,48.5,8.5,JRDB基準オッズ（確定オッズではない）,https://jrdb.com/member/n_live_20260830_07263404.html,PASS_UI_RACE_SELECTOR_BASE_ODDS
2026-08-30,中京,5,202607030405,07263405,11:55,5R ダ1800 ３歳上１勝クラス 11:55,1,マジックブルー,30.7,6,JRDB基準オッズ（確定オッズではない）,https://jrdb.com/member/n_live_20260830_07263405.html,PASS_UI_RACE_SELECTOR_BASE_ODDS
2026-08-30,中京,5,202607030405,07263405,11:55,5R ダ1800 ３歳上１勝クラス 11:55,2,スコーピオンイメル,20.3,4.2,JRDB基準オッズ（確定オッズではない）,https://jrdb.com/member/n_live_20260830_07263405.html,PASS_UI_RACE_SELECTOR_BASE_ODDS
2026-08-30,中京,5,202607030405,07263405,11:55,5R ダ1800 ３歳上１勝クラス 11:55,3,ブームバップビート,2.5,1.3,JRDB基準オッズ（確定オッズではない）,https://jrdb.com/member/n_live_20260830_07263405.html,PASS_UI_RACE_SELECTOR_BASE_ODDS
2026-08-30,中京,5,202607030405,07263405,11:55,5R ダ1800 ３歳上１勝クラス 11:55,4,クラックショット,17.1,3.7,JRDB基準オッズ（確定オッズではない）,https://jrdb.com/member/n_live_20260830_07263405.html,PASS_UI_RACE_SELECTOR_BASE_ODDS
2026-08-30,中京,5,202607030405,07263405,11:55,5R ダ1800 ３歳上１勝クラス 11:55,5,タリスマン,15.9,3.5,JRDB基準オッズ（確定オッズではない）,https://jrdb.com/member/n_live_20260830_07263405.html,PASS_UI_RACE_SELECTOR_BASE_ODDS
2026-08-30,中京,5,202607030405,07263405,11:55,5R ダ1800 ３歳上１勝クラス 11:55,6,オーレアミスト,23,4.6,JRDB基準オッズ（確定オッズではない）,https://jrdb.com/member/n_live_20260830_07263405.html,PASS_UI_RACE_SELECTOR_BASE_ODDS
2026-08-30,中京,5,202607030405,07263405,11:55,5R ダ1800 ３歳上１勝クラス 11:55,7,トワイライトサイト,43.3,8.2,JRDB基準オッズ（確定オッズではない）,https://jrdb.com/member/n_live_20260830_07263405.html,PASS_UI_RACE_SELECTOR_BASE_ODDS
2026-08-30,中京,5,202607030405,07263405,11:55,5R ダ1800 ３歳上１勝クラス 11:55,8,ビービーバザーク,8,2.2,JRDB基準オッズ（確定オッズではない）,https://jrdb.com/member/n_live_20260830_07263405.html,PASS_UI_RACE_SELECTOR_BASE_ODDS
2026-08-30,中京,5,202607030405,07263405,11:55,5R ダ1800 ３歳上１勝クラス 11:55,9,メイショウマドロス,4.5,1.6,JRDB基準オッズ（確定オッズではない）,https://jrdb.com/member/n_live_20260830_07263405.html,PASS_UI_RACE_SELECTOR_BASE_ODDS
2026-08-30,中京,5,202607030405,07263405,11:55,5R ダ1800 ３歳上１勝クラス 11:55,10,アトモス,5.3,1.7,JRDB基準オッズ（確定オッズではない）,https://jrdb.com/member/n_live_20260830_07263405.html,PASS_UI_RACE_SELECTOR_BASE_ODDS
2026-08-30,中京,5,202607030405,07263405,11:55,5R ダ1800 ３歳上１勝クラス 11:55,11,ステイクオール,8.9,2.4,JRDB基準オッズ（確定オッズではない）,https://jrdb.com/member/n_live_20260830_07263405.html,PASS_UI_RACE_SELECTOR_BASE_ODDS
2026-08-30,中京,5,202607030405,07263405,11:55,5R ダ1800 ３歳上１勝クラス 11:55,12,ルシタニア,43.9,8.3,JRDB基準オッズ（確定オッズではない）,https://jrdb.com/member/n_live_20260830_07263405.html,PASS_UI_RACE_SELECTOR_BASE_ODDS
2026-08-30,中京,5,202607030405,07263405,11:55,5R ダ1800 ３歳上１勝クラス 11:55,13,シンギタイ,34.8,6.7,JRDB基準オッズ（確定オッズではない）,https://jrdb.com/member/n_live_20260830_07263405.html,PASS_UI_RACE_SELECTOR_BASE_ODDS
2026-08-30,中京,6,202607030406,07263406,15:00,6R ダ1900 白川郷ステークス 3勝クラス WIN5 15:00,1,サンセットブライト,60.3,9.6,JRDB基準オッズ（確定オッズではない）,https://jrdb.com/member/n_live_20260830_07263406.html,PASS_UI_RACE_SELECTOR_BASE_ODDS
2026-08-30,中京,6,202607030406,07263406,15:00,6R ダ1900 白川郷ステークス 3勝クラス WIN5 15:00,2,ペンナヴェローチェ,17.4,3.4,JRDB基準オッズ（確定オッズではない）,https://jrdb.com/member/n_live_20260830_07263406.html,PASS_UI_RACE_SELECTOR_BASE_ODDS
2026-08-30,中京,6,202607030406,07263406,15:00,6R ダ1900 白川郷ステークス 3勝クラス WIN5 15:00,3,ダンツシタン,5.5,1.7,JRDB基準オッズ（確定オッズではない）,https://jrdb.com/member/n_live_20260830_07263406.html,PASS_UI_RACE_SELECTOR_BASE_ODDS
2026-08-30,中京,6,202607030406,07263406,15:00,6R ダ1900 白川郷ステークス 3勝クラス WIN5 15:00,4,ビップスコーピオン,33.3,5.7,JRDB基準オッズ（確定オッズではない）,https://jrdb.com/member/n_live_20260830_07263406.html,PASS_UI_RACE_SELECTOR_BASE_ODDS
2026-08-30,中京,6,202607030406,07263406,15:00,6R ダ1900 白川郷ステークス 3勝クラス WIN5 15:00,5,シャルクハフト,57,9.1,JRDB基準オッズ（確定オッズではない）,https://jrdb.com/member/n_live_20260830_07263406.html,PASS_UI_RACE_SELECTOR_BASE_ODDS
2026-08-30,中京,6,202607030406,07263406,15:00,6R ダ1900 白川郷ステークス 3勝クラス WIN5 15:00,6,ビービークローサー,1.9,1.2,JRDB基準オッズ（確定オッズではない）,https://jrdb.com/member/n_live_20260830_07263406.html,PASS_UI_RACE_SELECTOR_BASE_ODDS
2026-08-30,中京,6,202607030406,07263406,15:00,6R ダ1900 白川郷ステークス 3勝クラス WIN5 15:00,7,タイセイカイザー,26.3,4.7,JRDB基準オッズ（確定オッズではない）,https://jrdb.com/member/n_live_20260830_07263406.html,PASS_UI_RACE_SELECTOR_BASE_ODDS
2026-08-30,中京,6,202607030406,07263406,15:00,6R ダ1900 白川郷ステークス 3勝クラス WIN5 15:00,8,インザモーメント,30.6,5.3,JRDB基準オッズ（確定オッズではない）,https://jrdb.com/member/n_live_20260830_07263406.html,PASS_UI_RACE_SELECTOR_BASE_ODDS
2026-08-30,中京,6,202607030406,07263406,15:00,6R ダ1900 白川郷ステークス 3勝クラス WIN5 15:00,9,リューデスハイム,14.1,2.9,JRDB基準オッズ（確定オッズではない）,https://jrdb.com/member/n_live_20260830_07263406.html,PASS_UI_RACE_SELECTOR_BASE_ODDS
2026-08-30,中京,6,202607030406,07263406,15:00,6R ダ1900 白川郷ステークス 3勝クラス WIN5 15:00,10,インジケーター,83.6,13.1,JRDB基準オッズ（確定オッズではない）,https://jrdb.com/member/n_live_20260830_07263406.html,PASS_UI_RACE_SELECTOR_BASE_ODDS
2026-08-30,中京,6,202607030406,07263406,15:00,6R ダ1900 白川郷ステークス 3勝クラス WIN5 15:00,11,フームスムート,78.7,12.4,JRDB基準オッズ（確定オッズではない）,https://jrdb.com/member/n_live_20260830_07263406.html,PASS_UI_RACE_SELECTOR_BASE_ODDS
2026-08-30,中京,6,202607030406,07263406,15:00,6R ダ1900 白川郷ステークス 3勝クラス WIN5 15:00,12,クァンタムウェーブ,18.2,3.5,JRDB基準オッズ（確定オッズではない）,https://jrdb.com/member/n_live_20260830_07263406.html,PASS_UI_RACE_SELECTOR_BASE_ODDS
2026-08-30,中京,6,202607030406,07263406,15:00,6R ダ1900 白川郷ステークス 3勝クラス WIN5 15:00,13,メイショウシナノ,22.4,4.1,JRDB基準オッズ（確定オッズではない）,https://jrdb.com/member/n_live_20260830_07263406.html,PASS_UI_RACE_SELECTOR_BASE_ODDS
2026-08-30,中京,6,202607030406,07263406,15:00,6R ダ1900 白川郷ステークス 3勝クラス WIN5 15:00,14,レヴァンテシチー,11.8,2.5,JRDB基準オッズ（確定オッズではない）,https://jrdb.com/member/n_live_20260830_07263406.html,PASS_UI_RACE_SELECTOR_BASE_ODDS
2026-08-30,中京,6,202607030406,07263406,15:00,6R ダ1900 白川郷ステークス 3勝クラス WIN5 15:00,15,キーチパルフェ,17.7,3.4,JRDB基準オッズ（確定オッズではない）,https://jrdb.com/member/n_live_20260830_07263406.html,PASS_UI_RACE_SELECTOR_BASE_ODDS
2026-08-30,中京,6,202607030406,07263406,15:00,6R ダ1900 白川郷ステークス 3勝クラス WIN5 15:00,16,ゴッドエスパーダ,11,2.4,JRDB基準オッズ（確定オッズではない）,https://jrdb.com/member/n_live_20260830_07263406.html,PASS_UI_RACE_SELECTOR_BASE_ODDS
2026-08-30,中京,7,202607030407,07263407,15:35,7R 芝1400 中京２歳Ｓ・Ｇ３ WIN5 15:35,1,ピコキング,29.1,5.1,JRDB基準オッズ（確定オッズではない）,https://jrdb.com/member/n_live_20260830_07263407.html,PASS_UI_RACE_SELECTOR_BASE_ODDS
2026-08-30,中京,7,202607030407,07263407,15:35,7R 芝1400 中京２歳Ｓ・Ｇ３ WIN5 15:35,2,バクソウシャチョウ,17.5,3.4,JRDB基準オッズ（確定オッズではない）,https://jrdb.com/member/n_live_20260830_07263407.html,PASS_UI_RACE_SELECTOR_BASE_ODDS
2026-08-30,中京,7,202607030407,07263407,15:35,7R 芝1400 中京２歳Ｓ・Ｇ３ WIN5 15:35,3,サンタンジェロ,3.3,1.3,JRDB基準オッズ（確定オッズではない）,https://jrdb.com/member/n_live_20260830_07263407.html,PASS_UI_RACE_SELECTOR_BASE_ODDS
2026-08-30,中京,7,202607030407,07263407,15:35,7R 芝1400 中京２歳Ｓ・Ｇ３ WIN5 15:35,4,シスキンブルーム,6.6,1.8,JRDB基準オッズ（確定オッズではない）,https://jrdb.com/member/n_live_20260830_07263407.html,PASS_UI_RACE_SELECTOR_BASE_ODDS
2026-08-30,中京,7,202607030407,07263407,15:35,7R 芝1400 中京２歳Ｓ・Ｇ３ WIN5 15:35,5,マルモリムソウ,14,2.9,JRDB基準オッズ（確定オッズではない）,https://jrdb.com/member/n_live_20260830_07263407.html,PASS_UI_RACE_SELECTOR_BASE_ODDS
2026-08-30,中京,7,202607030407,07263407,15:35,7R 芝1400 中京２歳Ｓ・Ｇ３ WIN5 15:35,6,ジャスパートレノ,23,4.2,JRDB基準オッズ（確定オッズではない）,https://jrdb.com/member/n_live_20260830_07263407.html,PASS_UI_RACE_SELECTOR_BASE_ODDS
2026-08-30,中京,7,202607030407,07263407,15:35,7R 芝1400 中京２歳Ｓ・Ｇ３ WIN5 15:35,7,ビスケットサンド,3.7,1.3,JRDB基準オッズ（確定オッズではない）,https://jrdb.com/member/n_live_20260830_07263407.html,PASS_UI_RACE_SELECTOR_BASE_ODDS
2026-08-30,中京,7,202607030407,07263407,15:35,7R 芝1400 中京２歳Ｓ・Ｇ３ WIN5 15:35,8,ピコジャック,25.1,4.5,JRDB基準オッズ（確定オッズではない）,https://jrdb.com/member/n_live_20260830_07263407.html,PASS_UI_RACE_SELECTOR_BASE_ODDS
2026-08-30,中京,7,202607030407,07263407,15:35,7R 芝1400 中京２歳Ｓ・Ｇ３ WIN5 15:35,9,ジーティーマイカ,2.6,1.2,JRDB基準オッズ（確定オッズではない）,https://jrdb.com/member/n_live_20260830_07263407.html,PASS_UI_RACE_SELECTOR_BASE_ODDS
2026-08-30,中京,8,202607030408,07263408,16:10,8R 芝2200 熊野特別 2勝クラス 16:10,1,ブレットパス,3,1.4,JRDB基準オッズ（確定オッズではない）,https://jrdb.com/member/n_live_20260830_07263408.html,PASS_UI_RACE_SELECTOR_BASE_ODDS
2026-08-30,中京,8,202607030408,07263408,16:10,8R 芝2200 熊野特別 2勝クラス 16:10,2,サガルマータ,5.4,1.8,JRDB基準オッズ（確定オッズではない）,https://jrdb.com/member/n_live_20260830_07263408.html,PASS_UI_RACE_SELECTOR_BASE_ODDS
2026-08-30,中京,8,202607030408,07263408,16:10,8R 芝2200 熊野特別 2勝クラス 16:10,3,ノチェセラーダ,5.3,1.8,JRDB基準オッズ（確定オッズではない）,https://jrdb.com/member/n_live_20260830_07263408.html,PASS_UI_RACE_SELECTOR_BASE_ODDS
2026-08-30,中京,8,202607030408,07263408,16:10,8R 芝2200 熊野特別 2勝クラス 16:10,4,ショウナンハウル,99.8,18.2,JRDB基準オッズ（確定オッズではない）,https://jrdb.com/member/n_live_20260830_07263408.html,PASS_UI_RACE_SELECTOR_BASE_ODDS
2026-08-30,中京,8,202607030408,07263408,16:10,8R 芝2200 熊野特別 2勝クラス 16:10,5,ソルパッサーレ,25,5.2,JRDB基準オッズ（確定オッズではない）,https://jrdb.com/member/n_live_20260830_07263408.html,PASS_UI_RACE_SELECTOR_BASE_ODDS
2026-08-30,中京,8,202607030408,07263408,16:10,8R 芝2200 熊野特別 2勝クラス 16:10,6,ニュークレド,18.3,4,JRDB基準オッズ（確定オッズではない）,https://jrdb.com/member/n_live_20260830_07263408.html,PASS_UI_RACE_SELECTOR_BASE_ODDS
2026-08-30,中京,8,202607030408,07263408,16:10,8R 芝2200 熊野特別 2勝クラス 16:10,7,カフジエメンタール,4,1.5,JRDB基準オッズ（確定オッズではない）,https://jrdb.com/member/n_live_20260830_07263408.html,PASS_UI_RACE_SELECTOR_BASE_ODDS
2026-08-30,中京,8,202607030408,07263408,16:10,8R 芝2200 熊野特別 2勝クラス 16:10,8,ヤマニンループ,56.4,10.6,JRDB基準オッズ（確定オッズではない）,https://jrdb.com/member/n_live_20260830_07263408.html,PASS_UI_RACE_SELECTOR_BASE_ODDS
2026-08-30,中京,8,202607030408,07263408,16:10,8R 芝2200 熊野特別 2勝クラス 16:10,9,ジェットブレード,52.8,10.2,JRDB基準オッズ（確定オッズではない）,https://jrdb.com/member/n_live_20260830_07263408.html,PASS_UI_RACE_SELECTOR_BASE_ODDS
2026-08-30,中京,8,202607030408,07263408,16:10,8R 芝2200 熊野特別 2勝クラス 16:10,10,シャドウマスター,11.5,2.8,JRDB基準オッズ（確定オッズではない）,https://jrdb.com/member/n_live_20260830_07263408.html,PASS_UI_RACE_SELECTOR_BASE_ODDS
2026-08-30,中京,8,202607030408,07263408,16:10,8R 芝2200 熊野特別 2勝クラス 16:10,11,ビップチェイス,66,12.3,JRDB基準オッズ（確定オッズではない）,https://jrdb.com/member/n_live_20260830_07263408.html,PASS_UI_RACE_SELECTOR_BASE_ODDS
2026-08-30,中京,8,202607030408,07263408,16:10,8R 芝2200 熊野特別 2勝クラス 16:10,12,スイートオレンジ,30.2,6.1,JRDB基準オッズ（確定オッズではない）,https://jrdb.com/member/n_live_20260830_07263408.html,PASS_UI_RACE_SELECTOR_BASE_ODDS
2026-08-30,中京,8,202607030408,07263408,16:10,8R 芝2200 熊野特別 2勝クラス 16:10,13,オルトパラティウム,26.8,5.5,JRDB基準オッズ（確定オッズではない）,https://jrdb.com/member/n_live_20260830_07263408.html,PASS_UI_RACE_SELECTOR_BASE_ODDS
2026-08-30,中京,8,202607030408,07263408,16:10,8R 芝2200 熊野特別 2勝クラス 16:10,14,ジュンライデン,28.7,5.9,JRDB基準オッズ（確定オッズではない）,https://jrdb.com/member/n_live_20260830_07263408.html,PASS_UI_RACE_SELECTOR_BASE_ODDS
2026-08-30,中京,8,202607030408,07263408,16:10,8R 芝2200 熊野特別 2勝クラス 16:10,15,メイショウナルカミ,20.7,4.5,JRDB基準オッズ（確定オッズではない）,https://jrdb.com/member/n_live_20260830_07263408.html,PASS_UI_RACE_SELECTOR_BASE_ODDS
2026-08-30,中京,9,202607030409,07263409,16:45,9R ダ1800 ３歳未勝利(無料開放レース) 16:45,1,ベリベリハッピー,50.8,9.5,JRDB基準オッズ（確定オッズではない）,https://jrdb.com/member/n_live_20260830_07263409.html,PASS_UI_RACE_SELECTOR_BASE_ODDS
2026-08-30,中京,9,202607030409,07263409,16:45,9R ダ1800 ３歳未勝利(無料開放レース) 16:45,2,スプレンドーレ,24.6,4.9,JRDB基準オッズ（確定オッズではない）,https://jrdb.com/member/n_live_20260830_07263409.html,PASS_UI_RACE_SELECTOR_BASE_ODDS
2026-08-30,中京,9,202607030409,07263409,16:45,9R ダ1800 ３歳未勝利(無料開放レース) 16:45,3,キミガスキダ,6.6,2,JRDB基準オッズ（確定オッズではない）,https://jrdb.com/member/n_live_20260830_07263409.html,PASS_UI_RACE_SELECTOR_BASE_ODDS
2026-08-30,中京,9,202607030409,07263409,16:45,9R ダ1800 ３歳未勝利(無料開放レース) 16:45,4,オーブフレッシュ,27.9,5.5,JRDB基準オッズ（確定オッズではない）,https://jrdb.com/member/n_live_20260830_07263409.html,PASS_UI_RACE_SELECTOR_BASE_ODDS
2026-08-30,中京,9,202607030409,07263409,16:45,9R ダ1800 ３歳未勝利(無料開放レース) 16:45,5,タマモパルファン,64.1,11.5,JRDB基準オッズ（確定オッズではない）,https://jrdb.com/member/n_live_20260830_07263409.html,PASS_UI_RACE_SELECTOR_BASE_ODDS
2026-08-30,中京,9,202607030409,07263409,16:45,9R ダ1800 ３歳未勝利(無料開放レース) 16:45,6,タガノアルテミス,3.4,1.4,JRDB基準オッズ（確定オッズではない）,https://jrdb.com/member/n_live_20260830_07263409.html,PASS_UI_RACE_SELECTOR_BASE_ODDS
2026-08-30,中京,9,202607030409,07263409,16:45,9R ダ1800 ３歳未勝利(無料開放レース) 16:45,7,ダノンプレリュード,20.6,4.3,JRDB基準オッズ（確定オッズではない）,https://jrdb.com/member/n_live_20260830_07263409.html,PASS_UI_RACE_SELECTOR_BASE_ODDS
2026-08-30,中京,9,202607030409,07263409,16:45,9R ダ1800 ３歳未勝利(無料開放レース) 16:45,8,アンヌグロース,42.5,8.1,JRDB基準オッズ（確定オッズではない）,https://jrdb.com/member/n_live_20260830_07263409.html,PASS_UI_RACE_SELECTOR_BASE_ODDS
2026-08-30,中京,9,202607030409,07263409,16:45,9R ダ1800 ３歳未勝利(無料開放レース) 16:45,9,スマイルガーデン,19.2,4.1,JRDB基準オッズ（確定オッズではない）,https://jrdb.com/member/n_live_20260830_07263409.html,PASS_UI_RACE_SELECTOR_BASE_ODDS
2026-08-30,中京,9,202607030409,07263409,16:45,9R ダ1800 ３歳未勝利(無料開放レース) 16:45,10,アキノビューティー,5,1.7,JRDB基準オッズ（確定オッズではない）,https://jrdb.com/member/n_live_20260830_07263409.html,PASS_UI_RACE_SELECTOR_BASE_ODDS
2026-08-30,中京,9,202607030409,07263409,16:45,9R ダ1800 ３歳未勝利(無料開放レース) 16:45,11,スマートエトワール,59.7,10.8,JRDB基準オッズ（確定オッズではない）,https://jrdb.com/member/n_live_20260830_07263409.html,PASS_UI_RACE_SELECTOR_BASE_ODDS
2026-08-30,中京,9,202607030409,07263409,16:45,9R ダ1800 ３歳未勝利(無料開放レース) 16:45,12,ローズラフィネ,3.1,1.4,JRDB基準オッズ（確定オッズではない）,https://jrdb.com/member/n_live_20260830_07263409.html,PASS_UI_RACE_SELECTOR_BASE_ODDS
2026-08-30,中京,9,202607030409,07263409,16:45,9R ダ1800 ３歳未勝利(無料開放レース) 16:45,13,バトルセレーネ,42.9,8.1,JRDB基準オッズ（確定オッズではない）,https://jrdb.com/member/n_live_20260830_07263409.html,PASS_UI_RACE_SELECTOR_BASE_ODDS
2026-08-30,中京,9,202607030409,07263409,16:45,9R ダ1800 ３歳未勝利(無料開放レース) 16:45,14,レウコテア,19.2,4.1,JRDB基準オッズ（確定オッズではない）,https://jrdb.com/member/n_live_20260830_07263409.html,PASS_UI_RACE_SELECTOR_BASE_ODDS
2026-08-30,中京,9,202607030409,07263409,16:45,9R ダ1800 ３歳未勝利(無料開放レース) 16:45,15,ラミアスペランツァ,15.9,3.5,JRDB基準オッズ（確定オッズではない）,https://jrdb.com/member/n_live_20260830_07263409.html,PASS_UI_RACE_SELECTOR_BASE_ODDS
2026-08-30,中京,10,202607030410,07263410,17:15,10R 芝2000 ３歳上１勝クラス 17:15,1,リアルセンター,21.8,3.9,JRDB基準オッズ（確定オッズではない）,https://jrdb.com/member/n_live_20260830_07263410.html,PASS_UI_RACE_SELECTOR_BASE_ODDS
2026-08-30,中京,10,202607030410,07263410,17:15,10R 芝2000 ３歳上１勝クラス 17:15,2,エテルノレガーメ,14.9,2.9,JRDB基準オッズ（確定オッズではない）,https://jrdb.com/member/n_live_20260830_07263410.html,PASS_UI_RACE_SELECTOR_BASE_ODDS
2026-08-30,中京,10,202607030410,07263410,17:15,10R 芝2000 ３歳上１勝クラス 17:15,3,サイモンノーブル,35.2,5.9,JRDB基準オッズ（確定オッズではない）,https://jrdb.com/member/n_live_20260830_07263410.html,PASS_UI_RACE_SELECTOR_BASE_ODDS
2026-08-30,中京,10,202607030410,07263410,17:15,10R 芝2000 ３歳上１勝クラス 17:15,4,バーバラップ,18.9,3.5,JRDB基準オッズ（確定オッズではない）,https://jrdb.com/member/n_live_20260830_07263410.html,PASS_UI_RACE_SELECTOR_BASE_ODDS
2026-08-30,中京,10,202607030410,07263410,17:15,10R 芝2000 ３歳上１勝クラス 17:15,5,バークシャーシチー,12.6,2.6,JRDB基準オッズ（確定オッズではない）,https://jrdb.com/member/n_live_20260830_07263410.html,PASS_UI_RACE_SELECTOR_BASE_ODDS
2026-08-30,中京,10,202607030410,07263410,17:15,10R 芝2000 ３歳上１勝クラス 17:15,6,レッドヴァリアート,4.8,1.5,JRDB基準オッズ（確定オッズではない）,https://jrdb.com/member/n_live_20260830_07263410.html,PASS_UI_RACE_SELECTOR_BASE_ODDS
2026-08-30,中京,10,202607030410,07263410,17:15,10R 芝2000 ３歳上１勝クラス 17:15,7,シュエットアムール,44.3,7.3,JRDB基準オッズ（確定オッズではない）,https://jrdb.com/member/n_live_20260830_07263410.html,PASS_UI_RACE_SELECTOR_BASE_ODDS
2026-08-30,中京,10,202607030410,07263410,17:15,10R 芝2000 ３歳上１勝クラス 17:15,8,ゼンノインヴォーク,3.5,1.3,JRDB基準オッズ（確定オッズではない）,https://jrdb.com/member/n_live_20260830_07263410.html,PASS_UI_RACE_SELECTOR_BASE_ODDS
2026-08-30,中京,10,202607030410,07263410,17:15,10R 芝2000 ３歳上１勝クラス 17:15,9,ロードメルヴェイユ,7.6,1.9,JRDB基準オッズ（確定オッズではない）,https://jrdb.com/member/n_live_20260830_07263410.html,PASS_UI_RACE_SELECTOR_BASE_ODDS
2026-08-30,中京,10,202607030410,07263410,17:15,10R 芝2000 ３歳上１勝クラス 17:15,10,ロードスタニング,2.3,1.2,JRDB基準オッズ（確定オッズではない）,https://jrdb.com/member/n_live_20260830_07263410.html,PASS_UI_RACE_SELECTOR_BASE_ODDS
2026-08-30,中京,11,202607030411,07263411,17:45,11R 芝1400 ３歳未勝利 17:45,1,プリモマーレ,33.9,7.5,JRDB基準オッズ（確定オッズではない）,https://jrdb.com/member/n_live_20260830_07263411.html,PASS_UI_RACE_SELECTOR_BASE_ODDS
2026-08-30,中京,11,202607030411,07263411,17:45,11R 芝1400 ３歳未勝利 17:45,2,トウカイジーク,25.8,5.9,JRDB基準オッズ（確定オッズではない）,https://jrdb.com/member/n_live_20260830_07263411.html,PASS_UI_RACE_SELECTOR_BASE_ODDS
2026-08-30,中京,11,202607030411,07263411,17:45,11R 芝1400 ３歳未勝利 17:45,3,シャンデリュイーズ,39.3,8.6,JRDB基準オッズ（確定オッズではない）,https://jrdb.com/member/n_live_20260830_07263411.html,PASS_UI_RACE_SELECTOR_BASE_ODDS
2026-08-30,中京,11,202607030411,07263411,17:45,11R 芝1400 ３歳未勝利 17:45,4,メイショウトライオ,78,16.1,JRDB基準オッズ（確定オッズではない）,https://jrdb.com/member/n_live_20260830_07263411.html,PASS_UI_RACE_SELECTOR_BASE_ODDS
2026-08-30,中京,11,202607030411,07263411,17:45,11R 芝1400 ３歳未勝利 17:45,5,バルフルール,11.6,3.1,JRDB基準オッズ（確定オッズではない）,https://jrdb.com/member/n_live_20260830_07263411.html,PASS_UI_RACE_SELECTOR_BASE_ODDS
2026-08-30,中京,11,202607030411,07263411,17:45,11R 芝1400 ３歳未勝利 17:45,6,ルーセントムーン,108,22.1,JRDB基準オッズ（確定オッズではない）,https://jrdb.com/member/n_live_20260830_07263411.html,PASS_UI_RACE_SELECTOR_BASE_ODDS
2026-08-30,中京,11,202607030411,07263411,17:45,11R 芝1400 ３歳未勝利 17:45,7,ハピネスサンライズ,14.4,3.6,JRDB基準オッズ（確定オッズではない）,https://jrdb.com/member/n_live_20260830_07263411.html,PASS_UI_RACE_SELECTOR_BASE_ODDS
2026-08-30,中京,11,202607030411,07263411,17:45,11R 芝1400 ３歳未勝利 17:45,8,スイートポメロ,49.4,10.7,JRDB基準オッズ（確定オッズではない）,https://jrdb.com/member/n_live_20260830_07263411.html,PASS_UI_RACE_SELECTOR_BASE_ODDS
2026-08-30,中京,11,202607030411,07263411,17:45,11R 芝1400 ３歳未勝利 17:45,9,デルニエジョイ,35.2,7.8,JRDB基準オッズ（確定オッズではない）,https://jrdb.com/member/n_live_20260830_07263411.html,PASS_UI_RACE_SELECTOR_BASE_ODDS
2026-08-30,中京,11,202607030411,07263411,17:45,11R 芝1400 ３歳未勝利 17:45,10,プリュスエクラ,29.5,6.6,JRDB基準オッズ（確定オッズではない）,https://jrdb.com/member/n_live_20260830_07263411.html,PASS_UI_RACE_SELECTOR_BASE_ODDS
2026-08-30,中京,11,202607030411,07263411,17:45,11R 芝1400 ３歳未勝利 17:45,11,リントゥラウル,12.2,3.2,JRDB基準オッズ（確定オッズではない）,https://jrdb.com/member/n_live_20260830_07263411.html,PASS_UI_RACE_SELECTOR_BASE_ODDS
2026-08-30,中京,11,202607030411,07263411,17:45,11R 芝1400 ３歳未勝利 17:45,12,ナデシコザクラ,35.1,7.8,JRDB基準オッズ（確定オッズではない）,https://jrdb.com/member/n_live_20260830_07263411.html,PASS_UI_RACE_SELECTOR_BASE_ODDS
2026-08-30,中京,11,202607030411,07263411,17:45,11R 芝1400 ３歳未勝利 17:45,13,パトローナス,6.5,2.2,JRDB基準オッズ（確定オッズではない）,https://jrdb.com/member/n_live_20260830_07263411.html,PASS_UI_RACE_SELECTOR_BASE_ODDS
2026-08-30,中京,11,202607030411,07263411,17:45,11R 芝1400 ３歳未勝利 17:45,14,モカプウイング,26.4,6,JRDB基準オッズ（確定オッズではない）,https://jrdb.com/member/n_live_20260830_07263411.html,PASS_UI_RACE_SELECTOR_BASE_ODDS
2026-08-30,中京,11,202607030411,07263411,17:45,11R 芝1400 ３歳未勝利 17:45,15,ミッキーラヴィータ,3.8,1.6,JRDB基準オッズ（確定オッズではない）,https://jrdb.com/member/n_live_20260830_07263411.html,PASS_UI_RACE_SELECTOR_BASE_ODDS
2026-08-30,中京,11,202607030411,07263411,17:45,11R 芝1400 ３歳未勝利 17:45,16,ボールドペイト,48.3,10.5,JRDB基準オッズ（確定オッズではない）,https://jrdb.com/member/n_live_20260830_07263411.html,PASS_UI_RACE_SELECTOR_BASE_ODDS
2026-08-30,中京,11,202607030411,07263411,17:45,11R 芝1400 ３歳未勝利 17:45,17,カルロット,4.6,1.8,JRDB基準オッズ（確定オッズではない）,https://jrdb.com/member/n_live_20260830_07263411.html,PASS_UI_RACE_SELECTOR_BASE_ODDS
2026-08-30,中京,11,202607030411,07263411,17:45,11R 芝1400 ３歳未勝利 17:45,18,エコロディアン,5.5,1.9,JRDB基準オッズ（確定オッズではない）,https://jrdb.com/member/n_live_20260830_07263411.html,PASS_UI_RACE_SELECTOR_BASE_ODDS
2026-08-30,中京,12,202607030412,07263412,18:15,12R ダ1200 ３歳上１勝クラス 18:15,1,ヴォンドゥ,7.7,2.2,JRDB基準オッズ（確定オッズではない）,https://jrdb.com/member/n_live_20260830_07263412.html,PASS_UI_RACE_SELECTOR_BASE_ODDS
2026-08-30,中京,12,202607030412,07263412,18:15,12R ダ1200 ３歳上１勝クラス 18:15,2,オンザノアール,11.5,2.7,JRDB基準オッズ（確定オッズではない）,https://jrdb.com/member/n_live_20260830_07263412.html,PASS_UI_RACE_SELECTOR_BASE_ODDS
2026-08-30,中京,12,202607030412,07263412,18:15,12R ダ1200 ３歳上１勝クラス 18:15,3,アーガイルショア,5.3,1.7,JRDB基準オッズ（確定オッズではない）,https://jrdb.com/member/n_live_20260830_07263412.html,PASS_UI_RACE_SELECTOR_BASE_ODDS
2026-08-30,中京,12,202607030412,07263412,18:15,12R ダ1200 ３歳上１勝クラス 18:15,4,サヨノパララックス,29.3,5.8,JRDB基準オッズ（確定オッズではない）,https://jrdb.com/member/n_live_20260830_07263412.html,PASS_UI_RACE_SELECTOR_BASE_ODDS
2026-08-30,中京,12,202607030412,07263412,18:15,12R ダ1200 ３歳上１勝クラス 18:15,5,モノノケ,46.2,8.7,JRDB基準オッズ（確定オッズではない）,https://jrdb.com/member/n_live_20260830_07263412.html,PASS_UI_RACE_SELECTOR_BASE_ODDS
2026-08-30,中京,12,202607030412,07263412,18:15,12R ダ1200 ３歳上１勝クラス 18:15,6,ダノンステート,17.6,3.8,JRDB基準オッズ（確定オッズではない）,https://jrdb.com/member/n_live_20260830_07263412.html,PASS_UI_RACE_SELECTOR_BASE_ODDS
2026-08-30,中京,12,202607030412,07263412,18:15,12R ダ1200 ３歳上１勝クラス 18:15,7,ミスヘンリー,23.1,4.7,JRDB基準オッズ（確定オッズではない）,https://jrdb.com/member/n_live_20260830_07263412.html,PASS_UI_RACE_SELECTOR_BASE_ODDS
2026-08-30,中京,12,202607030412,07263412,18:15,12R ダ1200 ３歳上１勝クラス 18:15,8,レジェンダリーデイ,31.7,6.2,JRDB基準オッズ（確定オッズではない）,https://jrdb.com/member/n_live_20260830_07263412.html,PASS_UI_RACE_SELECTOR_BASE_ODDS
2026-08-30,中京,12,202607030412,07263412,18:15,12R ダ1200 ３歳上１勝クラス 18:15,9,メラヴィリオーザ,50.6,9.5,JRDB基準オッズ（確定オッズではない）,https://jrdb.com/member/n_live_20260830_07263412.html,PASS_UI_RACE_SELECTOR_BASE_ODDS
2026-08-30,中京,12,202607030412,07263412,18:15,12R ダ1200 ３歳上１勝クラス 18:15,10,グラスゴー,18.5,4,JRDB基準オッズ（確定オッズではない）,https://jrdb.com/member/n_live_20260830_07263412.html,PASS_UI_RACE_SELECTOR_BASE_ODDS
2026-08-30,中京,12,202607030412,07263412,18:15,12R ダ1200 ３歳上１勝クラス 18:15,11,ヒルノプーリア,3.3,1.4,JRDB基準オッズ（確定オッズではない）,https://jrdb.com/member/n_live_20260830_07263412.html,PASS_UI_RACE_SELECTOR_BASE_ODDS
2026-08-30,中京,12,202607030412,07263412,18:15,12R ダ1200 ３歳上１勝クラス 18:15,12,ラヴネヴァーダイズ,3.2,1.4,JRDB基準オッズ（確定オッズではない）,https://jrdb.com/member/n_live_20260830_07263412.html,PASS_UI_RACE_SELECTOR_BASE_ODDS
2026-08-30,中京,12,202607030412,07263412,18:15,12R ダ1200 ３歳上１勝クラス 18:15,13,タイセイブロウ,17.2,3.7,JRDB基準オッズ（確定オッズではない）,https://jrdb.com/member/n_live_20260830_07263412.html,PASS_UI_RACE_SELECTOR_BASE_ODDS
2026-08-30,中京,12,202607030412,07263412,18:15,12R ダ1200 ３歳上１勝クラス 18:15,14,パワポケビー,52.1,9.8,JRDB基準オッズ（確定オッズではない）,https://jrdb.com/member/n_live_20260830_07263412.html,PASS_UI_RACE_SELECTOR_BASE_ODDS
2026-08-30,札幌,1,202601020401,01262401,10:00,1R ダ1700 ３歳未勝利 10:00,1,タガノシルフィー,3.9,1.7,JRDB基準オッズ（確定オッズではない）,https://jrdb.com/member/n_live_20260830_01262401.html,PASS_UI_RACE_SELECTOR_BASE_ODDS
2026-08-30,札幌,1,202601020401,01262401,10:00,1R ダ1700 ３歳未勝利 10:00,2,マーゴットクリュグ,11.5,3.2,JRDB基準オッズ（確定オッズではない）,https://jrdb.com/member/n_live_20260830_01262401.html,PASS_UI_RACE_SELECTOR_BASE_ODDS
2026-08-30,札幌,1,202601020401,01262401,10:00,1R ダ1700 ３歳未勝利 10:00,3,ゴーゴーエイミー,29.3,7,JRDB基準オッズ（確定オッズではない）,https://jrdb.com/member/n_live_20260830_01262401.html,PASS_UI_RACE_SELECTOR_BASE_ODDS
2026-08-30,札幌,1,202601020401,01262401,10:00,1R ダ1700 ３歳未勝利 10:00,4,テンレッドサン,8.4,2.7,JRDB基準オッズ（確定オッズではない）,https://jrdb.com/member/n_live_20260830_01262401.html,PASS_UI_RACE_SELECTOR_BASE_ODDS
2026-08-30,札幌,1,202601020401,01262401,10:00,1R ダ1700 ３歳未勝利 10:00,5,サンセリテ,11.4,3.2,JRDB基準オッズ（確定オッズではない）,https://jrdb.com/member/n_live_20260830_01262401.html,PASS_UI_RACE_SELECTOR_BASE_ODDS
2026-08-30,札幌,1,202601020401,01262401,10:00,1R ダ1700 ３歳未勝利 10:00,6,ビレッジルイーザ,15.6,4.1,JRDB基準オッズ（確定オッズではない）,https://jrdb.com/member/n_live_20260830_01262401.html,PASS_UI_RACE_SELECTOR_BASE_ODDS
2026-08-30,札幌,1,202601020401,01262401,10:00,1R ダ1700 ３歳未勝利 10:00,7,エリカビアリッツ,6,2.1,JRDB基準オッズ（確定オッズではない）,https://jrdb.com/member/n_live_20260830_01262401.html,PASS_UI_RACE_SELECTOR_BASE_ODDS
2026-08-30,札幌,1,202601020401,01262401,10:00,1R ダ1700 ３歳未勝利 10:00,8,タガノラヴズワン,29.9,7.1,JRDB基準オッズ（確定オッズではない）,https://jrdb.com/member/n_live_20260830_01262401.html,PASS_UI_RACE_SELECTOR_BASE_ODDS
2026-08-30,札幌,1,202601020401,01262401,10:00,1R ダ1700 ３歳未勝利 10:00,9,セントピュアベース,46.7,10.7,JRDB基準オッズ（確定オッズではない）,https://jrdb.com/member/n_live_20260830_01262401.html,PASS_UI_RACE_SELECTOR_BASE_ODDS
2026-08-30,札幌,1,202601020401,01262401,10:00,1R ダ1700 ３歳未勝利 10:00,10,モンテパステル,46.2,10.6,JRDB基準オッズ（確定オッズではない）,https://jrdb.com/member/n_live_20260830_01262401.html,PASS_UI_RACE_SELECTOR_BASE_ODDS
2026-08-30,札幌,1,202601020401,01262401,10:00,1R ダ1700 ３歳未勝利 10:00,11,ウォータースパウト,5.7,2.1,JRDB基準オッズ（確定オッズではない）,https://jrdb.com/member/n_live_20260830_01262401.html,PASS_UI_RACE_SELECTOR_BASE_ODDS
2026-08-30,札幌,1,202601020401,01262401,10:00,1R ダ1700 ３歳未勝利 10:00,12,ブライトエンジェル,7,2.4,JRDB基準オッズ（確定オッズではない）,https://jrdb.com/member/n_live_20260830_01262401.html,PASS_UI_RACE_SELECTOR_BASE_ODDS
2026-08-30,札幌,1,202601020401,01262401,10:00,1R ダ1700 ３歳未勝利 10:00,13,ジーティービキニ,16,4.2,JRDB基準オッズ（確定オッズではない）,https://jrdb.com/member/n_live_20260830_01262401.html,PASS_UI_RACE_SELECTOR_BASE_ODDS
2026-08-30,札幌,1,202601020401,01262401,10:00,1R ダ1700 ３歳未勝利 10:00,14,コイバナ,12.3,3.3,JRDB基準オッズ（確定オッズではない）,https://jrdb.com/member/n_live_20260830_01262401.html,PASS_UI_RACE_SELECTOR_BASE_ODDS
2026-08-30,札幌,2,202601020402,01262402,10:30,2R 芝1200 ２歳未勝利 10:30,1,アワードリームス,35.7,7.1,JRDB基準オッズ（確定オッズではない）,https://jrdb.com/member/n_live_20260830_01262402.html,PASS_UI_RACE_SELECTOR_BASE_ODDS
2026-08-30,札幌,2,202601020402,01262402,10:30,2R 芝1200 ２歳未勝利 10:30,2,ヴィヴィアンリーチ,17.6,3.9,JRDB基準オッズ（確定オッズではない）,https://jrdb.com/member/n_live_20260830_01262402.html,PASS_UI_RACE_SELECTOR_BASE_ODDS
2026-08-30,札幌,2,202601020402,01262402,10:30,2R 芝1200 ２歳未勝利 10:30,3,ショパンコンクール,16.1,3.6,JRDB基準オッズ（確定オッズではない）,https://jrdb.com/member/n_live_20260830_01262402.html,PASS_UI_RACE_SELECTOR_BASE_ODDS
2026-08-30,札幌,2,202601020402,01262402,10:30,2R 芝1200 ２歳未勝利 10:30,4,トスカ,26.7,5.5,JRDB基準オッズ（確定オッズではない）,https://jrdb.com/member/n_live_20260830_01262402.html,PASS_UI_RACE_SELECTOR_BASE_ODDS
2026-08-30,札幌,2,202601020402,01262402,10:30,2R 芝1200 ２歳未勝利 10:30,5,ミハテヌユメ,27.1,5.6,JRDB基準オッズ（確定オッズではない）,https://jrdb.com/member/n_live_20260830_01262402.html,PASS_UI_RACE_SELECTOR_BASE_ODDS
2026-08-30,札幌,2,202601020402,01262402,10:30,2R 芝1200 ２歳未勝利 10:30,6,キャンドル,21.7,4.6,JRDB基準オッズ（確定オッズではない）,https://jrdb.com/member/n_live_20260830_01262402.html,PASS_UI_RACE_SELECTOR_BASE_ODDS
2026-08-30,札幌,2,202601020402,01262402,10:30,2R 芝1200 ２歳未勝利 10:30,7,ゲームチェンジャー,51.1,9.9,JRDB基準オッズ（確定オッズではない）,https://jrdb.com/member/n_live_20260830_01262402.html,PASS_UI_RACE_SELECTOR_BASE_ODDS
2026-08-30,札幌,2,202601020402,01262402,10:30,2R 芝1200 ２歳未勝利 10:30,8,アルテクィーン,4.5,1.6,JRDB基準オッズ（確定オッズではない）,https://jrdb.com/member/n_live_20260830_01262402.html,PASS_UI_RACE_SELECTOR_BASE_ODDS
2026-08-30,札幌,2,202601020402,01262402,10:30,2R 芝1200 ２歳未勝利 10:30,9,パーフェクトゲーム,7.7,2.2,JRDB基準オッズ（確定オッズではない）,https://jrdb.com/member/n_live_20260830_01262402.html,PASS_UI_RACE_SELECTOR_BASE_ODDS
2026-08-30,札幌,2,202601020402,01262402,10:30,2R 芝1200 ２歳未勝利 10:30,10,アスコットペスカ,50.1,9.7,JRDB基準オッズ（確定オッズではない）,https://jrdb.com/member/n_live_20260830_01262402.html,PASS_UI_RACE_SELECTOR_BASE_ODDS
2026-08-30,札幌,2,202601020402,01262402,10:30,2R 芝1200 ２歳未勝利 10:30,11,インサイドストーム,44.5,8.7,JRDB基準オッズ（確定オッズではない）,https://jrdb.com/member/n_live_20260830_01262402.html,PASS_UI_RACE_SELECTOR_BASE_ODDS
2026-08-30,札幌,2,202601020402,01262402,10:30,2R 芝1200 ２歳未勝利 10:30,12,ソニックアイル,2.8,1.4,JRDB基準オッズ（確定オッズではない）,https://jrdb.com/member/n_live_20260830_01262402.html,PASS_UI_RACE_SELECTOR_BASE_ODDS
2026-08-30,札幌,2,202601020402,01262402,10:30,2R 芝1200 ２歳未勝利 10:30,13,ギャルズマインド,7.8,2.3,JRDB基準オッズ（確定オッズではない）,https://jrdb.com/member/n_live_20260830_01262402.html,PASS_UI_RACE_SELECTOR_BASE_ODDS
2026-08-30,札幌,2,202601020402,01262402,10:30,2R 芝1200 ２歳未勝利 10:30,14,トーセンルルド,5.2,1.7,JRDB基準オッズ（確定オッズではない）,https://jrdb.com/member/n_live_20260830_01262402.html,PASS_UI_RACE_SELECTOR_BASE_ODDS
2026-08-30,札幌,3,202601020403,01262403,11:00,3R ダ1700 ３歳未勝利 11:00,1,ペガサスウィンド,4.1,1.6,JRDB基準オッズ（確定オッズではない）,https://jrdb.com/member/n_live_20260830_01262403.html,PASS_UI_RACE_SELECTOR_BASE_ODDS
2026-08-30,札幌,3,202601020403,01262403,11:00,3R ダ1700 ３歳未勝利 11:00,2,サクセスブルー,7.1,2.2,JRDB基準オッズ（確定オッズではない）,https://jrdb.com/member/n_live_20260830_01262403.html,PASS_UI_RACE_SELECTOR_BASE_ODDS
2026-08-30,札幌,3,202601020403,01262403,11:00,3R ダ1700 ３歳未勝利 11:00,3,ラスターヴァース,29.6,6.4,JRDB基準オッズ（確定オッズではない）,https://jrdb.com/member/n_live_20260830_01262403.html,PASS_UI_RACE_SELECTOR_BASE_ODDS
2026-08-30,札幌,3,202601020403,01262403,11:00,3R ダ1700 ３歳未勝利 11:00,4,ポップアップ,3.6,1.5,JRDB基準オッズ（確定オッズではない）,https://jrdb.com/member/n_live_20260830_01262403.html,PASS_UI_RACE_SELECTOR_BASE_ODDS
2026-08-30,札幌,3,202601020403,01262403,11:00,3R ダ1700 ３歳未勝利 11:00,5,デルマテイネ,45.9,9.6,JRDB基準オッズ（確定オッズではない）,https://jrdb.com/member/n_live_20260830_01262403.html,PASS_UI_RACE_SELECTOR_BASE_ODDS
2026-08-30,札幌,3,202601020403,01262403,11:00,3R ダ1700 ３歳未勝利 11:00,6,ヨドノサファイア,31,6.7,JRDB基準オッズ（確定オッズではない）,https://jrdb.com/member/n_live_20260830_01262403.html,PASS_UI_RACE_SELECTOR_BASE_ODDS
2026-08-30,札幌,3,202601020403,01262403,11:00,3R ダ1700 ３歳未勝利 11:00,7,チャーチルデュース,7.3,2.3,JRDB基準オッズ（確定オッズではない）,https://jrdb.com/member/n_live_20260830_01262403.html,PASS_UI_RACE_SELECTOR_BASE_ODDS
2026-08-30,札幌,3,202601020403,01262403,11:00,3R ダ1700 ３歳未勝利 11:00,8,サンエンジェルス,15.7,3.8,JRDB基準オッズ（確定オッズではない）,https://jrdb.com/member/n_live_20260830_01262403.html,PASS_UI_RACE_SELECTOR_BASE_ODDS
2026-08-30,札幌,3,202601020403,01262403,11:00,3R ダ1700 ３歳未勝利 11:00,9,モンテール,11.7,3,JRDB基準オッズ（確定オッズではない）,https://jrdb.com/member/n_live_20260830_01262403.html,PASS_UI_RACE_SELECTOR_BASE_ODDS
2026-08-30,札幌,3,202601020403,01262403,11:00,3R ダ1700 ３歳未勝利 11:00,10,ミアエッテ,37.5,8,JRDB基準オッズ（確定オッズではない）,https://jrdb.com/member/n_live_20260830_01262403.html,PASS_UI_RACE_SELECTOR_BASE_ODDS
2026-08-30,札幌,3,202601020403,01262403,11:00,3R ダ1700 ３歳未勝利 11:00,11,ダンツアラーム,47.1,9.8,JRDB基準オッズ（確定オッズではない）,https://jrdb.com/member/n_live_20260830_01262403.html,PASS_UI_RACE_SELECTOR_BASE_ODDS
2026-08-30,札幌,3,202601020403,01262403,11:00,3R ダ1700 ３歳未勝利 11:00,12,クリコイーコ,28.8,6.3,JRDB基準オッズ（確定オッズではない）,https://jrdb.com/member/n_live_20260830_01262403.html,PASS_UI_RACE_SELECTOR_BASE_ODDS
2026-08-30,札幌,3,202601020403,01262403,11:00,3R ダ1700 ３歳未勝利 11:00,13,ジャストグレース,17.3,4.1,JRDB基準オッズ（確定オッズではない）,https://jrdb.com/member/n_live_20260830_01262403.html,PASS_UI_RACE_SELECTOR_BASE_ODDS
2026-08-30,札幌,3,202601020403,01262403,11:00,3R ダ1700 ３歳未勝利 11:00,14,ホウオウファラオ,5.5,1.9,JRDB基準オッズ（確定オッズではない）,https://jrdb.com/member/n_live_20260830_01262403.html,PASS_UI_RACE_SELECTOR_BASE_ODDS
2026-08-30,札幌,4,202601020404,01262404,11:30,4R 芝2000 ３歳未勝利 11:30,1,ダイシンパルス,51.2,11.2,JRDB基準オッズ（確定オッズではない）,https://jrdb.com/member/n_live_20260830_01262404.html,PASS_UI_RACE_SELECTOR_BASE_ODDS
2026-08-30,札幌,4,202601020404,01262404,11:30,4R 芝2000 ３歳未勝利 11:30,2,ジリアート,18.1,4.4,JRDB基準オッズ（確定オッズではない）,https://jrdb.com/member/n_live_20260830_01262404.html,PASS_UI_RACE_SELECTOR_BASE_ODDS
2026-08-30,札幌,4,202601020404,01262404,11:30,4R 芝2000 ３歳未勝利 11:30,3,コスモヘリアンサス,27.7,6.3,JRDB基準オッズ（確定オッズではない）,https://jrdb.com/member/n_live_20260830_01262404.html,PASS_UI_RACE_SELECTOR_BASE_ODDS
2026-08-30,札幌,4,202601020404,01262404,11:30,4R 芝2000 ３歳未勝利 11:30,4,デルマフジ,4.5,1.7,JRDB基準オッズ（確定オッズではない）,https://jrdb.com/member/n_live_20260830_01262404.html,PASS_UI_RACE_SELECTOR_BASE_ODDS
2026-08-30,札幌,4,202601020404,01262404,11:30,4R 芝2000 ３歳未勝利 11:30,5,イデアジュアンイハ,103,21.2,JRDB基準オッズ（確定オッズではない）,https://jrdb.com/member/n_live_20260830_01262404.html,PASS_UI_RACE_SELECTOR_BASE_ODDS
2026-08-30,札幌,4,202601020404,01262404,11:30,4R 芝2000 ３歳未勝利 11:30,6,ギオンバヤシ,4.2,1.7,JRDB基準オッズ（確定オッズではない）,https://jrdb.com/member/n_live_20260830_01262404.html,PASS_UI_RACE_SELECTOR_BASE_ODDS
2026-08-30,札幌,4,202601020404,01262404,11:30,4R 芝2000 ３歳未勝利 11:30,7,ワダツミ,23.5,5.5,JRDB基準オッズ（確定オッズではない）,https://jrdb.com/member/n_live_20260830_01262404.html,PASS_UI_RACE_SELECTOR_BASE_ODDS
2026-08-30,札幌,4,202601020404,01262404,11:30,4R 芝2000 ３歳未勝利 11:30,8,ネクストドア,30.6,6.9,JRDB基準オッズ（確定オッズではない）,https://jrdb.com/member/n_live_20260830_01262404.html,PASS_UI_RACE_SELECTOR_BASE_ODDS
2026-08-30,札幌,4,202601020404,01262404,11:30,4R 芝2000 ３歳未勝利 11:30,9,コスモクラシック,4.2,1.7,JRDB基準オッズ（確定オッズではない）,https://jrdb.com/member/n_live_20260830_01262404.html,PASS_UI_RACE_SELECTOR_BASE_ODDS
2026-08-30,札幌,4,202601020404,01262404,11:30,4R 芝2000 ３歳未勝利 11:30,10,メイショウライガ,7.8,2.5,JRDB基準オッズ（確定オッズではない）,https://jrdb.com/member/n_live_20260830_01262404.html,PASS_UI_RACE_SELECTOR_BASE_ODDS
2026-08-30,札幌,4,202601020404,01262404,11:30,4R 芝2000 ３歳未勝利 11:30,11,アート,21.9,5.2,JRDB基準オッズ（確定オッズではない）,https://jrdb.com/member/n_live_20260830_01262404.html,PASS_UI_RACE_SELECTOR_BASE_ODDS
2026-08-30,札幌,4,202601020404,01262404,11:30,4R 芝2000 ３歳未勝利 11:30,12,カリドーラ,24,5.6,JRDB基準オッズ（確定オッズではない）,https://jrdb.com/member/n_live_20260830_01262404.html,PASS_UI_RACE_SELECTOR_BASE_ODDS
2026-08-30,札幌,4,202601020404,01262404,11:30,4R 芝2000 ３歳未勝利 11:30,13,ロックフラワー,35,7.9,JRDB基準オッズ（確定オッズではない）,https://jrdb.com/member/n_live_20260830_01262404.html,PASS_UI_RACE_SELECTOR_BASE_ODDS
2026-08-30,札幌,4,202601020404,01262404,11:30,4R 芝2000 ３歳未勝利 11:30,14,インテンスゲイズ,18.1,4.4,JRDB基準オッズ（確定オッズではない）,https://jrdb.com/member/n_live_20260830_01262404.html,PASS_UI_RACE_SELECTOR_BASE_ODDS
2026-08-30,札幌,4,202601020404,01262404,11:30,4R 芝2000 ３歳未勝利 11:30,15,エイシンリーガル,35.2,7.9,JRDB基準オッズ（確定オッズではない）,https://jrdb.com/member/n_live_20260830_01262404.html,PASS_UI_RACE_SELECTOR_BASE_ODDS
2026-08-30,札幌,4,202601020404,01262404,11:30,4R 芝2000 ３歳未勝利 11:30,16,メイショウローゼ,7.4,2.4,JRDB基準オッズ（確定オッズではない）,https://jrdb.com/member/n_live_20260830_01262404.html,PASS_UI_RACE_SELECTOR_BASE_ODDS
2026-08-30,札幌,5,202601020405,01262405,12:20,5R 芝1800 ２歳新馬 12:20,1,コスモノーチラス,13,2.4,JRDB基準オッズ（確定オッズではない）,https://jrdb.com/member/n_live_20260830_01262405.html,PASS_UI_RACE_SELECTOR_BASE_ODDS
2026-08-30,札幌,5,202601020405,01262405,12:20,5R 芝1800 ２歳新馬 12:20,2,アイアムイガイニモ,13.9,2.5,JRDB基準オッズ（確定オッズではない）,https://jrdb.com/member/n_live_20260830_01262405.html,PASS_UI_RACE_SELECTOR_BASE_ODDS
2026-08-30,札幌,5,202601020405,01262405,12:20,5R 芝1800 ２歳新馬 12:20,3,ヴァンクライ,2.1,1.2,JRDB基準オッズ（確定オッズではない）,https://jrdb.com/member/n_live_20260830_01262405.html,PASS_UI_RACE_SELECTOR_BASE_ODDS
2026-08-30,札幌,5,202601020405,01262405,12:20,5R 芝1800 ２歳新馬 12:20,4,コーズウルルン,13.8,2.5,JRDB基準オッズ（確定オッズではない）,https://jrdb.com/member/n_live_20260830_01262405.html,PASS_UI_RACE_SELECTOR_BASE_ODDS
2026-08-30,札幌,5,202601020405,01262405,12:20,5R 芝1800 ２歳新馬 12:20,5,トーセンイルン,6.9,1.7,JRDB基準オッズ（確定オッズではない）,https://jrdb.com/member/n_live_20260830_01262405.html,PASS_UI_RACE_SELECTOR_BASE_ODDS
2026-08-30,札幌,5,202601020405,01262405,12:20,5R 芝1800 ２歳新馬 12:20,6,イルリサット,3,1.3,JRDB基準オッズ（確定オッズではない）,https://jrdb.com/member/n_live_20260830_01262405.html,PASS_UI_RACE_SELECTOR_BASE_ODDS
2026-08-30,札幌,5,202601020405,01262405,12:20,5R 芝1800 ２歳新馬 12:20,7,ゴルタン,18.1,3.1,JRDB基準オッズ（確定オッズではない）,https://jrdb.com/member/n_live_20260830_01262405.html,PASS_UI_RACE_SELECTOR_BASE_ODDS
2026-08-30,札幌,5,202601020405,01262405,12:20,5R 芝1800 ２歳新馬 12:20,8,トワイライトローズ,7.3,1.8,JRDB基準オッズ（確定オッズではない）,https://jrdb.com/member/n_live_20260830_01262405.html,PASS_UI_RACE_SELECTOR_BASE_ODDS
2026-08-30,札幌,6,202601020406,01262406,12:50,6R ダ1700 ３歳上１勝クラス 12:50,1,クロミ,46.9,7.8,JRDB基準オッズ（確定オッズではない）,https://jrdb.com/member/n_live_20260830_01262406.html,PASS_UI_RACE_SELECTOR_BASE_ODDS
2026-08-30,札幌,6,202601020406,01262406,12:50,6R ダ1700 ３歳上１勝クラス 12:50,2,ルージュリヴィエラ,13.2,2.7,JRDB基準オッズ（確定オッズではない）,https://jrdb.com/member/n_live_20260830_01262406.html,PASS_UI_RACE_SELECTOR_BASE_ODDS
2026-08-30,札幌,6,202601020406,01262406,12:50,6R ダ1700 ３歳上１勝クラス 12:50,3,ライラックデューン,22.1,4,JRDB基準オッズ（確定オッズではない）,https://jrdb.com/member/n_live_20260830_01262406.html,PASS_UI_RACE_SELECTOR_BASE_ODDS
2026-08-30,札幌,6,202601020406,01262406,12:50,6R ダ1700 ３歳上１勝クラス 12:50,4,サイモンイロハニー,30.7,5.4,JRDB基準オッズ（確定オッズではない）,https://jrdb.com/member/n_live_20260830_01262406.html,PASS_UI_RACE_SELECTOR_BASE_ODDS
2026-08-30,札幌,6,202601020406,01262406,12:50,6R ダ1700 ３歳上１勝クラス 12:50,5,サマースプラッシュ,46.9,7.8,JRDB基準オッズ（確定オッズではない）,https://jrdb.com/member/n_live_20260830_01262406.html,PASS_UI_RACE_SELECTOR_BASE_ODDS
2026-08-30,札幌,6,202601020406,01262406,12:50,6R ダ1700 ３歳上１勝クラス 12:50,6,デルマサクラサク,6.1,1.7,JRDB基準オッズ（確定オッズではない）,https://jrdb.com/member/n_live_20260830_01262406.html,PASS_UI_RACE_SELECTOR_BASE_ODDS
2026-08-30,札幌,6,202601020406,01262406,12:50,6R ダ1700 ３歳上１勝クラス 12:50,7,タイセイルビー,12.3,2.6,JRDB基準オッズ（確定オッズではない）,https://jrdb.com/member/n_live_20260830_01262406.html,PASS_UI_RACE_SELECTOR_BASE_ODDS
2026-08-30,札幌,6,202601020406,01262406,12:50,6R ダ1700 ３歳上１勝クラス 12:50,8,ヤマヤロード,33.5,5.8,JRDB基準オッズ（確定オッズではない）,https://jrdb.com/member/n_live_20260830_01262406.html,PASS_UI_RACE_SELECTOR_BASE_ODDS
2026-08-30,札幌,6,202601020406,01262406,12:50,6R ダ1700 ３歳上１勝クラス 12:50,9,ウィンターガーデン,11.9,2.5,JRDB基準オッズ（確定オッズではない）,https://jrdb.com/member/n_live_20260830_01262406.html,PASS_UI_RACE_SELECTOR_BASE_ODDS
2026-08-30,札幌,6,202601020406,01262406,12:50,6R ダ1700 ３歳上１勝クラス 12:50,10,ヴェールミューズ,12.2,2.6,JRDB基準オッズ（確定オッズではない）,https://jrdb.com/member/n_live_20260830_01262406.html,PASS_UI_RACE_SELECTOR_BASE_ODDS
2026-08-30,札幌,6,202601020406,01262406,12:50,6R ダ1700 ３歳上１勝クラス 12:50,11,スリーケイ,4,1.4,JRDB基準オッズ（確定オッズではない）,https://jrdb.com/member/n_live_20260830_01262406.html,PASS_UI_RACE_SELECTOR_BASE_ODDS
2026-08-30,札幌,6,202601020406,01262406,12:50,6R ダ1700 ３歳上１勝クラス 12:50,12,ルージュボニート,2.2,1.2,JRDB基準オッズ（確定オッズではない）,https://jrdb.com/member/n_live_20260830_01262406.html,PASS_UI_RACE_SELECTOR_BASE_ODDS
2026-08-30,札幌,7,202601020407,01262407,13:20,7R ダ1000 ３歳上１勝クラス 13:20,1,ブライアーヒル,32.4,6.1,JRDB基準オッズ（確定オッズではない）,https://jrdb.com/member/n_live_20260830_01262407.html,PASS_UI_RACE_SELECTOR_BASE_ODDS
2026-08-30,札幌,7,202601020407,01262407,13:20,7R ダ1000 ３歳上１勝クラス 13:20,2,カップッチョ,32.7,6.2,JRDB基準オッズ（確定オッズではない）,https://jrdb.com/member/n_live_20260830_01262407.html,PASS_UI_RACE_SELECTOR_BASE_ODDS
2026-08-30,札幌,7,202601020407,01262407,13:20,7R ダ1000 ３歳上１勝クラス 13:20,3,ヨドノゴールド,3.5,1.4,JRDB基準オッズ（確定オッズではない）,https://jrdb.com/member/n_live_20260830_01262407.html,PASS_UI_RACE_SELECTOR_BASE_ODDS
2026-08-30,札幌,7,202601020407,01262407,13:20,7R ダ1000 ３歳上１勝クラス 13:20,4,アスコットアイ,22.1,4.4,JRDB基準オッズ（確定オッズではない）,https://jrdb.com/member/n_live_20260830_01262407.html,PASS_UI_RACE_SELECTOR_BASE_ODDS
2026-08-30,札幌,7,202601020407,01262407,13:20,7R ダ1000 ３歳上１勝クラス 13:20,5,ラスベガスサイン,13.2,2.9,JRDB基準オッズ（確定オッズではない）,https://jrdb.com/member/n_live_20260830_01262407.html,PASS_UI_RACE_SELECTOR_BASE_ODDS
2026-08-30,札幌,7,202601020407,01262407,13:20,7R ダ1000 ３歳上１勝クラス 13:20,6,セイウンバジリスク,5.7,1.8,JRDB基準オッズ（確定オッズではない）,https://jrdb.com/member/n_live_20260830_01262407.html,PASS_UI_RACE_SELECTOR_BASE_ODDS
2026-08-30,札幌,7,202601020407,01262407,13:20,7R ダ1000 ３歳上１勝クラス 13:20,7,ステラノヴァ,19.1,3.9,JRDB基準オッズ（確定オッズではない）,https://jrdb.com/member/n_live_20260830_01262407.html,PASS_UI_RACE_SELECTOR_BASE_ODDS
2026-08-30,札幌,7,202601020407,01262407,13:20,7R ダ1000 ３歳上１勝クラス 13:20,8,ワイドデコラシオン,2.9,1.3,JRDB基準オッズ（確定オッズではない）,https://jrdb.com/member/n_live_20260830_01262407.html,PASS_UI_RACE_SELECTOR_BASE_ODDS
2026-08-30,札幌,7,202601020407,01262407,13:20,7R ダ1000 ３歳上１勝クラス 13:20,9,セイルロケット,16.1,3.4,JRDB基準オッズ（確定オッズではない）,https://jrdb.com/member/n_live_20260830_01262407.html,PASS_UI_RACE_SELECTOR_BASE_ODDS
2026-08-30,札幌,7,202601020407,01262407,13:20,7R ダ1000 ３歳上１勝クラス 13:20,10,スパークルジョイ,19.2,4,JRDB基準オッズ（確定オッズではない）,https://jrdb.com/member/n_live_20260830_01262407.html,PASS_UI_RACE_SELECTOR_BASE_ODDS
2026-08-30,札幌,7,202601020407,01262407,13:20,7R ダ1000 ３歳上１勝クラス 13:20,11,プルミエールパス,8.4,2.3,JRDB基準オッズ（確定オッズではない）,https://jrdb.com/member/n_live_20260830_01262407.html,PASS_UI_RACE_SELECTOR_BASE_ODDS
2026-08-30,札幌,7,202601020407,01262407,13:20,7R ダ1000 ３歳上１勝クラス 13:20,12,メイショウハッブル,13.6,3,JRDB基準オッズ（確定オッズではない）,https://jrdb.com/member/n_live_20260830_01262407.html,PASS_UI_RACE_SELECTOR_BASE_ODDS
2026-08-30,札幌,8,202601020408,01262408,13:50,8R 芝1500 ３歳上１勝クラス(無料開放レース) 13:50,1,ハネマン,52.2,10.1,JRDB基準オッズ（確定オッズではない）,https://jrdb.com/member/n_live_20260830_01262408.html,PASS_UI_RACE_SELECTOR_BASE_ODDS
2026-08-30,札幌,8,202601020408,01262408,13:50,8R 芝1500 ３歳上１勝クラス(無料開放レース) 13:50,2,メメボス,35.8,7.2,JRDB基準オッズ（確定オッズではない）,https://jrdb.com/member/n_live_20260830_01262408.html,PASS_UI_RACE_SELECTOR_BASE_ODDS
2026-08-30,札幌,8,202601020408,01262408,13:50,8R 芝1500 ３歳上１勝クラス(無料開放レース) 13:50,3,トリスティ,30.7,6.2,JRDB基準オッズ（確定オッズではない）,https://jrdb.com/member/n_live_20260830_01262408.html,PASS_UI_RACE_SELECTOR_BASE_ODDS
2026-08-30,札幌,8,202601020408,01262408,13:50,8R 芝1500 ３歳上１勝クラス(無料開放レース) 13:50,4,クラウンアールシー,39.2,7.8,JRDB基準オッズ（確定オッズではない）,https://jrdb.com/member/n_live_20260830_01262408.html,PASS_UI_RACE_SELECTOR_BASE_ODDS
2026-08-30,札幌,8,202601020408,01262408,13:50,8R 芝1500 ３歳上１勝クラス(無料開放レース) 13:50,5,ユーティジャーニー,5.8,1.9,JRDB基準オッズ（確定オッズではない）,https://jrdb.com/member/n_live_20260830_01262408.html,PASS_UI_RACE_SELECTOR_BASE_ODDS
2026-08-30,札幌,8,202601020408,01262408,13:50,8R 芝1500 ３歳上１勝クラス(無料開放レース) 13:50,6,ファンクション,3.3,1.4,JRDB基準オッズ（確定オッズではない）,https://jrdb.com/member/n_live_20260830_01262408.html,PASS_UI_RACE_SELECTOR_BASE_ODDS
2026-08-30,札幌,8,202601020408,01262408,13:50,8R 芝1500 ３歳上１勝クラス(無料開放レース) 13:50,7,テンユウ,13.7,3.2,JRDB基準オッズ（確定オッズではない）,https://jrdb.com/member/n_live_20260830_01262408.html,PASS_UI_RACE_SELECTOR_BASE_ODDS
2026-08-30,札幌,8,202601020408,01262408,13:50,8R 芝1500 ３歳上１勝クラス(無料開放レース) 13:50,8,トクシージェネラル,38.4,7.6,JRDB基準オッズ（確定オッズではない）,https://jrdb.com/member/n_live_20260830_01262408.html,PASS_UI_RACE_SELECTOR_BASE_ODDS
2026-08-30,札幌,8,202601020408,01262408,13:50,8R 芝1500 ３歳上１勝クラス(無料開放レース) 13:50,9,メイショウホダワラ,17.2,3.8,JRDB基準オッズ（確定オッズではない）,https://jrdb.com/member/n_live_20260830_01262408.html,PASS_UI_RACE_SELECTOR_BASE_ODDS
2026-08-30,札幌,8,202601020408,01262408,13:50,8R 芝1500 ３歳上１勝クラス(無料開放レース) 13:50,10,スタードメイソン,26.7,5.5,JRDB基準オッズ（確定オッズではない）,https://jrdb.com/member/n_live_20260830_01262408.html,PASS_UI_RACE_SELECTOR_BASE_ODDS
2026-08-30,札幌,8,202601020408,01262408,13:50,8R 芝1500 ３歳上１勝クラス(無料開放レース) 13:50,11,ドラリズム,22,4.7,JRDB基準オッズ（確定オッズではない）,https://jrdb.com/member/n_live_20260830_01262408.html,PASS_UI_RACE_SELECTOR_BASE_ODDS
2026-08-30,札幌,8,202601020408,01262408,13:50,8R 芝1500 ３歳上１勝クラス(無料開放レース) 13:50,12,ネッタイヤライ,3.6,1.5,JRDB基準オッズ（確定オッズではない）,https://jrdb.com/member/n_live_20260830_01262408.html,PASS_UI_RACE_SELECTOR_BASE_ODDS
2026-08-30,札幌,8,202601020408,01262408,13:50,8R 芝1500 ３歳上１勝クラス(無料開放レース) 13:50,13,シェーンルスカ,43.7,8.6,JRDB基準オッズ（確定オッズではない）,https://jrdb.com/member/n_live_20260830_01262408.html,PASS_UI_RACE_SELECTOR_BASE_ODDS
2026-08-30,札幌,8,202601020408,01262408,13:50,8R 芝1500 ３歳上１勝クラス(無料開放レース) 13:50,14,ルクスアドラー,4.2,1.5,JRDB基準オッズ（確定オッズではない）,https://jrdb.com/member/n_live_20260830_01262408.html,PASS_UI_RACE_SELECTOR_BASE_ODDS
2026-08-30,札幌,9,202601020409,01262409,14:20,9R ダ1700 ３歳上１勝クラス 14:20,1,マテンロウカナロア,6.2,2,JRDB基準オッズ（確定オッズではない）,https://jrdb.com/member/n_live_20260830_01262409.html,PASS_UI_RACE_SELECTOR_BASE_ODDS
2026-08-30,札幌,9,202601020409,01262409,14:20,9R ダ1700 ３歳上１勝クラス 14:20,2,ウヌボレヤサン,31.3,6.5,JRDB基準オッズ（確定オッズではない）,https://jrdb.com/member/n_live_20260830_01262409.html,PASS_UI_RACE_SELECTOR_BASE_ODDS
2026-08-30,札幌,9,202601020409,01262409,14:20,9R ダ1700 ３歳上１勝クラス 14:20,3,フクシマブリルハム,25.3,5.3,JRDB基準オッズ（確定オッズではない）,https://jrdb.com/member/n_live_20260830_01262409.html,PASS_UI_RACE_SELECTOR_BASE_ODDS
2026-08-30,札幌,9,202601020409,01262409,14:20,9R ダ1700 ３歳上１勝クラス 14:20,4,ステラデルークス,5.2,1.8,JRDB基準オッズ（確定オッズではない）,https://jrdb.com/member/n_live_20260830_01262409.html,PASS_UI_RACE_SELECTOR_BASE_ODDS
2026-08-30,札幌,9,202601020409,01262409,14:20,9R ダ1700 ３歳上１勝クラス 14:20,5,ホウオウバローロ,12.6,3,JRDB基準オッズ（確定オッズではない）,https://jrdb.com/member/n_live_20260830_01262409.html,PASS_UI_RACE_SELECTOR_BASE_ODDS
2026-08-30,札幌,9,202601020409,01262409,14:20,9R ダ1700 ３歳上１勝クラス 14:20,6,デルマホダカ,35.6,7.3,JRDB基準オッズ（確定オッズではない）,https://jrdb.com/member/n_live_20260830_01262409.html,PASS_UI_RACE_SELECTOR_BASE_ODDS
2026-08-30,札幌,9,202601020409,01262409,14:20,9R ダ1700 ３歳上１勝クラス 14:20,7,イサギ,20.8,4.6,JRDB基準オッズ（確定オッズではない）,https://jrdb.com/member/n_live_20260830_01262409.html,PASS_UI_RACE_SELECTOR_BASE_ODDS
2026-08-30,札幌,9,202601020409,01262409,14:20,9R ダ1700 ３歳上１勝クラス 14:20,8,サマーナイト,3.9,1.6,JRDB基準オッズ（確定オッズではない）,https://jrdb.com/member/n_live_20260830_01262409.html,PASS_UI_RACE_SELECTOR_BASE_ODDS
2026-08-30,札幌,9,202601020409,01262409,14:20,9R ダ1700 ３歳上１勝クラス 14:20,9,チェイサー,5.3,1.8,JRDB基準オッズ（確定オッズではない）,https://jrdb.com/member/n_live_20260830_01262409.html,PASS_UI_RACE_SELECTOR_BASE_ODDS
2026-08-30,札幌,9,202601020409,01262409,14:20,9R ダ1700 ３歳上１勝クラス 14:20,10,ブリオメンテ,3.3,1.4,JRDB基準オッズ（確定オッズではない）,https://jrdb.com/member/n_live_20260830_01262409.html,PASS_UI_RACE_SELECTOR_BASE_ODDS
2026-08-30,札幌,9,202601020409,01262409,14:20,9R ダ1700 ３歳上１勝クラス 14:20,11,シックスパック,26.1,5.5,JRDB基準オッズ（確定オッズではない）,https://jrdb.com/member/n_live_20260830_01262409.html,PASS_UI_RACE_SELECTOR_BASE_ODDS
2026-08-30,札幌,10,202601020410,01262410,14:50,10R 芝1200 ＨＢＣ賞 2勝クラス 14:50,1,カガラプンツェル,24.9,5.4,JRDB基準オッズ（確定オッズではない）,https://jrdb.com/member/n_live_20260830_01262410.html,PASS_UI_RACE_SELECTOR_BASE_ODDS
2026-08-30,札幌,10,202601020410,01262410,14:50,10R 芝1200 ＨＢＣ賞 2勝クラス 14:50,2,ショウナンカリス,13.6,3.3,JRDB基準オッズ（確定オッズではない）,https://jrdb.com/member/n_live_20260830_01262410.html,PASS_UI_RACE_SELECTOR_BASE_ODDS
2026-08-30,札幌,10,202601020410,01262410,14:50,10R 芝1200 ＨＢＣ賞 2勝クラス 14:50,3,バシレウスシチー,15.1,3.6,JRDB基準オッズ（確定オッズではない）,https://jrdb.com/member/n_live_20260830_01262410.html,PASS_UI_RACE_SELECTOR_BASE_ODDS
2026-08-30,札幌,10,202601020410,01262410,14:50,10R 芝1200 ＨＢＣ賞 2勝クラス 14:50,4,ルージュベルベット,13.7,3.3,JRDB基準オッズ（確定オッズではない）,https://jrdb.com/member/n_live_20260830_01262410.html,PASS_UI_RACE_SELECTOR_BASE_ODDS
2026-08-30,札幌,10,202601020410,01262410,14:50,10R 芝1200 ＨＢＣ賞 2勝クラス 14:50,5,スイミーユニバンス,22.1,4.8,JRDB基準オッズ（確定オッズではない）,https://jrdb.com/member/n_live_20260830_01262410.html,PASS_UI_RACE_SELECTOR_BASE_ODDS
2026-08-30,札幌,10,202601020410,01262410,14:50,10R 芝1200 ＨＢＣ賞 2勝クラス 14:50,6,コックオーヴァン,55.3,10.8,JRDB基準オッズ（確定オッズではない）,https://jrdb.com/member/n_live_20260830_01262410.html,PASS_UI_RACE_SELECTOR_BASE_ODDS
2026-08-30,札幌,10,202601020410,01262410,14:50,10R 芝1200 ＨＢＣ賞 2勝クラス 14:50,7,セイウンデセオ,8.6,2.5,JRDB基準オッズ（確定オッズではない）,https://jrdb.com/member/n_live_20260830_01262410.html,PASS_UI_RACE_SELECTOR_BASE_ODDS
2026-08-30,札幌,10,202601020410,01262410,14:50,10R 芝1200 ＨＢＣ賞 2勝クラス 14:50,8,ムチャスグラシアス,78.8,15.1,JRDB基準オッズ（確定オッズではない）,https://jrdb.com/member/n_live_20260830_01262410.html,PASS_UI_RACE_SELECTOR_BASE_ODDS
2026-08-30,札幌,10,202601020410,01262410,14:50,10R 芝1200 ＨＢＣ賞 2勝クラス 14:50,9,プレセピオ,11.8,2.9,JRDB基準オッズ（確定オッズではない）,https://jrdb.com/member/n_live_20260830_01262410.html,PASS_UI_RACE_SELECTOR_BASE_ODDS
2026-08-30,札幌,10,202601020410,01262410,14:50,10R 芝1200 ＨＢＣ賞 2勝クラス 14:50,10,ララバニュルス,14.9,3.5,JRDB基準オッズ（確定オッズではない）,https://jrdb.com/member/n_live_20260830_01262410.html,PASS_UI_RACE_SELECTOR_BASE_ODDS
2026-08-30,札幌,10,202601020410,01262410,14:50,10R 芝1200 ＨＢＣ賞 2勝クラス 14:50,11,ファビュラススター,26.6,5.7,JRDB基準オッズ（確定オッズではない）,https://jrdb.com/member/n_live_20260830_01262410.html,PASS_UI_RACE_SELECTOR_BASE_ODDS
2026-08-30,札幌,10,202601020410,01262410,14:50,10R 芝1200 ＨＢＣ賞 2勝クラス 14:50,12,デンプシー,3.3,1.5,JRDB基準オッズ（確定オッズではない）,https://jrdb.com/member/n_live_20260830_01262410.html,PASS_UI_RACE_SELECTOR_BASE_ODDS
2026-08-30,札幌,10,202601020410,01262410,14:50,10R 芝1200 ＨＢＣ賞 2勝クラス 14:50,13,フミサウンド,34.8,7.2,JRDB基準オッズ（確定オッズではない）,https://jrdb.com/member/n_live_20260830_01262410.html,PASS_UI_RACE_SELECTOR_BASE_ODDS
2026-08-30,札幌,10,202601020410,01262410,14:50,10R 芝1200 ＨＢＣ賞 2勝クラス 14:50,14,ホウオウブースター,63.5,12.3,JRDB基準オッズ（確定オッズではない）,https://jrdb.com/member/n_live_20260830_01262410.html,PASS_UI_RACE_SELECTOR_BASE_ODDS
2026-08-30,札幌,10,202601020410,01262410,14:50,10R 芝1200 ＨＢＣ賞 2勝クラス 14:50,15,シーグルロス,9.1,2.6,JRDB基準オッズ（確定オッズではない）,https://jrdb.com/member/n_live_20260830_01262410.html,PASS_UI_RACE_SELECTOR_BASE_ODDS
2026-08-30,札幌,10,202601020410,01262410,14:50,10R 芝1200 ＨＢＣ賞 2勝クラス 14:50,16,サトノワーグナー,4,1.7,JRDB基準オッズ（確定オッズではない）,https://jrdb.com/member/n_live_20260830_01262410.html,PASS_UI_RACE_SELECTOR_BASE_ODDS
2026-08-30,札幌,11,202601020411,01262411,15:25,11R 芝1500 日高ステークス 3勝クラス WIN5 15:25,1,アンビバレント,23.4,5.7,JRDB基準オッズ（確定オッズではない）,https://jrdb.com/member/n_live_20260830_01262411.html,PASS_UI_RACE_SELECTOR_BASE_ODDS
2026-08-30,札幌,11,202601020411,01262411,15:25,11R 芝1500 日高ステークス 3勝クラス WIN5 15:25,2,ワタシマツワ,26.3,6.3,JRDB基準オッズ（確定オッズではない）,https://jrdb.com/member/n_live_20260830_01262411.html,PASS_UI_RACE_SELECTOR_BASE_ODDS
2026-08-30,札幌,11,202601020411,01262411,15:25,11R 芝1500 日高ステークス 3勝クラス WIN5 15:25,3,マジックローズ,8.8,2.8,JRDB基準オッズ（確定オッズではない）,https://jrdb.com/member/n_live_20260830_01262411.html,PASS_UI_RACE_SELECTOR_BASE_ODDS
2026-08-30,札幌,11,202601020411,01262411,15:25,11R 芝1500 日高ステークス 3勝クラス WIN5 15:25,4,エフォートレス,8.7,2.8,JRDB基準オッズ（確定オッズではない）,https://jrdb.com/member/n_live_20260830_01262411.html,PASS_UI_RACE_SELECTOR_BASE_ODDS
2026-08-30,札幌,11,202601020411,01262411,15:25,11R 芝1500 日高ステークス 3勝クラス WIN5 15:25,5,リゾートアイランド,12,3.3,JRDB基準オッズ（確定オッズではない）,https://jrdb.com/member/n_live_20260830_01262411.html,PASS_UI_RACE_SELECTOR_BASE_ODDS
2026-08-30,札幌,11,202601020411,01262411,15:25,11R 芝1500 日高ステークス 3勝クラス WIN5 15:25,6,エマヌエーレ,14.4,3.8,JRDB基準オッズ（確定オッズではない）,https://jrdb.com/member/n_live_20260830_01262411.html,PASS_UI_RACE_SELECTOR_BASE_ODDS
2026-08-30,札幌,11,202601020411,01262411,15:25,11R 芝1500 日高ステークス 3勝クラス WIN5 15:25,7,サクセスアイ,50.3,11.5,JRDB基準オッズ（確定オッズではない）,https://jrdb.com/member/n_live_20260830_01262411.html,PASS_UI_RACE_SELECTOR_BASE_ODDS
2026-08-30,札幌,11,202601020411,01262411,15:25,11R 芝1500 日高ステークス 3勝クラス WIN5 15:25,8,トラペジスト,27.1,6.5,JRDB基準オッズ（確定オッズではない）,https://jrdb.com/member/n_live_20260830_01262411.html,PASS_UI_RACE_SELECTOR_BASE_ODDS
2026-08-30,札幌,11,202601020411,01262411,15:25,11R 芝1500 日高ステークス 3勝クラス WIN5 15:25,9,ダノンミッション,4.1,1.7,JRDB基準オッズ（確定オッズではない）,https://jrdb.com/member/n_live_20260830_01262411.html,PASS_UI_RACE_SELECTOR_BASE_ODDS
2026-08-30,札幌,11,202601020411,01262411,15:25,11R 芝1500 日高ステークス 3勝クラス WIN5 15:25,10,エルマーゴ,5.3,2,JRDB基準オッズ（確定オッズではない）,https://jrdb.com/member/n_live_20260830_01262411.html,PASS_UI_RACE_SELECTOR_BASE_ODDS
2026-08-30,札幌,11,202601020411,01262411,15:25,11R 芝1500 日高ステークス 3勝クラス WIN5 15:25,11,サンタアニタ,21.8,5.4,JRDB基準オッズ（確定オッズではない）,https://jrdb.com/member/n_live_20260830_01262411.html,PASS_UI_RACE_SELECTOR_BASE_ODDS
2026-08-30,札幌,11,202601020411,01262411,15:25,11R 芝1500 日高ステークス 3勝クラス WIN5 15:25,12,パワーホール,25.3,6.1,JRDB基準オッズ（確定オッズではない）,https://jrdb.com/member/n_live_20260830_01262411.html,PASS_UI_RACE_SELECTOR_BASE_ODDS
2026-08-30,札幌,11,202601020411,01262411,15:25,11R 芝1500 日高ステークス 3勝クラス WIN5 15:25,13,モンドデラモーレ,5.4,2,JRDB基準オッズ（確定オッズではない）,https://jrdb.com/member/n_live_20260830_01262411.html,PASS_UI_RACE_SELECTOR_BASE_ODDS
2026-08-30,札幌,11,202601020411,01262411,15:25,11R 芝1500 日高ステークス 3勝クラス WIN5 15:25,14,マテンロウサン,7.2,2.4,JRDB基準オッズ（確定オッズではない）,https://jrdb.com/member/n_live_20260830_01262411.html,PASS_UI_RACE_SELECTOR_BASE_ODDS
2026-08-30,札幌,12,202601020412,01262412,16:00,12R 芝2600 北辰特別 1勝クラス 16:00,1,ノリマル,5.9,1.9,JRDB基準オッズ（確定オッズではない）,https://jrdb.com/member/n_live_20260830_01262412.html,PASS_UI_RACE_SELECTOR_BASE_ODDS
2026-08-30,札幌,12,202601020412,01262412,16:00,12R 芝2600 北辰特別 1勝クラス 16:00,2,ハバタクジユウニ,42.2,8.5,JRDB基準オッズ（確定オッズではない）,https://jrdb.com/member/n_live_20260830_01262412.html,PASS_UI_RACE_SELECTOR_BASE_ODDS
2026-08-30,札幌,12,202601020412,01262412,16:00,12R 芝2600 北辰特別 1勝クラス 16:00,3,モルビド,15.3,3.5,JRDB基準オッズ（確定オッズではない）,https://jrdb.com/member/n_live_20260830_01262412.html,PASS_UI_RACE_SELECTOR_BASE_ODDS
2026-08-30,札幌,12,202601020412,01262412,16:00,12R 芝2600 北辰特別 1勝クラス 16:00,4,クオンタムスター,2.6,1.4,JRDB基準オッズ（確定オッズではない）,https://jrdb.com/member/n_live_20260830_01262412.html,PASS_UI_RACE_SELECTOR_BASE_ODDS
2026-08-30,札幌,12,202601020412,01262412,16:00,12R 芝2600 北辰特別 1勝クラス 16:00,5,ディーリライズ,13.2,3.1,JRDB基準オッズ（確定オッズではない）,https://jrdb.com/member/n_live_20260830_01262412.html,PASS_UI_RACE_SELECTOR_BASE_ODDS
2026-08-30,札幌,12,202601020412,01262412,16:00,12R 芝2600 北辰特別 1勝クラス 16:00,6,ミッドタウンナイト,36.5,7.4,JRDB基準オッズ（確定オッズではない）,https://jrdb.com/member/n_live_20260830_01262412.html,PASS_UI_RACE_SELECTOR_BASE_ODDS
2026-08-30,札幌,12,202601020412,01262412,16:00,12R 芝2600 北辰特別 1勝クラス 16:00,7,ニューアライブ,51.1,10.1,JRDB基準オッズ（確定オッズではない）,https://jrdb.com/member/n_live_20260830_01262412.html,PASS_UI_RACE_SELECTOR_BASE_ODDS
2026-08-30,札幌,12,202601020412,01262412,16:00,12R 芝2600 北辰特別 1勝クラス 16:00,8,タビニュ,38,7.7,JRDB基準オッズ（確定オッズではない）,https://jrdb.com/member/n_live_20260830_01262412.html,PASS_UI_RACE_SELECTOR_BASE_ODDS
2026-08-30,札幌,12,202601020412,01262412,16:00,12R 芝2600 北辰特別 1勝クラス 16:00,9,シーンオブドリーム,71,13.4,JRDB基準オッズ（確定オッズではない）,https://jrdb.com/member/n_live_20260830_01262412.html,PASS_UI_RACE_SELECTOR_BASE_ODDS
2026-08-30,札幌,12,202601020412,01262412,16:00,12R 芝2600 北辰特別 1勝クラス 16:00,10,ワンダフルデイズ,5.6,1.8,JRDB基準オッズ（確定オッズではない）,https://jrdb.com/member/n_live_20260830_01262412.html,PASS_UI_RACE_SELECTOR_BASE_ODDS
2026-08-30,札幌,12,202601020412,01262412,16:00,12R 芝2600 北辰特別 1勝クラス 16:00,11,ディベルティスマン,12.1,2.9,JRDB基準オッズ（確定オッズではない）,https://jrdb.com/member/n_live_20260830_01262412.html,PASS_UI_RACE_SELECTOR_BASE_ODDS
2026-08-30,札幌,12,202601020412,01262412,16:00,12R 芝2600 北辰特別 1勝クラス 16:00,12,テイクザクラウン,24.5,5.2,JRDB基準オッズ（確定オッズではない）,https://jrdb.com/member/n_live_20260830_01262412.html,PASS_UI_RACE_SELECTOR_BASE_ODDS
2026-08-30,札幌,12,202601020412,01262412,16:00,12R 芝2600 北辰特別 1勝クラス 16:00,13,タケルフォーカス,7,2.1,JRDB基準オッズ（確定オッズではない）,https://jrdb.com/member/n_live_20260830_01262412.html,PASS_UI_RACE_SELECTOR_BASE_ODDS
2026-08-30,札幌,12,202601020412,01262412,16:00,12R 芝2600 北辰特別 1勝クラス 16:00,14,ドンテスタマスター,10.7,2.7,JRDB基準オッズ（確定オッズではない）,https://jrdb.com/member/n_live_20260830_01262412.html,PASS_UI_RACE_SELECTOR_BASE_ODDS
