日付,開催場,R,race_id,racekey,発走,番組表示,馬番,馬名,馬トク指数,IDM,激走指数,激印,激走要因1,激走要因2,激走要因3,基準単オッズ,基準人気,馬体重,増減,波乱度,1番人気信頼度,1番人気妙味度,source_url,source_status
2026-08-30,新潟,2,202604030402,04263402,10:15,2R ダ1800 ２歳新馬 10:15,1,ゴールドバーニング,47,16.2,45.88,0,,,,25.9,8,,,B,D,A,https://umatoku.hochi.co.jp/data/race/04263402/previous,PASS_EMBEDDED_JSON
2026-08-30,新潟,2,202604030402,04263402,10:15,2R ダ1800 ２歳新馬 10:15,2,ゴルトシェーン,47,17.2,49.3,2,,,,19.3,6,,,B,D,A,https://umatoku.hochi.co.jp/data/race/04263402/previous,PASS_EMBEDDED_JSON
2026-08-30,新潟,2,202604030402,04263402,10:15,2R ダ1800 ２歳新馬 10:15,3,ウラノグラフィア,70.6,35.5,55.48,0,,,,2.8,2,,,B,D,A,https://umatoku.hochi.co.jp/data/race/04263402/previous,PASS_EMBEDDED_JSON
2026-08-30,新潟,2,202604030402,04263402,10:15,2R ダ1800 ２歳新馬 10:15,4,マイトレーヤー,47,17.3,44.67,0,,,,16.2,5,,,B,D,A,https://umatoku.hochi.co.jp/data/race/04263402/previous,PASS_EMBEDDED_JSON
2026-08-30,新潟,2,202604030402,04263402,10:15,2R ダ1800 ２歳新馬 10:15,5,ミシェルバローズ,66.3,31.6,54.56,0,,,,4.9,3,,,B,D,A,https://umatoku.hochi.co.jp/data/race/04263402/previous,PASS_EMBEDDED_JSON
2026-08-30,新潟,2,202604030402,04263402,10:15,2R ダ1800 ２歳新馬 10:15,6,ニシノマキロイ,44,13.1,43.56,0,,,,20.4,7,,,B,D,A,https://umatoku.hochi.co.jp/data/race/04263402/previous,PASS_EMBEDDED_JSON
2026-08-30,新潟,2,202604030402,04263402,10:15,2R ダ1800 ２歳新馬 10:15,7,ピーエムリンダ,40,10,41.69,0,,,,29.1,9,,,B,D,A,https://umatoku.hochi.co.jp/data/race/04263402/previous,PASS_EMBEDDED_JSON
2026-08-30,新潟,2,202604030402,04263402,10:15,2R ダ1800 ２歳新馬 10:15,8,ウィザードシチー,42,10.1,44.05,0,,,,30.1,10,,,B,D,A,https://umatoku.hochi.co.jp/data/race/04263402/previous,PASS_EMBEDDED_JSON
2026-08-30,新潟,2,202604030402,04263402,10:15,2R ダ1800 ２歳新馬 10:15,9,レッドマウロア,59.6,38.4,57.89,1,,,,2.7,1,,,B,D,A,https://umatoku.hochi.co.jp/data/race/04263402/previous,PASS_EMBEDDED_JSON
2026-08-30,新潟,2,202604030402,04263402,10:15,2R ダ1800 ２歳新馬 10:15,10,スタレネルヴェント,41,10.2,44.66,0,,,,51.5,13,,,B,D,A,https://umatoku.hochi.co.jp/data/race/04263402/previous,PASS_EMBEDDED_JSON
2026-08-30,新潟,2,202604030402,04263402,10:15,2R ダ1800 ２歳新馬 10:15,11,ギガントシュラーク,40,10,38.5,0,,,,44.3,12,,,B,D,A,https://umatoku.hochi.co.jp/data/race/04263402/previous,PASS_EMBEDDED_JSON
2026-08-30,新潟,2,202604030402,04263402,10:15,2R ダ1800 ２歳新馬 10:15,12,エコロゲラン,51,21,45.7,0,,,,31.1,11,,,B,D,A,https://umatoku.hochi.co.jp/data/race/04263402/previous,PASS_EMBEDDED_JSON
2026-08-30,新潟,2,202604030402,04263402,10:15,2R ダ1800 ２歳新馬 10:15,13,タイセイリッター,56.1,24.1,49.24,3,,,,16.2,4,,,B,D,A,https://umatoku.hochi.co.jp/data/race/04263402/previous,PASS_EMBEDDED_JSON
2026-08-30,新潟,3,202604030403,04263403,10:45,3R 芝2000 ２歳未勝利 10:45,1,ケイジャーダ,46,22,45.26,0,,,,16.1,6,,,B,C,A,https://umatoku.hochi.co.jp/data/race/04263403/previous,PASS_EMBEDDED_JSON
2026-08-30,新潟,3,202604030403,04263403,10:45,3R 芝2000 ２歳未勝利 10:45,2,ニシノリリックス,45,23,44.25,0,,,,22.1,7,,,B,C,A,https://umatoku.hochi.co.jp/data/race/04263403/previous,PASS_EMBEDDED_JSON
2026-08-30,新潟,3,202604030403,04263403,10:45,3R 芝2000 ２歳未勝利 10:45,3,イカルステソーロ,54.5,27.1,49.7,0,,,,2.9,2,,,B,C,A,https://umatoku.hochi.co.jp/data/race/04263403/previous,PASS_EMBEDDED_JSON
2026-08-30,新潟,3,202604030403,04263403,10:45,3R 芝2000 ２歳未勝利 10:45,4,タイセイソアリング,58.4,30,52.97,0,,,,3.9,3,,,B,C,A,https://umatoku.hochi.co.jp/data/race/04263403/previous,PASS_EMBEDDED_JSON
2026-08-30,新潟,3,202604030403,04263403,10:45,3R 芝2000 ２歳未勝利 10:45,5,エクスマキナ,63.5,33,52.63,0,,,,2.8,1,,,B,C,A,https://umatoku.hochi.co.jp/data/race/04263403/previous,PASS_EMBEDDED_JSON
2026-08-30,新潟,3,202604030403,04263403,10:45,3R 芝2000 ２歳未勝利 10:45,6,ウイニングレイ,53.2,25,48.9,3,,,,5.1,4,,,B,C,A,https://umatoku.hochi.co.jp/data/race/04263403/previous,PASS_EMBEDDED_JSON
2026-08-30,新潟,3,202604030403,04263403,10:45,3R 芝2000 ２歳未勝利 10:45,7,ハンデンブレイズ,51.1,27,49.5,2,,,,12,5,,,B,C,A,https://umatoku.hochi.co.jp/data/race/04263403/previous,PASS_EMBEDDED_JSON
2026-08-30,新潟,3,202604030403,04263403,10:45,3R 芝2000 ２歳未勝利 10:45,8,ルークスイテルム,30,10,38.17,0,,,,38.1,8,,,B,C,A,https://umatoku.hochi.co.jp/data/race/04263403/previous,PASS_EMBEDDED_JSON
2026-08-30,新潟,4,202604030404,04263404,11:15,4R 芝1800 ２歳新馬(無料開放レース) 11:15,1,ヒズストーリー,42,20,42.5,0,,,,23.7,8,,,C,AA,S,https://umatoku.hochi.co.jp/data/race/04263404/previous,PASS_EMBEDDED_JSON
2026-08-30,新潟,4,202604030404,04263404,11:15,4R 芝1800 ２歳新馬(無料開放レース) 11:15,2,チェスティーノ,76.6,43.5,56.51,5,,,,2.5,1,,,C,AA,S,https://umatoku.hochi.co.jp/data/race/04263404/previous,PASS_EMBEDDED_JSON
2026-08-30,新潟,4,202604030404,04263404,11:15,4R 芝1800 ２歳新馬(無料開放レース) 11:15,3,ガヤーズサムライ,46,23.6,44.27,0,,,,15.9,6,,,C,AA,S,https://umatoku.hochi.co.jp/data/race/04263404/previous,PASS_EMBEDDED_JSON
2026-08-30,新潟,4,202604030404,04263404,11:15,4R 芝1800 ２歳新馬(無料開放レース) 11:15,4,キャッチアップ,44,21.5,42.45,0,,,,42.2,10,,,C,AA,S,https://umatoku.hochi.co.jp/data/race/04263404/previous,PASS_EMBEDDED_JSON
2026-08-30,新潟,4,202604030404,04263404,11:15,4R 芝1800 ２歳新馬(無料開放レース) 11:15,5,オオルリ,43,20,39.71,0,,,,46.6,11,,,C,AA,S,https://umatoku.hochi.co.jp/data/race/04263404/previous,PASS_EMBEDDED_JSON
2026-08-30,新潟,4,202604030404,04263404,11:15,4R 芝1800 ２歳新馬(無料開放レース) 11:15,6,ペントザリス,53.3,37.2,50.55,0,,,,4.8,2,,,C,AA,S,https://umatoku.hochi.co.jp/data/race/04263404/previous,PASS_EMBEDDED_JSON
2026-08-30,新潟,4,202604030404,04263404,11:15,4R 芝1800 ２歳新馬(無料開放レース) 11:15,7,マイネルウルカヌス,43,20,40.2,0,,,,16.1,7,,,C,AA,S,https://umatoku.hochi.co.jp/data/race/04263404/previous,PASS_EMBEDDED_JSON
2026-08-30,新潟,4,202604030404,04263404,11:15,4R 芝1800 ２歳新馬(無料開放レース) 11:15,8,ダディーズレガリア,53.3,36.4,50.59,0,,,,4.9,3,,,C,AA,S,https://umatoku.hochi.co.jp/data/race/04263404/previous,PASS_EMBEDDED_JSON
2026-08-30,新潟,4,202604030404,04263404,11:15,4R 芝1800 ２歳新馬(無料開放レース) 11:15,9,テキサス,56.3,43.2,55.29,2,,,,5.3,4,,,C,AA,S,https://umatoku.hochi.co.jp/data/race/04263404/previous,PASS_EMBEDDED_JSON
2026-08-30,新潟,4,202604030404,04263404,11:15,4R 芝1800 ２歳新馬(無料開放レース) 11:15,10,リアスハート,53.2,35.2,51.44,3,,,,7.9,5,,,C,AA,S,https://umatoku.hochi.co.jp/data/race/04263404/previous,PASS_EMBEDDED_JSON
2026-08-30,新潟,4,202604030404,04263404,11:15,4R 芝1800 ２歳新馬(無料開放レース) 11:15,11,ライヴテキーラ,42,20,42.93,0,,,,41.9,9,,,C,AA,S,https://umatoku.hochi.co.jp/data/race/04263404/previous,PASS_EMBEDDED_JSON
2026-08-30,新潟,5,202604030405,04263405,11:45,5R 芝1400 ３歳未勝利 11:45,1,セリエンクーニゲン,59.4,40,56.03,0,,,,3.8,2,,,S,D,A,https://umatoku.hochi.co.jp/data/race/04263405/previous,PASS_EMBEDDED_JSON
2026-08-30,新潟,5,202604030405,04263405,11:45,5R 芝1400 ３歳未勝利 11:45,2,チョコブラウニー,33,13,34.15,0,,,,186,18,,,S,D,A,https://umatoku.hochi.co.jp/data/race/04263405/previous,PASS_EMBEDDED_JSON
2026-08-30,新潟,5,202604030405,04263405,11:45,5R 芝1400 ３歳未勝利 11:45,3,ゴッドレイ,56.1,39.3,55.2,3,,,,14.6,6,,,S,D,A,https://umatoku.hochi.co.jp/data/race/04263405/previous,PASS_EMBEDDED_JSON
2026-08-30,新潟,5,202604030405,04263405,11:45,5R 芝1400 ３歳未勝利 11:45,4,ステキサプライズ,59,49,51.02,1,,,,66.7,16,,,S,D,A,https://umatoku.hochi.co.jp/data/race/04263405/previous,PASS_EMBEDDED_JSON
2026-08-30,新潟,5,202604030405,04263405,11:45,5R 芝1400 ３歳未勝利 11:45,5,エナノムスメ,42,25.2,48.93,0,,,,60.2,14,,,S,D,A,https://umatoku.hochi.co.jp/data/race/04263405/previous,PASS_EMBEDDED_JSON
2026-08-30,新潟,5,202604030405,04263405,11:45,5R 芝1400 ３歳未勝利 11:45,6,ラウンドヒル,54,40.1,53.13,0,,,,19.9,7,,,S,D,A,https://umatoku.hochi.co.jp/data/race/04263405/previous,PASS_EMBEDDED_JSON
2026-08-30,新潟,5,202604030405,04263405,11:45,5R 芝1400 ３歳未勝利 11:45,7,エフティヴェント,50,34,45.22,0,,,,106.6,17,,,S,D,A,https://umatoku.hochi.co.jp/data/race/04263405/previous,PASS_EMBEDDED_JSON
2026-08-30,新潟,5,202604030405,04263405,11:45,5R 芝1400 ３歳未勝利 11:45,8,カラーオブサクセス,46,31,48.88,0,,,,33.6,9,,,S,D,A,https://umatoku.hochi.co.jp/data/race/04263405/previous,PASS_EMBEDDED_JSON
2026-08-30,新潟,5,202604030405,04263405,11:45,5R 芝1400 ３歳未勝利 11:45,9,アリアス,54.1,37,53.62,4,,,,11.8,5,,,S,D,A,https://umatoku.hochi.co.jp/data/race/04263405/previous,PASS_EMBEDDED_JSON
2026-08-30,新潟,5,202604030405,04263405,11:45,5R 芝1400 ３歳未勝利 11:45,10,ソルティアーラ,34,15,39.89,0,,,,45.1,12,,,S,D,A,https://umatoku.hochi.co.jp/data/race/04263405/previous,PASS_EMBEDDED_JSON
2026-08-30,新潟,5,202604030405,04263405,11:45,5R 芝1400 ３歳未勝利 11:45,11,オンナキュヌヴィ,57.5,39,53.38,0,,,,3.4,1,,,S,D,A,https://umatoku.hochi.co.jp/data/race/04263405/previous,PASS_EMBEDDED_JSON
2026-08-30,新潟,5,202604030405,04263405,11:45,5R 芝1400 ３歳未勝利 11:45,12,ネオアンボウ,44,27,43.98,0,,,,66,15,,,S,D,A,https://umatoku.hochi.co.jp/data/race/04263405/previous,PASS_EMBEDDED_JSON
2026-08-30,新潟,5,202604030405,04263405,11:45,5R 芝1400 ３歳未勝利 11:45,13,ウインテラジーナ,58.3,42,56.34,0,,,,5.1,3,,,S,D,A,https://umatoku.hochi.co.jp/data/race/04263405/previous,PASS_EMBEDDED_JSON
2026-08-30,新潟,5,202604030405,04263405,11:45,5R 芝1400 ３歳未勝利 11:45,14,ワインレッドハート,29,10,30.49,0,,,,57.1,13,,,S,D,A,https://umatoku.hochi.co.jp/data/race/04263405/previous,PASS_EMBEDDED_JSON
2026-08-30,新潟,5,202604030405,04263405,11:45,5R 芝1400 ３歳未勝利 11:45,15,ルディドゥゲンジ,54,39.2,50.16,0,,,,39,10,,,S,D,A,https://umatoku.hochi.co.jp/data/race/04263405/previous,PASS_EMBEDDED_JSON
2026-08-30,新潟,5,202604030405,04263405,11:45,5R 芝1400 ３歳未勝利 11:45,16,ペルウィクトール,65.3,40.7,55.76,2,,,,5.4,4,,,S,D,A,https://umatoku.hochi.co.jp/data/race/04263405/previous,PASS_EMBEDDED_JSON
2026-08-30,新潟,5,202604030405,04263405,11:45,5R 芝1400 ３歳未勝利 11:45,17,エイシンイクサボシ,53,39,52.37,0,,,,32,8,,,S,D,A,https://umatoku.hochi.co.jp/data/race/04263405/previous,PASS_EMBEDDED_JSON
2026-08-30,新潟,5,202604030405,04263405,11:45,5R 芝1400 ３歳未勝利 11:45,18,ミクロスギガース,53,39.1,52.97,0,,,,39.1,11,,,S,D,A,https://umatoku.hochi.co.jp/data/race/04263405/previous,PASS_EMBEDDED_JSON
2026-08-30,新潟,6,202604030406,04263406,14:35,6R ダ1800 両津湾特別 2勝クラス 14:35,1,ピコシー,51,52,51.07,0,,,,21.6,8,,,B,B,AA,https://umatoku.hochi.co.jp/data/race/04263406/previous,PASS_EMBEDDED_JSON
2026-08-30,新潟,6,202604030406,04263406,14:35,6R ダ1800 両津湾特別 2勝クラス 14:35,2,ビービーアジャイル,61.6,55.9,57.47,0,,,,2.5,1,,,B,B,AA,https://umatoku.hochi.co.jp/data/race/04263406/previous,PASS_EMBEDDED_JSON
2026-08-30,新潟,6,202604030406,04263406,14:35,6R ダ1800 両津湾特別 2勝クラス 14:35,3,オクトーバーナイン,68.4,58,53.24,0,,,,4.5,2,,,B,B,AA,https://umatoku.hochi.co.jp/data/race/04263406/previous,PASS_EMBEDDED_JSON
2026-08-30,新潟,6,202604030406,04263406,14:35,6R ダ1800 両津湾特別 2勝クラス 14:35,4,ニシノケンタマン,58.2,56,53.15,3,,,,8.6,4,,,B,B,AA,https://umatoku.hochi.co.jp/data/race/04263406/previous,PASS_EMBEDDED_JSON
2026-08-30,新潟,6,202604030406,04263406,14:35,6R ダ1800 両津湾特別 2勝クラス 14:35,5,コパノエビータ,39,43,42.17,0,,,,93.4,14,,,B,B,AA,https://umatoku.hochi.co.jp/data/race/04263406/previous,PASS_EMBEDDED_JSON
2026-08-30,新潟,6,202604030406,04263406,14:35,6R ダ1800 両津湾特別 2勝クラス 14:35,6,アルベリック,44,46,50.42,0,,,,33.7,9,,,B,B,AA,https://umatoku.hochi.co.jp/data/race/04263406/previous,PASS_EMBEDDED_JSON
2026-08-30,新潟,6,202604030406,04263406,14:35,6R ダ1800 両津湾特別 2勝クラス 14:35,7,トゥーザムーン,49.1,50,51.09,0,,,,11.1,5,,,B,B,AA,https://umatoku.hochi.co.jp/data/race/04263406/previous,PASS_EMBEDDED_JSON
2026-08-30,新潟,6,202604030406,04263406,14:35,6R ダ1800 両津湾特別 2勝クラス 14:35,8,スターシップ,63.3,57,52.6,0,,,,5.1,3,,,B,B,AA,https://umatoku.hochi.co.jp/data/race/04263406/previous,PASS_EMBEDDED_JSON
2026-08-30,新潟,6,202604030406,04263406,14:35,6R ダ1800 両津湾特別 2勝クラス 14:35,9,ヴァイヴァーイ,51.1,51.9,51.69,4,,,,13.5,7,,,B,B,AA,https://umatoku.hochi.co.jp/data/race/04263406/previous,PASS_EMBEDDED_JSON
2026-08-30,新潟,6,202604030406,04263406,14:35,6R ダ1800 両津湾特別 2勝クラス 14:35,10,フラッシング,44,46,49.11,0,,,,60.4,12,,,B,B,AA,https://umatoku.hochi.co.jp/data/race/04263406/previous,PASS_EMBEDDED_JSON
2026-08-30,新潟,6,202604030406,04263406,14:35,6R ダ1800 両津湾特別 2勝クラス 14:35,11,ジェーケーボンバー,39,40,37.44,0,,,,126,15,,,B,B,AA,https://umatoku.hochi.co.jp/data/race/04263406/previous,PASS_EMBEDDED_JSON
2026-08-30,新潟,6,202604030406,04263406,14:35,6R ダ1800 両津湾特別 2勝クラス 14:35,12,マハナ,39,43,43.25,0,,,,65,13,,,B,B,AA,https://umatoku.hochi.co.jp/data/race/04263406/previous,PASS_EMBEDDED_JSON
2026-08-30,新潟,6,202604030406,04263406,14:35,6R ダ1800 両津湾特別 2勝クラス 14:35,13,クロドラバール,39,43,43.45,0,,,,39.9,10,,,B,B,AA,https://umatoku.hochi.co.jp/data/race/04263406/previous,PASS_EMBEDDED_JSON
2026-08-30,新潟,6,202604030406,04263406,14:35,6R ダ1800 両津湾特別 2勝クラス 14:35,14,コスモコンフェルマ,61.1,59,54.65,2,,,,12.9,6,,,B,B,AA,https://umatoku.hochi.co.jp/data/race/04263406/previous,PASS_EMBEDDED_JSON
2026-08-30,新潟,6,202604030406,04263406,14:35,6R ダ1800 両津湾特別 2勝クラス 14:35,15,ノルドヴェスト,43,42.9,38.08,0,,,,43.9,11,,,B,B,AA,https://umatoku.hochi.co.jp/data/race/04263406/previous,PASS_EMBEDDED_JSON
2026-08-30,新潟,7,202604030407,04263407,15:10,7R 芝2200 日本海ステークス 3勝クラス WIN5 15:10,1,シャドウメテオ,50.2,57.2,52.14,3,,,,7.6,5,,,A,C,S,https://umatoku.hochi.co.jp/data/race/04263407/previous,PASS_EMBEDDED_JSON
2026-08-30,新潟,7,202604030407,04263407,15:10,7R 芝2200 日本海ステークス 3勝クラス WIN5 15:10,2,ウインデイジー,47,57.1,50.96,0,,,,13.9,6,,,A,C,S,https://umatoku.hochi.co.jp/data/race/04263407/previous,PASS_EMBEDDED_JSON
2026-08-30,新潟,7,202604030407,04263407,15:10,7R 芝2200 日本海ステークス 3勝クラス WIN5 15:10,3,チャリングクロス,55.5,59.1,51.77,0,,,,3.3,1,,,A,C,S,https://umatoku.hochi.co.jp/data/race/04263407/previous,PASS_EMBEDDED_JSON
2026-08-30,新潟,7,202604030407,04263407,15:10,7R 芝2200 日本海ステークス 3勝クラス WIN5 15:10,4,シュバルツマサムネ,45,56,49.88,0,,,,37.4,11,,,A,C,S,https://umatoku.hochi.co.jp/data/race/04263407/previous,PASS_EMBEDDED_JSON
2026-08-30,新潟,7,202604030407,04263407,15:10,7R 芝2200 日本海ステークス 3勝クラス WIN5 15:10,5,サダムオプシス,62.3,63,54.12,0,,,,4.2,3,,,A,C,S,https://umatoku.hochi.co.jp/data/race/04263407/previous,PASS_EMBEDDED_JSON
2026-08-30,新潟,7,202604030407,04263407,15:10,7R 芝2200 日本海ステークス 3勝クラス WIN5 15:10,6,ナムラフッカー,45,57,49.52,0,,,,50.6,12,,,A,C,S,https://umatoku.hochi.co.jp/data/race/04263407/previous,PASS_EMBEDDED_JSON
2026-08-30,新潟,7,202604030407,04263407,15:10,7R 芝2200 日本海ステークス 3勝クラス WIN5 15:10,7,オストラヴァ,56.5,60.1,52.77,0,,,,4,2,,,A,C,S,https://umatoku.hochi.co.jp/data/race/04263407/previous,PASS_EMBEDDED_JSON
2026-08-30,新潟,7,202604030407,04263407,15:10,7R 芝2200 日本海ステークス 3勝クラス WIN5 15:10,8,ベンサレム,30,49.7,46.7,0,,,,20.6,7,,,A,C,S,https://umatoku.hochi.co.jp/data/race/04263407/previous,PASS_EMBEDDED_JSON
2026-08-30,新潟,7,202604030407,04263407,15:10,7R 芝2200 日本海ステークス 3勝クラス WIN5 15:10,9,タイセイフェリーク,40,54.1,47.85,0,,,,31.7,8,,,A,C,S,https://umatoku.hochi.co.jp/data/race/04263407/previous,PASS_EMBEDDED_JSON
2026-08-30,新潟,7,202604030407,04263407,15:10,7R 芝2200 日本海ステークス 3勝クラス WIN5 15:10,10,サトノパトリオット,69.3,65,56.11,2,,,,5.3,4,,,A,C,S,https://umatoku.hochi.co.jp/data/race/04263407/previous,PASS_EMBEDDED_JSON
2026-08-30,新潟,7,202604030407,04263407,15:10,7R 芝2200 日本海ステークス 3勝クラス WIN5 15:10,11,リンフレスカンテ,49,57.3,45.4,0,,,,33.9,10,,,A,C,S,https://umatoku.hochi.co.jp/data/race/04263407/previous,PASS_EMBEDDED_JSON
2026-08-30,新潟,7,202604030407,04263407,15:10,7R 芝2200 日本海ステークス 3勝クラス WIN5 15:10,12,クリニクラウン,50,59,49.97,0,,,,33.8,9,,,A,C,S,https://umatoku.hochi.co.jp/data/race/04263407/previous,PASS_EMBEDDED_JSON
2026-08-30,新潟,8,202604030408,04263408,15:45,8R 芝2000 新潟記念・Ｇ３ WIN5 15:45,1,ボーンディスウェイ,47,65,45.1,0,,,,32,11,,,C,AA,S,https://umatoku.hochi.co.jp/data/race/04263408/previous,PASS_EMBEDDED_JSON
2026-08-30,新潟,8,202604030408,04263408,15:45,8R 芝2000 新潟記念・Ｇ３ WIN5 15:45,2,サヴォーナ,47,64,51.15,2,,,,15.7,8,,,C,AA,S,https://umatoku.hochi.co.jp/data/race/04263408/previous,PASS_EMBEDDED_JSON
2026-08-30,新潟,8,202604030408,04263408,15:45,8R 芝2000 新潟記念・Ｇ３ WIN5 15:45,3,ロデオドライブ,70.3,70,53.88,0,,,,3.9,2,,,C,AA,S,https://umatoku.hochi.co.jp/data/race/04263408/previous,PASS_EMBEDDED_JSON
2026-08-30,新潟,8,202604030408,04263408,15:45,8R 芝2000 新潟記念・Ｇ３ WIN5 15:45,4,ドゥレッツァ,46.1,63.6,51.02,3,,,,8.8,4,,,C,AA,S,https://umatoku.hochi.co.jp/data/race/04263408/previous,PASS_EMBEDDED_JSON
2026-08-30,新潟,8,202604030408,04263408,15:45,8R 芝2000 新潟記念・Ｇ３ WIN5 15:45,5,ゾロアストロ,58.4,63.9,49.04,0,,,,5,3,,,C,AA,S,https://umatoku.hochi.co.jp/data/race/04263408/previous,PASS_EMBEDDED_JSON
2026-08-30,新潟,8,202604030408,04263408,15:45,8R 芝2000 新潟記念・Ｇ３ WIN5 15:45,6,チェルヴィニア,45.1,63.3,48.67,0,,,,14.6,7,,,C,AA,S,https://umatoku.hochi.co.jp/data/race/04263408/previous,PASS_EMBEDDED_JSON
2026-08-30,新潟,8,202604030408,04263408,15:45,8R 芝2000 新潟記念・Ｇ３ WIN5 15:45,7,ジュンブロッサム,41,61,41.41,0,,,,26.9,10,,,C,AA,S,https://umatoku.hochi.co.jp/data/race/04263408/previous,PASS_EMBEDDED_JSON
2026-08-30,新潟,8,202604030408,04263408,15:45,8R 芝2000 新潟記念・Ｇ３ WIN5 15:45,8,ダノンシーマ,62.7,72.2,58.25,0,,,,2.8,1,,,C,AA,S,https://umatoku.hochi.co.jp/data/race/04263408/previous,PASS_EMBEDDED_JSON
2026-08-30,新潟,8,202604030408,04263408,15:45,8R 芝2000 新潟記念・Ｇ３ WIN5 15:45,9,アーバンシック,47.1,63.8,50.68,0,,,,13.1,6,,,C,AA,S,https://umatoku.hochi.co.jp/data/race/04263408/previous,PASS_EMBEDDED_JSON
2026-08-30,新潟,8,202604030408,04263408,15:45,8R 芝2000 新潟記念・Ｇ３ WIN5 15:45,10,バレエマスター,35,57.1,42.74,0,,,,24.4,9,,,C,AA,S,https://umatoku.hochi.co.jp/data/race/04263408/previous,PASS_EMBEDDED_JSON
2026-08-30,新潟,8,202604030408,04263408,15:45,8R 芝2000 新潟記念・Ｇ３ WIN5 15:45,11,ステレンボッシュ,51.1,66.3,50.08,0,,,,9.2,5,,,C,AA,S,https://umatoku.hochi.co.jp/data/race/04263408/previous,PASS_EMBEDDED_JSON
2026-08-30,新潟,9,202604030409,04263409,16:25,9R 芝1000 閃光特別 2勝クラス 16:25,1,カレンデュラ,61.4,55,47.65,0,,,,4.3,2,,,S,B,A,https://umatoku.hochi.co.jp/data/race/04263409/previous,PASS_EMBEDDED_JSON
2026-08-30,新潟,9,202604030409,04263409,16:25,9R 芝1000 閃光特別 2勝クラス 16:25,2,サトノアルペジオ,42,42,38.82,0,,,,57.7,14,,,S,B,A,https://umatoku.hochi.co.jp/data/race/04263409/previous,PASS_EMBEDDED_JSON
2026-08-30,新潟,9,202604030409,04263409,16:25,9R 芝1000 閃光特別 2勝クラス 16:25,3,ゼンダンタカ,57,53,49.71,0,,,,32.5,11,,,S,B,A,https://umatoku.hochi.co.jp/data/race/04263409/previous,PASS_EMBEDDED_JSON
2026-08-30,新潟,9,202604030409,04263409,16:25,9R 芝1000 閃光特別 2勝クラス 16:25,4,フレッシュラン,33,35,36.28,0,,,,107.5,18,,,S,B,A,https://umatoku.hochi.co.jp/data/race/04263409/previous,PASS_EMBEDDED_JSON
2026-08-30,新潟,9,202604030409,04263409,16:25,9R 芝1000 閃光特別 2勝クラス 16:25,5,ファイツオン,63.1,56.2,53.97,4,,,,17.3,8,,,S,B,A,https://umatoku.hochi.co.jp/data/race/04263409/previous,PASS_EMBEDDED_JSON
2026-08-30,新潟,9,202604030409,04263409,16:25,9R 芝1000 閃光特別 2勝クラス 16:25,6,エリカカリーナ,50.1,46,48.01,0,,,,16.5,7,,,S,B,A,https://umatoku.hochi.co.jp/data/race/04263409/previous,PASS_EMBEDDED_JSON
2026-08-30,新潟,9,202604030409,04263409,16:25,9R 芝1000 閃光特別 2勝クラス 16:25,7,リュウノタブーク,45,47,42.09,0,,,,65.3,15,,,S,B,A,https://umatoku.hochi.co.jp/data/race/04263409/previous,PASS_EMBEDDED_JSON
2026-08-30,新潟,9,202604030409,04263409,16:25,9R 芝1000 閃光特別 2勝クラス 16:25,8,ハニーローリエ,65.6,56,54.16,0,,,,2.8,1,,,S,B,A,https://umatoku.hochi.co.jp/data/race/04263409/previous,PASS_EMBEDDED_JSON
2026-08-30,新潟,9,202604030409,04263409,16:25,9R 芝1000 閃光特別 2勝クラス 16:25,9,バンディート,30,33,35.68,0,,,,66.9,16,,,S,B,A,https://umatoku.hochi.co.jp/data/race/04263409/previous,PASS_EMBEDDED_JSON
2026-08-30,新潟,9,202604030409,04263409,16:25,9R 芝1000 閃光特別 2勝クラス 16:25,10,キントラダンサー,47,48,43.35,0,,,,82,17,,,S,B,A,https://umatoku.hochi.co.jp/data/race/04263409/previous,PASS_EMBEDDED_JSON
2026-08-30,新潟,9,202604030409,04263409,16:25,9R 芝1000 閃光特別 2勝クラス 16:25,11,ビップムーラン,58.2,50.1,52.45,0,,,,9.3,4,,,S,B,A,https://umatoku.hochi.co.jp/data/race/04263409/previous,PASS_EMBEDDED_JSON
2026-08-30,新潟,9,202604030409,04263409,16:25,9R 芝1000 閃光特別 2勝クラス 16:25,12,レジーナローズ,56.1,52,54.63,2,,,,15.9,6,,,S,B,A,https://umatoku.hochi.co.jp/data/race/04263409/previous,PASS_EMBEDDED_JSON
2026-08-30,新潟,9,202604030409,04263409,16:25,9R 芝1000 閃光特別 2勝クラス 16:25,13,ビーアイフォルテ,42,43,46.37,0,,,,34.9,12,,,S,B,A,https://umatoku.hochi.co.jp/data/race/04263409/previous,PASS_EMBEDDED_JSON
2026-08-30,新潟,9,202604030409,04263409,16:25,9R 芝1000 閃光特別 2勝クラス 16:25,14,ケンキョ,40,43,48.7,0,,,,47.6,13,,,S,B,A,https://umatoku.hochi.co.jp/data/race/04263409/previous,PASS_EMBEDDED_JSON
2026-08-30,新潟,9,202604030409,04263409,16:25,9R 芝1000 閃光特別 2勝クラス 16:25,15,ミスエル,52,51,53.52,0,,,,20,10,,,S,B,A,https://umatoku.hochi.co.jp/data/race/04263409/previous,PASS_EMBEDDED_JSON
2026-08-30,新潟,9,202604030409,04263409,16:25,9R 芝1000 閃光特別 2勝クラス 16:25,16,スペルキャスター,59.1,53.1,50.4,0,,,,15.4,5,,,S,B,A,https://umatoku.hochi.co.jp/data/race/04263409/previous,PASS_EMBEDDED_JSON
2026-08-30,新潟,9,202604030409,04263409,16:25,9R 芝1000 閃光特別 2勝クラス 16:25,17,ラトルシェ,47,48,54.6,3,,,,18.8,9,,,S,B,A,https://umatoku.hochi.co.jp/data/race/04263409/previous,PASS_EMBEDDED_JSON
2026-08-30,新潟,9,202604030409,04263409,16:25,9R 芝1000 閃光特別 2勝クラス 16:25,18,ヴェントゥーラ,53.2,50,57.27,0,,,,6.9,3,,,S,B,A,https://umatoku.hochi.co.jp/data/race/04263409/previous,PASS_EMBEDDED_JSON
2026-08-30,新潟,10,202604030410,04263410,17:00,10R ダ1800 ３歳未勝利 17:00,1,カーボフリオ,48.1,23,49.89,0,,,,8.6,4,,,S,B,A,https://umatoku.hochi.co.jp/data/race/04263410/previous,PASS_EMBEDDED_JSON
2026-08-30,新潟,10,202604030410,04263410,17:00,10R ダ1800 ３歳未勝利 17:00,2,ソナタムーンライト,36,16,40.08,0,,,,105.9,14,,,S,B,A,https://umatoku.hochi.co.jp/data/race/04263410/previous,PASS_EMBEDDED_JSON
2026-08-30,新潟,10,202604030410,04263410,17:00,10R ダ1800 ３歳未勝利 17:00,3,アーティキュレート,61,35,51.82,0,,,,24.6,9,,,S,B,A,https://umatoku.hochi.co.jp/data/race/04263410/previous,PASS_EMBEDDED_JSON
2026-08-30,新潟,10,202604030410,04263410,17:00,10R ダ1800 ３歳未勝利 17:00,4,パワポケウォーズ,56,38,53.99,4,,,,26.9,10,,,S,B,A,https://umatoku.hochi.co.jp/data/race/04263410/previous,PASS_EMBEDDED_JSON
2026-08-30,新潟,10,202604030410,04263410,17:00,10R ダ1800 ３歳未勝利 17:00,5,クライングナウ,56.3,31,50.85,0,,,,5.3,3,,,S,B,A,https://umatoku.hochi.co.jp/data/race/04263410/previous,PASS_EMBEDDED_JSON
2026-08-30,新潟,10,202604030410,04263410,17:00,10R ダ1800 ３歳未勝利 17:00,6,ロジキセキ,58.4,37.2,54.07,0,,,,3,2,,,S,B,A,https://umatoku.hochi.co.jp/data/race/04263410/previous,PASS_EMBEDDED_JSON
2026-08-30,新潟,10,202604030410,04263410,17:00,10R ダ1800 ３歳未勝利 17:00,7,カノープス,53,34.9,52.09,0,,,,96.5,12,,,S,B,A,https://umatoku.hochi.co.jp/data/race/04263410/previous,PASS_EMBEDDED_JSON
2026-08-30,新潟,10,202604030410,04263410,17:00,10R ダ1800 ３歳未勝利 17:00,8,ザンテソーロ,56,38.1,55.52,2,,,,17.5,7,,,S,B,A,https://umatoku.hochi.co.jp/data/race/04263410/previous,PASS_EMBEDDED_JSON
2026-08-30,新潟,10,202604030410,04263410,17:00,10R ダ1800 ３歳未勝利 17:00,9,ウモラダエピカ,43.1,22.9,46.41,0,,,,17,6,,,S,B,A,https://umatoku.hochi.co.jp/data/race/04263410/previous,PASS_EMBEDDED_JSON
2026-08-30,新潟,10,202604030410,04263410,17:00,10R ダ1800 ３歳未勝利 17:00,10,サングラント,64.6,37,54.97,0,,,,2.8,1,,,S,B,A,https://umatoku.hochi.co.jp/data/race/04263410/previous,PASS_EMBEDDED_JSON
2026-08-30,新潟,10,202604030410,04263410,17:00,10R ダ1800 ３歳未勝利 17:00,11,ヴァルク,39,20,40.44,0,,,,99.6,13,,,S,B,A,https://umatoku.hochi.co.jp/data/race/04263410/previous,PASS_EMBEDDED_JSON
2026-08-30,新潟,10,202604030410,04263410,17:00,10R ダ1800 ３歳未勝利 17:00,12,サンタピア,61,43,54.09,3,,,,16.3,5,,,S,B,A,https://umatoku.hochi.co.jp/data/race/04263410/previous,PASS_EMBEDDED_JSON
2026-08-30,新潟,10,202604030410,04263410,17:00,10R ダ1800 ３歳未勝利 17:00,13,エイシンキーウィ,32,10,34.89,0,,,,24.5,8,,,S,B,A,https://umatoku.hochi.co.jp/data/race/04263410/previous,PASS_EMBEDDED_JSON
2026-08-30,新潟,10,202604030410,04263410,17:00,10R ダ1800 ３歳未勝利 17:00,14,マジギレカレン,44,25,43.32,0,,,,47.2,11,,,S,B,A,https://umatoku.hochi.co.jp/data/race/04263410/previous,PASS_EMBEDDED_JSON
2026-08-30,新潟,10,202604030410,04263410,17:00,10R ダ1800 ３歳未勝利 17:00,15,カフェプラウド,43,25,41.37,0,,,,108.9,15,,,S,B,A,https://umatoku.hochi.co.jp/data/race/04263410/previous,PASS_EMBEDDED_JSON
2026-08-30,新潟,11,202604030411,04263411,17:30,11R 芝1800 ３歳上１勝クラス 17:30,1,ブルバンビーナ,45,42,46.11,0,,,,52.7,12,,,C,AA,B,https://umatoku.hochi.co.jp/data/race/04263411/previous,PASS_EMBEDDED_JSON
2026-08-30,新潟,11,202604030411,04263411,17:30,11R 芝1800 ３歳上１勝クラス 17:30,2,シアブリス,53.1,49,49.9,0,,,,9.4,5,,,C,AA,B,https://umatoku.hochi.co.jp/data/race/04263411/previous,PASS_EMBEDDED_JSON
2026-08-30,新潟,11,202604030411,04263411,17:30,11R 芝1800 ３歳上１勝クラス 17:30,3,スカイダンスタイム,37,35,36.22,0,,,,59.6,14,,,C,AA,B,https://umatoku.hochi.co.jp/data/race/04263411/previous,PASS_EMBEDDED_JSON
2026-08-30,新潟,11,202604030411,04263411,17:30,11R 芝1800 ３歳上１勝クラス 17:30,4,ナックホワイト,47.1,43.6,48.27,0,,,,16.2,8,,,C,AA,B,https://umatoku.hochi.co.jp/data/race/04263411/previous,PASS_EMBEDDED_JSON
2026-08-30,新潟,11,202604030411,04263411,17:30,11R 芝1800 ３歳上１勝クラス 17:30,5,カンティーナ,49.1,45.1,49.37,0,,,,11.2,7,,,C,AA,B,https://umatoku.hochi.co.jp/data/race/04263411/previous,PASS_EMBEDDED_JSON
2026-08-30,新潟,11,202604030411,04263411,17:30,11R 芝1800 ３歳上１勝クラス 17:30,6,ニシノコマチムスメ,49,46,48.95,0,,,,31.5,9,,,C,AA,B,https://umatoku.hochi.co.jp/data/race/04263411/previous,PASS_EMBEDDED_JSON
2026-08-30,新潟,11,202604030411,04263411,17:30,11R 芝1800 ３歳上１勝クラス 17:30,7,ハニーオーケストラ,38,35,41.29,0,,,,42.3,10,,,C,AA,B,https://umatoku.hochi.co.jp/data/race/04263411/previous,PASS_EMBEDDED_JSON
2026-08-30,新潟,11,202604030411,04263411,17:30,11R 芝1800 ３歳上１勝クラス 17:30,8,ダーリングハースト,53.3,47,52.12,0,,,,5.4,2,,,C,AA,B,https://umatoku.hochi.co.jp/data/race/04263411/previous,PASS_EMBEDDED_JSON
2026-08-30,新潟,11,202604030411,04263411,17:30,11R 芝1800 ３歳上１勝クラス 17:30,9,ケイツールピア,46,43,49.31,0,,,,44,11,,,C,AA,B,https://umatoku.hochi.co.jp/data/race/04263411/previous,PASS_EMBEDDED_JSON
2026-08-30,新潟,11,202604030411,04263411,17:30,11R 芝1800 ３歳上１勝クラス 17:30,10,タッセルノット,80.7,51,54.56,0,,,,2.2,1,,,C,AA,B,https://umatoku.hochi.co.jp/data/race/04263411/previous,PASS_EMBEDDED_JSON
2026-08-30,新潟,11,202604030411,04263411,17:30,11R 芝1800 ３歳上１勝クラス 17:30,11,シェーンシュティア,56.2,51.5,53.97,2,,,,10.9,6,,,C,AA,B,https://umatoku.hochi.co.jp/data/race/04263411/previous,PASS_EMBEDDED_JSON
2026-08-30,新潟,11,202604030411,04263411,17:30,11R 芝1800 ３歳上１勝クラス 17:30,12,ヴァリスマリネリス,52.1,50,52.49,0,,,,8.8,3,,,C,AA,B,https://umatoku.hochi.co.jp/data/race/04263411/previous,PASS_EMBEDDED_JSON
2026-08-30,新潟,11,202604030411,04263411,17:30,11R 芝1800 ３歳上１勝クラス 17:30,13,ココソラーレ,47,44,46,0,,,,53.1,13,,,C,AA,B,https://umatoku.hochi.co.jp/data/race/04263411/previous,PASS_EMBEDDED_JSON
2026-08-30,新潟,11,202604030411,04263411,17:30,11R 芝1800 ３歳上１勝クラス 17:30,14,アオイハルカ,48.1,45,52.26,3,,,,9.2,4,,,C,AA,B,https://umatoku.hochi.co.jp/data/race/04263411/previous,PASS_EMBEDDED_JSON
2026-08-30,新潟,12,202604030412,04263412,18:05,12R ダ1200 ３歳上１勝クラス 18:05,1,ガルディーノ,56.1,48,51.36,4,,,,7.8,4,,,B,AA,AA,https://umatoku.hochi.co.jp/data/race/04263412/previous,PASS_EMBEDDED_JSON
2026-08-30,新潟,12,202604030412,04263412,18:05,12R ダ1200 ３歳上１勝クラス 18:05,2,アイファージェット,43,35,39.65,0,,,,141.4,15,,,B,AA,AA,https://umatoku.hochi.co.jp/data/race/04263412/previous,PASS_EMBEDDED_JSON
2026-08-30,新潟,12,202604030412,04263412,18:05,12R ダ1200 ３歳上１勝クラス 18:05,3,スリーコーズ,55.2,49,52.36,0,,,,6.6,3,,,B,AA,AA,https://umatoku.hochi.co.jp/data/race/04263412/previous,PASS_EMBEDDED_JSON
2026-08-30,新潟,12,202604030412,04263412,18:05,12R ダ1200 ３歳上１勝クラス 18:05,4,エテオクロス,53.1,43,47.48,0,,,,17.6,6,,,B,AA,AA,https://umatoku.hochi.co.jp/data/race/04263412/previous,PASS_EMBEDDED_JSON
2026-08-30,新潟,12,202604030412,04263412,18:05,12R ダ1200 ３歳上１勝クラス 18:05,5,ゴーゴーパンチ,55.1,47,55.48,2,,,,18.5,7,,,B,AA,AA,https://umatoku.hochi.co.jp/data/race/04263412/previous,PASS_EMBEDDED_JSON
2026-08-30,新潟,12,202604030412,04263412,18:05,12R ダ1200 ３歳上１勝クラス 18:05,6,ジャックナダル,65.6,51.6,60.26,0,,,,2.6,1,,,B,AA,AA,https://umatoku.hochi.co.jp/data/race/04263412/previous,PASS_EMBEDDED_JSON
2026-08-30,新潟,12,202604030412,04263412,18:05,12R ダ1200 ３歳上１勝クラス 18:05,7,クラウンフリード,33,25,37.29,0,,,,63,12,,,B,AA,AA,https://umatoku.hochi.co.jp/data/race/04263412/previous,PASS_EMBEDDED_JSON
2026-08-30,新潟,12,202604030412,04263412,18:05,12R ダ1200 ３歳上１勝クラス 18:05,8,サトノエスケープ,69.5,51,57.88,0,,,,2.9,2,,,B,AA,AA,https://umatoku.hochi.co.jp/data/race/04263412/previous,PASS_EMBEDDED_JSON
2026-08-30,新潟,12,202604030412,04263412,18:05,12R ダ1200 ３歳上１勝クラス 18:05,9,スマートブル,40,32,42.6,0,,,,36.6,9,,,B,AA,AA,https://umatoku.hochi.co.jp/data/race/04263412/previous,PASS_EMBEDDED_JSON
2026-08-30,新潟,12,202604030412,04263412,18:05,12R ダ1200 ３歳上１勝クラス 18:05,10,ガンバレベアー,43,37,42.43,0,,,,81,13,,,B,AA,AA,https://umatoku.hochi.co.jp/data/race/04263412/previous,PASS_EMBEDDED_JSON
2026-08-30,新潟,12,202604030412,04263412,18:05,12R ダ1200 ３歳上１勝クラス 18:05,11,マルターズドン,47,38.1,50.27,0,,,,35.3,8,,,B,AA,AA,https://umatoku.hochi.co.jp/data/race/04263412/previous,PASS_EMBEDDED_JSON
2026-08-30,新潟,12,202604030412,04263412,18:05,12R ダ1200 ３歳上１勝クラス 18:05,12,ナインオブレター,54,46,50.97,0,,,,60.1,11,,,B,AA,AA,https://umatoku.hochi.co.jp/data/race/04263412/previous,PASS_EMBEDDED_JSON
2026-08-30,新潟,12,202604030412,04263412,18:05,12R ダ1200 ３歳上１勝クラス 18:05,13,コンパクトファイト,44,37,49.48,0,,,,127.5,14,,,B,AA,AA,https://umatoku.hochi.co.jp/data/race/04263412/previous,PASS_EMBEDDED_JSON
2026-08-30,新潟,12,202604030412,04263412,18:05,12R ダ1200 ３歳上１勝クラス 18:05,14,ラベンダーヘイズ,56.2,43.4,54.55,3,,,,9.4,5,,,B,AA,AA,https://umatoku.hochi.co.jp/data/race/04263412/previous,PASS_EMBEDDED_JSON
2026-08-30,新潟,12,202604030412,04263412,18:05,12R ダ1200 ３歳上１勝クラス 18:05,15,ジェイエルライナー,37,30,36.08,0,,,,42.8,10,,,B,AA,AA,https://umatoku.hochi.co.jp/data/race/04263412/previous,PASS_EMBEDDED_JSON
2026-08-30,中京,1,202607030401,07263401,09:50,1R 芝1400 ２歳未勝利 09:50,1,ビップルーチェ,39,19,47.69,0,,,,22.8,7,,,C,B,B,https://umatoku.hochi.co.jp/data/race/07263401/previous,PASS_EMBEDDED_JSON
2026-08-30,中京,1,202607030401,07263401,09:50,1R 芝1400 ２歳未勝利 09:50,2,ナポリ,39,19,43.7,0,,,,25.2,8,,,C,B,B,https://umatoku.hochi.co.jp/data/race/07263401/previous,PASS_EMBEDDED_JSON
2026-08-30,中京,1,202607030401,07263401,09:50,1R 芝1400 ２歳未勝利 09:50,3,スピーディスピン,61.2,34,55.15,2,,,,7.2,4,,,C,B,B,https://umatoku.hochi.co.jp/data/race/07263401/previous,PASS_EMBEDDED_JSON
2026-08-30,中京,1,202607030401,07263401,09:50,1R 芝1400 ２歳未勝利 09:50,4,コジアン,48.1,26,53.4,3,,,,11.2,5,,,C,B,B,https://umatoku.hochi.co.jp/data/race/07263401/previous,PASS_EMBEDDED_JSON
2026-08-30,中京,1,202607030401,07263401,09:50,1R 芝1400 ２歳未勝利 09:50,5,コスモルミナ,58.2,31,53.41,0,,,,6.1,3,,,C,B,B,https://umatoku.hochi.co.jp/data/race/07263401/previous,PASS_EMBEDDED_JSON
2026-08-30,中京,1,202607030401,07263401,09:50,1R 芝1400 ２歳未勝利 09:50,6,ダイメイアゲイン,39,19,45.83,0,,,,27.5,9,,,C,B,B,https://umatoku.hochi.co.jp/data/race/07263401/previous,PASS_EMBEDDED_JSON
2026-08-30,中京,1,202607030401,07263401,09:50,1R 芝1400 ２歳未勝利 09:50,7,ロンリーマン,55,30,51.83,0,,,,17,6,,,C,B,B,https://umatoku.hochi.co.jp/data/race/07263401/previous,PASS_EMBEDDED_JSON
2026-08-30,中京,1,202607030401,07263401,09:50,1R 芝1400 ２歳未勝利 09:50,8,ヴィヴェローネ,65.7,32,54.05,0,,,,2.1,1,,,C,B,B,https://umatoku.hochi.co.jp/data/race/07263401/previous,PASS_EMBEDDED_JSON
2026-08-30,中京,1,202607030401,07263401,09:50,1R 芝1400 ２歳未勝利 09:50,9,スターオブザイヤー,55.4,28,49.05,0,,,,3.6,2,,,C,B,B,https://umatoku.hochi.co.jp/data/race/07263401/previous,PASS_EMBEDDED_JSON
2026-08-30,中京,1,202607030401,07263401,09:50,1R 芝1400 ２歳未勝利 09:50,10,ヤマトデュノール,40,19,46.24,0,,,,42.9,10,,,C,B,B,https://umatoku.hochi.co.jp/data/race/07263401/previous,PASS_EMBEDDED_JSON
2026-08-30,中京,2,202607030402,07263402,10:25,2R 芝1600 ２歳新馬 10:25,1,サトノボルテクス,54.1,29.9,50.54,2,,,,8.5,4,,,C,B,A,https://umatoku.hochi.co.jp/data/race/07263402/previous,PASS_EMBEDDED_JSON
2026-08-30,中京,2,202607030402,07263402,10:25,2R 芝1600 ２歳新馬 10:25,2,シーラーステート,57.3,33.6,50.41,0,,,,4,2,,,C,B,A,https://umatoku.hochi.co.jp/data/race/07263402/previous,PASS_EMBEDDED_JSON
2026-08-30,中京,2,202607030402,07263402,10:25,2R 芝1600 ２歳新馬 10:25,3,ベラジオセブン,37,15,42.74,0,,,,24.3,9,,,C,B,A,https://umatoku.hochi.co.jp/data/race/07263402/previous,PASS_EMBEDDED_JSON
2026-08-30,中京,2,202607030402,07263402,10:25,2R 芝1600 ２歳新馬 10:25,4,コスモクラウン,69.7,44.8,58.31,6,,,,2.2,1,,,C,B,A,https://umatoku.hochi.co.jp/data/race/07263402/previous,PASS_EMBEDDED_JSON
2026-08-30,中京,2,202607030402,07263402,10:25,2R 芝1600 ２歳新馬 10:25,5,シャトンダンス,47,24.8,48.29,3,,,,15.7,7,,,C,B,A,https://umatoku.hochi.co.jp/data/race/07263402/previous,PASS_EMBEDDED_JSON
2026-08-30,中京,2,202607030402,07263402,10:25,2R 芝1600 ２歳新馬 10:25,6,ナイトインチュニス,59.2,35.8,52.55,0,,,,5.9,3,,,C,B,A,https://umatoku.hochi.co.jp/data/race/07263402/previous,PASS_EMBEDDED_JSON
2026-08-30,中京,2,202607030402,07263402,10:25,2R 芝1600 ２歳新馬 10:25,7,ラガッタレアーレ,48.1,26.4,46.9,0,,,,11.7,5,,,C,B,A,https://umatoku.hochi.co.jp/data/race/07263402/previous,PASS_EMBEDDED_JSON
2026-08-30,中京,2,202607030402,07263402,10:25,2R 芝1600 ２歳新馬 10:25,8,メイショウセイクウ,50.1,25,45.83,0,,,,13.1,6,,,C,B,A,https://umatoku.hochi.co.jp/data/race/07263402/previous,PASS_EMBEDDED_JSON
2026-08-30,中京,2,202607030402,07263402,10:25,2R 芝1600 ２歳新馬 10:25,9,メイショウスパーク,40,16,40.78,0,,,,17.6,8,,,C,B,A,https://umatoku.hochi.co.jp/data/race/07263402/previous,PASS_EMBEDDED_JSON
2026-08-30,中京,2,202607030402,07263402,10:25,2R 芝1600 ２歳新馬 10:25,10,カフジポポー,38,15.1,40.41,0,,,,27.2,10,,,C,B,A,https://umatoku.hochi.co.jp/data/race/07263402/previous,PASS_EMBEDDED_JSON
2026-08-30,中京,3,202607030403,07263403,10:55,3R 芝2000 ２歳新馬 10:55,1,サイモンジェセル,40,15.7,44.87,0,,,,18.6,8,,,B,A,S,https://umatoku.hochi.co.jp/data/race/07263403/previous,PASS_EMBEDDED_JSON
2026-08-30,中京,3,202607030403,07263403,10:55,3R 芝2000 ２歳新馬 10:55,2,ブレイズフォート,55.2,28.6,50.5,3,,,,6.6,4,,,B,A,S,https://umatoku.hochi.co.jp/data/race/07263403/previous,PASS_EMBEDDED_JSON
2026-08-30,中京,3,202607030403,07263403,10:55,3R 芝2000 ２歳新馬 10:55,3,ジェントル,37,15.3,43.98,0,,,,25.1,10,,,B,A,S,https://umatoku.hochi.co.jp/data/race/07263403/previous,PASS_EMBEDDED_JSON
2026-08-30,中京,3,202607030403,07263403,10:55,3R 芝2000 ２歳新馬 10:55,4,ポカポカヨウキ,60.4,35.5,53.66,0,,,,3.8,1,,,B,A,S,https://umatoku.hochi.co.jp/data/race/07263403/previous,PASS_EMBEDDED_JSON
2026-08-30,中京,3,202607030403,07263403,10:55,3R 芝2000 ２歳新馬 10:55,5,コルキス,55.2,28.3,49.6,0,,,,5,3,,,B,A,S,https://umatoku.hochi.co.jp/data/race/07263403/previous,PASS_EMBEDDED_JSON
2026-08-30,中京,3,202607030403,07263403,10:55,3R 芝2000 ２歳新馬 10:55,6,アモロロプーロ,40,17.2,44.31,0,,,,21.7,9,,,B,A,S,https://umatoku.hochi.co.jp/data/race/07263403/previous,PASS_EMBEDDED_JSON
2026-08-30,中京,3,202607030403,07263403,10:55,3R 芝2000 ２歳新馬 10:55,7,ゴーイントゥノヴァ,52.1,26.6,48.25,0,,,,7.4,6,,,B,A,S,https://umatoku.hochi.co.jp/data/race/07263403/previous,PASS_EMBEDDED_JSON
2026-08-30,中京,3,202607030403,07263403,10:55,3R 芝2000 ２歳新馬 10:55,8,エーテルワーム,51.1,24.9,47.76,0,,,,9,7,,,B,A,S,https://umatoku.hochi.co.jp/data/race/07263403/previous,PASS_EMBEDDED_JSON
2026-08-30,中京,3,202607030403,07263403,10:55,3R 芝2000 ２歳新馬 10:55,9,ロードフローリス,60.3,34.7,53.75,0,,,,4.6,2,,,B,A,S,https://umatoku.hochi.co.jp/data/race/07263403/previous,PASS_EMBEDDED_JSON
2026-08-30,中京,3,202607030403,07263403,10:55,3R 芝2000 ２歳新馬 10:55,10,ルクスアルカード,63.2,35.4,51.36,2,,,,7,5,,,B,A,S,https://umatoku.hochi.co.jp/data/race/07263403/previous,PASS_EMBEDDED_JSON
2026-08-30,中京,3,202607030403,07263403,10:55,3R 芝2000 ２歳新馬 10:55,11,ワンダーラヴグッド,36,15,37.4,0,,,,39,11,,,B,A,S,https://umatoku.hochi.co.jp/data/race/07263403/previous,PASS_EMBEDDED_JSON
2026-08-30,中京,4,202607030404,07263404,11:25,4R ダ1400 ３歳未勝利 11:25,1,キングズテイル,66.3,42,57.35,1,,,,4.5,2,,,B,C,A,https://umatoku.hochi.co.jp/data/race/07263404/previous,PASS_EMBEDDED_JSON
2026-08-30,中京,4,202607030404,07263404,11:25,4R ダ1400 ３歳未勝利 11:25,2,プペアンビスキュイ,63.2,25,50,0,,,,6,3,,,B,C,A,https://umatoku.hochi.co.jp/data/race/07263404/previous,PASS_EMBEDDED_JSON
2026-08-30,中京,4,202607030404,07263404,11:25,4R ダ1400 ３歳未勝利 11:25,3,オーロラボレアリス,49,27,50.84,4,,,,14.5,6,,,B,C,A,https://umatoku.hochi.co.jp/data/race/07263404/previous,PASS_EMBEDDED_JSON
2026-08-30,中京,4,202607030404,07263404,11:25,4R ダ1400 ３歳未勝利 11:25,4,カツラコマチ,45,23,46.75,0,,,,27.5,9,,,B,C,A,https://umatoku.hochi.co.jp/data/race/07263404/previous,PASS_EMBEDDED_JSON
2026-08-30,中京,4,202607030404,07263404,11:25,4R ダ1400 ３歳未勝利 11:25,5,ハツアカネ,45,22,49.55,0,,,,36.8,10,,,B,C,A,https://umatoku.hochi.co.jp/data/race/07263404/previous,PASS_EMBEDDED_JSON
2026-08-30,中京,4,202607030404,07263404,11:25,4R ダ1400 ３歳未勝利 11:25,6,グランブリーゼ,39,14,40.64,0,,,,69.9,14,,,B,C,A,https://umatoku.hochi.co.jp/data/race/07263404/previous,PASS_EMBEDDED_JSON
2026-08-30,中京,4,202607030404,07263404,11:25,4R ダ1400 ３歳未勝利 11:25,7,セッシュウ,71.7,50,62.7,5,,,,2.3,1,,,B,C,A,https://umatoku.hochi.co.jp/data/race/07263404/previous,PASS_EMBEDDED_JSON
2026-08-30,中京,4,202607030404,07263404,11:25,4R ダ1400 ３歳未勝利 11:25,8,メイショウヒタカミ,55.1,36,58.47,2,,,,12.6,5,,,B,C,A,https://umatoku.hochi.co.jp/data/race/07263404/previous,PASS_EMBEDDED_JSON
2026-08-30,中京,4,202607030404,07263404,11:25,4R ダ1400 ３歳未勝利 11:25,9,デュードロップ,48,20,46.97,0,,,,38,11,,,B,C,A,https://umatoku.hochi.co.jp/data/race/07263404/previous,PASS_EMBEDDED_JSON
2026-08-30,中京,4,202607030404,07263404,11:25,4R ダ1400 ３歳未勝利 11:25,10,ラッキーヴォーグ,60.1,35,56.78,3,,,,9.1,4,,,B,C,A,https://umatoku.hochi.co.jp/data/race/07263404/previous,PASS_EMBEDDED_JSON
2026-08-30,中京,4,202607030404,07263404,11:25,4R ダ1400 ３歳未勝利 11:25,11,メイショウドキョウ,38,14,34,0,,,,93.1,16,,,B,C,A,https://umatoku.hochi.co.jp/data/race/07263404/previous,PASS_EMBEDDED_JSON
2026-08-30,中京,4,202607030404,07263404,11:25,4R ダ1400 ３歳未勝利 11:25,12,サウンドヴィヴァン,39,17,44.06,0,,,,74.3,15,,,B,C,A,https://umatoku.hochi.co.jp/data/race/07263404/previous,PASS_EMBEDDED_JSON
2026-08-30,中京,4,202607030404,07263404,11:25,4R ダ1400 ３歳未勝利 11:25,13,サカトクフェイス,46,25,47.75,0,,,,64,13,,,B,C,A,https://umatoku.hochi.co.jp/data/race/07263404/previous,PASS_EMBEDDED_JSON
2026-08-30,中京,4,202607030404,07263404,11:25,4R ダ1400 ３歳未勝利 11:25,14,ウェンロック,48,26.7,50.52,0,,,,20.3,7,,,B,C,A,https://umatoku.hochi.co.jp/data/race/07263404/previous,PASS_EMBEDDED_JSON
2026-08-30,中京,4,202607030404,07263404,11:25,4R ダ1400 ３歳未勝利 11:25,15,サンロンブル,43,20,47.74,0,,,,23.8,8,,,B,C,A,https://umatoku.hochi.co.jp/data/race/07263404/previous,PASS_EMBEDDED_JSON
2026-08-30,中京,4,202607030404,07263404,11:25,4R ダ1400 ３歳未勝利 11:25,16,メイショウケンゴウ,46,25,49.63,0,,,,48.5,12,,,B,C,A,https://umatoku.hochi.co.jp/data/race/07263404/previous,PASS_EMBEDDED_JSON
2026-08-30,中京,5,202607030405,07263405,11:55,5R ダ1800 ３歳上１勝クラス 11:55,1,マジックブルー,41,35,44.32,0,,,,30.7,10,,,A,D,A,https://umatoku.hochi.co.jp/data/race/07263405/previous,PASS_EMBEDDED_JSON
2026-08-30,中京,5,202607030405,07263405,11:55,5R ダ1800 ３歳上１勝クラス 11:55,2,スコーピオンイメル,38,35,46.9,0,,,,20.3,8,,,A,D,A,https://umatoku.hochi.co.jp/data/race/07263405/previous,PASS_EMBEDDED_JSON
2026-08-30,中京,5,202607030405,07263405,11:55,5R ダ1800 ３歳上１勝クラス 11:55,3,ブームバップビート,61.6,46.1,52.46,0,,,,2.5,1,,,A,D,A,https://umatoku.hochi.co.jp/data/race/07263405/previous,PASS_EMBEDDED_JSON
2026-08-30,中京,5,202607030405,07263405,11:55,5R ダ1800 ３歳上１勝クラス 11:55,4,クラックショット,59,48.8,53.05,3,,,,17.1,7,,,A,D,A,https://umatoku.hochi.co.jp/data/race/07263405/previous,PASS_EMBEDDED_JSON
2026-08-30,中京,5,202607030405,07263405,11:55,5R ダ1800 ３歳上１勝クラス 11:55,5,タリスマン,59,50,53.23,2,,,,15.9,6,,,A,D,A,https://umatoku.hochi.co.jp/data/race/07263405/previous,PASS_EMBEDDED_JSON
2026-08-30,中京,5,202607030405,07263405,11:55,5R ダ1800 ３歳上１勝クラス 11:55,6,オーレアミスト,53,46,48.02,0,,,,23,9,,,A,D,A,https://umatoku.hochi.co.jp/data/race/07263405/previous,PASS_EMBEDDED_JSON
2026-08-30,中京,5,202607030405,07263405,11:55,5R ダ1800 ３歳上１勝クラス 11:55,7,トワイライトサイト,44,40,42.84,0,,,,43.3,12,,,A,D,A,https://umatoku.hochi.co.jp/data/race/07263405/previous,PASS_EMBEDDED_JSON
2026-08-30,中京,5,202607030405,07263405,11:55,5R ダ1800 ３歳上１勝クラス 11:55,8,ビービーバザーク,49.1,42,50.12,0,,,,8,4,,,A,D,A,https://umatoku.hochi.co.jp/data/race/07263405/previous,PASS_EMBEDDED_JSON
2026-08-30,中京,5,202607030405,07263405,11:55,5R ダ1800 ３歳上１勝クラス 11:55,9,メイショウマドロス,62.3,47,52.89,0,,,,4.5,2,,,A,D,A,https://umatoku.hochi.co.jp/data/race/07263405/previous,PASS_EMBEDDED_JSON
2026-08-30,中京,5,202607030405,07263405,11:55,5R ダ1800 ３歳上１勝クラス 11:55,10,アトモス,55.2,43,52.42,0,,,,5.3,3,,,A,D,A,https://umatoku.hochi.co.jp/data/race/07263405/previous,PASS_EMBEDDED_JSON
2026-08-30,中京,5,202607030405,07263405,11:55,5R ダ1800 ３歳上１勝クラス 11:55,11,ステイクオール,55.1,45,50.41,0,,,,8.9,5,,,A,D,A,https://umatoku.hochi.co.jp/data/race/07263405/previous,PASS_EMBEDDED_JSON
2026-08-30,中京,5,202607030405,07263405,11:55,5R ダ1800 ３歳上１勝クラス 11:55,12,ルシタニア,44,40,51.23,0,,,,43.9,13,,,A,D,A,https://umatoku.hochi.co.jp/data/race/07263405/previous,PASS_EMBEDDED_JSON
2026-08-30,中京,5,202607030405,07263405,11:55,5R ダ1800 ３歳上１勝クラス 11:55,13,シンギタイ,29,29,38.69,0,,,,34.8,11,,,A,D,A,https://umatoku.hochi.co.jp/data/race/07263405/previous,PASS_EMBEDDED_JSON
2026-08-30,中京,6,202607030406,07263406,15:00,6R ダ1900 白川郷ステークス 3勝クラス WIN5 15:00,1,サンセットブライト,40,51,41.7,0,,,,60.3,14,,,S,AA,B,https://umatoku.hochi.co.jp/data/race/07263406/previous,PASS_EMBEDDED_JSON
2026-08-30,中京,6,202607030406,07263406,15:00,6R ダ1900 白川郷ステークス 3勝クラス WIN5 15:00,2,ペンナヴェローチェ,48.1,56,50.92,0,,,,17.4,6,,,S,AA,B,https://umatoku.hochi.co.jp/data/race/07263406/previous,PASS_EMBEDDED_JSON
2026-08-30,中京,6,202607030406,07263406,15:00,6R ダ1900 白川郷ステークス 3勝クラス WIN5 15:00,3,ダンツシタン,51.4,54,47.18,0,,,,5.5,2,,,S,AA,B,https://umatoku.hochi.co.jp/data/race/07263406/previous,PASS_EMBEDDED_JSON
2026-08-30,中京,6,202607030406,07263406,15:00,6R ダ1900 白川郷ステークス 3勝クラス WIN5 15:00,4,ビップスコーピオン,35,49,45.6,0,,,,33.3,12,,,S,AA,B,https://umatoku.hochi.co.jp/data/race/07263406/previous,PASS_EMBEDDED_JSON
2026-08-30,中京,6,202607030406,07263406,15:00,6R ダ1900 白川郷ステークス 3勝クラス WIN5 15:00,5,シャルクハフト,51,58,53.31,2,,,,57,13,,,S,AA,B,https://umatoku.hochi.co.jp/data/race/07263406/previous,PASS_EMBEDDED_JSON
2026-08-30,中京,6,202607030406,07263406,15:00,6R ダ1900 白川郷ステークス 3勝クラス WIN5 15:00,6,ビービークローサー,72.9,67,55.18,0,,,,1.9,1,,,S,AA,B,https://umatoku.hochi.co.jp/data/race/07263406/previous,PASS_EMBEDDED_JSON
2026-08-30,中京,6,202607030406,07263406,15:00,6R ダ1900 白川郷ステークス 3勝クラス WIN5 15:00,7,タイセイカイザー,48,56,50.06,0,,,,26.3,10,,,S,AA,B,https://umatoku.hochi.co.jp/data/race/07263406/previous,PASS_EMBEDDED_JSON
2026-08-30,中京,6,202607030406,07263406,15:00,6R ダ1900 白川郷ステークス 3勝クラス WIN5 15:00,8,インザモーメント,52,59,51.69,4,,,,30.6,11,,,S,AA,B,https://umatoku.hochi.co.jp/data/race/07263406/previous,PASS_EMBEDDED_JSON
2026-08-30,中京,6,202607030406,07263406,15:00,6R ダ1900 白川郷ステークス 3勝クラス WIN5 15:00,9,リューデスハイム,56.1,60.6,51.67,0,,,,14.1,5,,,S,AA,B,https://umatoku.hochi.co.jp/data/race/07263406/previous,PASS_EMBEDDED_JSON
2026-08-30,中京,6,202607030406,07263406,15:00,6R ダ1900 白川郷ステークス 3勝クラス WIN5 15:00,10,インジケーター,42,53,36.98,0,,,,83.6,16,,,S,AA,B,https://umatoku.hochi.co.jp/data/race/07263406/previous,PASS_EMBEDDED_JSON
2026-08-30,中京,6,202607030406,07263406,15:00,6R ダ1900 白川郷ステークス 3勝クラス WIN5 15:00,11,フームスムート,35,48,38.37,0,,,,78.7,15,,,S,AA,B,https://umatoku.hochi.co.jp/data/race/07263406/previous,PASS_EMBEDDED_JSON
2026-08-30,中京,6,202607030406,07263406,15:00,6R ダ1900 白川郷ステークス 3勝クラス WIN5 15:00,12,クァンタムウェーブ,48,56,48.81,0,,,,18.2,8,,,S,AA,B,https://umatoku.hochi.co.jp/data/race/07263406/previous,PASS_EMBEDDED_JSON
2026-08-30,中京,6,202607030406,07263406,15:00,6R ダ1900 白川郷ステークス 3勝クラス WIN5 15:00,13,メイショウシナノ,55,61,52.67,3,,,,22.4,9,,,S,AA,B,https://umatoku.hochi.co.jp/data/race/07263406/previous,PASS_EMBEDDED_JSON
2026-08-30,中京,6,202607030406,07263406,15:00,6R ダ1900 白川郷ステークス 3勝クラス WIN5 15:00,14,レヴァンテシチー,51.1,57.2,50.05,0,,,,11.8,4,,,S,AA,B,https://umatoku.hochi.co.jp/data/race/07263406/previous,PASS_EMBEDDED_JSON
2026-08-30,中京,6,202607030406,07263406,15:00,6R ダ1900 白川郷ステークス 3勝クラス WIN5 15:00,15,キーチパルフェ,50.1,57.9,49.04,0,,,,17.7,7,,,S,AA,B,https://umatoku.hochi.co.jp/data/race/07263406/previous,PASS_EMBEDDED_JSON
2026-08-30,中京,6,202607030406,07263406,15:00,6R ダ1900 白川郷ステークス 3勝クラス WIN5 15:00,16,ゴッドエスパーダ,68.2,66.3,55.94,0,,,,11,3,,,S,AA,B,https://umatoku.hochi.co.jp/data/race/07263406/previous,PASS_EMBEDDED_JSON
2026-08-30,中京,7,202607030407,07263407,15:35,7R 芝1400 中京２歳Ｓ・Ｇ３ WIN5 15:35,1,ピコキング,36,19,36.91,0,,,,29.1,9,,,C,AA,AA,https://umatoku.hochi.co.jp/data/race/07263407/previous,PASS_EMBEDDED_JSON
2026-08-30,中京,7,202607030407,07263407,15:35,7R 芝1400 中京２歳Ｓ・Ｇ３ WIN5 15:35,2,バクソウシャチョウ,52,40,51.3,3,,,,17.5,6,,,C,AA,AA,https://umatoku.hochi.co.jp/data/race/07263407/previous,PASS_EMBEDDED_JSON
2026-08-30,中京,7,202607030407,07263407,15:35,7R 芝1400 中京２歳Ｓ・Ｇ３ WIN5 15:35,3,サンタンジェロ,56.5,43.1,53.91,0,,,,3.3,2,,,C,AA,AA,https://umatoku.hochi.co.jp/data/race/07263407/previous,PASS_EMBEDDED_JSON
2026-08-30,中京,7,202607030407,07263407,15:35,7R 芝1400 中京２歳Ｓ・Ｇ３ WIN5 15:35,4,シスキンブルーム,62.2,46,52.89,2,,,,6.6,4,,,C,AA,AA,https://umatoku.hochi.co.jp/data/race/07263407/previous,PASS_EMBEDDED_JSON
2026-08-30,中京,7,202607030407,07263407,15:35,7R 芝1400 中京２歳Ｓ・Ｇ３ WIN5 15:35,5,マルモリムソウ,45.1,34,47.9,0,,,,14,5,,,C,AA,AA,https://umatoku.hochi.co.jp/data/race/07263407/previous,PASS_EMBEDDED_JSON
2026-08-30,中京,7,202607030407,07263407,15:35,7R 芝1400 中京２歳Ｓ・Ｇ３ WIN5 15:35,6,ジャスパートレノ,46,35,49.15,0,,,,23,7,,,C,AA,AA,https://umatoku.hochi.co.jp/data/race/07263407/previous,PASS_EMBEDDED_JSON
2026-08-30,中京,7,202607030407,07263407,15:35,7R 芝1400 中京２歳Ｓ・Ｇ３ WIN5 15:35,7,ビスケットサンド,54.4,41.1,52.82,0,,,,3.7,3,,,C,AA,AA,https://umatoku.hochi.co.jp/data/race/07263407/previous,PASS_EMBEDDED_JSON
2026-08-30,中京,7,202607030407,07263407,15:35,7R 芝1400 中京２歳Ｓ・Ｇ３ WIN5 15:35,8,ピコジャック,36,19,39.29,0,,,,25.1,8,,,C,AA,AA,https://umatoku.hochi.co.jp/data/race/07263407/previous,PASS_EMBEDDED_JSON
2026-08-30,中京,7,202607030407,07263407,15:35,7R 芝1400 中京２歳Ｓ・Ｇ３ WIN5 15:35,9,ジーティーマイカ,62.6,51,56.04,1,,,,2.6,1,,,C,AA,AA,https://umatoku.hochi.co.jp/data/race/07263407/previous,PASS_EMBEDDED_JSON
2026-08-30,中京,8,202607030408,07263408,16:10,8R 芝2200 熊野特別 2勝クラス 16:10,1,ブレットパス,67.6,59.1,53.55,0,,,,3,1,,,C,A,S,https://umatoku.hochi.co.jp/data/race/07263408/previous,PASS_EMBEDDED_JSON
2026-08-30,中京,8,202607030408,07263408,16:10,8R 芝2200 熊野特別 2勝クラス 16:10,2,サガルマータ,59.3,55,52.6,3,,,,5.4,4,,,C,A,S,https://umatoku.hochi.co.jp/data/race/07263408/previous,PASS_EMBEDDED_JSON
2026-08-30,中京,8,202607030408,07263408,16:10,8R 芝2200 熊野特別 2勝クラス 16:10,3,ノチェセラーダ,60.3,56,51.81,0,,,,5.3,3,,,C,A,S,https://umatoku.hochi.co.jp/data/race/07263408/previous,PASS_EMBEDDED_JSON
2026-08-30,中京,8,202607030408,07263408,16:10,8R 芝2200 熊野特別 2勝クラス 16:10,4,ショウナンハウル,42,49,43.34,0,,,,99.8,15,,,C,A,S,https://umatoku.hochi.co.jp/data/race/07263408/previous,PASS_EMBEDDED_JSON
2026-08-30,中京,8,202607030408,07263408,16:10,8R 芝2200 熊野特別 2勝クラス 16:10,5,ソルパッサーレ,45,49.4,49.52,0,,,,25,8,,,C,A,S,https://umatoku.hochi.co.jp/data/race/07263408/previous,PASS_EMBEDDED_JSON
2026-08-30,中京,8,202607030408,07263408,16:10,8R 芝2200 熊野特別 2勝クラス 16:10,6,ニュークレド,47,52,50.91,4,,,,18.3,6,,,C,A,S,https://umatoku.hochi.co.jp/data/race/07263408/previous,PASS_EMBEDDED_JSON
2026-08-30,中京,8,202607030408,07263408,16:10,8R 芝2200 熊野特別 2勝クラス 16:10,7,カフジエメンタール,66.4,60,51.34,0,,,,4,2,,,C,A,S,https://umatoku.hochi.co.jp/data/race/07263408/previous,PASS_EMBEDDED_JSON
2026-08-30,中京,8,202607030408,07263408,16:10,8R 芝2200 熊野特別 2勝クラス 16:10,8,ヤマニンループ,47,51,40.23,0,,,,56.4,13,,,C,A,S,https://umatoku.hochi.co.jp/data/race/07263408/previous,PASS_EMBEDDED_JSON
2026-08-30,中京,8,202607030408,07263408,16:10,8R 芝2200 熊野特別 2勝クラス 16:10,9,ジェットブレード,36,46,42.93,0,,,,52.8,12,,,C,A,S,https://umatoku.hochi.co.jp/data/race/07263408/previous,PASS_EMBEDDED_JSON
2026-08-30,中京,8,202607030408,07263408,16:10,8R 芝2200 熊野特別 2勝クラス 16:10,10,シャドウマスター,41.1,48.8,50.01,0,,,,11.5,5,,,C,A,S,https://umatoku.hochi.co.jp/data/race/07263408/previous,PASS_EMBEDDED_JSON
2026-08-30,中京,8,202607030408,07263408,16:10,8R 芝2200 熊野特別 2勝クラス 16:10,11,ビップチェイス,54,56.1,48.11,0,,,,66,14,,,C,A,S,https://umatoku.hochi.co.jp/data/race/07263408/previous,PASS_EMBEDDED_JSON
2026-08-30,中京,8,202607030408,07263408,16:10,8R 芝2200 熊野特別 2勝クラス 16:10,12,スイートオレンジ,45,50,46.87,0,,,,30.2,11,,,C,A,S,https://umatoku.hochi.co.jp/data/race/07263408/previous,PASS_EMBEDDED_JSON
2026-08-30,中京,8,202607030408,07263408,16:10,8R 芝2200 熊野特別 2勝クラス 16:10,13,オルトパラティウム,59,59,55.8,2,,,,26.8,9,,,C,A,S,https://umatoku.hochi.co.jp/data/race/07263408/previous,PASS_EMBEDDED_JSON
2026-08-30,中京,8,202607030408,07263408,16:10,8R 芝2200 熊野特別 2勝クラス 16:10,14,ジュンライデン,38,47,48.23,0,,,,28.7,10,,,C,A,S,https://umatoku.hochi.co.jp/data/race/07263408/previous,PASS_EMBEDDED_JSON
2026-08-30,中京,8,202607030408,07263408,16:10,8R 芝2200 熊野特別 2勝クラス 16:10,15,メイショウナルカミ,44,50,46.7,0,,,,20.7,7,,,C,A,S,https://umatoku.hochi.co.jp/data/race/07263408/previous,PASS_EMBEDDED_JSON
2026-08-30,中京,9,202607030409,07263409,16:45,9R ダ1800 ３歳未勝利(無料開放レース) 16:45,1,ベリベリハッピー,41,19,44.4,0,,,,50.8,13,,,S,C,S,https://umatoku.hochi.co.jp/data/race/07263409/previous,PASS_EMBEDDED_JSON
2026-08-30,中京,9,202607030409,07263409,16:45,9R ダ1800 ３歳未勝利(無料開放レース) 16:45,2,スプレンドーレ,53,18,45.86,0,,,,24.6,9,,,S,C,S,https://umatoku.hochi.co.jp/data/race/07263409/previous,PASS_EMBEDDED_JSON
2026-08-30,中京,9,202607030409,07263409,16:45,9R ダ1800 ３歳未勝利(無料開放レース) 16:45,3,キミガスキダ,63.2,34,55.82,2,,,,6.6,4,,,S,C,S,https://umatoku.hochi.co.jp/data/race/07263409/previous,PASS_EMBEDDED_JSON
2026-08-30,中京,9,202607030409,07263409,16:45,9R ダ1800 ３歳未勝利(無料開放レース) 16:45,4,オーブフレッシュ,46,24,49.7,0,,,,27.9,10,,,S,C,S,https://umatoku.hochi.co.jp/data/race/07263409/previous,PASS_EMBEDDED_JSON
2026-08-30,中京,9,202607030409,07263409,16:45,9R ダ1800 ３歳未勝利(無料開放レース) 16:45,5,タマモパルファン,41,20,45.31,0,,,,64.1,15,,,S,C,S,https://umatoku.hochi.co.jp/data/race/07263409/previous,PASS_EMBEDDED_JSON
2026-08-30,中京,9,202607030409,07263409,16:45,9R ダ1800 ３歳未勝利(無料開放レース) 16:45,6,タガノアルテミス,63.4,34.1,56.03,0,,,,3.4,2,,,S,C,S,https://umatoku.hochi.co.jp/data/race/07263409/previous,PASS_EMBEDDED_JSON
2026-08-30,中京,9,202607030409,07263409,16:45,9R ダ1800 ３歳未勝利(無料開放レース) 16:45,7,ダノンプレリュード,44,18,48.27,0,,,,20.6,8,,,S,C,S,https://umatoku.hochi.co.jp/data/race/07263409/previous,PASS_EMBEDDED_JSON
2026-08-30,中京,9,202607030409,07263409,16:45,9R ダ1800 ３歳未勝利(無料開放レース) 16:45,8,アンヌグロース,40,19,47.43,0,,,,42.5,11,,,S,C,S,https://umatoku.hochi.co.jp/data/race/07263409/previous,PASS_EMBEDDED_JSON
2026-08-30,中京,9,202607030409,07263409,16:45,9R ダ1800 ３歳未勝利(無料開放レース) 16:45,9,スマイルガーデン,43,16,45.98,0,,,,19.2,7,,,S,C,S,https://umatoku.hochi.co.jp/data/race/07263409/previous,PASS_EMBEDDED_JSON
2026-08-30,中京,9,202607030409,07263409,16:45,9R ダ1800 ３歳未勝利(無料開放レース) 16:45,10,アキノビューティー,65.3,37,56.93,0,,,,5,3,,,S,C,S,https://umatoku.hochi.co.jp/data/race/07263409/previous,PASS_EMBEDDED_JSON
2026-08-30,中京,9,202607030409,07263409,16:45,9R ダ1800 ３歳未勝利(無料開放レース) 16:45,11,スマートエトワール,51,29,53.6,0,,,,59.7,14,,,S,C,S,https://umatoku.hochi.co.jp/data/race/07263409/previous,PASS_EMBEDDED_JSON
2026-08-30,中京,9,202607030409,07263409,16:45,9R ダ1800 ３歳未勝利(無料開放レース) 16:45,12,ローズラフィネ,65.5,32,52.98,0,,,,3.1,1,,,S,C,S,https://umatoku.hochi.co.jp/data/race/07263409/previous,PASS_EMBEDDED_JSON
2026-08-30,中京,9,202607030409,07263409,16:45,9R ダ1800 ３歳未勝利(無料開放レース) 16:45,13,バトルセレーネ,36,14,46.12,0,,,,42.9,12,,,S,C,S,https://umatoku.hochi.co.jp/data/race/07263409/previous,PASS_EMBEDDED_JSON
2026-08-30,中京,9,202607030409,07263409,16:45,9R ダ1800 ３歳未勝利(無料開放レース) 16:45,14,レウコテア,44,21,49.86,4,,,,19.2,6,,,S,C,S,https://umatoku.hochi.co.jp/data/race/07263409/previous,PASS_EMBEDDED_JSON
2026-08-30,中京,9,202607030409,07263409,16:45,9R ダ1800 ３歳未勝利(無料開放レース) 16:45,15,ラミアスペランツァ,56,29.1,53.17,3,,,,15.9,5,,,S,C,S,https://umatoku.hochi.co.jp/data/race/07263409/previous,PASS_EMBEDDED_JSON
2026-08-30,中京,10,202607030410,07263410,17:15,10R 芝2000 ３歳上１勝クラス 17:15,1,リアルセンター,55,46,52.22,2,,,,21.8,8,,,A,AA,A,https://umatoku.hochi.co.jp/data/race/07263410/previous,PASS_EMBEDDED_JSON
2026-08-30,中京,10,202607030410,07263410,17:15,10R 芝2000 ３歳上１勝クラス 17:15,2,エテルノレガーメ,49.1,42.5,52.08,0,,,,14.9,6,,,A,AA,A,https://umatoku.hochi.co.jp/data/race/07263410/previous,PASS_EMBEDDED_JSON
2026-08-30,中京,10,202607030410,07263410,17:15,10R 芝2000 ３歳上１勝クラス 17:15,3,サイモンノーブル,32,32,40.11,0,,,,35.2,9,,,A,AA,A,https://umatoku.hochi.co.jp/data/race/07263410/previous,PASS_EMBEDDED_JSON
2026-08-30,中京,10,202607030410,07263410,17:15,10R 芝2000 ３歳上１勝クラス 17:15,4,バーバラップ,48,43,52.13,3,,,,18.9,7,,,A,AA,A,https://umatoku.hochi.co.jp/data/race/07263410/previous,PASS_EMBEDDED_JSON
2026-08-30,中京,10,202607030410,07263410,17:15,10R 芝2000 ３歳上１勝クラス 17:15,5,バークシャーシチー,54,44.8,50.65,0,,,,12.6,5,,,A,AA,A,https://umatoku.hochi.co.jp/data/race/07263410/previous,PASS_EMBEDDED_JSON
2026-08-30,中京,10,202607030410,07263410,17:15,10R 芝2000 ３歳上１勝クラス 17:15,6,レッドヴァリアート,60.3,47,51.05,0,,,,4.8,3,,,A,AA,A,https://umatoku.hochi.co.jp/data/race/07263410/previous,PASS_EMBEDDED_JSON
2026-08-30,中京,10,202607030410,07263410,17:15,10R 芝2000 ３歳上１勝クラス 17:15,7,シュエットアムール,37,36,43.74,0,,,,44.3,10,,,A,AA,A,https://umatoku.hochi.co.jp/data/race/07263410/previous,PASS_EMBEDDED_JSON
2026-08-30,中京,10,202607030410,07263410,17:15,10R 芝2000 ３歳上１勝クラス 17:15,8,ゼンノインヴォーク,65.4,51,49.29,0,,,,3.5,2,,,A,AA,A,https://umatoku.hochi.co.jp/data/race/07263410/previous,PASS_EMBEDDED_JSON
2026-08-30,中京,10,202607030410,07263410,17:15,10R 芝2000 ３歳上１勝クラス 17:15,9,ロードメルヴェイユ,45.1,40.7,51.23,0,,,,7.6,4,,,A,AA,A,https://umatoku.hochi.co.jp/data/race/07263410/previous,PASS_EMBEDDED_JSON
2026-08-30,中京,10,202607030410,07263410,17:15,10R 芝2000 ３歳上１勝クラス 17:15,10,ロードスタニング,57.7,42.2,51.22,0,,,,2.3,1,,,A,AA,A,https://umatoku.hochi.co.jp/data/race/07263410/previous,PASS_EMBEDDED_JSON
2026-08-30,中京,11,202607030411,07263411,17:45,11R 芝1400 ３歳未勝利 17:45,1,プリモマーレ,26,15,35.68,0,,,,33.9,11,,,A,A,S,https://umatoku.hochi.co.jp/data/race/07263411/previous,PASS_EMBEDDED_JSON
2026-08-30,中京,11,202607030411,07263411,17:45,11R 芝1400 ３歳未勝利 17:45,2,トウカイジーク,55,41,51.72,0,,,,25.8,8,,,A,A,S,https://umatoku.hochi.co.jp/data/race/07263411/previous,PASS_EMBEDDED_JSON
2026-08-30,中京,11,202607030411,07263411,17:45,11R 芝1400 ３歳未勝利 17:45,3,シャンデリュイーズ,42,32,42.7,0,,,,39.3,14,,,A,A,S,https://umatoku.hochi.co.jp/data/race/07263411/previous,PASS_EMBEDDED_JSON
2026-08-30,中京,11,202607030411,07263411,17:45,11R 芝1400 ３歳未勝利 17:45,4,メイショウトライオ,26,15,27.98,0,,,,78,17,,,A,A,S,https://umatoku.hochi.co.jp/data/race/07263411/previous,PASS_EMBEDDED_JSON
2026-08-30,中京,11,202607030411,07263411,17:45,11R 芝1400 ３歳未勝利 17:45,5,バルフルール,54.1,43.3,54.63,3,,,,11.6,5,,,A,A,S,https://umatoku.hochi.co.jp/data/race/07263411/previous,PASS_EMBEDDED_JSON
2026-08-30,中京,11,202607030411,07263411,17:45,11R 芝1400 ３歳未勝利 17:45,6,ルーセントムーン,47,37,42.97,0,,,,108.2,18,,,A,A,S,https://umatoku.hochi.co.jp/data/race/07263411/previous,PASS_EMBEDDED_JSON
2026-08-30,中京,11,202607030411,07263411,17:45,11R 芝1400 ３歳未勝利 17:45,7,ハピネスサンライズ,55,43.4,53.03,4,,,,14.4,7,,,A,A,S,https://umatoku.hochi.co.jp/data/race/07263411/previous,PASS_EMBEDDED_JSON
2026-08-30,中京,11,202607030411,07263411,17:45,11R 芝1400 ３歳未勝利 17:45,8,スイートポメロ,54,43,43.51,0,,,,49.4,16,,,A,A,S,https://umatoku.hochi.co.jp/data/race/07263411/previous,PASS_EMBEDDED_JSON
2026-08-30,中京,11,202607030411,07263411,17:45,11R 芝1400 ３歳未勝利 17:45,9,デルニエジョイ,51,39,52.42,0,,,,35.2,13,,,A,A,S,https://umatoku.hochi.co.jp/data/race/07263411/previous,PASS_EMBEDDED_JSON
2026-08-30,中京,11,202607030411,07263411,17:45,11R 芝1400 ３歳未勝利 17:45,10,プリュスエクラ,48,38,47.88,0,,,,29.5,10,,,A,A,S,https://umatoku.hochi.co.jp/data/race/07263411/previous,PASS_EMBEDDED_JSON
2026-08-30,中京,11,202607030411,07263411,17:45,11R 芝1400 ３歳未勝利 17:45,11,リントゥラウル,56.1,44.1,52.97,0,,,,12.2,6,,,A,A,S,https://umatoku.hochi.co.jp/data/race/07263411/previous,PASS_EMBEDDED_JSON
2026-08-30,中京,11,202607030411,07263411,17:45,11R 芝1400 ３歳未勝利 17:45,12,ナデシコザクラ,48,39,48.48,0,,,,35.1,12,,,A,A,S,https://umatoku.hochi.co.jp/data/race/07263411/previous,PASS_EMBEDDED_JSON
2026-08-30,中京,11,202607030411,07263411,17:45,11R 芝1400 ３歳未勝利 17:45,13,パトローナス,59.2,45,55.46,2,,,,6.5,4,,,A,A,S,https://umatoku.hochi.co.jp/data/race/07263411/previous,PASS_EMBEDDED_JSON
2026-08-30,中京,11,202607030411,07263411,17:45,11R 芝1400 ３歳未勝利 17:45,14,モカプウイング,49,39,51.01,0,,,,26.4,9,,,A,A,S,https://umatoku.hochi.co.jp/data/race/07263411/previous,PASS_EMBEDDED_JSON
2026-08-30,中京,11,202607030411,07263411,17:45,11R 芝1400 ３歳未勝利 17:45,15,ミッキーラヴィータ,61.4,46,54.1,0,,,,3.8,1,,,A,A,S,https://umatoku.hochi.co.jp/data/race/07263411/previous,PASS_EMBEDDED_JSON
2026-08-30,中京,11,202607030411,07263411,17:45,11R 芝1400 ３歳未勝利 17:45,16,ボールドペイト,53,42,48.58,0,,,,48.3,15,,,A,A,S,https://umatoku.hochi.co.jp/data/race/07263411/previous,PASS_EMBEDDED_JSON
2026-08-30,中京,11,202607030411,07263411,17:45,11R 芝1400 ３歳未勝利 17:45,17,カルロット,58.3,42,52.19,0,,,,4.6,2,,,A,A,S,https://umatoku.hochi.co.jp/data/race/07263411/previous,PASS_EMBEDDED_JSON
2026-08-30,中京,11,202607030411,07263411,17:45,11R 芝1400 ３歳未勝利 17:45,18,エコロディアン,58.3,44,53.92,0,,,,5.5,3,,,A,A,S,https://umatoku.hochi.co.jp/data/race/07263411/previous,PASS_EMBEDDED_JSON
2026-08-30,中京,12,202607030412,07263412,18:15,12R ダ1200 ３歳上１勝クラス 18:15,1,ヴォンドゥ,61.2,49,55.44,2,,,,7.7,4,,,B,C,AA,https://umatoku.hochi.co.jp/data/race/07263412/previous,PASS_EMBEDDED_JSON
2026-08-30,中京,12,202607030412,07263412,18:15,12R ダ1200 ３歳上１勝クラス 18:15,2,オンザノアール,49.1,38,51.83,0,,,,11.5,5,,,B,C,AA,https://umatoku.hochi.co.jp/data/race/07263412/previous,PASS_EMBEDDED_JSON
2026-08-30,中京,12,202607030412,07263412,18:15,12R ダ1200 ３歳上１勝クラス 18:15,3,アーガイルショア,61.2,45,54.69,0,,,,5.3,3,,,B,C,AA,https://umatoku.hochi.co.jp/data/race/07263412/previous,PASS_EMBEDDED_JSON
2026-08-30,中京,12,202607030412,07263412,18:15,12R ダ1200 ３歳上１勝クラス 18:15,4,サヨノパララックス,47,39,49.59,0,,,,29.3,10,,,B,C,AA,https://umatoku.hochi.co.jp/data/race/07263412/previous,PASS_EMBEDDED_JSON
2026-08-30,中京,12,202607030412,07263412,18:15,12R ダ1200 ３歳上１勝クラス 18:15,5,モノノケ,44,35,44.5,0,,,,46.2,12,,,B,C,AA,https://umatoku.hochi.co.jp/data/race/07263412/previous,PASS_EMBEDDED_JSON
2026-08-30,中京,12,202607030412,07263412,18:15,12R ダ1200 ３歳上１勝クラス 18:15,6,ダノンステート,43,35,50.55,0,,,,17.6,7,,,B,C,AA,https://umatoku.hochi.co.jp/data/race/07263412/previous,PASS_EMBEDDED_JSON
2026-08-30,中京,12,202607030412,07263412,18:15,12R ダ1200 ３歳上１勝クラス 18:15,7,ミスヘンリー,44,35,49.54,0,,,,23.1,9,,,B,C,AA,https://umatoku.hochi.co.jp/data/race/07263412/previous,PASS_EMBEDDED_JSON
2026-08-30,中京,12,202607030412,07263412,18:15,12R ダ1200 ３歳上１勝クラス 18:15,8,レジェンダリーデイ,44,34,43.06,0,,,,31.7,11,,,B,C,AA,https://umatoku.hochi.co.jp/data/race/07263412/previous,PASS_EMBEDDED_JSON
2026-08-30,中京,12,202607030412,07263412,18:15,12R ダ1200 ３歳上１勝クラス 18:15,9,メラヴィリオーザ,39,33,43.3,0,,,,50.6,13,,,B,C,AA,https://umatoku.hochi.co.jp/data/race/07263412/previous,PASS_EMBEDDED_JSON
2026-08-30,中京,12,202607030412,07263412,18:15,12R ダ1200 ３歳上１勝クラス 18:15,10,グラスゴー,51,41.1,52.95,3,,,,18.5,8,,,B,C,AA,https://umatoku.hochi.co.jp/data/race/07263412/previous,PASS_EMBEDDED_JSON
2026-08-30,中京,12,202607030412,07263412,18:15,12R ダ1200 ３歳上１勝クラス 18:15,11,ヒルノプーリア,68.5,52.8,58.08,0,,,,3.3,2,,,B,C,AA,https://umatoku.hochi.co.jp/data/race/07263412/previous,PASS_EMBEDDED_JSON
2026-08-30,中京,12,202607030412,07263412,18:15,12R ダ1200 ３歳上１勝クラス 18:15,12,ラヴネヴァーダイズ,66.4,49.2,56.46,0,,,,3.2,1,,,B,C,AA,https://umatoku.hochi.co.jp/data/race/07263412/previous,PASS_EMBEDDED_JSON
2026-08-30,中京,12,202607030412,07263412,18:15,12R ダ1200 ３歳上１勝クラス 18:15,13,タイセイブロウ,50,38.9,51.26,0,,,,17.2,6,,,B,C,AA,https://umatoku.hochi.co.jp/data/race/07263412/previous,PASS_EMBEDDED_JSON
2026-08-30,中京,12,202607030412,07263412,18:15,12R ダ1200 ３歳上１勝クラス 18:15,14,パワポケビー,35,29,46.55,0,,,,52.1,14,,,B,C,AA,https://umatoku.hochi.co.jp/data/race/07263412/previous,PASS_EMBEDDED_JSON
2026-08-30,札幌,1,202601020401,01262401,10:00,1R ダ1700 ３歳未勝利 10:00,1,タガノシルフィー,62.3,48,54.85,0,,,,3.9,1,,,S,D,S,https://umatoku.hochi.co.jp/data/race/01262401/previous,PASS_EMBEDDED_JSON
2026-08-30,札幌,1,202601020401,01262401,10:00,1R ダ1700 ３歳未勝利 10:00,2,マーゴットクリュグ,55.1,45.1,56.26,2,,,,11.5,7,,,S,D,S,https://umatoku.hochi.co.jp/data/race/01262401/previous,PASS_EMBEDDED_JSON
2026-08-30,札幌,1,202601020401,01262401,10:00,1R ダ1700 ３歳未勝利 10:00,3,ゴーゴーエイミー,24,13,34.45,0,,,,29.3,11,,,S,D,S,https://umatoku.hochi.co.jp/data/race/01262401/previous,PASS_EMBEDDED_JSON
2026-08-30,札幌,1,202601020401,01262401,10:00,1R ダ1700 ３歳未勝利 10:00,4,テンレッドサン,52.1,39,51.94,0,,,,8.4,5,,,S,D,S,https://umatoku.hochi.co.jp/data/race/01262401/previous,PASS_EMBEDDED_JSON
2026-08-30,札幌,1,202601020401,01262401,10:00,1R ダ1700 ３歳未勝利 10:00,5,サンセリテ,49,30,45.7,0,,,,11.4,6,,,S,D,S,https://umatoku.hochi.co.jp/data/race/01262401/previous,PASS_EMBEDDED_JSON
2026-08-30,札幌,1,202601020401,01262401,10:00,1R ダ1700 ３歳未勝利 10:00,6,ビレッジルイーザ,52,40,51.69,0,,,,15.6,9,,,S,D,S,https://umatoku.hochi.co.jp/data/race/01262401/previous,PASS_EMBEDDED_JSON
2026-08-30,札幌,1,202601020401,01262401,10:00,1R ダ1700 ３歳未勝利 10:00,7,エリカビアリッツ,60.2,43,52.22,0,,,,6,3,,,S,D,S,https://umatoku.hochi.co.jp/data/race/01262401/previous,PASS_EMBEDDED_JSON
2026-08-30,札幌,1,202601020401,01262401,10:00,1R ダ1700 ３歳未勝利 10:00,8,タガノラヴズワン,42,33,47.14,0,,,,29.9,12,,,S,D,S,https://umatoku.hochi.co.jp/data/race/01262401/previous,PASS_EMBEDDED_JSON
2026-08-30,札幌,1,202601020401,01262401,10:00,1R ダ1700 ３歳未勝利 10:00,9,セントピュアベース,45,36,48.53,0,,,,46.7,14,,,S,D,S,https://umatoku.hochi.co.jp/data/race/01262401/previous,PASS_EMBEDDED_JSON
2026-08-30,札幌,1,202601020401,01262401,10:00,1R ダ1700 ３歳未勝利 10:00,10,モンテパステル,42,15,40.26,0,,,,46.2,13,,,S,D,S,https://umatoku.hochi.co.jp/data/race/01262401/previous,PASS_EMBEDDED_JSON
2026-08-30,札幌,1,202601020401,01262401,10:00,1R ダ1700 ３歳未勝利 10:00,11,ウォータースパウト,59.2,45,53.79,0,,,,5.7,2,,,S,D,S,https://umatoku.hochi.co.jp/data/race/01262401/previous,PASS_EMBEDDED_JSON
2026-08-30,札幌,1,202601020401,01262401,10:00,1R ダ1700 ３歳未勝利 10:00,12,ブライトエンジェル,58.2,46,55.77,3,,,,7,4,,,S,D,S,https://umatoku.hochi.co.jp/data/race/01262401/previous,PASS_EMBEDDED_JSON
2026-08-30,札幌,1,202601020401,01262401,10:00,1R ダ1700 ３歳未勝利 10:00,13,ジーティービキニ,53,44,55.08,0,,,,16,10,,,S,D,S,https://umatoku.hochi.co.jp/data/race/01262401/previous,PASS_EMBEDDED_JSON
2026-08-30,札幌,1,202601020401,01262401,10:00,1R ダ1700 ３歳未勝利 10:00,14,コイバナ,48.1,39,55.45,0,,,,12.3,8,,,S,D,S,https://umatoku.hochi.co.jp/data/race/01262401/previous,PASS_EMBEDDED_JSON
2026-08-30,札幌,2,202601020402,01262402,10:30,2R 芝1200 ２歳未勝利 10:30,1,アワードリームス,39,15,43.45,0,,,,35.7,11,,,B,A,AA,https://umatoku.hochi.co.jp/data/race/01262402/previous,PASS_EMBEDDED_JSON
2026-08-30,札幌,2,202601020402,01262402,10:30,2R 芝1200 ２歳未勝利 10:30,2,ヴィヴィアンリーチ,50,29,52.63,3,,,,17.6,7,,,B,A,AA,https://umatoku.hochi.co.jp/data/race/01262402/previous,PASS_EMBEDDED_JSON
2026-08-30,札幌,2,202601020402,01262402,10:30,2R 芝1200 ２歳未勝利 10:30,3,ショパンコンクール,52,30,53.64,2,,,,16.1,6,,,B,A,AA,https://umatoku.hochi.co.jp/data/race/01262402/previous,PASS_EMBEDDED_JSON
2026-08-30,札幌,2,202601020402,01262402,10:30,2R 芝1200 ２歳未勝利 10:30,4,トスカ,45,24,51.51,0,,,,26.7,9,,,B,A,AA,https://umatoku.hochi.co.jp/data/race/01262402/previous,PASS_EMBEDDED_JSON
2026-08-30,札幌,2,202601020402,01262402,10:30,2R 芝1200 ２歳未勝利 10:30,5,ミハテヌユメ,48,23,49.68,0,,,,27.1,10,,,B,A,AA,https://umatoku.hochi.co.jp/data/race/01262402/previous,PASS_EMBEDDED_JSON
2026-08-30,札幌,2,202601020402,01262402,10:30,2R 芝1200 ２歳未勝利 10:30,6,キャンドル,39,16,47.38,0,,,,21.7,8,,,B,A,AA,https://umatoku.hochi.co.jp/data/race/01262402/previous,PASS_EMBEDDED_JSON
2026-08-30,札幌,2,202601020402,01262402,10:30,2R 芝1200 ２歳未勝利 10:30,7,ゲームチェンジャー,40,18,41.06,0,,,,51.1,14,,,B,A,AA,https://umatoku.hochi.co.jp/data/race/01262402/previous,PASS_EMBEDDED_JSON
2026-08-30,札幌,2,202601020402,01262402,10:30,2R 芝1200 ２歳未勝利 10:30,8,アルテクィーン,66.3,40,57.39,0,,,,4.5,2,,,B,A,AA,https://umatoku.hochi.co.jp/data/race/01262402/previous,PASS_EMBEDDED_JSON
2026-08-30,札幌,2,202601020402,01262402,10:30,2R 芝1200 ２歳未勝利 10:30,9,パーフェクトゲーム,51.1,31,51.78,0,,,,7.7,4,,,B,A,AA,https://umatoku.hochi.co.jp/data/race/01262402/previous,PASS_EMBEDDED_JSON
2026-08-30,札幌,2,202601020402,01262402,10:30,2R 芝1200 ２歳未勝利 10:30,10,アスコットペスカ,38,15,43.31,0,,,,50.1,13,,,B,A,AA,https://umatoku.hochi.co.jp/data/race/01262402/previous,PASS_EMBEDDED_JSON
2026-08-30,札幌,2,202601020402,01262402,10:30,2R 芝1200 ２歳未勝利 10:30,11,インサイドストーム,43,21,48.16,0,,,,44.5,12,,,B,A,AA,https://umatoku.hochi.co.jp/data/race/01262402/previous,PASS_EMBEDDED_JSON
2026-08-30,札幌,2,202601020402,01262402,10:30,2R 芝1200 ２歳未勝利 10:30,12,ソニックアイル,64.5,42,55.08,1,,,,2.8,1,,,B,A,AA,https://umatoku.hochi.co.jp/data/race/01262402/previous,PASS_EMBEDDED_JSON
2026-08-30,札幌,2,202601020402,01262402,10:30,2R 芝1200 ２歳未勝利 10:30,13,ギャルズマインド,60.1,29.1,52.33,0,,,,7.8,5,,,B,A,AA,https://umatoku.hochi.co.jp/data/race/01262402/previous,PASS_EMBEDDED_JSON
2026-08-30,札幌,2,202601020402,01262402,10:30,2R 芝1200 ２歳未勝利 10:30,14,トーセンルルド,64.2,35,55.22,0,,,,5.2,3,,,B,A,AA,https://umatoku.hochi.co.jp/data/race/01262402/previous,PASS_EMBEDDED_JSON
2026-08-30,札幌,3,202601020403,01262403,11:00,3R ダ1700 ３歳未勝利 11:00,1,ペガサスウィンド,61.3,40,54.7,0,,,,4.1,2,,,A,C,S,https://umatoku.hochi.co.jp/data/race/01262403/previous,PASS_EMBEDDED_JSON
2026-08-30,札幌,3,202601020403,01262403,11:00,3R ダ1700 ３歳未勝利 11:00,2,サクセスブルー,51.1,34.1,48.65,0,,,,7.1,4,,,A,C,S,https://umatoku.hochi.co.jp/data/race/01262403/previous,PASS_EMBEDDED_JSON
2026-08-30,札幌,3,202601020403,01262403,11:00,3R ダ1700 ３歳未勝利 11:00,3,ラスターヴァース,44,30,46.99,0,,,,29.6,10,,,A,C,S,https://umatoku.hochi.co.jp/data/race/01262403/previous,PASS_EMBEDDED_JSON
2026-08-30,札幌,3,202601020403,01262403,11:00,3R ダ1700 ３歳未勝利 11:00,4,ポップアップ,65.4,44,59.06,0,,,,3.6,1,,,A,C,S,https://umatoku.hochi.co.jp/data/race/01262403/previous,PASS_EMBEDDED_JSON
2026-08-30,札幌,3,202601020403,01262403,11:00,3R ダ1700 ３歳未勝利 11:00,5,デルマテイネ,43,30,44.89,0,,,,45.9,13,,,A,C,S,https://umatoku.hochi.co.jp/data/race/01262403/previous,PASS_EMBEDDED_JSON
2026-08-30,札幌,3,202601020403,01262403,11:00,3R ダ1700 ３歳未勝利 11:00,6,ヨドノサファイア,48,34,50.53,0,,,,31,11,,,A,C,S,https://umatoku.hochi.co.jp/data/race/01262403/previous,PASS_EMBEDDED_JSON
2026-08-30,札幌,3,202601020403,01262403,11:00,3R ダ1700 ３歳未勝利 11:00,7,チャーチルデュース,63.1,35.3,52.27,3,,,,7.3,5,,,A,C,S,https://umatoku.hochi.co.jp/data/race/01262403/previous,PASS_EMBEDDED_JSON
2026-08-30,札幌,3,202601020403,01262403,11:00,3R ダ1700 ３歳未勝利 11:00,8,サンエンジェルス,57,38,53.4,2,,,,15.7,7,,,A,C,S,https://umatoku.hochi.co.jp/data/race/01262403/previous,PASS_EMBEDDED_JSON
2026-08-30,札幌,3,202601020403,01262403,11:00,3R ダ1700 ３歳未勝利 11:00,9,モンテール,43.1,29,45.37,0,,,,11.7,6,,,A,C,S,https://umatoku.hochi.co.jp/data/race/01262403/previous,PASS_EMBEDDED_JSON
2026-08-30,札幌,3,202601020403,01262403,11:00,3R ダ1700 ３歳未勝利 11:00,10,ミアエッテ,30,20,42.48,0,,,,37.5,12,,,A,C,S,https://umatoku.hochi.co.jp/data/race/01262403/previous,PASS_EMBEDDED_JSON
2026-08-30,札幌,3,202601020403,01262403,11:00,3R ダ1700 ３歳未勝利 11:00,11,ダンツアラーム,38,27,44.15,0,,,,47.1,14,,,A,C,S,https://umatoku.hochi.co.jp/data/race/01262403/previous,PASS_EMBEDDED_JSON
2026-08-30,札幌,3,202601020403,01262403,11:00,3R ダ1700 ３歳未勝利 11:00,12,クリコイーコ,48,30,46.95,0,,,,28.8,9,,,A,C,S,https://umatoku.hochi.co.jp/data/race/01262403/previous,PASS_EMBEDDED_JSON
2026-08-30,札幌,3,202601020403,01262403,11:00,3R ダ1700 ３歳未勝利 11:00,13,ジャストグレース,53,35,51.51,0,,,,17.3,8,,,A,C,S,https://umatoku.hochi.co.jp/data/race/01262403/previous,PASS_EMBEDDED_JSON
2026-08-30,札幌,3,202601020403,01262403,11:00,3R ダ1700 ３歳未勝利 11:00,14,ホウオウファラオ,55.2,35.1,53.37,0,,,,5.5,3,,,A,C,S,https://umatoku.hochi.co.jp/data/race/01262403/previous,PASS_EMBEDDED_JSON
2026-08-30,札幌,4,202601020404,01262404,11:30,4R 芝2000 ３歳未勝利 11:30,1,ダイシンパルス,38,34,46.43,0,,,,51.2,15,,,B,A,S,https://umatoku.hochi.co.jp/data/race/01262404/previous,PASS_EMBEDDED_JSON
2026-08-30,札幌,4,202601020404,01262404,11:30,4R 芝2000 ３歳未勝利 11:30,2,ジリアート,53,38.1,50.85,4,,,,18.1,7,,,B,A,S,https://umatoku.hochi.co.jp/data/race/01262404/previous,PASS_EMBEDDED_JSON
2026-08-30,札幌,4,202601020404,01262404,11:30,4R 芝2000 ３歳未勝利 11:30,3,コスモヘリアンサス,42,35,49.23,0,,,,27.7,11,,,B,A,S,https://umatoku.hochi.co.jp/data/race/01262404/previous,PASS_EMBEDDED_JSON
2026-08-30,札幌,4,202601020404,01262404,11:30,4R 芝2000 ３歳未勝利 11:30,4,デルマフジ,59.3,42,53.7,0,,,,4.5,3,,,B,A,S,https://umatoku.hochi.co.jp/data/race/01262404/previous,PASS_EMBEDDED_JSON
2026-08-30,札幌,4,202601020404,01262404,11:30,4R 芝2000 ３歳未勝利 11:30,5,イデアジュアンイハ,40,35,41.34,0,,,,102.9,16,,,B,A,S,https://umatoku.hochi.co.jp/data/race/01262404/previous,PASS_EMBEDDED_JSON
2026-08-30,札幌,4,202601020404,01262404,11:30,4R 芝2000 ３歳未勝利 11:30,6,ギオンバヤシ,71.3,43,56.79,0,,,,4.2,1,,,B,A,S,https://umatoku.hochi.co.jp/data/race/01262404/previous,PASS_EMBEDDED_JSON
2026-08-30,札幌,4,202601020404,01262404,11:30,4R 芝2000 ３歳未勝利 11:30,7,ワダツミ,48,37,52.31,2,,,,23.5,9,,,B,A,S,https://umatoku.hochi.co.jp/data/race/01262404/previous,PASS_EMBEDDED_JSON
2026-08-30,札幌,4,202601020404,01262404,11:30,4R 芝2000 ３歳未勝利 11:30,8,ネクストドア,40,35,46.29,0,,,,30.6,12,,,B,A,S,https://umatoku.hochi.co.jp/data/race/01262404/previous,PASS_EMBEDDED_JSON
2026-08-30,札幌,4,202601020404,01262404,11:30,4R 芝2000 ３歳未勝利 11:30,9,コスモクラシック,60.2,42.1,51.58,0,,,,4.2,2,,,B,A,S,https://umatoku.hochi.co.jp/data/race/01262404/previous,PASS_EMBEDDED_JSON
2026-08-30,札幌,4,202601020404,01262404,11:30,4R 芝2000 ３歳未勝利 11:30,10,メイショウライガ,58.2,41,52.25,3,,,,7.8,5,,,B,A,S,https://umatoku.hochi.co.jp/data/race/01262404/previous,PASS_EMBEDDED_JSON
2026-08-30,札幌,4,202601020404,01262404,11:30,4R 芝2000 ３歳未勝利 11:30,11,アート,49,38,48.22,0,,,,21.9,8,,,B,A,S,https://umatoku.hochi.co.jp/data/race/01262404/previous,PASS_EMBEDDED_JSON
2026-08-30,札幌,4,202601020404,01262404,11:30,4R 芝2000 ３歳未勝利 11:30,12,カリドーラ,53,39.1,49.28,0,,,,24,10,,,B,A,S,https://umatoku.hochi.co.jp/data/race/01262404/previous,PASS_EMBEDDED_JSON
2026-08-30,札幌,4,202601020404,01262404,11:30,4R 芝2000 ３歳未勝利 11:30,13,ロックフラワー,30,30,44.02,0,,,,35,13,,,B,A,S,https://umatoku.hochi.co.jp/data/race/01262404/previous,PASS_EMBEDDED_JSON
2026-08-30,札幌,4,202601020404,01262404,11:30,4R 芝2000 ３歳未勝利 11:30,14,インテンスゲイズ,54,40,50.37,0,,,,18.1,6,,,B,A,S,https://umatoku.hochi.co.jp/data/race/01262404/previous,PASS_EMBEDDED_JSON
2026-08-30,札幌,4,202601020404,01262404,11:30,4R 芝2000 ３歳未勝利 11:30,15,エイシンリーガル,49,39,51.13,0,,,,35.2,14,,,B,A,S,https://umatoku.hochi.co.jp/data/race/01262404/previous,PASS_EMBEDDED_JSON
2026-08-30,札幌,4,202601020404,01262404,11:30,4R 芝2000 ３歳未勝利 11:30,16,メイショウローゼ,54.1,39,49.82,0,,,,7.4,4,,,B,A,S,https://umatoku.hochi.co.jp/data/race/01262404/previous,PASS_EMBEDDED_JSON
2026-08-30,札幌,5,202601020405,01262405,12:20,5R 芝1800 ２歳新馬 12:20,1,コスモノーチラス,43,20.4,42.69,3,,,,13,5,,,C,AA,B,https://umatoku.hochi.co.jp/data/race/01262405/previous,PASS_EMBEDDED_JSON
2026-08-30,札幌,5,202601020405,01262405,12:20,5R 芝1800 ２歳新馬 12:20,2,アイアムイガイニモ,44,20.1,41.64,0,,,,13.9,7,,,C,AA,B,https://umatoku.hochi.co.jp/data/race/01262405/previous,PASS_EMBEDDED_JSON
2026-08-30,札幌,5,202601020405,01262405,12:20,5R 芝1800 ２歳新馬 12:20,3,ヴァンクライ,72.6,50.5,59.45,5,,,,2.1,1,,,C,AA,B,https://umatoku.hochi.co.jp/data/race/01262405/previous,PASS_EMBEDDED_JSON
2026-08-30,札幌,5,202601020405,01262405,12:20,5R 芝1800 ２歳新馬 12:20,4,コーズウルルン,43,20.2,42.15,0,,,,13.8,6,,,C,AA,B,https://umatoku.hochi.co.jp/data/race/01262405/previous,PASS_EMBEDDED_JSON
2026-08-30,札幌,5,202601020405,01262405,12:20,5R 芝1800 ２歳新馬 12:20,5,トーセンイルン,54.1,43.8,55.73,0,,,,6.9,3,,,C,AA,B,https://umatoku.hochi.co.jp/data/race/01262405/previous,PASS_EMBEDDED_JSON
2026-08-30,札幌,5,202601020405,01262405,12:20,5R 芝1800 ２歳新馬 12:20,6,イルリサット,54.4,42.3,54.51,0,,,,3,2,,,C,AA,B,https://umatoku.hochi.co.jp/data/race/01262405/previous,PASS_EMBEDDED_JSON
2026-08-30,札幌,5,202601020405,01262405,12:20,5R 芝1800 ２歳新馬 12:20,7,ゴルタン,43,20,40.21,0,,,,18.1,8,,,C,AA,B,https://umatoku.hochi.co.jp/data/race/01262405/previous,PASS_EMBEDDED_JSON
2026-08-30,札幌,5,202601020405,01262405,12:20,5R 芝1800 ２歳新馬 12:20,8,トワイライトローズ,48.1,31.3,48.01,2,,,,7.3,4,,,C,AA,B,https://umatoku.hochi.co.jp/data/race/01262405/previous,PASS_EMBEDDED_JSON
2026-08-30,札幌,6,202601020406,01262406,12:50,6R ダ1700 ３歳上１勝クラス 12:50,1,クロミ,38,20,38.33,0,,,,46.9,11,,,C,AA,AA,https://umatoku.hochi.co.jp/data/race/01262406/previous,PASS_EMBEDDED_JSON
2026-08-30,札幌,6,202601020406,01262406,12:50,6R ダ1700 ３歳上１勝クラス 12:50,2,ルージュリヴィエラ,48.1,41,52.89,0,,,,13.2,7,,,C,AA,AA,https://umatoku.hochi.co.jp/data/race/01262406/previous,PASS_EMBEDDED_JSON
2026-08-30,札幌,6,202601020406,01262406,12:50,6R ダ1700 ３歳上１勝クラス 12:50,3,ライラックデューン,49,40,49.71,0,,,,22.1,8,,,C,AA,AA,https://umatoku.hochi.co.jp/data/race/01262406/previous,PASS_EMBEDDED_JSON
2026-08-30,札幌,6,202601020406,01262406,12:50,6R ダ1700 ３歳上１勝クラス 12:50,4,サイモンイロハニー,45,35,52.18,0,,,,30.7,9,,,C,AA,AA,https://umatoku.hochi.co.jp/data/race/01262406/previous,PASS_EMBEDDED_JSON
2026-08-30,札幌,6,202601020406,01262406,12:50,6R ダ1700 ３歳上１勝クラス 12:50,5,サマースプラッシュ,43,31,41.83,0,,,,46.9,12,,,C,AA,AA,https://umatoku.hochi.co.jp/data/race/01262406/previous,PASS_EMBEDDED_JSON
2026-08-30,札幌,6,202601020406,01262406,12:50,6R ダ1700 ３歳上１勝クラス 12:50,6,デルマサクラサク,51.2,47.2,55.22,0,,,,6.1,3,,,C,AA,AA,https://umatoku.hochi.co.jp/data/race/01262406/previous,PASS_EMBEDDED_JSON
2026-08-30,札幌,6,202601020406,01262406,12:50,6R ダ1700 ３歳上１勝クラス 12:50,7,タイセイルビー,51.1,44,53.21,2,,,,12.3,6,,,C,AA,AA,https://umatoku.hochi.co.jp/data/race/01262406/previous,PASS_EMBEDDED_JSON
2026-08-30,札幌,6,202601020406,01262406,12:50,6R ダ1700 ３歳上１勝クラス 12:50,8,ヤマヤロード,41,26,40.59,0,,,,33.5,10,,,C,AA,AA,https://umatoku.hochi.co.jp/data/race/01262406/previous,PASS_EMBEDDED_JSON
2026-08-30,札幌,6,202601020406,01262406,12:50,6R ダ1700 ３歳上１勝クラス 12:50,9,ウィンターガーデン,51.1,47,53.16,3,,,,11.9,4,,,C,AA,AA,https://umatoku.hochi.co.jp/data/race/01262406/previous,PASS_EMBEDDED_JSON
2026-08-30,札幌,6,202601020406,01262406,12:50,6R ダ1700 ３歳上１勝クラス 12:50,10,ヴェールミューズ,52,42,52.11,0,,,,12.2,5,,,C,AA,AA,https://umatoku.hochi.co.jp/data/race/01262406/previous,PASS_EMBEDDED_JSON
2026-08-30,札幌,6,202601020406,01262406,12:50,6R ダ1700 ３歳上１勝クラス 12:50,11,スリーケイ,53.3,47.1,54.6,0,,,,4,2,,,C,AA,AA,https://umatoku.hochi.co.jp/data/race/01262406/previous,PASS_EMBEDDED_JSON
2026-08-30,札幌,6,202601020406,01262406,12:50,6R ダ1700 ３歳上１勝クラス 12:50,12,ルージュボニート,78.6,54,58.06,5,,,,2.2,1,,,C,AA,AA,https://umatoku.hochi.co.jp/data/race/01262406/previous,PASS_EMBEDDED_JSON
2026-08-30,札幌,7,202601020407,01262407,13:20,7R ダ1000 ３歳上１勝クラス 13:20,1,ブライアーヒル,47,37.1,49.75,0,,,,32.4,11,,,S,C,S,https://umatoku.hochi.co.jp/data/race/01262407/previous,PASS_EMBEDDED_JSON
2026-08-30,札幌,7,202601020407,01262407,13:20,7R ダ1000 ３歳上１勝クラス 13:20,2,カップッチョ,38,31,38.59,0,,,,32.7,12,,,S,C,S,https://umatoku.hochi.co.jp/data/race/01262407/previous,PASS_EMBEDDED_JSON
2026-08-30,札幌,7,202601020407,01262407,13:20,7R ダ1000 ３歳上１勝クラス 13:20,3,ヨドノゴールド,65.4,44,47.47,0,,,,3.5,2,,,S,C,S,https://umatoku.hochi.co.jp/data/race/01262407/previous,PASS_EMBEDDED_JSON
2026-08-30,札幌,7,202601020407,01262407,13:20,7R ダ1000 ３歳上１勝クラス 13:20,4,アスコットアイ,46,34,46.9,0,,,,22.1,10,,,S,C,S,https://umatoku.hochi.co.jp/data/race/01262407/previous,PASS_EMBEDDED_JSON
2026-08-30,札幌,7,202601020407,01262407,13:20,7R ダ1000 ３歳上１勝クラス 13:20,5,ラスベガスサイン,37,30,47.89,0,,,,13.2,5,,,S,C,S,https://umatoku.hochi.co.jp/data/race/01262407/previous,PASS_EMBEDDED_JSON
2026-08-30,札幌,7,202601020407,01262407,13:20,7R ダ1000 ３歳上１勝クラス 13:20,6,セイウンバジリスク,52.2,37,53.32,0,,,,5.7,3,,,S,C,S,https://umatoku.hochi.co.jp/data/race/01262407/previous,PASS_EMBEDDED_JSON
2026-08-30,札幌,7,202601020407,01262407,13:20,7R ダ1000 ３歳上１勝クラス 13:20,7,ステラノヴァ,41,33,44.61,0,,,,19.1,8,,,S,C,S,https://umatoku.hochi.co.jp/data/race/01262407/previous,PASS_EMBEDDED_JSON
2026-08-30,札幌,7,202601020407,01262407,13:20,7R ダ1000 ３歳上１勝クラス 13:20,8,ワイドデコラシオン,68.4,45,54.82,0,,,,2.9,1,,,S,C,S,https://umatoku.hochi.co.jp/data/race/01262407/previous,PASS_EMBEDDED_JSON
2026-08-30,札幌,7,202601020407,01262407,13:20,7R ダ1000 ３歳上１勝クラス 13:20,9,セイルロケット,47,34,44.14,0,,,,16.1,7,,,S,C,S,https://umatoku.hochi.co.jp/data/race/01262407/previous,PASS_EMBEDDED_JSON
2026-08-30,札幌,7,202601020407,01262407,13:20,7R ダ1000 ３歳上１勝クラス 13:20,10,スパークルジョイ,46,36,49.97,3,,,,19.2,9,,,S,C,S,https://umatoku.hochi.co.jp/data/race/01262407/previous,PASS_EMBEDDED_JSON
2026-08-30,札幌,7,202601020407,01262407,13:20,7R ダ1000 ３歳上１勝クラス 13:20,11,プルミエールパス,60.1,43,48.66,0,,,,8.4,4,,,S,C,S,https://umatoku.hochi.co.jp/data/race/01262407/previous,PASS_EMBEDDED_JSON
2026-08-30,札幌,7,202601020407,01262407,13:20,7R ダ1000 ３歳上１勝クラス 13:20,12,メイショウハッブル,53,39,53,2,,,,13.6,6,,,S,C,S,https://umatoku.hochi.co.jp/data/race/01262407/previous,PASS_EMBEDDED_JSON
2026-08-30,札幌,8,202601020408,01262408,13:50,8R 芝1500 ３歳上１勝クラス(無料開放レース) 13:50,1,ハネマン,35,31,40.9,0,,,,52.2,14,,,S,C,S,https://umatoku.hochi.co.jp/data/race/01262408/previous,PASS_EMBEDDED_JSON
2026-08-30,札幌,8,202601020408,01262408,13:50,8R 芝1500 ３歳上１勝クラス(無料開放レース) 13:50,2,メメボス,53,41,44.59,0,,,,35.8,10,,,S,C,S,https://umatoku.hochi.co.jp/data/race/01262408/previous,PASS_EMBEDDED_JSON
2026-08-30,札幌,8,202601020408,01262408,13:50,8R 芝1500 ３歳上１勝クラス(無料開放レース) 13:50,3,トリスティ,46,39,42.14,0,,,,30.7,9,,,S,C,S,https://umatoku.hochi.co.jp/data/race/01262408/previous,PASS_EMBEDDED_JSON
2026-08-30,札幌,8,202601020408,01262408,13:50,8R 芝1500 ３歳上１勝クラス(無料開放レース) 13:50,4,クラウンアールシー,35,29,36.21,0,,,,39.2,12,,,S,C,S,https://umatoku.hochi.co.jp/data/race/01262408/previous,PASS_EMBEDDED_JSON
2026-08-30,札幌,8,202601020408,01262408,13:50,8R 芝1500 ３歳上１勝クラス(無料開放レース) 13:50,5,ユーティジャーニー,62.2,46,52.94,2,,,,5.8,4,,,S,C,S,https://umatoku.hochi.co.jp/data/race/01262408/previous,PASS_EMBEDDED_JSON
2026-08-30,札幌,8,202601020408,01262408,13:50,8R 芝1500 ３歳上１勝クラス(無料開放レース) 13:50,6,ファンクション,58.4,43.2,52,0,,,,3.3,1,,,S,C,S,https://umatoku.hochi.co.jp/data/race/01262408/previous,PASS_EMBEDDED_JSON
2026-08-30,札幌,8,202601020408,01262408,13:50,8R 芝1500 ３歳上１勝クラス(無料開放レース) 13:50,7,テンユウ,44,37,50.4,0,,,,13.7,5,,,S,C,S,https://umatoku.hochi.co.jp/data/race/01262408/previous,PASS_EMBEDDED_JSON
2026-08-30,札幌,8,202601020408,01262408,13:50,8R 芝1500 ３歳上１勝クラス(無料開放レース) 13:50,8,トクシージェネラル,46,39,47.94,0,,,,38.4,11,,,S,C,S,https://umatoku.hochi.co.jp/data/race/01262408/previous,PASS_EMBEDDED_JSON
2026-08-30,札幌,8,202601020408,01262408,13:50,8R 芝1500 ３歳上１勝クラス(無料開放レース) 13:50,9,メイショウホダワラ,46,35,44.56,0,,,,17.2,6,,,S,C,S,https://umatoku.hochi.co.jp/data/race/01262408/previous,PASS_EMBEDDED_JSON
2026-08-30,札幌,8,202601020408,01262408,13:50,8R 芝1500 ３歳上１勝クラス(無料開放レース) 13:50,10,スタードメイソン,54,45,52.06,3,,,,26.7,8,,,S,C,S,https://umatoku.hochi.co.jp/data/race/01262408/previous,PASS_EMBEDDED_JSON
2026-08-30,札幌,8,202601020408,01262408,13:50,8R 芝1500 ３歳上１勝クラス(無料開放レース) 13:50,11,ドラリズム,50,41.1,49.7,0,,,,22,7,,,S,C,S,https://umatoku.hochi.co.jp/data/race/01262408/previous,PASS_EMBEDDED_JSON
2026-08-30,札幌,8,202601020408,01262408,13:50,8R 芝1500 ３歳上１勝クラス(無料開放レース) 13:50,12,ネッタイヤライ,66.3,50,54.8,0,,,,3.6,2,,,S,C,S,https://umatoku.hochi.co.jp/data/race/01262408/previous,PASS_EMBEDDED_JSON
2026-08-30,札幌,8,202601020408,01262408,13:50,8R 芝1500 ３歳上１勝クラス(無料開放レース) 13:50,13,シェーンルスカ,41,36,37.01,0,,,,43.7,13,,,S,C,S,https://umatoku.hochi.co.jp/data/race/01262408/previous,PASS_EMBEDDED_JSON
2026-08-30,札幌,8,202601020408,01262408,13:50,8R 芝1500 ３歳上１勝クラス(無料開放レース) 13:50,14,ルクスアドラー,64.2,50.1,52.96,0,,,,4.2,3,,,S,C,S,https://umatoku.hochi.co.jp/data/race/01262408/previous,PASS_EMBEDDED_JSON
2026-08-30,札幌,9,202601020409,01262409,14:20,9R ダ1700 ３歳上１勝クラス 14:20,1,マテンロウカナロア,55.2,46.2,52.18,3,,,,6.2,5,,,B,D,A,https://umatoku.hochi.co.jp/data/race/01262409/previous,PASS_EMBEDDED_JSON
2026-08-30,札幌,9,202601020409,01262409,14:20,9R ダ1700 ３歳上１勝クラス 14:20,2,ウヌボレヤサン,30,25,38.77,0,,,,31.3,10,,,B,D,A,https://umatoku.hochi.co.jp/data/race/01262409/previous,PASS_EMBEDDED_JSON
2026-08-30,札幌,9,202601020409,01262409,14:20,9R ダ1700 ３歳上１勝クラス 14:20,3,フクシマブリルハム,43,37.2,49.77,0,,,,25.3,8,,,B,D,A,https://umatoku.hochi.co.jp/data/race/01262409/previous,PASS_EMBEDDED_JSON
2026-08-30,札幌,9,202601020409,01262409,14:20,9R ダ1700 ３歳上１勝クラス 14:20,4,ステラデルークス,56.2,45,54.08,0,,,,5.2,3,,,B,D,A,https://umatoku.hochi.co.jp/data/race/01262409/previous,PASS_EMBEDDED_JSON
2026-08-30,札幌,9,202601020409,01262409,14:20,9R ダ1700 ３歳上１勝クラス 14:20,5,ホウオウバローロ,50.1,43,46.06,0,,,,12.6,6,,,B,D,A,https://umatoku.hochi.co.jp/data/race/01262409/previous,PASS_EMBEDDED_JSON
2026-08-30,札幌,9,202601020409,01262409,14:20,9R ダ1700 ３歳上１勝クラス 14:20,6,デルマホダカ,45,35,48.99,0,,,,35.6,11,,,B,D,A,https://umatoku.hochi.co.jp/data/race/01262409/previous,PASS_EMBEDDED_JSON
2026-08-30,札幌,9,202601020409,01262409,14:20,9R ダ1700 ３歳上１勝クラス 14:20,7,イサギ,48,40,51.03,0,,,,20.8,7,,,B,D,A,https://umatoku.hochi.co.jp/data/race/01262409/previous,PASS_EMBEDDED_JSON
2026-08-30,札幌,9,202601020409,01262409,14:20,9R ダ1700 ３歳上１勝クラス 14:20,8,サマーナイト,60.3,48,55.07,0,,,,3.9,2,,,B,D,A,https://umatoku.hochi.co.jp/data/race/01262409/previous,PASS_EMBEDDED_JSON
2026-08-30,札幌,9,202601020409,01262409,14:20,9R ダ1700 ３歳上１勝クラス 14:20,9,チェイサー,64.3,52,55.14,2,,,,5.3,4,,,B,D,A,https://umatoku.hochi.co.jp/data/race/01262409/previous,PASS_EMBEDDED_JSON
2026-08-30,札幌,9,202601020409,01262409,14:20,9R ダ1700 ３歳上１勝クラス 14:20,10,ブリオメンテ,59.4,46,54.69,0,,,,3.3,1,,,B,D,A,https://umatoku.hochi.co.jp/data/race/01262409/previous,PASS_EMBEDDED_JSON
2026-08-30,札幌,9,202601020409,01262409,14:20,9R ダ1700 ３歳上１勝クラス 14:20,11,シックスパック,40,34,40.05,0,,,,26.1,9,,,B,D,A,https://umatoku.hochi.co.jp/data/race/01262409/previous,PASS_EMBEDDED_JSON
2026-08-30,札幌,10,202601020410,01262410,14:50,10R 芝1200 ＨＢＣ賞 2勝クラス 14:50,1,カガラプンツェル,60,56,53.16,2,,,,24.9,11,,,S,D,A,https://umatoku.hochi.co.jp/data/race/01262410/previous,PASS_EMBEDDED_JSON
2026-08-30,札幌,10,202601020410,01262410,14:50,10R 芝1200 ＨＢＣ賞 2勝クラス 14:50,2,ショウナンカリス,49.1,52.1,53,3,,,,13.6,6,,,S,D,A,https://umatoku.hochi.co.jp/data/race/01262410/previous,PASS_EMBEDDED_JSON
2026-08-30,札幌,10,202601020410,01262410,14:50,10R 芝1200 ＨＢＣ賞 2勝クラス 14:50,3,バシレウスシチー,46,51,43.61,0,,,,15.1,9,,,S,D,A,https://umatoku.hochi.co.jp/data/race/01262410/previous,PASS_EMBEDDED_JSON
2026-08-30,札幌,10,202601020410,01262410,14:50,10R 芝1200 ＨＢＣ賞 2勝クラス 14:50,4,ルージュベルベット,63,57,48.71,0,,,,13.7,7,,,S,D,A,https://umatoku.hochi.co.jp/data/race/01262410/previous,PASS_EMBEDDED_JSON
2026-08-30,札幌,10,202601020410,01262410,14:50,10R 芝1200 ＨＢＣ賞 2勝クラス 14:50,5,スイミーユニバンス,50,52,51.71,0,,,,22.1,10,,,S,D,A,https://umatoku.hochi.co.jp/data/race/01262410/previous,PASS_EMBEDDED_JSON
2026-08-30,札幌,10,202601020410,01262410,14:50,10R 芝1200 ＨＢＣ賞 2勝クラス 14:50,6,コックオーヴァン,30,46,42.8,0,,,,55.3,14,,,S,D,A,https://umatoku.hochi.co.jp/data/race/01262410/previous,PASS_EMBEDDED_JSON
2026-08-30,札幌,10,202601020410,01262410,14:50,10R 芝1200 ＨＢＣ賞 2勝クラス 14:50,7,セイウンデセオ,58.1,56.1,54.53,0,,,,8.6,3,,,S,D,A,https://umatoku.hochi.co.jp/data/race/01262410/previous,PASS_EMBEDDED_JSON
2026-08-30,札幌,10,202601020410,01262410,14:50,10R 芝1200 ＨＢＣ賞 2勝クラス 14:50,8,ムチャスグラシアス,31,46,40.68,0,,,,78.8,16,,,S,D,A,https://umatoku.hochi.co.jp/data/race/01262410/previous,PASS_EMBEDDED_JSON
2026-08-30,札幌,10,202601020410,01262410,14:50,10R 芝1200 ＨＢＣ賞 2勝クラス 14:50,9,プレセピオ,48.1,47.2,52.18,4,,,,11.8,5,,,S,D,A,https://umatoku.hochi.co.jp/data/race/01262410/previous,PASS_EMBEDDED_JSON
2026-08-30,札幌,10,202601020410,01262410,14:50,10R 芝1200 ＨＢＣ賞 2勝クラス 14:50,10,ララバニュルス,52.1,53.3,49.42,0,,,,14.9,8,,,S,D,A,https://umatoku.hochi.co.jp/data/race/01262410/previous,PASS_EMBEDDED_JSON
2026-08-30,札幌,10,202601020410,01262410,14:50,10R 芝1200 ＨＢＣ賞 2勝クラス 14:50,11,ファビュラススター,52,53.1,47.52,0,,,,26.6,12,,,S,D,A,https://umatoku.hochi.co.jp/data/race/01262410/previous,PASS_EMBEDDED_JSON
2026-08-30,札幌,10,202601020410,01262410,14:50,10R 芝1200 ＨＢＣ賞 2勝クラス 14:50,12,デンプシー,57.4,54,49.37,0,,,,3.3,1,,,S,D,A,https://umatoku.hochi.co.jp/data/race/01262410/previous,PASS_EMBEDDED_JSON
2026-08-30,札幌,10,202601020410,01262410,14:50,10R 芝1200 ＨＢＣ賞 2勝クラス 14:50,13,フミサウンド,43,50,46.89,0,,,,34.8,13,,,S,D,A,https://umatoku.hochi.co.jp/data/race/01262410/previous,PASS_EMBEDDED_JSON
2026-08-30,札幌,10,202601020410,01262410,14:50,10R 芝1200 ＨＢＣ賞 2勝クラス 14:50,14,ホウオウブースター,43,51,49.48,0,,,,63.5,15,,,S,D,A,https://umatoku.hochi.co.jp/data/race/01262410/previous,PASS_EMBEDDED_JSON
2026-08-30,札幌,10,202601020410,01262410,14:50,10R 芝1200 ＨＢＣ賞 2勝クラス 14:50,15,シーグルロス,54.1,53.2,52.14,0,,,,9.1,4,,,S,D,A,https://umatoku.hochi.co.jp/data/race/01262410/previous,PASS_EMBEDDED_JSON
2026-08-30,札幌,10,202601020410,01262410,14:50,10R 芝1200 ＨＢＣ賞 2勝クラス 14:50,16,サトノワーグナー,64.3,55.1,49.94,0,,,,4,2,,,S,D,A,https://umatoku.hochi.co.jp/data/race/01262410/previous,PASS_EMBEDDED_JSON
2026-08-30,札幌,11,202601020411,01262411,15:25,11R 芝1500 日高ステークス 3勝クラス WIN5 15:25,1,アンビバレント,39,50,45.95,0,,,,23.4,10,,,S,D,S,https://umatoku.hochi.co.jp/data/race/01262411/previous,PASS_EMBEDDED_JSON
2026-08-30,札幌,11,202601020411,01262411,15:25,11R 芝1500 日高ステークス 3勝クラス WIN5 15:25,2,ワタシマツワ,52,58.1,52.77,3,,,,26.3,12,,,S,D,S,https://umatoku.hochi.co.jp/data/race/01262411/previous,PASS_EMBEDDED_JSON
2026-08-30,札幌,11,202601020411,01262411,15:25,11R 芝1500 日高ステークス 3勝クラス WIN5 15:25,3,マジックローズ,60.1,62,51.2,0,,,,8.8,6,,,S,D,S,https://umatoku.hochi.co.jp/data/race/01262411/previous,PASS_EMBEDDED_JSON
2026-08-30,札幌,11,202601020411,01262411,15:25,11R 芝1500 日高ステークス 3勝クラス WIN5 15:25,4,エフォートレス,55,58.2,51.64,0,,,,8.7,5,,,S,D,S,https://umatoku.hochi.co.jp/data/race/01262411/previous,PASS_EMBEDDED_JSON
2026-08-30,札幌,11,202601020411,01262411,15:25,11R 芝1500 日高ステークス 3勝クラス WIN5 15:25,5,リゾートアイランド,43,47.4,47.54,0,,,,12,7,,,S,D,S,https://umatoku.hochi.co.jp/data/race/01262411/previous,PASS_EMBEDDED_JSON
2026-08-30,札幌,11,202601020411,01262411,15:25,11R 芝1500 日高ステークス 3勝クラス WIN5 15:25,6,エマヌエーレ,55,60,52.78,2,,,,14.4,8,,,S,D,S,https://umatoku.hochi.co.jp/data/race/01262411/previous,PASS_EMBEDDED_JSON
2026-08-30,札幌,11,202601020411,01262411,15:25,11R 芝1500 日高ステークス 3勝クラス WIN5 15:25,7,サクセスアイ,36,48,44.61,0,,,,50.3,14,,,S,D,S,https://umatoku.hochi.co.jp/data/race/01262411/previous,PASS_EMBEDDED_JSON
2026-08-30,札幌,11,202601020411,01262411,15:25,11R 芝1500 日高ステークス 3勝クラス WIN5 15:25,8,トラペジスト,37,47.4,46.66,0,,,,27.1,13,,,S,D,S,https://umatoku.hochi.co.jp/data/race/01262411/previous,PASS_EMBEDDED_JSON
2026-08-30,札幌,11,202601020411,01262411,15:25,11R 芝1500 日高ステークス 3勝クラス WIN5 15:25,9,ダノンミッション,64.4,60.6,52.48,0,,,,4.1,1,,,S,D,S,https://umatoku.hochi.co.jp/data/race/01262411/previous,PASS_EMBEDDED_JSON
2026-08-30,札幌,11,202601020411,01262411,15:25,11R 芝1500 日高ステークス 3勝クラス WIN5 15:25,10,エルマーゴ,60.2,58,51.49,0,,,,5.3,2,,,S,D,S,https://umatoku.hochi.co.jp/data/race/01262411/previous,PASS_EMBEDDED_JSON
2026-08-30,札幌,11,202601020411,01262411,15:25,11R 芝1500 日高ステークス 3勝クラス WIN5 15:25,11,サンタアニタ,49,56,49.83,0,,,,21.8,9,,,S,D,S,https://umatoku.hochi.co.jp/data/race/01262411/previous,PASS_EMBEDDED_JSON
2026-08-30,札幌,11,202601020411,01262411,15:25,11R 芝1500 日高ステークス 3勝クラス WIN5 15:25,12,パワーホール,41,50,44.19,0,,,,25.3,11,,,S,D,S,https://umatoku.hochi.co.jp/data/race/01262411/previous,PASS_EMBEDDED_JSON
2026-08-30,札幌,11,202601020411,01262411,15:25,11R 芝1500 日高ステークス 3勝クラス WIN5 15:25,13,モンドデラモーレ,65.2,62.1,53.73,0,,,,5.4,3,,,S,D,S,https://umatoku.hochi.co.jp/data/race/01262411/previous,PASS_EMBEDDED_JSON
2026-08-30,札幌,11,202601020411,01262411,15:25,11R 芝1500 日高ステークス 3勝クラス WIN5 15:25,14,マテンロウサン,46.1,54,48.61,0,,,,7.2,4,,,S,D,S,https://umatoku.hochi.co.jp/data/race/01262411/previous,PASS_EMBEDDED_JSON
2026-08-30,札幌,12,202601020412,01262412,16:00,12R 芝2600 北辰特別 1勝クラス 16:00,1,ノリマル,63.2,53.2,56.3,0,,,,5.9,3,,,B,A,AA,https://umatoku.hochi.co.jp/data/race/01262412/previous,PASS_EMBEDDED_JSON
2026-08-30,札幌,12,202601020412,01262412,16:00,12R 芝2600 北辰特別 1勝クラス 16:00,2,ハバタクジユウニ,47,41,47.34,0,,,,42.2,12,,,B,A,AA,https://umatoku.hochi.co.jp/data/race/01262412/previous,PASS_EMBEDDED_JSON
2026-08-30,札幌,12,202601020412,01262412,16:00,12R 芝2600 北辰特別 1勝クラス 16:00,3,モルビド,51,46,53.7,2,,,,15.3,8,,,B,A,AA,https://umatoku.hochi.co.jp/data/race/01262412/previous,PASS_EMBEDDED_JSON
2026-08-30,札幌,12,202601020412,01262412,16:00,12R 芝2600 北辰特別 1勝クラス 16:00,4,クオンタムスター,65.5,53.1,55.46,0,,,,2.6,1,,,B,A,AA,https://umatoku.hochi.co.jp/data/race/01262412/previous,PASS_EMBEDDED_JSON
2026-08-30,札幌,12,202601020412,01262412,16:00,12R 芝2600 北辰特別 1勝クラス 16:00,5,ディーリライズ,52,47.1,51.18,0,,,,13.2,7,,,B,A,AA,https://umatoku.hochi.co.jp/data/race/01262412/previous,PASS_EMBEDDED_JSON
2026-08-30,札幌,12,202601020412,01262412,16:00,12R 芝2600 北辰特別 1勝クラス 16:00,6,ミッドタウンナイト,46,42,50.04,0,,,,36.5,10,,,B,A,AA,https://umatoku.hochi.co.jp/data/race/01262412/previous,PASS_EMBEDDED_JSON
2026-08-30,札幌,12,202601020412,01262412,16:00,12R 芝2600 北辰特別 1勝クラス 16:00,7,ニューアライブ,43,40,36.86,0,,,,51.1,13,,,B,A,AA,https://umatoku.hochi.co.jp/data/race/01262412/previous,PASS_EMBEDDED_JSON
2026-08-30,札幌,12,202601020412,01262412,16:00,12R 芝2600 北辰特別 1勝クラス 16:00,8,タビニュ,44,41,44,0,,,,38,11,,,B,A,AA,https://umatoku.hochi.co.jp/data/race/01262412/previous,PASS_EMBEDDED_JSON
2026-08-30,札幌,12,202601020412,01262412,16:00,12R 芝2600 北辰特別 1勝クラス 16:00,9,シーンオブドリーム,28,25,35.81,0,,,,71,14,,,B,A,AA,https://umatoku.hochi.co.jp/data/race/01262412/previous,PASS_EMBEDDED_JSON
2026-08-30,札幌,12,202601020412,01262412,16:00,12R 芝2600 北辰特別 1勝クラス 16:00,10,ワンダフルデイズ,62.2,50.2,52.68,0,,,,5.6,2,,,B,A,AA,https://umatoku.hochi.co.jp/data/race/01262412/previous,PASS_EMBEDDED_JSON
2026-08-30,札幌,12,202601020412,01262412,16:00,12R 芝2600 北辰特別 1勝クラス 16:00,11,ディベルティスマン,41,35,45.78,0,,,,12.1,6,,,B,A,AA,https://umatoku.hochi.co.jp/data/race/01262412/previous,PASS_EMBEDDED_JSON
2026-08-30,札幌,12,202601020412,01262412,16:00,12R 芝2600 北辰特別 1勝クラス 16:00,12,テイクザクラウン,47,43,48.32,0,,,,24.5,9,,,B,A,AA,https://umatoku.hochi.co.jp/data/race/01262412/previous,PASS_EMBEDDED_JSON
2026-08-30,札幌,12,202601020412,01262412,16:00,12R 芝2600 北辰特別 1勝クラス 16:00,13,タケルフォーカス,57.1,51,51.66,3,,,,7,4,,,B,A,AA,https://umatoku.hochi.co.jp/data/race/01262412/previous,PASS_EMBEDDED_JSON
2026-08-30,札幌,12,202601020412,01262412,16:00,12R 芝2600 北辰特別 1勝クラス 16:00,14,ドンテスタマスター,54.1,48,51.34,0,,,,10.7,5,,,B,A,AA,https://umatoku.hochi.co.jp/data/race/01262412/previous,PASS_EMBEDDED_JSON
