racekey,horse_no,horse_name,popularity,popularity_band,odds_asof,ability,fortune,roi,cb,cj,da,pace_tb,training,ul_mb,market_gap,evidence_count,fatal_flags,value_grade,hole_axis_eligibility,notes
04262801,1,サトノスプレマシー,2,本命帯,3.9(基準/前日20260815T1143Z),○,○(金星+)[参考:未照合],騎手ROI参考102[RaceInput未照合],[不足],[不足],[不足],△(展開順4/差),△,[不足],-2,0,,,,
04262801,2,ユタライト,5,中穴帯,11.0(基準/前日20260815T1143Z),×,◎◎(天王星+)[参考:未照合],騎手ROI参考103[RaceInput未照合],[不足],[不足],[不足],△(展開順5/逃),△,[不足],-3,0,,,,
04262801,3,ビーズスティンガー,12,穴帯,51.4(基準/前日20260815T1143Z),×,○(天王星霊+)[参考:未照合],騎手ROI参考96[RaceInput未照合],[不足],[不足],[不足],×(展開順12/追),△,[不足],0.8,0,,,,
04262801,4,アテナブレイブ,6,中穴帯,11.6(基準/前日20260815T1143Z),○,△(木星−)[参考:未照合],騎手ROI参考100[RaceInput未照合],[不足],[不足],[不足],△(展開順6/先),△,[不足],2.2,1,,,,能力
04262801,5,アルアンダルス,9,穴帯,30.2(基準/前日20260815T1143Z),×,×(土星+)[参考:未照合],騎手ROI参考101[RaceInput未照合],[不足],[不足],[不足],△(展開順8/追),△,[不足],0.5,0,,,,
04262801,6,スケルツォテソーロ,10,穴帯,38.6(基準/前日20260815T1143Z),×,◎(火星+)[参考:未照合],騎手ROI参考102[RaceInput未照合],[不足],[不足],[不足],△(展開順9/追),×,[不足],2.3,0,,,,
04262801,7,クラオルグジェシダ,3,本命帯,8.7(基準/前日20260815T1143Z),×,○(金星霊+)[参考:未照合],騎手ROI参考97[RaceInput未照合],[不足],[不足],[不足],△(展開順7/先),△,[不足],-4.2,0,,,,
04262801,8,インサイドエッジ,1,本命帯,2.2(基準/前日20260815T1143Z),◎,○(木星霊+)[参考:未照合],騎手ROI参考102[RaceInput未照合],[不足],[不足],[不足],○(展開順1/差),△,[不足]|激印6+激走上位,-0.5,0,,,,
04262801,9,シュネーバレン,7,穴帯,12.1(基準/前日20260815T1143Z),◎,○(木星+)[参考:未照合],騎手ROI参考102[RaceInput未照合],[不足],[不足],[不足],○(展開順3/先),○,[不足]|激印2+激走上位,5.2,6,,VALUE_H1_HOLE_AXIS_RECHECK(PROV),PROVISIONAL_PENDING_GATE,能力;運勢○;展開;調教;激印2+激走上位;市場乖離+5.2
04262801,10,スターリーデー,4,中穴帯,9.0(基準/前日20260815T1143Z),△,△(天王星−)[参考:未照合],騎手ROI参考105[RaceInput未照合],[不足],[不足],[不足],○(展開順2/差),○,[不足]|激印3,-0.3,5,,,,能力;騎手ROI参考105;展開;調教;激印3
04262801,11,フランベリー,13,超穴帯,55.5(基準/前日20260815T1143Z),×,◎◎(天王星+)[参考:未照合],騎手ROI参考93[RaceInput未照合],[不足],[不足],[不足],×(展開順13/差),△,[不足],0.3,0,,,,
04262801,12,レーゲンシャウアー,11,穴帯,46.1(基準/前日20260815T1143Z),×,◎(水星+)[参考:未照合],騎手ROI参考94[RaceInput未照合],[不足],[不足],[不足],△(展開順10/追),×,[不足],0.2,0,,,,
04262801,13,トリプティーク,8,穴帯,28.7(基準/前日20260815T1143Z),×,△(木星−)[参考:未照合],騎手ROI参考93[RaceInput未照合],[不足],[不足],[不足],×(展開順11/差),△,[不足],-0.8,0,,,,
04262802,1,アグアフレスカ,12,穴帯,34.9(基準/前日20260815T1143Z),×,○(天王星霊+)[参考:未照合],騎手ROI参考96[RaceInput未照合],[不足],[不足],[不足],○(展開順11/先),△,[不足],1.2,0,,,,
04262802,2,ノブステップ,17,超穴帯,93.7(基準/前日20260815T1143Z),×,△(木星−)[参考:未照合],騎手ROI参考97[RaceInput未照合],[不足],[不足],[不足],△(展開順13/差),△,[不足],5.2,0,,,,
04262802,3,サヴマ,5,中穴帯,12.6(基準/前日20260815T1143Z),△,△(天王星−)[参考:未照合],騎手ROI参考105[RaceInput未照合],[不足],[不足],[不足],△(展開順9/差),△,[不足],-2.5,2,,,,能力;騎手ROI参考105
04262802,4,レイランディ,16,超穴帯,80.8(基準/前日20260815T1143Z),×,×(金星−)[参考:未照合],騎手ROI参考88[RaceInput未照合],[不足],[不足],[不足],×(展開順15/追),△,[不足],2.5,0,,,,
04262802,5,ベルトラッキ,4,中穴帯,12.4(基準/前日20260815T1143Z),○,×(金星霊−)[参考:未照合],騎手ROI参考93[RaceInput未照合],[不足],[不足],[不足],△(展開順6/差),○,[不足]|激印2+激走上位,0.8,3,,,,能力;調教;激印2+激走上位
04262802,6,アイスアイスベイビ,6,中穴帯,12.6(基準/前日20260815T1143Z),△,○(木星+)[参考:未照合],騎手ROI参考102[RaceInput未照合],[不足],[不足],[不足],△(展開順4/差),○,[不足],1.5,3,,VALUE_H2_STRONG_PARTNER(PROV),,能力;運勢○;調教
04262802,7,ラウターユーベル,9,穴帯,22.3(基準/前日20260815T1143Z),△,×(土星+)[参考:未照合],騎手ROI参考103[RaceInput未照合],[不足],[不足],[不足],△(展開順10/追),△,[不足]|激印3,0.8,3,,,,能力;騎手ROI参考103;激印3
04262802,8,コンティ,3,本命帯,5.2(基準/前日20260815T1143Z),△,○(木星霊+)[参考:未照合],騎手ROI参考102[RaceInput未照合],[不足],[不足],[不足],○(展開順3/差),△,[不足],-4.8,0,,,,
04262802,9,ノアソノマ,13,超穴帯,47.7(基準/前日20260815T1143Z),×,×(金星−)[参考:未照合],騎手ROI参考100[RaceInput未照合],[不足],[不足],[不足],×(展開順17/追),△,[不足],-2.7,0,,,,
04262802,10,フライングビーナス,14,超穴帯,61.1(基準/前日20260815T1143Z),×,△(木星−)[参考:未照合],騎手ROI参考104[RaceInput未照合],[不足],[不足],[不足],△(展開順12/追),△,[不足],1,0,,,,
04262802,11,シャリキモン,7,穴帯,14.6(基準/前日20260815T1143Z),△,△(木星−)[参考:未照合],騎手ROI参考100[RaceInput未照合],[不足],[不足],[不足],△(展開順7/追),△,[不足],1,1,,,,能力
04262802,12,ゴールドエンバー,8,穴帯,19.2(基準/前日20260815T1143Z),△,[不明],[不足],[不足],[不足],[不足],△(展開順8/差),○,[不足]|激印4,1.7,3,,VALUE_H2_STRONG_PARTNER(PROV),NO,能力;調教;激印4
04262802,13,ヨーゼフ,15,超穴帯,64.6(基準/前日20260815T1143Z),△,◎(水星+)[参考:未照合],騎手ROI参考94[RaceInput未照合],[不足],[不足],[不足],△(展開順5/追),△,[不足],9.3,0,,,,
04262802,14,アルティマローネ,2,本命帯,4.4(基準/前日20260815T1143Z),△,○(金星霊+)[参考:未照合],騎手ROI参考97[RaceInput未照合],[不足],[不足],[不足],○(展開順2/差),○,[不足],-2.3,0,,,,
04262802,15,ゾネブルーム,1,本命帯,3.0(基準/前日20260815T1143Z),◎,◎◎(天王星+)[参考:未照合],騎手ROI参考103[RaceInput未照合],[不足],[不足],[不足],○(展開順1/差),○,[不足]|激走上位,0,0,,,,
04262802,16,メジロピオラ,10,穴帯,24.9(基準/前日20260815T1143Z),×,◎(水星−)[参考:未照合],騎手ROI参考92[RaceInput未照合],[不足],[不足],[不足],△(展開順14/差),△,[不足],-4,0,,,,
04262802,17,コスモメイウェザー,11,穴帯,30.9(基準/前日20260815T1143Z),×,△(木星−)[参考:未照合],騎手ROI参考93[RaceInput未照合],[不足],[不足],[不足],×(展開順16/追),△,[不足],-5.2,0,,,,
04262803,1,サザンヴィターレ,7,穴帯,16.3(基準/前日20260815T1143Z),○,◎◎(天王星+)[参考:未照合],騎手ROI参考93[RaceInput未照合],[不足],[不足],[不足],△(展開順5/先),△,[不足]|激印3,3.2,4,,VALUE_H1_HOLE_AXIS_RECHECK(PROV),PROVISIONAL_PENDING_GATE,能力;運勢◎◎;激印3;市場乖離+3.2
04262803,2,ラヴァブルロマン,14,超穴帯,85.7(基準/前日20260815T1143Z),×,○(火星−)[参考:未照合],[不足],[不足],[不足],[不足],△(展開順13/差),×,[不足],3.3,0,,,,
04262803,3,ラキアーヴェ,2,本命帯,3.4(基準/前日20260815T1143Z),△,○(金星霊+)[参考:未照合],騎手ROI参考97[RaceInput未照合],[不足],[不足],[不足],×(展開順3/逃),○,[不足],-4,0,,,,
04262803,4,セイウンガジュマル,9,穴帯,22.1(基準/前日20260815T1143Z),△,○(木星+)[参考:未照合],騎手ROI参考102[RaceInput未照合],[不足],[不足],[不足],×(展開順10/逃),△,[不足],1.5,2,,,,能力;運勢○
04262803,5,パルセノスミハ,8,穴帯,18.7(基準/前日20260815T1143Z),×,×(土星+)[参考:未照合],騎手ROI参考91[RaceInput未照合],[不足],[不足],[不足],△(展開順8/差),×,[不足],-1.6,0,,,,
04262803,6,アレックスケー,1,本命帯,3.4(基準/前日20260815T1143Z),◎,×(土星+)[参考:未照合],騎手ROI参考101[RaceInput未照合],[不足],[不足],[不足],○(展開順1/差),△,[不足]|激印1+激走上位,-0.2,0,,,,
04262803,7,キュータンチャン,4,中穴帯,8.1(基準/前日20260815T1143Z),△,△(天王星−)[参考:未照合],騎手ROI参考105[RaceInput未照合],[不足],[不足],[不足],△(展開順4/差),○,[不足],-0.3,3,,,,能力;騎手ROI参考105;調教
04262803,8,イリスロッソ,3,本命帯,5.5(基準/前日20260815T1143Z),◎,△(天王星−)[参考:未照合],騎手ROI参考97[RaceInput未照合],[不足],[不足],[不足],○(展開順2/差),△,[不足]|激走上位,1,0,,,,
04262803,9,ブラボーワン,12,穴帯,44.8(基準/前日20260815T1143Z),×,△(木星−)[参考:未照合],騎手ROI参考97[RaceInput未照合],[不足],[不足],[不足],△(展開順11/追),△,[不足],0.4,0,,,,
04262803,10,マリノエスプレッソ,5,中穴帯,8.2(基準/前日20260815T1143Z),△,○(金星+)[参考:未照合],騎手ROI参考102[RaceInput未照合],[不足],[不足],[不足],×(展開順6/逃),△,[不足]|激印4,-1.2,3,,,,能力;運勢○;激印4
04262803,11,エリンヘラクレス,11,穴帯,42.4(基準/前日20260815T1143Z),×,×(金星霊−)[参考:未照合],騎手ROI参考93[RaceInput未照合],[不足],[不足],[不足],△(展開順12/差),△,[不足],-0.2,0,,,,
04262803,12,レオライジング,15,超穴帯,127.5(基準/前日20260815T1143Z),×,○(天王星霊+)[参考:未照合],騎手ROI参考96[RaceInput未照合],[不足],[不足],[不足],△(展開順14/差),△,[不足],2.5,0,,,,
04262803,13,アイアムキレマスネ,13,超穴帯,46.0(基準/前日20260815T1143Z),×,○(木星霊+)[参考:未照合],騎手ROI参考102[RaceInput未照合],[不足],[不足],[不足],△(展開順15/差),×,[不足],-0.6,0,,,,
04262803,14,リコルディオーロ,6,中穴帯,14.6(基準/前日20260815T1143Z),△,◎(火星+)[参考:未照合],騎手ROI参考102[RaceInput未照合],[不足],[不足],[不足],△(展開順7/差),△,[不足]|激印2,0.2,3,,,,能力;運勢◎;激印2
04262803,15,アップルザビート,10,穴帯,34.9(基準/前日20260815T1143Z),×,○(木星+)[参考:未照合],騎手ROI参考100[RaceInput未照合],[不足],[不足],[不足],△(展開順9/差),△,[不足],-0.2,0,,,,
04262804,1,アルティシモ,6,中穴帯,12.4(基準/前日20260815T1143Z),△,△(木星−)[参考:未照合],騎手ROI参考100[RaceInput未照合],[不足],[不足],[不足],△(展開順4/),○,[不足],1.8,2,,,,能力;調教
04262804,2,ビップラージャ,9,穴帯,27.6(基準/前日20260815T1143Z),×,×(土星+)[参考:未照合],騎手ROI参考91[RaceInput未照合],[不足],[不足],[不足],△(展開順8/),△,[不足],-1,0,,,,
04262804,3,ラヴレイン,12,穴帯,45.1(基準/前日20260815T1143Z),×,○(木星+)[参考:未照合],騎手ROI参考102[RaceInput未照合],[不足],[不足],[不足],×(展開順11/),△,[不足],1.8,0,,,,
04262804,4,ロインクロス,4,中穴帯,9.3(基準/前日20260815T1143Z),○,○(金星+)[参考:未照合],騎手ROI参考102[RaceInput未照合],[不足],[不足],[不足],△(展開順5/),○,[不足]|激印2,0,4,,,,能力;運勢○;調教;激印2
04262804,5,ヨドノプレミアム,8,穴帯,18.8(基準/前日20260815T1143Z),×,△(天王星−)[参考:未照合],騎手ROI参考97[RaceInput未照合],[不足],[不足],[不足],×(展開順13/),△,[不足],-2.2,0,,,,
04262804,6,リキマル,10,穴帯,28.9(基準/前日20260815T1143Z),×,○(天王星霊+)[参考:未照合],騎手ROI参考96[RaceInput未照合],[不足],[不足],[不足],△(展開順7/),△,[不足],3,0,,,,
04262804,7,ダノンアズール,5,中穴帯,11.5(基準/前日20260815T1143Z),△,◎◎(天王星+)[参考:未照合],騎手ROI参考103[RaceInput未照合],[不足],[不足],[不足],○(展開順3/),△,[不足]|激印3,0.6,5,,,,能力;運勢◎◎;騎手ROI参考103;展開;激印3
04262804,8,ノーブルミント,13,超穴帯,48.4(基準/前日20260815T1143Z),×,[不明],[不足],[不足],[不足],[不足],△(展開順10/),△,[不足],2.8,0,,,,
04262804,9,トップレイアー,2,本命帯,3.2(基準/前日20260815T1143Z),◎,◎(水星−)[参考:未照合],騎手ROI参考92[RaceInput未照合],[不足],[不足],[不足],○(展開順2/),○,[不足]|激印1+激走上位,0.4,0,,,,
04262804,10,パープルタウン,7,穴帯,15.1(基準/前日20260815T1143Z),×,○(木星霊+)[参考:未照合],騎手ROI参考102[RaceInput未照合],[不足],[不足],[不足],△(展開順9/),△,[不足],-1.2,0,,,,
04262804,11,マルスレジーナ,1,本命帯,2.7(基準/前日20260815T1143Z),◎,○(金星霊+)[参考:未照合],騎手ROI参考97[RaceInput未照合],[不足],[不足],[不足],○(展開順1/),○,[不足]|激印5+激走上位,-0.4,0,,,,
04262804,12,リアスブルー,3,本命帯,7.6(基準/前日20260815T1143Z),△,△(天王星−)[参考:未照合],騎手ROI参考105[RaceInput未照合],[不足],[不足],[不足],△(展開順6/),△,[不足],-2.4,0,,,,
04262804,13,コスモデュアリズム,11,穴帯,37.5(基準/前日20260815T1143Z),×,○(木星+)[参考:未照合],騎手ROI参考100[RaceInput未照合],[不足],[不足],[不足],×(展開順12/),△,[不足],1,0,,,,
04262805,1,ペプロス,10,穴帯,34.5(基準/前日20260815T1143Z),×,×(土星+)[参考:未照合],騎手ROI参考101[RaceInput未照合],[不足],[不足],[不足],×(展開順11/差),△,[不足],0.2,0,,,,
04262805,2,ビルバンテ,12,穴帯,47.1(基準/前日20260815T1143Z),×,△(木星−)[参考:未照合],騎手ROI参考97[RaceInput未照合],[不足],[不足],[不足],×(展開順12/先),×,[不足],0,0,,,,
04262805,3,クモヒトツナイ,11,穴帯,44.3(基準/前日20260815T1143Z),×,◎(火星+)[参考:未照合],騎手ROI参考102[RaceInput未照合],[不足],[不足],[不足],△(展開順8/差),△,[不足]|激印3,4.5,0,,,,
04262805,4,モントゥリエ,4,中穴帯,5.8(基準/前日20260815T1143Z),×,△(天王星−)[参考:未照合],騎手ROI参考105[RaceInput未照合],[不足],[不足],[不足],△(展開順5/差),△,[不足],-2.3,0,,,,
04262805,5,ショウナンダイン,8,穴帯,23.8(基準/前日20260815T1143Z),×,◎◎(天王星+)[参考:未照合],騎手ROI参考103[RaceInput未照合],[不足],[不足],[不足],△(展開順4/追),△,[不足]|激印2,1.7,0,,,,
04262805,6,ダノンファンスター,1,本命帯,2.3(基準/前日20260815T1143Z),○,○(金星霊+)[参考:未照合],騎手ROI参考97[RaceInput未照合],[不足],[不足],[不足],○(展開順1/差),△,[不足]|激走上位,-1.8,0,,,,
04262805,7,ケイツールピア,9,穴帯,31.8(基準/前日20260815T1143Z),×,○(木星+)[参考:未照合],騎手ROI参考100[RaceInput未照合],[不足],[不足],[不足],×(展開順10/追),△,[不足],0,0,,,,
04262805,8,コーディアリー,6,中穴帯,17.6(基準/前日20260815T1143Z),×,○(木星+)[参考:未照合],騎手ROI参考102[RaceInput未照合],[不足],[不足],[不足],△(展開順7/差),○,[不足],-0.7,0,,,,
04262805,9,コスモキャバリエ,7,穴帯,20.5(基準/前日20260815T1143Z),×,×(金星霊−)[参考:未照合],騎手ROI参考93[RaceInput未照合],[不足],[不足],[不足],△(展開順9/先),△,[不足],-0.8,0,,,,
04262805,10,キシダンチョウ,2,本命帯,4.4(基準/前日20260815T1143Z),◎,○(木星霊+)[参考:未照合],騎手ROI参考102[RaceInput未照合],[不足],[不足],[不足],○(展開順2/逃),○,[不足],0,0,,,,
04262805,11,カザンラク,3,本命帯,5.3(基準/前日20260815T1143Z),○,△(木星−)[参考:未照合],騎手ROI参考100[RaceInput未照合],[不足],[不足],[不足],○(展開順3/差),○,[不足]|激走上位,0.3,0,,,,
04262805,12,デイジー,5,中穴帯,11.3(基準/前日20260815T1143Z),△,○(金星+)[参考:未照合],騎手ROI参考102[RaceInput未照合],[不足],[不足],[不足],△(展開順6/先),○,[不足],0.7,3,,,,能力;運勢○;調教
04262806,1,トーアアイギス,10,穴帯,24.2(基準/前日20260815T1143Z),×,×(土星+)[参考:未照合],騎手ROI参考91[RaceInput未照合],[不足],[不足],[不足],△(展開順12/先),×,[不足],-2.2,0,,,,
04262806,2,リュウノタブーク,13,超穴帯,48.1(基準/前日20260815T1143Z),×,△(木星−)[参考:未照合],騎手ROI参考104[RaceInput未照合],[不足],[不足],[不足],△(展開順11/差),×,[不足],2.7,0,,,,
04262806,3,スコーピオン,11,穴帯,25.3(基準/前日20260815T1143Z),×,◎(水星+)[参考:未照合],騎手ROI参考94[RaceInput未照合],[不足],[不足],[不足],×(展開順8/逃),△,[不足],2,0,,,,
04262806,4,ショウナンラスボス,12,穴帯,28.7(基準/前日20260815T1143Z),×,◎◎(天王星+)[参考:未照合],騎手ROI参考93[RaceInput未照合],[不足],[不足],[不足],△(展開順10/差),×,[不足],2.5,0,,,,
04262806,5,エコロジーク,6,中穴帯,12.4(基準/前日20260815T1143Z),△,○(金星霊+)[参考:未照合],騎手ROI参考97[RaceInput未照合],[不足],[不足],[不足],○(展開順2/先),△,[不足],0.2,3,,,,能力;運勢○;展開
04262806,6,ベイビーキッス,2,本命帯,3.9(基準/前日20260815T1143Z),○,△(天王星−)[参考:未照合],騎手ROI参考105[RaceInput未照合],[不足],[不足],[不足],×(展開順3/逃),△,[不足],-1.7,0,,,,
04262806,7,クーデール,9,穴帯,23.0(基準/前日20260815T1143Z),△,○(木星+)[参考:未照合],騎手ROI参考102[RaceInput未照合],[不足],[不足],[不足],×(展開順5/逃),△,[不足],3,3,,VALUE_H3_THIRD_LINE_ONLY(PROV),NO,能力;運勢○;市場乖離+3
04262806,8,カウスリップ,1,本命帯,2.5(基準/前日20260815T1143Z),◎,○(木星霊+)[参考:未照合],騎手ROI参考102[RaceInput未照合],[不足],[不足],[不足],○(展開順1/先),△,[不足]|激印5+激走上位,-0.2,0,,,,
04262806,9,メイショウキルギス,8,穴帯,22.2(基準/前日20260815T1143Z),×,×(金星−)[参考:未照合],騎手ROI参考88[RaceInput未照合],[不足],[不足],[不足],×(展開順9/逃),△,[不足]|激印2,0.8,0,,,,
04262806,10,クールベイビー,3,本命帯,6.5(基準/前日20260815T1143Z),○,×(土星+)[参考:未照合],騎手ROI参考101[RaceInput未照合],[不足],[不足],[不足],△(展開順6/先),△,[不足]|激走上位,0,0,,,,
04262806,11,モーデン,4,中穴帯,11.3(基準/前日20260815T1143Z),○,◎◎(天王星+)[参考:未照合],騎手ROI参考103[RaceInput未照合],[不足],[不足],[不足],△(展開順7/差),○,[不足],1,4,,VALUE_H2_STRONG_PARTNER(PROV),,能力;運勢◎◎;騎手ROI参考103;調教
04262806,12,ポッドソル,7,穴帯,20.4(基準/前日20260815T1143Z),×,◎(水星−)[参考:未照合],騎手ROI参考92[RaceInput未照合],[不足],[不足],[不足],△(展開順13/差),△,[不足],-5.2,0,,,,
04262806,13,トールキン,5,中穴帯,12.1(基準/前日20260815T1143Z),△,○(天王星霊+)[参考:未照合],騎手ROI参考96[RaceInput未照合],[不足],[不足],[不足],△(展開順4/追),△,[不足]|激印3,-1.3,3,,,,能力;運勢○;激印3
04262807,1,エコロガイア,11,穴帯,22.4(基準/前日20260815T1143Z),×,×(土星+)[参考:未照合],騎手ROI参考91[RaceInput未照合],[不足],[不足],[不足],△(展開順8/先),△,[不足],1,0,,,,
04262807,2,ファムエレガンテ,3,本命帯,6.1(基準/前日20260815T1143Z),◎,△(天王星−)[参考:未照合],騎手ROI参考105[RaceInput未照合],[不足],[不足],[不足],○(展開順2/先),△,[不足]|激走上位,1.2,0,,,,
04262807,3,スリーピース,14,超穴帯,69.4(基準/前日20260815T1143Z),×,○(木星+)[参考:未照合],騎手ROI参考102[RaceInput未照合],[不足],[不足],[不足],△(展開順12/先),×,[不足],2.8,0,,,,
04262807,4,サフランヒーロー,13,超穴帯,40.4(基準/前日20260815T1143Z),×,×(金星霊−)[参考:未照合],騎手ROI参考93[RaceInput未照合],[不足],[不足],[不足],△(展開順15/差),△,[不足],-1.7,0,,,,
04262807,5,コンクイスタ,1,本命帯,3.2(基準/前日20260815T1143Z),◎,○(木星霊+)[参考:未照合],騎手ROI参考102[RaceInput未照合],[不足],[不足],[不足],○(展開順1/先),△,[不足],-0.8,0,,,,
04262807,6,ロードフロンティア,7,穴帯,17.2(基準/前日20260815T1143Z),△,×(金星−)[参考:未照合],騎手ROI参考88[RaceInput未照合],[不足],[不足],[不足],△(展開順4/先),×,[不足],0,1,,,,能力
04262807,7,アッチャゴーラ,4,中穴帯,11.3(基準/前日20260815T1143Z),△,△(木星−)[参考:未照合],騎手ROI参考104[RaceInput未照合],[不足],[不足],[不足],△(展開順6/差),△,[不足]|激印4,-1,3,,,,能力;騎手ROI参考104;激印4
04262807,8,アドバンスファラオ,15,超穴帯,71.0(基準/前日20260815T1143Z),×,○(天王星霊+)[参考:未照合],騎手ROI参考96[RaceInput未照合],[不足],[不足],[不足],△(展開順13/先),△,[不足],3.8,0,,,,
04262807,9,ヤマニンアルリフラ,2,本命帯,4.1(基準/前日20260815T1143Z),△,○(金星霊+)[参考:未照合],騎手ROI参考97[RaceInput未照合],[不足],[不足],[不足],△(展開順5/追),△,[不足],-3,0,,,,
04262807,10,ジョーローリット,6,中穴帯,11.9(基準/前日20260815T1143Z),◎,◎(水星+)[参考:未照合],騎手ROI参考94[RaceInput未照合],[不足],[不足],[不足],×(展開順3/逃),△,[不足]|激印2+激走上位,3.8,4,,VALUE_H3_THIRD_LINE_ONLY(PROV),,能力;運勢◎;激印2+激走上位;市場乖離+3.8
04262807,11,ワイワイレジェンド,5,中穴帯,11.3(基準/前日20260815T1143Z),△,○(金星+)[参考:未照合],騎手ROI参考102[RaceInput未照合],[不足],[不足],[不足],×(展開順7/逃),△,[不足],-2,2,,,,能力;運勢○
04262807,12,エスカル,10,穴帯,19.1(基準/前日20260815T1143Z),×,◎◎(天王星+)[参考:未照合],騎手ROI参考103[RaceInput未照合],[不足],[不足],[不足],△(展開順10/追),△,[不足]|激印3,2.2,0,,,,
04262807,13,ダノンタッチダウン,12,穴帯,31.7(基準/前日20260815T1143Z),×,△(木星−)[参考:未照合],騎手ROI参考100[RaceInput未照合],[不足],[不足],[不足],△(展開順14/差),△,[不足],-1.6,0,,,,
04262807,14,カンパニョーラ,9,穴帯,18.4(基準/前日20260815T1143Z),×,△(天王星−)[参考:未照合],騎手ROI参考97[RaceInput未照合],[不足],[不足],[不足],△(展開順11/追),△,[不足],-0.3,0,,,,
04262807,15,グロリアラウス,8,穴帯,18.4(基準/前日20260815T1143Z),×,×(土星+)[参考:未照合],騎手ROI参考101[RaceInput未照合],[不足],[不足],[不足],×(展開順9/逃),△,[不足],-2.4,0,,,,
04262808,1,リラゲイル,8,穴帯,17.3(基準/前日20260815T1143Z),×,◎◎(天王星+)[参考:未照合],騎手ROI参考93[RaceInput未照合],[不足],[不足],[不足],△(展開順6/差),○,[不足],1.3,0,,,,
04262808,2,カレンワッツアップ,4,中穴帯,9.4(基準/前日20260815T1143Z),△,◎◎(天王星+)[参考:未照合],騎手ROI参考103[RaceInput未照合],[不足],[不足],[不足],△(展開順4/先),×,[不足]|激印2,-1,4,,,,能力;運勢◎◎;騎手ROI参考103;激印2
04262808,3,ダディーズトリップ,12,穴帯,37.9(基準/前日20260815T1143Z),×,×(金星霊−)[参考:未照合],騎手ROI参考101[RaceInput未照合],[不足],[不足],[不足],△(展開順12/追),×,[不足],2.5,0,,,,
04262808,4,カゼノタカトシ,9,穴帯,24.9(基準/前日20260815T1143Z),×,○(木星+)[参考:未照合],騎手ROI参考102[RaceInput未照合],[不足],[不足],[不足],△(展開順11/先),△,[不足],-0.8,0,,,,
04262808,5,ラストレガシー,1,本命帯,2.6(基準/前日20260815T1143Z),◎,○(金星+)[参考:未照合],騎手ROI参考102[RaceInput未照合],[不足],[不足],[不足],○(展開順2/差),○,[不足],-1,0,,,,
04262808,6,フリーマントル,6,中穴帯,13.5(基準/前日20260815T1143Z),△,○(木星霊+)[参考:未照合],騎手ROI参考102[RaceInput未照合],[不足],[不足],[不足],△(展開順5/差),○,[不足]|激印3,0.2,4,,,,能力;運勢○;調教;激印3
04262808,7,アンドリーナ,3,本命帯,6.8(基準/前日20260815T1143Z),○,△(天王星−)[参考:未照合],騎手ROI参考105[RaceInput未照合],[不足],[不足],[不足],○(展開順3/先),○,[不足]|激走上位,-0.2,0,,,,
04262808,8,ルーラーリッチ,13,超穴帯,41.9(基準/前日20260815T1143Z),×,◎(水星+)[参考:未照合],騎手ROI参考94[RaceInput未照合],[不足],[不足],[不足],△(展開順9/追),△,[不足],4.7,0,,,,
04262808,9,クリフハンガー,10,穴帯,35.0(基準/前日20260815T1143Z),×,△(木星−)[参考:未照合],騎手ROI参考104[RaceInput未照合],[不足],[不足],[不足],△(展開順7/先),△,[不足],1.6,0,,,,
04262808,10,コスモコンフェルマ,5,中穴帯,12.1(基準/前日20260815T1143Z),×,○(天王星霊+)[参考:未照合],騎手ROI参考96[RaceInput未照合],[不足],[不足],[不足],△(展開順10/先),○,[不足],-4,0,,,,
04262808,11,ヴォルスター,11,穴帯,36.3(基準/前日20260815T1143Z),×,×(土星+)[参考:未照合],騎手ROI参考101[RaceInput未照合],[不足],[不足],[不足],×(展開順13/逃),×,[不足],-0.7,0,,,,
04262808,12,ブレードサクセス,2,本命帯,3.6(基準/前日20260815T1143Z),◎,○(金星霊+)[参考:未照合],騎手ROI参考97[RaceInput未照合],[不足],[不足],[不足],×(展開順1/逃),○,[不足]|激走上位,0,0,,,,
04262808,13,コーリンカルベラ,7,穴帯,13.6(基準/前日20260815T1143Z),×,△(天王星−)[参考:未照合],騎手ROI参考97[RaceInput未照合],[不足],[不足],[不足],△(展開順8/追),△,[不足],0,0,,,,
04262810,1,イサチルクイーン,3,本命帯,4.3(基準/前日20260815T1143Z),△,[不明],[不足],[不足],[不足],[不足],△(展開順4/先),○,[不足],-2.2,0,,,,
04262810,2,ユーゲットミー,6,中穴帯,17.3(基準/前日20260815T1143Z),×,×(土星+)[参考:未照合],騎手ROI参考91[RaceInput未照合],[不足],[不足],[不足],△(展開順8/差),×,[不足],-3,0,,,,
04262810,3,シェリーシュシュ,14,超穴帯,52.0(基準/前日20260815T1143Z),×,×(土星+)[参考:未照合],騎手ROI参考103[RaceInput未照合],[不足],[不足],[不足],×(展開順15/差),△,[不足],0.3,0,,,,
04262810,4,ワイルドミュール,10,穴帯,22.9(基準/前日20260815T1143Z),△,△(木星−)[参考:未照合],騎手ROI参考100[RaceInput未照合],[不足],[不足],[不足],△(展開順7/差),△,[不足]|激印2+激走上位,4,3,,VALUE_H2_STRONG_PARTNER(PROV),NO,能力;激印2+激走上位;市場乖離+4
04262810,5,ディレクティオ,13,超穴帯,42.7(基準/前日20260815T1143Z),×,◎(水星−)[参考:未照合],騎手ROI参考92[RaceInput未照合],[不足],[不足],[不足],△(展開順11/逃),△,[不足],1.2,0,,,,
04262810,6,ノアレジェンド,15,超穴帯,90.2(基準/前日20260815T1143Z),×,◎(水星+)[参考:未照合],騎手ROI参考94[RaceInput未照合],[不足],[不足],[不足],△(展開順10/差),△,[不足],5,0,,,,
04262810,7,ソフィアプルーマ,9,穴帯,22.0(基準/前日20260815T1143Z),×,○(金星+)[参考:未照合],騎手ROI参考102[RaceInput未照合],[不足],[不足],[不足],△(展開順6/差),×,[不足],0.3,0,,,,
04262810,8,バイアブランカ,8,穴帯,20.6(基準/前日20260815T1143Z),×,○(天王星霊+)[参考:未照合],騎手ROI参考96[RaceInput未照合],[不足],[不足],[不足],△(展開順12/差),△,[不足],0,0,,,,
04262810,9,バーヴァンシー,4,中穴帯,7.7(基準/前日20260815T1143Z),△,○(金星霊+)[参考:未照合],騎手ROI参考97[RaceInput未照合],[不足],[不足],[不足],△(展開順5/追),○,[不足]|激印4,-1.3,4,,,,能力;運勢○;調教;激印4
04262810,10,ラショナルポイント,1,本命帯,3.6(基準/前日20260815T1143Z),◎,○(木星霊+)[参考:未照合],騎手ROI参考102[RaceInput未照合],[不足],[不足],[不足],○(展開順1/先),○,[不足]|激走上位,-0.2,0,,,,
04262810,11,ナイア,11,穴帯,32.7(基準/前日20260815T1143Z),×,△(天王星−)[参考:未照合],騎手ROI参考105[RaceInput未照合],[不足],[不足],[不足],×(展開順14/),×,[不足],-2.6,0,,,,
04262810,12,ベアエクスプレス,7,穴帯,20.2(基準/前日20260815T1143Z),△,○(木星+)[参考:未照合],騎手ROI参考100[RaceInput未照合],[不足],[不足],[不足],△(展開順9/逃),△,[不足],0,2,,,,能力;運勢○
04262810,13,デルマザオウ,2,本命帯,4.0(基準/前日20260815T1143Z),◎,△(木星−)[参考:未照合],騎手ROI参考104[RaceInput未照合],[不足],[不足],[不足],○(展開順2/差),△,[不足],0.2,0,,,,
04262810,14,カグヤヒメ,12,穴帯,40.2(基準/前日20260815T1143Z),×,△(天王星−)[参考:未照合],騎手ROI参考102[RaceInput未照合],[不足],[不足],[不足],×(展開順13/差),△,[不足],-0.5,0,,,,
04262810,15,カーボフリオ,5,中穴帯,8.5(基準/前日20260815T1143Z),○,◎(火星+)[参考:未照合],騎手ROI参考102[RaceInput未照合],[不足],[不足],[不足],○(展開順3/追),○,[不足]|激印3,1.3,5,,VALUE_H2_STRONG_PARTNER(PROV),,能力;運勢◎;展開;調教;激印3
04262811,1,ポッドクロス,1,本命帯,2.8(基準/前日20260815T1143Z),◎,○(木星霊+)[参考:未照合],騎手ROI参考102[RaceInput未照合],[不足],[不足],[不足],○(展開順3/差),△,[不足]|激走上位,-1,0,,,,
04262811,2,マイネルアウルム,4,中穴帯,5.9(基準/前日20260815T1143Z),○,△(木星−)[参考:未照合],騎手ROI参考100[RaceInput未照合],[不足],[不足],[不足],○(展開順2/差),△,[不足],1.2,2,,,,能力;展開
04262811,3,ウインターブレス,6,中穴帯,9.4(基準/前日20260815T1143Z),×,○(天王星霊+)[参考:未照合],騎手ROI参考96[RaceInput未照合],[不足],[不足],[不足],×(展開順8/差),△,[不足]|激印3,-0.5,0,,,,
04262811,4,ヴィジョンメーカー,3,本命帯,4.8(基準/前日20260815T1143Z),△,◎◎(天王星+)[参考:未照合],騎手ROI参考103[RaceInput未照合],[不足],[不足],[不足],△(展開順4/差),○,[不足],-1.3,0,,,,
04262811,5,ジュンライデン,8,穴帯,23.6(基準/前日20260815T1143Z),×,○(金星霊+)[参考:未照合],騎手ROI参考100[RaceInput未照合],[不足],[不足],[不足],△(展開順6/差),×,[不足]|激印2,2.5,0,,,,
04262811,6,フレキシブル,7,穴帯,15.2(基準/前日20260815T1143Z),×,△(天王星−)[参考:未照合],騎手ROI参考105[RaceInput未照合],[不足],[不足],[不足],△(展開順5/差),△,[不足],0.5,0,,,,
04262811,7,ベルウッドバイオ,5,中穴帯,7.3(基準/前日20260815T1143Z),×,△(天王星−)[参考:未照合],騎手ROI参考97[RaceInput未照合],[不足],[不足],[不足],×(展開順7/差),△,[不足],-1.5,0,,,,
04262811,8,コスモナエマ,9,穴帯,34.9(基準/前日20260815T1143Z),×,×(金星霊−)[参考:未照合],騎手ROI参考93[RaceInput未照合],[不足],[不足],[不足],○(展開順9/先),△,[不足],0.2,0,,,,
04262811,9,ポルトフェリス,2,本命帯,3.7(基準/前日20260815T1143Z),◎,○(金星霊+)[参考:未照合],騎手ROI参考97[RaceInput未照合],[不足],[不足],[不足],○(展開順1/先),○,[不足]|激走上位,0.3,0,,,,
04262812,1,ブロッコロ,13,超穴帯,70.5(基準/前日20260815T1143Z),×,◎(火星+)[参考:未照合],騎手ROI参考102[RaceInput未照合],[不足],[不足],[不足],△(展開順11/追),×,[不足],1,0,,,,
04262812,2,メイショウバリスタ,9,穴帯,27.9(基準/前日20260815T1143Z),×,◎(水星+)[参考:未照合],騎手ROI参考94[RaceInput未照合],[不足],[不足],[不足],△(展開順10/追),△,[不足],0.2,0,,,,
04262812,3,マーゴットライズ,3,本命帯,4.2(基準/前日20260815T1143Z),○,○(木星+)[参考:未照合],騎手ROI参考102[RaceInput未照合],[不足],[不足],[不足],△(展開順4/追),△,[不足],-0.5,0,,,,
04262812,4,パルミエ,11,穴帯,36.7(基準/前日20260815T1143Z),×,○(木星+)[参考:未照合],騎手ROI参考100[RaceInput未照合],[不足],[不足],[不足],△(展開順9/追),△,[不足],1,0,,,,
04262812,5,ノクターナルハント,14,超穴帯,73.2(基準/前日20260815T1143Z),×,×(金星−)[参考:未照合],騎手ROI参考88[RaceInput未照合],[不足],[不足],[不足],×(展開順13/追),△,[不足],1,0,,,,
04262812,6,ギレイ,6,中穴帯,15.3(基準/前日20260815T1143Z),△,×(金星霊−)[参考:未照合],騎手ROI参考101[RaceInput未照合],[不足],[不足],[不足],△(展開順7/差),△,[不足]|激印2,0.7,2,,,,能力;激印2
04262812,7,キタイノホシ,5,中穴帯,12.2(基準/前日20260815T1143Z),△,×(金星霊−)[参考:未照合],騎手ROI参考93[RaceInput未照合],[不足],[不足],[不足],△(展開順5/差),○,[不足]|激印4,-0.5,3,,,,能力;調教;激印4
04262812,8,ウィゾマニア,8,穴帯,24.5(基準/前日20260815T1143Z),×,×(金星−)[参考:未照合],騎手ROI参考100[RaceInput未照合],[不足],[不足],[不足],△(展開順12/差),△,[不足],-1.8,0,,,,
04262812,9,ディメンシア,15,超穴帯,83.4(基準/前日20260815T1143Z),×,◎◎(天王星+)[参考:未照合],騎手ROI参考93[RaceInput未照合],[不足],[不足],[不足],×(展開順14/追),△,[不足],1,0,,,,
04262812,10,ヤマタケボニータ,4,中穴帯,7.6(基準/前日20260815T1143Z),○,◎◎(天王星+)[参考:未照合],騎手ROI参考103[RaceInput未照合],[不足],[不足],[不足],○(展開順1/差),△,[不足]|激印3,0.5,5,,,,能力;運勢◎◎;騎手ROI参考103;展開;激印3
04262812,11,ロジキセキ,1,本命帯,3.3(基準/前日20260815T1143Z),◎,△(木星−)[参考:未照合],騎手ROI参考97[RaceInput未照合],[不足],[不足],[不足],○(展開順3/逃),△,[不足]|激印1+激走上位,-0.7,0,,,,
04262812,12,レプレセンタル,12,穴帯,47.5(基準/前日20260815T1143Z),×,△(木星−)[参考:未照合],騎手ROI参考104[RaceInput未照合],[不足],[不足],[不足],×(展開順15/追),△,[不足],-1.7,0,,,,
04262812,13,タマモブレイキン,2,本命帯,3.4(基準/前日20260815T1143Z),◎,△(天王星−)[参考:未照合],騎手ROI参考105[RaceInput未照合],[不足],[不足],[不足],○(展開順2/逃),△,[不足]|激走上位,0.2,0,,,,
04262812,14,チャチャット,7,穴帯,22.3(基準/前日20260815T1143Z),×,×(土星+)[参考:未照合],騎手ROI参考91[RaceInput未照合],[不足],[不足],[不足],△(展開順6/追),△,[不足],-1,0,,,,
04262812,15,パワポケウォーズ,10,穴帯,31.3(基準/前日20260815T1143Z),△,△(天王星−)[参考:未照合],騎手ROI参考102[RaceInput未照合],[不足],[不足],[不足],△(展開順8/追),△,[不足],3,2,,,,能力;市場乖離+3
07262801,1,スマートメモリー,6,中穴帯,9.3(基準/前日20260815T1143Z),△,◎◎(天王星+)[参考:未照合],[不足],[不足],[不足],[不足],△(展開順6/先),×,[不足]|激印2+激走上位,1.7,3,,VALUE_H2_STRONG_PARTNER(PROV),,能力;運勢◎◎;激印2+激走上位
07262801,2,インディジャズ,5,中穴帯,7.1(基準/前日20260815T1143Z),×,×(土星+)[参考:未照合],騎手ROI参考99[RaceInput未照合],[不足],[不足],[不足],○(展開順2/先),○,[不足],-0.7,0,,,,
07262801,3,ヤマトデュノール,10,穴帯,43.6(基準/前日20260815T1143Z),×,△(木星−)[参考:未照合],騎手ROI参考115[RaceInput未照合],[不足],[不足],[不足],△(展開順10/追),×,[不足],0.2,0,,,,
07262801,4,ナムラメアリー,7,穴帯,13.4(基準/前日20260815T1143Z),×,◎(水星−)[参考:未照合],騎手ROI参考105[RaceInput未照合],[不足],[不足],[不足],×(展開順7/逃),△,[不足]|激印3,1.5,0,,,,
07262801,5,バクソウシャチョウ,3,本命帯,4.7(基準/前日20260815T1143Z),◎,○(木星+)[参考:未照合],騎手ROI参考104[RaceInput未照合],[不足],[不足],[不足],×(展開順5/逃),○,[不足]|激走上位,1.2,0,,,,
07262801,6,ラホーヤアイズ,2,本命帯,4.5(基準/前日20260815T1143Z),○,△(天王星−)[参考:未照合],騎手ROI参考108[RaceInput未照合],[不足],[不足],[不足],○(展開順3/先),△,[不足],-0.8,0,,,,
07262801,7,メイケイリチャード,9,穴帯,28.3(基準/前日20260815T1143Z),×,△(木星−)[参考:未照合],騎手ROI参考90[RaceInput未照合],[不足],[不足],[不足],×(展開順8/逃),△,[不足],1.2,0,,,,
07262801,8,カツダルマ,4,中穴帯,4.7(基準/前日20260815T1143Z),△,◎(水星+)[参考:未照合],騎手ROI参考97[RaceInput未照合],[不足],[不足],[不足],△(展開順4/先),△,[不足],-0.5,2,,,,能力;運勢◎
07262801,9,アームズラムレイ,1,本命帯,3.2(基準/前日20260815T1143Z),○,◎(火星+)[参考:未照合],騎手ROI参考103[RaceInput未照合],[不足],[不足],[不足],○(展開順1/先),△,[不足],-3,0,,,,
07262801,10,キシュウマミー,8,穴帯,25.4(基準/前日20260815T1143Z),×,×(土星+)[参考:未照合],騎手ROI参考117[RaceInput未照合],[不足],[不足],[不足],△(展開順9/差),△,[不足],-0.5,0,,,,
07262802,1,コパノコーリング,12,穴帯,47.0(基準/前日20260815T1143Z),×,△(木星−)[参考:未照合],騎手ROI参考90[RaceInput未照合],[不足],[不足],[不足],×(展開順11/),△,[不足],1,0,,,,
07262802,2,アイビークロノス,6,中穴帯,13.1(基準/前日20260815T1143Z),△,○(金星+)[参考:未照合],騎手ROI参考97[RaceInput未照合],[不足],[不足],[不足],△(展開順4/),△,[不足],1,2,,,,能力;運勢○
07262802,3,ソルテヴェローチェ,1,本命帯,2.6(基準/前日20260815T1143Z),◎,◎(火星+)[参考:未照合],騎手ROI参考103[RaceInput未照合],[不足],[不足],[不足],○(展開順1/),○,[不足]|激印6+激走上位,-0.2,0,,,,
07262802,4,ジョルティーニ,2,本命帯,4.5(基準/前日20260815T1143Z),○,[不明],[不足],[不足],[不足],[不足],○(展開順3/),△,[不足],-0.6,0,,,,
07262802,5,ティンクルピクシー,9,穴帯,21.7(基準/前日20260815T1143Z),×,○(木星+)[参考:未照合],騎手ROI参考106[RaceInput未照合],[不足],[不足],[不足],△(展開順7/),△,[不足],1,0,,,,
07262802,6,キモンミナリッチ,11,穴帯,32.2(基準/前日20260815T1143Z),×,×(土星+)[参考:未照合],騎手ROI参考86[RaceInput未照合],[不足],[不足],[不足],×(展開順12/),×,[不足],0,0,,,,
07262802,7,ピコジャック,3,本命帯,4.6(基準/前日20260815T1143Z),◎,○(木星+)[参考:未照合],騎手ROI参考104[RaceInput未照合],[不足],[不足],[不足],○(展開順2/),△,[不足]|激走上位,0.8,0,,,,
07262802,8,クルクルミラクル,10,穴帯,27.4(基準/前日20260815T1143Z),×,△(天王星−)[参考:未照合],騎手ROI参考108[RaceInput未照合],[不足],[不足],[不足],×(展開順10/),△,[不足],0,0,,,,
07262802,9,ドリーペイル,8,穴帯,15.7(基準/前日20260815T1143Z),×,◎(水星+)[参考:未照合],騎手ROI参考102[RaceInput未照合],[不足],[不足],[不足],△(展開順9/),△,[不足],0.8,0,,,,
07262802,10,ガヤーズランボー,5,中穴帯,13.0(基準/前日20260815T1143Z),×,○(木星+)[参考:未照合],騎手ROI参考99[RaceInput未照合],[不足],[不足],[不足],△(展開順6/),×,[不足]|激印3,-1.4,0,,,,
07262802,11,マコトブリッツ,4,中穴帯,11.3(基準/前日20260815T1143Z),△,◎◎(天王星+)[参考:未照合],[不足],[不足],[不足],[不足],△(展開順5/),△,[不足]|激印2,-0.2,3,,,,能力;運勢◎◎;激印2
07262802,12,パシアンジェンヌ,7,穴帯,13.4(基準/前日20260815T1143Z),×,×(土星+)[参考:未照合],騎手ROI参考99[RaceInput未照合],[不足],[不足],[不足],△(展開順8/),△,[不足],-1.2,0,,,,
07262803,1,グルード,7,穴帯,17.8(基準/前日20260815T1143Z),×,○(木星+)[参考:未照合],騎手ROI参考106[RaceInput未照合],[不足],[不足],[不足],×(展開順7/),×,[不足],0.6,0,,,,
07262803,2,サウンドシェリー,3,本命帯,4.1(基準/前日20260815T1143Z),○,◎(水星+)[参考:未照合],騎手ROI参考97[RaceInput未照合],[不足],[不足],[不足],△(展開順5/),○,[不足],-0.8,0,,,,
07262803,3,デュアルサイン,2,本命帯,4.0(基準/前日20260815T1143Z),◎,◎◎(天王星+)[参考:未照合],[不足],[不足],[不足],[不足],○(展開順2/),○,[不足]|激走上位,0,0,,,,
07262803,4,ゴールドシューター,8,穴帯,29.5(基準/前日20260815T1143Z),×,○(金星+)[参考:未照合],騎手ROI参考97[RaceInput未照合],[不足],[不足],[不足],×(展開順8/),×,[不足],0,0,,,,
07262803,5,ティフォシ,6,中穴帯,14.0(基準/前日20260815T1143Z),×,[不明],[不足],[不足],[不足],[不足],×(展開順6/),△,[不足],0,0,,,,
07262803,6,テラレガル,4,中穴帯,4.3(基準/前日20260815T1143Z),○,△(天王星−)[参考:未照合],騎手ROI参考108[RaceInput未照合],[不足],[不足],[不足],△(展開順4/),△,[不足]|激印2,0.4,3,,,,能力;騎手ROI参考108;激印2
07262803,7,グラシアレスインク,5,中穴帯,13.5(基準/前日20260815T1143Z),×,○(木星+)[参考:未照合],騎手ROI参考104[RaceInput未照合],[不足],[不足],[不足],○(展開順3/),△,[不足]|激印3,0.4,0,,,,
07262803,8,ホウオウワールド,1,本命帯,2.5(基準/前日20260815T1143Z),◎,[不明],[不足],[不足],[不足],[不足],○(展開順1/),○,[不足]|激印1+激走上位,0,0,,,,
07262804,1,テイクザスローン,14,超穴帯,62.5(基準/前日20260815T1143Z),×,×(金星−)[参考:未照合],騎手ROI参考99[RaceInput未照合],[不足],[不足],[不足],△(展開順13/差),△,[不足],1.3,0,,,,
07262804,2,コスモフィレンツェ,1,本命帯,2.3(基準/前日20260815T1143Z),◎,◎(水星+)[参考:未照合],騎手ROI参考97[RaceInput未照合],[不足],[不足],[不足],○(展開順3/逃),○,[不足]|激走上位,-1.3,0,,,,
07262804,3,リボンインザスカイ,8,穴帯,23.4(基準/前日20260815T1143Z),△,○(木星+)[参考:未照合],騎手ROI参考104[RaceInput未照合],[不足],[不足],[不足],△(展開順8/差),△,[不足]|激印4,-0.8,4,,,,能力;運勢○;騎手ROI参考104;激印4
07262804,4,ダーコ,4,中穴帯,11.6(基準/前日20260815T1143Z),○,○(木星+)[参考:未照合],騎手ROI参考106[RaceInput未照合],[不足],[不足],[不足],△(展開順5/差),△,[不足]|激印2+激走上位,1.3,4,,VALUE_H2_STRONG_PARTNER(PROV),,能力;運勢○;騎手ROI参考106;激印2+激走上位
07262804,5,スレイクイーン,11,穴帯,43.7(基準/前日20260815T1143Z),×,[不明],[不足],[不足],[不足],[不足],△(展開順10/追),△,[不足],1.7,0,,,,
07262804,6,バックドラフト,6,中穴帯,17.6(基準/前日20260815T1143Z),△,◎(火星+)[参考:未照合],騎手ROI参考103[RaceInput未照合],[不足],[不足],[不足],○(展開順2/先),△,[不足],0,4,,,,能力;運勢◎;騎手ROI参考103;展開
07262804,7,レッドブライトン,3,本命帯,6.2(基準/前日20260815T1143Z),△,◎(水星+)[参考:未照合],騎手ROI参考102[RaceInput未照合],[不足],[不足],[不足],△(展開順6/先),△,[不足],-1.2,0,,,,
07262804,8,ミーサーク,5,中穴帯,13.8(基準/前日20260815T1143Z),△,[不明],[不足],[不足],[不足],[不足],○(展開順4/先),△,[不足],-3,2,,,,能力;展開
07262804,9,オーマイラッキーン,13,超穴帯,61.5(基準/前日20260815T1143Z),×,×(金星−)[参考:未照合],騎手ROI参考103[RaceInput未照合],[不足],[不足],[不足],△(展開順11/先),△,[不足],3.8,0,,,,
07262804,10,ニミッツハイウェイ,10,穴帯,36.0(基準/前日20260815T1143Z),×,◎◎(天王星+)[参考:未照合],[不足],[不足],[不足],[不足],×(展開順18/追),△,[不足],-6.8,0,,,,
07262804,11,プロスト,9,穴帯,24.5(基準/前日20260815T1143Z),△,◎(水星−)[参考:未照合],騎手ROI参考105[RaceInput未照合],[不足],[不足],[不足],△(展開順7/追),△,[不足]|激印3,2,4,,VALUE_H1_HOLE_AXIS_RECHECK(PROV),PROVISIONAL_PENDING_GATE,能力;運勢◎;騎手ROI参考105;激印3
07262804,12,キョウエイクローム,18,超穴帯,111.2(基準/前日20260815T1143Z),×,×(土星+)[参考:未照合],[不足],[不足],[不足],[不足],△(展開順12/差),△,[不足],2.3,0,,,,
07262804,13,ドットカモン,16,超穴帯,68.7(基準/前日20260815T1143Z),×,◎(火星+)[参考:未照合],騎手ROI参考101[RaceInput未照合],[不足],[不足],[不足],△(展開順14/追),△,[不足],2.8,0,,,,
07262804,14,メイショウタカネ,15,超穴帯,66.7(基準/前日20260815T1143Z),×,○(木星+)[参考:未照合],騎手ROI参考99[RaceInput未照合],[不足],[不足],[不足],×(展開順16/追),×,[不足],-0.2,0,,,,
07262804,15,マテンロウブリッジ,12,穴帯,61.2(基準/前日20260815T1143Z),×,◎(水星−)[参考:未照合],騎手ROI参考107[RaceInput未照合],[不足],[不足],[不足],△(展開順15/追),△,[不足],-1.7,0,,,,
07262804,16,テーオーシュテルン,17,超穴帯,80.8(基準/前日20260815T1143Z),×,△(木星−)[参考:未照合],騎手ROI参考100[RaceInput未照合],[不足],[不足],[不足],×(展開順17/差),△,[不足],1.3,0,,,,
07262804,17,プシュパ,7,穴帯,19.3(基準/前日20260815T1143Z),△,○(金星+)[参考:未照合],騎手ROI参考97[RaceInput未照合],[不足],[不足],[不足],△(展開順9/追),△,[不足],0.5,2,,,,能力;運勢○
07262804,18,ホウオウモチーヴ,2,本命帯,4.2(基準/前日20260815T1143Z),◎,×(土星+)[参考:未照合],騎手ROI参考99[RaceInput未照合],[不足],[不足],[不足],○(展開順1/差),○,[不足],-0.5,0,,,,
07262805,1,トリーア,10,穴帯,34.7(基準/前日20260815T1143Z),×,◎(水星−)[参考:未照合],騎手ROI参考105[RaceInput未照合],[不足],[不足],[不足],△(展開順12/追),△,[不足],-1.2,0,,,,
07262805,2,セッシュウ,2,本命帯,3.9(基準/前日20260815T1143Z),○,○(木星+)[参考:未照合],騎手ROI参考104[RaceInput未照合],[不足],[不足],[不足],○(展開順5/先),○,[不足],-1.8,0,,,,
07262805,3,タイセイドゥマーニ,5,中穴帯,9.2(基準/前日20260815T1143Z),△,×(金星−)[参考:未照合],騎手ROI参考99[RaceInput未照合],[不足],[不足],[不足],△(展開順8/差),○,[不足],-2,2,,,,能力;調教
07262805,4,リフラ,9,穴帯,25.8(基準/前日20260815T1143Z),×,△(木星−)[参考:未照合],騎手ROI参考90[RaceInput未照合],[不足],[不足],[不足],△(展開順11/追),△,[不足],-2,0,,,,
07262805,5,キタノアンドレイ,12,穴帯,48.8(基準/前日20260815T1143Z),×,◎(水星−)[参考:未照合],騎手ROI参考107[RaceInput未照合],[不足],[不足],[不足],△(展開順9/追),×,[不足],2,0,,,,
07262805,6,クロレ,8,穴帯,14.6(基準/前日20260815T1143Z),○,×(土星+)[参考:未照合],[不足],[不足],[不足],[不足],○(展開順3/差),△,[不足]|激印4,4,4,,VALUE_H2_STRONG_PARTNER(PROV),NO,能力;展開;激印4;市場乖離+4
07262805,7,ナリタアーマー,7,穴帯,13.5(基準/前日20260815T1143Z),△,○(木星+)[参考:未照合],騎手ROI参考106[RaceInput未照合],[不足],[不足],[不足],○(展開順2/差),△,[不足],-0.3,4,,,,能力;運勢○;騎手ROI参考106;展開
07262805,8,パンサーズ,11,穴帯,35.4(基準/前日20260815T1143Z),×,△(天王星−)[参考:未照合],騎手ROI参考108[RaceInput未照合],[不足],[不足],[不足],△(展開順13/差),△,[不足],-2.3,0,,,,
07262805,9,モズプリフォール,3,本命帯,5.3(基準/前日20260815T1143Z),◎,◎(火星+)[参考:未照合],騎手ROI参考103[RaceInput未照合],[不足],[不足],[不足],○(展開順1/先),△,[不足]|激印1,1.3,0,,,,
07262805,10,ペンタトニッカー,14,超穴帯,49.6(基準/前日20260815T1143Z),×,×(土星+)[参考:未照合],騎手ROI参考117[RaceInput未照合],[不足],[不足],[不足],×(展開順16/),×,[不足],-1.8,0,,,,
07262805,11,ペプチドアロン,1,本命帯,3.7(基準/前日20260815T1143Z),◎,◎◎(天王星+)[参考:未照合],[不足],[不足],[不足],[不足],△(展開順4/追),△,[不足]|激印1+激走上位,-1.5,0,,,,
07262805,12,ゼットドリーム,16,超穴帯,84.4(基準/前日20260815T1143Z),×,△(木星−)[参考:未照合],騎手ROI参考115[RaceInput未照合],[不足],[不足],[不足],×(展開順15/差),△,[不足],2.7,0,,,,
07262805,13,ソブリンズオーブ,15,超穴帯,56.7(基準/前日20260815T1143Z),×,◎(火星+)[参考:未照合],騎手ROI参考101[RaceInput未照合],[不足],[不足],[不足],×(展開順14/差),×,[不足],1.2,0,,,,
07262805,14,ジョーカー,4,中穴帯,8.6(基準/前日20260815T1143Z),△,◎(水星+)[参考:未照合],騎手ROI参考97[RaceInput未照合],[不足],[不足],[不足],○(展開順6/先),○,[不足]|激印3,-0.5,5,,,,能力;運勢◎;展開;調教;激印3
07262805,15,キングズテイル,6,中穴帯,11.8(基準/前日20260815T1143Z),△,×(土星−)[参考:未照合],騎手ROI参考107[RaceInput未照合],[不足],[不足],[不足],○(展開順7/先),△,[不足]|激印2+激走上位,0.8,4,,,,能力;騎手ROI参考107;展開;激印2+激走上位
07262805,16,ブラストビート,13,超穴帯,49.2(基準/前日20260815T1143Z),×,×(金星−)[参考:未照合],騎手ROI参考103[RaceInput未照合],[不足],[不足],[不足],△(展開順10/差),△,[不足],3,0,,,,
07262806,1,ホウオウタイタン,4,中穴帯,4.5(基準/前日20260815T1143Z),◎,○(木星+)[参考:未照合],騎手ROI参考106[RaceInput未照合],[不足],[不足],[不足],○(展開順3/追),△,[不足]|激印2+激走上位,2,5,,VALUE_H2_STRONG_PARTNER(PROV),,能力;運勢○;騎手ROI参考106;展開;激印2+激走上位
07262806,2,ステラクラウン,3,本命帯,3.9(基準/前日20260815T1143Z),◎,◎(火星+)[参考:未照合],騎手ROI参考103[RaceInput未照合],[不足],[不足],[不足],○(展開順1/差),△,[不足],0.5,0,,,,
07262806,3,エアビッグマム,6,中穴帯,13.9(基準/前日20260815T1143Z),×,◎(火星+)[参考:未照合],騎手ROI参考101[RaceInput未照合],[不足],[不足],[不足],×(展開順6/先),△,[不足]|激印3+激走上位,0.3,0,,,,
07262806,4,スターリングアップ,5,中穴帯,7.8(基準/前日20260815T1143Z),×,○(木星+)[参考:未照合],騎手ROI参考99[RaceInput未照合],[不足],[不足],[不足],×(展開順5/追),△,[不足],-0.3,0,,,,
07262806,5,アーリーハーベスト,1,本命帯,2.7(基準/前日20260815T1143Z),○,×(土星+)[参考:未照合],騎手ROI参考99[RaceInput未照合],[不足],[不足],[不足],○(展開順2/逃),△,[不足],-1.7,0,,,,
07262806,6,パフュームセント,2,本命帯,3.6(基準/前日20260815T1143Z),○,◎(水星+)[参考:未照合],騎手ROI参考97[RaceInput未照合],[不足],[不足],[不足],△(展開順4/先),△,[不足],-1.2,0,,,,
07262806,7,レイピカケ,7,穴帯,24.3(基準/前日20260815T1143Z),×,○(木星+)[参考:未照合],騎手ROI参考104[RaceInput未照合],[不足],[不足],[不足],×(展開順7/追),×,[不足],1,0,,,,
07262807,1,ブエナオンダ,12,穴帯,28.0(基準/前日20260815T1143Z),×,○(木星+)[参考:未照合],騎手ROI参考99[RaceInput未照合],[不足],[不足],[不足],△(展開順12/追),△,[不足],3.5,0,,,,
07262807,2,ファントムシーフ,15,超穴帯,40.7(基準/前日20260815T1143Z),×,◎(水星+)[参考:未照合],騎手ROI参考97[RaceInput未照合],[不足],[不足],[不足],×(展開順15/差),△,[不足]|激走上位,1.6,0,,,,
07262807,3,ラヴァンダ,2,本命帯,3.7(基準/前日20260815T1143Z),○,◎(火星+)[参考:未照合],騎手ROI参考103[RaceInput未照合],[不足],[不足],[不足],○(展開順2/差),△,[不足],-1.7,0,,,,
07262807,4,カズミクラーシュ,7,穴帯,18.7(基準/前日20260815T1143Z),×,[不明],[不足],[不足],[不足],[不足],△(展開順8/差),×,[不足],-3.7,0,,,,
07262807,5,ミニトランザット,5,中穴帯,11.9(基準/前日20260815T1143Z),×,×(土星+)[参考:未照合],騎手ROI参考99[RaceInput未照合],[不足],[不足],[不足],△(展開順7/差),×,[不足]|激印4,-4,0,,,,
07262807,6,キープカルム,10,穴帯,26.2(基準/前日20260815T1143Z),△,△(木星−)[参考:未照合],騎手ROI参考90[RaceInput未照合],[不足],[不足],[不足],△(展開順9/追),○,[不足]|激印2,4.7,4,,VALUE_H2_STRONG_PARTNER(PROV),NO,能力;調教;激印2;市場乖離+4.7
07262807,7,カネラフィーナ,11,穴帯,27.1(基準/前日20260815T1143Z),×,◎(水星−)[参考:未照合],騎手ROI参考100[RaceInput未照合],[不足],[不足],[不足],△(展開順11/先),×,[不足],0.5,0,,,,
07262807,8,スイープアワーズ,8,穴帯,23.8(基準/前日20260815T1143Z),△,×(土星+)[参考:未照合],騎手ROI参考96[RaceInput未照合],[不足],[不足],[不足],△(展開順6/追),△,[不足],2.5,1,,,,能力
07262807,9,リリージョワ,4,中穴帯,7.4(基準/前日20260815T1143Z),×,◎(水星+)[参考:未照合],騎手ROI参考102[RaceInput未照合],[不足],[不足],[不足],△(展開順5/差),△,[不足],-5.3,0,,,,
07262807,10,ナムラコスモス,1,本命帯,3.7(基準/前日20260815T1143Z),△,◎(水星−)[参考:未照合],騎手ROI参考105[RaceInput未照合],[不足],[不足],[不足],○(展開順3/差),△,[不足],-3.2,0,,,,
07262807,11,チェルビアット,6,中穴帯,17.3(基準/前日20260815T1143Z),○,◎◎(天王星+)[参考:未照合],[不足],[不足],[不足],[不足],○(展開順4/差),△,[不足]|激印3,2.2,4,,VALUE_H2_STRONG_PARTNER(PROV),,能力;運勢◎◎;展開;激印3
07262807,12,サトノシャイニング,3,本命帯,5.8(基準/前日20260815T1143Z),◎,[不明],[不足],[不足],[不足],[不足],○(展開順1/逃),△,[不足]|激走上位,1.5,0,,,,
07262807,13,ケイズレーヴ,16,超穴帯,40.8(基準/前日20260815T1143Z),×,×(土星+)[参考:未照合],[不足],[不足],[不足],[不足],×(展開順16/追),×,[不足],0.2,0,,,,
07262807,14,ミナデオロ,14,超穴帯,38.2(基準/前日20260815T1143Z),×,◎(火星+)[参考:未照合],騎手ROI参考101[RaceInput未照合],[不足],[不足],[不足],△(展開順10/逃),×,[不足],5.2,0,,,,
07262807,15,ショウナンアデイブ,9,穴帯,25.8(基準/前日20260815T1143Z),×,○(木星+)[参考:未照合],騎手ROI参考106[RaceInput未照合],[不足],[不足],[不足],△(展開順13/先),△,[不足],-2.7,0,,,,
07262807,16,カンシン,13,超穴帯,30.1(基準/前日20260815T1143Z),×,○(木星+)[参考:未照合],騎手ROI参考104[RaceInput未照合],[不足],[不足],[不足],×(展開順14/差),△,[不足],1.2,0,,,,
07262808,1,タマモジャスミン,11,穴帯,28.1(基準/前日20260815T1143Z),△,◎(水星−)[参考:未照合],騎手ROI参考105[RaceInput未照合],[不足],[不足],[不足],×(展開順9/逃),△,[不足],4,4,,VALUE_H1_HOLE_AXIS_RECHECK(PROV),NO,能力;運勢◎;騎手ROI参考105;市場乖離+4
07262808,2,マキシマムビスタ,7,穴帯,20.0(基準/前日20260815T1143Z),×,◎(水星+)[参考:未照合],騎手ROI参考97[RaceInput未照合],[不足],[不足],[不足],△(展開順7/先),×,[不足],-2.5,0,,,,
07262808,3,ミクストベリーズ,10,穴帯,23.2(基準/前日20260815T1143Z),×,◎(水星+)[参考:未照合],騎手ROI参考102[RaceInput未照合],[不足],[不足],[不足],△(展開順12/追),△,[不足],-1.6,0,,,,
07262808,4,アスゴッド,15,超穴帯,46.6(基準/前日20260815T1143Z),×,×(金星霊−)[参考:未照合],騎手ROI参考96[RaceInput未照合],[不足],[不足],[不足],△(展開順15/差),△,[不足],0.3,0,,,,
07262808,5,カナタコナタ,5,中穴帯,8.2(基準/前日20260815T1143Z),△,◎◎(天王星+)[参考:未照合],[不足],[不足],[不足],[不足],×(展開順4/逃),○,[不足],0.3,3,,,,能力;運勢◎◎;調教
07262808,6,コスモストーム,1,本命帯,3.4(基準/前日20260815T1143Z),◎,×(金星−)[参考:未照合],騎手ROI参考103[RaceInput未照合],[不足],[不足],[不足],○(展開順1/追),○,[不足]|激走上位,-0.5,0,,,,
07262808,7,ラピダリア,16,超穴帯,62.5(基準/前日20260815T1143Z),×,◎(火星+)[参考:未照合],騎手ROI参考101[RaceInput未照合],[不足],[不足],[不足],△(展開順14/追),×,[不足],3.5,0,,,,
07262808,8,ジュルナール,12,穴帯,32.1(基準/前日20260815T1143Z),×,○(木星+)[参考:未照合],騎手ROI参考106[RaceInput未照合],[不足],[不足],[不足],△(展開順8/先),△,[不足],3.2,0,,,,
07262808,9,ケープアグラス,14,超穴帯,44.3(基準/前日20260815T1143Z),×,×(土星+)[参考:未照合],騎手ROI参考86[RaceInput未照合],[不足],[不足],[不足],×(展開順16/逃),×,[不足],-1,0,,,,
07262808,10,ダノンキラウェア,2,本命帯,4.3(基準/前日20260815T1143Z),○,◎(火星+)[参考:未照合],騎手ROI参考103[RaceInput未照合],[不足],[不足],[不足],○(展開順3/先),△,[不足],-1.5,0,,,,
07262808,11,ワンダーカモン,8,穴帯,20.9(基準/前日20260815T1143Z),△,[不明],[不足],[不足],[不足],[不足],△(展開順5/追),△,[不足]|激印3,1.7,2,,,,能力;激印3
07262808,12,ラインジーク,3,本命帯,5.4(基準/前日20260815T1143Z),○,○(木星+)[参考:未照合],騎手ROI参考104[RaceInput未照合],[不足],[不足],[不足],○(展開順2/差),△,[不足]|激走上位,0.2,0,,,,
07262808,13,オコタンペ,13,超穴帯,38.0(基準/前日20260815T1143Z),×,○(金星+)[参考:未照合],騎手ROI参考97[RaceInput未照合],[不足],[不足],[不足],△(展開順13/追),×,[不足],0.7,0,,,,
07262808,14,アンビシャスヨシノ,4,中穴帯,7.4(基準/前日20260815T1143Z),△,×(土星−)[参考:未照合],騎手ROI参考107[RaceInput未照合],[不足],[不足],[不足],△(展開順6/差),○,[不足]|激印2,-1.7,4,,,,能力;騎手ROI参考107;調教;激印2
07262808,15,メイショウタムシバ,6,中穴帯,19.5(基準/前日20260815T1143Z),×,○(木星+)[参考:未照合],騎手ROI参考99[RaceInput未照合],[不足],[不足],[不足],△(展開順11/先),×,[不足],-3.5,0,,,,
07262808,16,アリエスキング,9,穴帯,22.3(基準/前日20260815T1143Z),△,×(土星+)[参考:未照合],騎手ROI参考96[RaceInput未照合],[不足],[不足],[不足],△(展開順10/先),△,[不足]|激印4,1.8,2,,,,能力;激印4
07262809,1,デルマトカチ,14,超穴帯,58.7(基準/前日20260815T1143Z),×,×(土星+)[参考:未照合],騎手ROI参考96[RaceInput未照合],[不足],[不足],[不足],△(展開順11/追),△,[不足],2.3,0,,,,
07262809,2,ゴールドアベニュー,15,超穴帯,104.4(基準/前日20260815T1143Z),×,△(木星−)[参考:未照合],騎手ROI参考115[RaceInput未照合],[不足],[不足],[不足],△(展開順15/差),△,[不足],1.8,0,,,,
07262809,3,ロイドウェバー,1,本命帯,2.5(基準/前日20260815T1143Z),△,×(土星+)[参考:未照合],騎手ROI参考99[RaceInput未照合],[不足],[不足],[不足],○(展開順1/追),△,[不足],-3.3,0,,,,
07262809,4,ジャスティンレビン,9,穴帯,28.1(基準/前日20260815T1143Z),×,○(木星+)[参考:未照合],騎手ROI参考104[RaceInput未照合],[不足],[不足],[不足],△(展開順10/差),×,[不足],-4,0,,,,
07262809,5,スミヨン,17,超穴帯,104.8(基準/前日20260815T1143Z),×,×(土星+)[参考:未照合],[不足],[不足],[不足],[不足],×(展開順17/),×,[不足],-0.8,0,,,,
07262809,6,ナムラヴンダー,2,本命帯,3.1(基準/前日20260815T1143Z),◎,◎(水星+)[参考:未照合],騎手ROI参考97[RaceInput未照合],[不足],[不足],[不足],○(展開順2/先),△,[不足]|激走上位,0.5,0,,,,
07262809,7,グリミスティ,12,穴帯,40.2(基準/前日20260815T1143Z),△,△(天王星−)[参考:未照合],騎手ROI参考108[RaceInput未照合],[不足],[不足],[不足],△(展開順9/差),△,[不足],3.2,3,,VALUE_H2_STRONG_PARTNER(PROV),NO,能力;騎手ROI参考108;市場乖離+3.2
07262809,8,グランシャン,11,穴帯,37.9(基準/前日20260815T1143Z),×,◎◎(天王星+)[参考:未照合],[不足],[不足],[不足],[不足],△(展開順12/差),△,[不足],-1.2,0,,,,
07262809,9,オープンザパンドラ,10,穴帯,28.5(基準/前日20260815T1143Z),△,◎(水星−)[参考:未照合],騎手ROI参考105[RaceInput未照合],[不足],[不足],[不足],△(展開順6/追),×,[不足]|激印2+激走上位,4.3,5,,VALUE_H1_HOLE_AXIS_RECHECK(PROV),PROVISIONAL_PENDING_GATE,能力;運勢◎;騎手ROI参考105;激印2+激走上位;市場乖離+4.3
07262809,10,ヴァンドゥーヴル,16,超穴帯,104.5(基準/前日20260815T1143Z),×,○(金星+)[参考:未照合],騎手ROI参考97[RaceInput未照合],[不足],[不足],[不足],×(展開順16/追),△,[不足],1,0,,,,
07262809,11,ブルーザー,4,中穴帯,12.6(基準/前日20260815T1143Z),△,○(木星+)[参考:未照合],騎手ROI参考106[RaceInput未照合],[不足],[不足],[不足],△(展開順7/差),△,[不足]|激印4,-1.8,4,,,,能力;運勢○;騎手ROI参考106;激印4
07262809,12,スクランプシャス,7,穴帯,24.5(基準/前日20260815T1143Z),△,○(木星+)[参考:未照合],騎手ROI参考99[RaceInput未照合],[不足],[不足],[不足],△(展開順8/差),△,[不足],1.8,2,,,,能力;運勢○
07262809,13,タイセイグローバル,8,穴帯,27.5(基準/前日20260815T1143Z),△,×(土星−)[参考:未照合],騎手ROI参考107[RaceInput未照合],[不足],[不足],[不足],△(展開順5/差),△,[不足]|激印3,2.7,3,,VALUE_H2_STRONG_PARTNER(PROV),NO,能力;騎手ROI参考107;激印3
07262809,14,ダノンオブアイデア,3,本命帯,6.7(基準/前日20260815T1143Z),◎,◎(火星+)[参考:未照合],騎手ROI参考101[RaceInput未照合],[不足],[不足],[不足],○(展開順3/逃),○,[不足],0.7,0,,,,
07262809,15,ヨシノサンキュー,18,超穴帯,125.3(基準/前日20260815T1143Z),×,△(木星−)[参考:未照合],騎手ROI参考90[RaceInput未照合],[不足],[不足],[不足],×(展開順18/追),△,[不足],1,0,,,,
07262809,16,スマートエラン,5,中穴帯,14.4(基準/前日20260815T1143Z),×,[不明],[不足],[不足],[不足],[不足],○(展開順14/先),○,[不足],-5.2,0,,,,
07262809,17,ノチェブエナ,6,中穴帯,18.9(基準/前日20260815T1143Z),△,◎(火星+)[参考:未照合],騎手ROI参考103[RaceInput未照合],[不足],[不足],[不足],△(展開順4/追),△,[不足],-1.2,3,,,,能力;運勢◎;騎手ROI参考103
07262809,18,レーヴドリュヌ,13,超穴帯,57.6(基準/前日20260815T1143Z),×,×(土星+)[参考:未照合],騎手ROI参考117[RaceInput未照合],[不足],[不足],[不足],△(展開順13/差),△,[不足],1.3,0,,,,
07262810,1,オーケーリアン,9,穴帯,20.3(基準/前日20260815T1143Z),×,○(金星+)[参考:未照合],騎手ROI参考97[RaceInput未照合],[不足],[不足],[不足],△(展開順12/先),△,[不足],-2.5,0,,,,
07262810,2,マリーヌ,7,穴帯,17.9(基準/前日20260815T1143Z),×,[不明],[不足],[不足],[不足],[不足],△(展開順9/差),×,[不足],-6.3,0,,,,
07262810,3,ルルフィーユ,16,超穴帯,74.0(基準/前日20260815T1143Z),×,△(木星−)[参考:未照合],騎手ROI参考115[RaceInput未照合],[不足],[不足],[不足],△(展開順11/追),△,[不足],5.7,0,,,,
07262810,4,ベルソテイラ,1,本命帯,3.3(基準/前日20260815T1143Z),◎,○(木星+)[参考:未照合],騎手ROI参考106[RaceInput未照合],[不足],[不足],[不足],○(展開順2/先),△,[不足]|激走上位,-0.8,0,,,,
07262810,5,ザラタン,6,中穴帯,16.5(基準/前日20260815T1143Z),○,△(木星−)[参考:未照合],騎手ROI参考90[RaceInput未照合],[不足],[不足],[不足],○(展開順4/差),○,[不足]|激印4,2.3,4,,VALUE_H2_STRONG_PARTNER(PROV),,能力;展開;調教;激印4
07262810,6,バシリス,14,超穴帯,48.8(基準/前日20260815T1143Z),△,×(土星+)[参考:未照合],[不足],[不足],[不足],[不足],△(展開順7/差),△,[不足],6.2,0,,,,
07262810,7,ガールズデイアウト,8,穴帯,19.5(基準/前日20260815T1143Z),△,◎(火星+)[参考:未照合],騎手ROI参考103[RaceInput未照合],[不足],[不足],[不足],△(展開順5/差),△,[不足]|激印2,1,4,,VALUE_H1_HOLE_AXIS_RECHECK(PROV),PROVISIONAL_PENDING_GATE,能力;運勢◎;騎手ROI参考103;激印2
07262810,8,ティエラレイナ,5,中穴帯,7.4(基準/前日20260815T1143Z),×,×(土星−)[参考:未照合],騎手ROI参考107[RaceInput未照合],[不足],[不足],[不足],△(展開順13/先),△,[不足],-4.8,0,,,,
07262810,9,アーデルリーベ,11,穴帯,35.8(基準/前日20260815T1143Z),△,○(天王星霊−)[参考:未照合],騎手ROI参考97[RaceInput未照合],[不足],[不足],[不足],△(展開順8/差),×,[不足],5,3,,VALUE_H2_STRONG_PARTNER(PROV),NO,能力;運勢○;市場乖離+5
07262810,10,ヴァイヴァーイ,12,穴帯,39.4(基準/前日20260815T1143Z),×,◎(水星−)[参考:未照合],騎手ROI参考105[RaceInput未照合],[不足],[不足],[不足],△(展開順10/先),△,[不足],2.2,0,,,,
07262810,11,エイコーンドリーム,3,本命帯,5.9(基準/前日20260815T1143Z),△,○(火星−)[参考:未照合],騎手ROI参考113[RaceInput未照合],[不足],[不足],[不足],△(展開順6/差),△,[不足],-2.8,0,,,,
07262810,12,ローズゴジャール,15,超穴帯,55.6(基準/前日20260815T1143Z),×,◎(水星+)[参考:未照合],騎手ROI参考99[RaceInput未照合],[不足],[不足],[不足],×(展開順16/追),×,[不足],0.8,0,,,,
07262810,13,リポジノ,13,超穴帯,45.4(基準/前日20260815T1143Z),×,×(金星霊−)[参考:未照合],騎手ROI参考96[RaceInput未照合],[不足],[不足],[不足],×(展開順14/逃),△,[不足],1.7,0,,,,
07262810,14,クレマチス,2,本命帯,4.2(基準/前日20260815T1143Z),◎,△(天王星−)[参考:未照合],騎手ROI参考108[RaceInput未照合],[不足],[不足],[不足],○(展開順1/先),△,[不足]|激走上位,0.3,0,,,,
07262810,15,ブラッドムーン,10,穴帯,34.3(基準/前日20260815T1143Z),×,×(土星+)[参考:未照合],騎手ROI参考86[RaceInput未照合],[不足],[不足],[不足],×(展開順15/追),△,[不足],-4.2,0,,,,
07262810,16,コズミックフレア,4,中穴帯,7.3(基準/前日20260815T1143Z),△,◎(水星+)[参考:未照合],騎手ROI参考97[RaceInput未照合],[不足],[不足],[不足],○(展開順3/差),○,[不足]|激印3,-1,5,,,,能力;運勢◎;展開;調教;激印3
07262811,1,グレゴリオ,12,穴帯,36.9(基準/前日20260815T1143Z),×,◎(水星−)[参考:未照合],騎手ROI参考100[RaceInput未照合],[不足],[不足],[不足],△(展開順10/差),△,[不足],3.2,0,,,,
07262811,2,フルールジェンヌ,3,本命帯,6.1(基準/前日20260815T1143Z),△,×(土星+)[参考:未照合],騎手ROI参考86[RaceInput未照合],[不足],[不足],[不足],△(展開順8/逃),△,[不足],-1.7,0,,,,
07262811,3,フロンティエール,8,穴帯,22.3(基準/前日20260815T1143Z),×,◎(水星+)[参考:未照合],騎手ROI参考97[RaceInput未照合],[不足],[不足],[不足],×(展開順15/先),△,[不足],-7.8,0,,,,
07262811,4,ベルフラム,9,穴帯,23.2(基準/前日20260815T1143Z),△,×(土星−)[参考:未照合],騎手ROI参考107[RaceInput未照合],[不足],[不足],[不足],△(展開順6/差),△,[不足],3.3,3,,VALUE_H2_STRONG_PARTNER(PROV),NO,能力;騎手ROI参考107;市場乖離+3.3
07262811,5,セルズパワー,13,超穴帯,37.9(基準/前日20260815T1143Z),×,[不明],[不足],[不足],[不足],[不足],△(展開順9/追),△,[不足],2,0,,,,
07262811,6,キョラムン,11,穴帯,34.1(基準/前日20260815T1143Z),×,◎(水星−)[参考:未照合],騎手ROI参考107[RaceInput未照合],[不足],[不足],[不足],△(展開順11/差),△,[不足],1,0,,,,
07262811,7,ルージュバロン,1,本命帯,2.9(基準/前日20260815T1143Z),◎,◎(火星+)[参考:未照合],騎手ROI参考103[RaceInput未照合],[不足],[不足],[不足],○(展開順1/差),○,[不足],-0.2,0,,,,
07262811,8,ジョワイユノエル,6,中穴帯,15.5(基準/前日20260815T1143Z),△,◎(水星+)[参考:未照合],騎手ROI参考102[RaceInput未照合],[不足],[不足],[不足],○(展開順4/差),△,[不足]|激印2+激走上位,0.8,4,,,,能力;運勢◎;展開;激印2+激走上位
07262811,9,フィラーエ,15,超穴帯,47.3(基準/前日20260815T1143Z),×,×(土星+)[参考:未照合],騎手ROI参考117[RaceInput未照合],[不足],[不足],[不足],△(展開順13/先),×,[不足],2.7,0,,,,
07262811,10,ダノンフェルゼン,14,超穴帯,43.5(基準/前日20260815T1143Z),×,○(木星+)[参考:未照合],騎手ROI参考104[RaceInput未照合],[不足],[不足],[不足],×(展開順14/差),△,[不足],0.7,0,,,,
07262811,11,フォルナックス,5,中穴帯,15.4(基準/前日20260815T1143Z),△,◎◎(天王星+)[参考:未照合],[不足],[不足],[不足],[不足],○(展開順2/差),×,[不足]|激印3+激走上位,-2.2,4,,,,能力;運勢◎◎;展開;激印3+激走上位
07262811,12,ヴァージル,4,中穴帯,13.1(基準/前日20260815T1143Z),△,[不明],[不足],[不足],[不足],[不足],△(展開順5/追),△,[不足],-2.2,1,,,,能力
07262811,13,スウィッチインラヴ,2,本命帯,3.4(基準/前日20260815T1143Z),◎,×(土星+)[参考:未照合],騎手ROI参考99[RaceInput未照合],[不足],[不足],[不足],○(展開順3/先),△,[不足],-0.3,0,,,,
07262811,14,マイティキングダム,7,穴帯,19.7(基準/前日20260815T1143Z),△,○(金星+)[参考:未照合],騎手ROI参考97[RaceInput未照合],[不足],[不足],[不足],△(展開順7/先),○,[不足],1.7,3,,VALUE_H2_STRONG_PARTNER(PROV),NO,能力;運勢○;調教
07262811,15,キングケープ,10,穴帯,25.2(基準/前日20260815T1143Z),×,◎(火星+)[参考:未照合],騎手ROI参考101[RaceInput未照合],[不足],[不足],[不足],△(展開順12/先),×,[不足]|激印4,0.8,0,,,,
07262811,16,ブーディガ,16,超穴帯,59.6(基準/前日20260815T1143Z),×,◎(水星−)[参考:未照合],騎手ROI参考105[RaceInput未照合],[不足],[不足],[不足],×(展開順16/先),△,[不足],1.3,0,,,,
07262812,1,メイショウジンソウ,3,本命帯,6.0(基準/前日20260815T1143Z),△,◎(水星−)[参考:未照合],騎手ROI参考107[RaceInput未照合],[不足],[不足],[不足],△(展開順6/追),○,[不足],-4.8,0,,,,
07262812,2,レイワノキセキ,11,穴帯,43.8(基準/前日20260815T1143Z),△,×(金星−)[参考:未照合],騎手ROI参考99[RaceInput未照合],[不足],[不足],[不足],△(展開順8/差),△,[不足],4.2,2,,,,能力;市場乖離+4.2
07262812,3,シンゼンコジロウ,10,穴帯,41.2(基準/前日20260815T1143Z),×,×(土星+)[参考:未照合],騎手ROI参考86[RaceInput未照合],[不足],[不足],[不足],×(展開順14/追),×,[不足],-2.5,0,,,,
07262812,4,サトノディヴァイン,5,中穴帯,8.8(基準/前日20260815T1143Z),×,◎(水星+)[参考:未照合],騎手ROI参考97[RaceInput未照合],[不足],[不足],[不足],△(展開順10/追),△,[不足]|激印4,-4.8,0,,,,
07262812,5,タガノランパート,9,穴帯,31.1(基準/前日20260815T1143Z),×,◎(水星−)[参考:未照合],騎手ROI参考105[RaceInput未照合],[不足],[不足],[不足],△(展開順13/差),△,[不足],-2.3,0,,,,
07262812,6,クボウサマ,12,穴帯,62.1(基準/前日20260815T1143Z),×,△(木星−)[参考:未照合],騎手ROI参考100[RaceInput未照合],[不足],[不足],[不足],△(展開順12/追),△,[不足],2.5,0,,,,
07262812,7,バチラ,14,超穴帯,71.4(基準/前日20260815T1143Z),△,○(金星+)[参考:未照合],騎手ROI参考97[RaceInput未照合],[不足],[不足],[不足],△(展開順5/差),△,[不足],9.2,0,,,,
07262812,8,ガトー,6,中穴帯,10.7(基準/前日20260815T1143Z),△,×(金星−)[参考:未照合],騎手ROI参考103[RaceInput未照合],[不足],[不足],[不足],○(展開順7/先),△,[不足]|激印3,1,4,,VALUE_H2_STRONG_PARTNER(PROV),,能力;騎手ROI参考103;展開;激印3
07262812,9,ハッピーブルー,16,超穴帯,84.2(基準/前日20260815T1143Z),×,△(天王星−)[参考:未照合],騎手ROI参考97[RaceInput未照合],[不足],[不足],[不足],×(展開順16/差),×,[不足],1.5,0,,,,
07262812,10,コンゴウフジ,8,穴帯,19.9(基準/前日20260815T1143Z),×,×(土星+)[参考:未照合],[不足],[不足],[不足],[不足],○(展開順15/先),△,[不足],-5.4,0,,,,
07262812,11,ゴールデンドラゴン,7,穴帯,13.1(基準/前日20260815T1143Z),△,△(天王星−)[参考:未照合],騎手ROI参考108[RaceInput未照合],[不足],[不足],[不足],△(展開順4/差),×,[不足],0.5,2,,,,能力;騎手ROI参考108
07262812,12,タロ,2,本命帯,4.4(基準/前日20260815T1143Z),○,○(木星+)[参考:未照合],騎手ROI参考106[RaceInput未照合],[不足],[不足],[不足],○(展開順3/先),○,[不足]|激走上位,-1,0,,,,
07262812,13,アイランド,1,本命帯,3.0(基準/前日20260815T1143Z),◎,◎◎(天王星+)[参考:未照合],[不足],[不足],[不足],[不足],○(展開順2/先),○,[不足]|激走上位,-0.7,0,,,,
07262812,14,カラバッシュ,15,超穴帯,80.6(基準/前日20260815T1143Z),×,△(木星−)[参考:未照合],騎手ROI参考115[RaceInput未照合],[不足],[不足],[不足],△(展開順11/追),△,[不足],3.5,0,,,,
07262812,15,マーゴットショット,4,中穴帯,6.8(基準/前日20260815T1143Z),○,○(木星+)[参考:未照合],騎手ROI参考104[RaceInput未照合],[不足],[不足],[不足],○(展開順1/追),○,[不足]|激印2,0.5,6,,,,能力;運勢○;騎手ROI参考104;展開;調教;激印2
07262812,16,グレートアゲイン,13,超穴帯,63.3(基準/前日20260815T1143Z),×,○(火星−)[参考:未照合],騎手ROI参考113[RaceInput未照合],[不足],[不足],[不足],△(展開順9/追),×,[不足],2.2,0,,,,
01261801,1,テンレッドサン,2,本命帯,4.1(基準/前日20260815T1143Z),○,×(土星−)[参考:未照合],騎手ROI参考101[RaceInput未照合],[不足],[不足],[不足],△(展開順4/差),△,[不足],-2,0,,,,
01261801,2,ルナティックブルー,6,中穴帯,22.6(基準/前日20260815T1143Z),△,×(金星−)[参考:未照合],騎手ROI参考96[RaceInput未照合],[不足],[不足],[不足],△(展開順6/差),×,[不足]|激印3,-0.2,2,,,,能力;激印3
01261801,3,ウォータースパウト,5,中穴帯,14.1(基準/前日20260815T1143Z),△,×(金星−)[参考:未照合],騎手ROI参考99[RaceInput未照合],[不足],[不足],[不足],△(展開順5/差),○,[不足],0.7,2,,,,能力;調教
01261801,4,アインプロージット,11,穴帯,35.0(基準/前日20260815T1143Z),×,×(土星−)[参考:未照合],騎手ROI参考92[RaceInput未照合],[不足],[不足],[不足],△(展開順11/差),△,[不足],2.8,0,,,,
01261801,5,ルージュリヴィエラ,1,本命帯,3.0(基準/前日20260815T1143Z),◎,△(天王星−)[参考:未照合],騎手ROI参考102[RaceInput未照合],[不足],[不足],[不足],○(展開順2/先),△,[不足],-1,0,,,,
01261801,6,イセッセイ,12,穴帯,38.4(基準/前日20260815T1143Z),×,○(金星+)[参考:未照合],騎手ROI参考68[RaceInput未照合],[不足],[不足],[不足],×(展開順12/追),×,[不足],-0.2,0,,,,
01261801,7,フィエスタ,13,超穴帯,40.7(基準/前日20260815T1143Z),×,△(天王星−)[参考:未照合],騎手ROI参考84[RaceInput未照合],[不足],[不足],[不足],×(展開順13/差),×,[不足],1.8,0,,,,
01261801,8,セントピュアベース,8,穴帯,26.1(基準/前日20260815T1143Z),×,×(土星−)[参考:未照合],騎手ROI参考106[RaceInput未照合],[不足],[不足],[不足],△(展開順7/追),×,[不足],-0.2,0,,,,
01261801,9,アリディプラチノ,14,超穴帯,47.5(基準/前日20260815T1143Z),×,△(木星−)[参考:未照合],騎手ROI参考83[RaceInput未照合],[不足],[不足],[不足],△(展開順9/差),△,[不足],4.5,0,,,,
01261801,10,プルーフリーディン,3,本命帯,4.7(基準/前日20260815T1143Z),◎,△(天王星−)[参考:未照合],騎手ROI参考99[RaceInput未照合],[不足],[不足],[不足],○(展開順1/追),△,[不足]|激印6+激走上位,1.7,0,,,,
01261801,11,ハピネスドリーム,9,穴帯,26.6(基準/前日20260815T1143Z),×,○(金星+)[参考:未照合],騎手ROI参考101[RaceInput未照合],[不足],[不足],[不足],△(展開順8/差),△,[不足],-1.3,0,,,,
01261801,12,フローズンクイーン,10,穴帯,33.9(基準/前日20260815T1143Z),×,○(木星+)[参考:未照合],騎手ROI参考100[RaceInput未照合],[不足],[不足],[不足],×(展開順14/追),△,[不足],-3.6,0,,,,
01261801,13,ストリートクイーン,4,中穴帯,5.0(基準/前日20260815T1143Z),○,◎◎(天王星+)[参考:未照合],騎手ROI参考96[RaceInput未照合],[不足],[不足],[不足],○(展開順3/先),△,[不足]|激印2+激走上位,1,4,,VALUE_H2_STRONG_PARTNER(PROV),,能力;運勢◎◎;展開;激印2+激走上位
01261801,14,マスカルポーネ,7,穴帯,22.9(基準/前日20260815T1143Z),×,○(天王星霊−)[参考:未照合],騎手ROI参考98[RaceInput未照合],[不足],[不足],[不足],○(展開順10/先),△,[不足],-1.8,0,,,,
01261802,1,リアルクウカイ,7,穴帯,20.8(基準/前日20260815T1143Z),×,◎◎(天王星+)[参考:未照合],騎手ROI参考99[RaceInput未照合],[不足],[不足],[不足],△(展開順5/差),△,[不足],1.2,0,,,,
01261802,2,ゴートゥービッツン,8,穴帯,20.8(基準/前日20260815T1143Z),×,○(金星+)[参考:未照合],騎手ROI参考68[RaceInput未照合],[不足],[不足],[不足],×(展開順4/逃),×,[不足]|激印2,3,0,,,,
01261802,3,タイフーンナイン,1,本命帯,2.0(基準/前日20260815T1143Z),◎,△(天王星−)[参考:未照合],騎手ROI参考99[RaceInput未照合],[不足],[不足],[不足],×(展開順1/逃),△,[不足]|激走上位,-0.5,0,,,,
01261802,4,テイクケア,4,中穴帯,14.9(基準/前日20260815T1143Z),○,△(天王星−)[参考:未照合],騎手ROI参考84[RaceInput未照合],[不足],[不足],[不足],△(展開順6/追),×,[不足]|激印3,0.2,2,,,,能力;激印3
01261802,5,リアルジャパン,3,本命帯,4.3(基準/前日20260815T1143Z),○,×(金星−)[参考:未照合],騎手ROI参考99[RaceInput未照合],[不足],[不足],[不足],○(展開順3/差),○,[不足]|激走上位,-0.3,0,,,,
01261802,6,キチロクタワー,2,本命帯,3.0(基準/前日20260815T1143Z),◎,△(天王星−)[参考:未照合],騎手ROI参考104[RaceInput未照合],[不足],[不足],[不足],×(展開順2/逃),△,[不足],0,0,,,,
01261802,7,スクレイプバイ,5,中穴帯,15.4(基準/前日20260815T1143Z),×,×(金星−)[参考:未照合],騎手ROI参考101[RaceInput未照合],[不足],[不足],[不足],△(展開順8/先),△,[不足],-2.2,0,,,,
01261802,8,モミスケ,6,中穴帯,15.6(基準/前日20260815T1143Z),×,△(天王星−)[参考:未照合],騎手ROI参考99[RaceInput未照合],[不足],[不足],[不足],△(展開順7/追),△,[不足],-0.8,0,,,,
01261803,1,ゴールドジェスター,12,穴帯,34.1(基準/前日20260815T1143Z),×,○(水星霊−)[参考:未照合],騎手ROI参考104[RaceInput未照合],[不足],[不足],[不足],△(展開順10/追),×,[不足],4.2,0,,,,
01261803,2,ライフイズカラフル,9,穴帯,16.8(基準/前日20260815T1143Z),△,○(天王星霊−)[参考:未照合],騎手ROI参考98[RaceInput未照合],[不足],[不足],[不足],△(展開順8/先),△,[不足],4,3,,VALUE_H2_STRONG_PARTNER(PROV),NO,能力;運勢○;市場乖離+4
01261803,3,マイバラード,11,穴帯,32.1(基準/前日20260815T1143Z),×,○(金星+)[参考:未照合],騎手ROI参考68[RaceInput未照合],[不足],[不足],[不足],△(展開順11/追),△,[不足],0.8,0,,,,
01261803,4,トクシージェネラル,14,超穴帯,41.3(基準/前日20260815T1143Z),×,×(金星−)[参考:未照合],騎手ROI参考101[RaceInput未照合],[不足],[不足],[不足],×(展開順12/差),×,[不足],1.7,0,,,,
01261803,5,ハヤブササキチャン,1,本命帯,4.4(基準/前日20260815T1143Z),○,×(金星−)[参考:未照合],騎手ROI参考99[RaceInput未照合],[不足],[不足],[不足],△(展開順6/差),△,[不足]|激走上位,-2,0,,,,
01261803,6,ブランドブラン,4,中穴帯,7.1(基準/前日20260815T1143Z),△,×(金星−)[参考:未照合],騎手ROI参考101[RaceInput未照合],[不足],[不足],[不足],○(展開順1/先),△,[不足],-3,1,,,,展開
01261803,7,レダアトミカ,6,中穴帯,8.0(基準/前日20260815T1143Z),△,○(金星+)[参考:未照合],騎手ROI参考101[RaceInput未照合],[不足],[不足],[不足],○(展開順3/差),△,[不足]|激印3,1.3,4,,VALUE_H2_STRONG_PARTNER(PROV),,能力;運勢○;展開;激印3
01261803,8,ブルースカイブルー,8,穴帯,14.6(基準/前日20260815T1143Z),×,○(火星霊−)[参考:未照合],騎手ROI参考101[RaceInput未照合],[不足],[不足],[不足],△(展開順9/差),△,[不足],0.3,0,,,,
01261803,9,クラシカルカイザー,13,超穴帯,37.2(基準/前日20260815T1143Z),×,△(天王星−)[参考:未照合],騎手ROI参考99[RaceInput未照合],[不足],[不足],[不足],×(展開順13/逃),△,[不足],2,0,,,,
01261803,10,クリスレジーナ,2,本命帯,5.1(基準/前日20260815T1143Z),○,◎◎(天王星+)[参考:未照合],騎手ROI参考96[RaceInput未照合],[不足],[不足],[不足],○(展開順2/逃),△,[不足],-1.7,0,,,,
01261803,11,テンレディーゴー,7,穴帯,8.6(基準/前日20260815T1143Z),△,△(天王星−)[参考:未照合],騎手ROI参考99[RaceInput未照合],[不足],[不足],[不足],△(展開順4/差),○,[不足],2.2,2,,,,能力;調教
01261803,12,カーフキック,10,穴帯,28.8(基準/前日20260815T1143Z),×,◎(水星+)[参考:未照合],騎手ROI参考101[RaceInput未照合],[不足],[不足],[不足],×(展開順14/差),×,[不足],-3.2,0,,,,
01261803,13,コウギョク,3,本命帯,6.1(基準/前日20260815T1143Z),△,△(天王星−)[参考:未照合],騎手ROI参考102[RaceInput未照合],[不足],[不足],[不足],△(展開順5/差),△,[不足],-1.5,0,,,,
01261803,14,ナムラヒナギク,5,中穴帯,7.8(基準/前日20260815T1143Z),△,×(金星−)[参考:未照合],騎手ROI参考96[RaceInput未照合],[不足],[不足],[不足],△(展開順7/追),×,[不足]|激印2+激走上位,-1.2,2,,,,能力;激印2+激走上位
01261804,1,アロハ,5,中穴帯,12.9(基準/前日20260815T1143Z),×,×(金星−)[参考:未照合],騎手ROI参考101[RaceInput未照合],[不足],[不足],[不足],△(展開順11/先),△,[不足],-5,0,,,,
01261804,2,トランスマリーン,10,穴帯,25.5(基準/前日20260815T1143Z),×,△(木星−)[参考:未照合],騎手ROI参考99[RaceInput未照合],[不足],[不足],[不足],△(展開順8/逃),△,[不足],1,0,,,,
01261804,3,ワンダージェム,12,穴帯,29.5(基準/前日20260815T1143Z),×,△(天王星−)[参考:未照合],騎手ROI参考104[RaceInput未照合],[不足],[不足],[不足],×(展開順14/差),×,[不足],-0.8,0,,,,
01261804,4,メイショウタイザン,6,中穴帯,13.5(基準/前日20260815T1143Z),○,×(金星−)[参考:未照合],騎手ROI参考96[RaceInput未照合],[不足],[不足],[不足],○(展開順3/先),△,[不足]|激印2+激走上位,3.2,4,,VALUE_H2_STRONG_PARTNER(PROV),,能力;展開;激印2+激走上位;市場乖離+3.2
01261804,5,テリオスリコ,13,超穴帯,36.3(基準/前日20260815T1143Z),×,○(火星−)[参考:未照合],騎手ROI参考102[RaceInput未照合],[不足],[不足],[不足],△(展開順9/追),×,[不足],4.2,0,,,,
01261804,6,ディープマウンテン,11,穴帯,25.6(基準/前日20260815T1143Z),×,×(金星−)[参考:未照合],騎手ROI参考99[RaceInput未照合],[不足],[不足],[不足],×(展開順12/差),△,[不足],1,0,,,,
01261804,7,エースオブゴールド,9,穴帯,22.5(基準/前日20260815T1143Z),×,△(天王星−)[参考:未照合],騎手ROI参考99[RaceInput未照合],[不足],[不足],[不足],△(展開順7/差),×,[不足],1.2,0,,,,
01261804,8,アルジェンタム,1,本命帯,2.9(基準/前日20260815T1143Z),○,△(天王星−)[参考:未照合],騎手ROI参考102[RaceInput未照合],[不足],[不足],[不足],△(展開順4/追),△,[不足]|激走上位,-1.8,0,,,,
01261804,9,メカニックバレエ,14,超穴帯,36.5(基準/前日20260815T1143Z),×,[不明],[不足],[不足],[不足],[不足],△(展開順5/先),△,[不足],5.8,0,,,,
01261804,10,フォーティンブラス,7,穴帯,16.2(基準/前日20260815T1143Z),△,○(金星+)[参考:未照合],騎手ROI参考98[RaceInput未照合],[不足],[不足],[不足],△(展開順6/追),△,[不足]|激印3,1.3,3,,VALUE_H2_STRONG_PARTNER(PROV),NO,能力;運勢○;激印3
01261804,11,ホウオウロレンシア,3,本命帯,5.3(基準/前日20260815T1143Z),◎,○(金星+)[参考:未照合],騎手ROI参考101[RaceInput未照合],[不足],[不足],[不足],○(展開順1/先),○,[不足],0.5,0,,,,
01261804,12,ペガサスウィンド,2,本命帯,4.2(基準/前日20260815T1143Z),◎,×(土星−)[参考:未照合],騎手ROI参考101[RaceInput未照合],[不足],[不足],[不足],○(展開順2/先),△,[不足],0.7,0,,,,
01261804,13,ブライトエンジェル,8,穴帯,17.2(基準/前日20260815T1143Z),×,×(土星−)[参考:未照合],騎手ROI参考92[RaceInput未照合],[不足],[不足],[不足],△(展開順10/差),△,[不足],-0.4,0,,,,
01261804,14,パーシヴァル,4,中穴帯,12.8(基準/前日20260815T1143Z),×,×(金星−)[参考:未照合],騎手ROI参考101[RaceInput未照合],[不足],[不足],[不足],×(展開順13/差),△,[不足],-6.7,0,,,,
01261805,1,ミライショウグン,8,穴帯,22.2(基準/前日20260815T1143Z),×,×(土星−)[参考:未照合],騎手ROI参考106[RaceInput未照合],[不足],[不足],[不足],△(展開順9/),×,[不足],-1.2,0,,,,
01261805,2,マサノブルスカイ,9,穴帯,22.7(基準/前日20260815T1143Z),×,△(木星−)[参考:未照合],騎手ROI参考99[RaceInput未照合],[不足],[不足],[不足],×(展開順12/),×,[不足],-0.8,0,,,,
01261805,3,アイアムツヨスギル,7,穴帯,16.4(基準/前日20260815T1143Z),×,○(火星霊−)[参考:未照合],騎手ROI参考101[RaceInput未照合],[不足],[不足],[不足],×(展開順10/),△,[不足],-1.2,0,,,,
01261805,4,グリームウッド,10,穴帯,25.6(基準/前日20260815T1143Z),×,×(金星−)[参考:未照合],騎手ROI参考101[RaceInput未照合],[不足],[不足],[不足],△(展開順8/),△,[不足],1.4,0,,,,
01261805,5,リアンディール,5,中穴帯,12.8(基準/前日20260815T1143Z),△,△(天王星−)[参考:未照合],騎手ROI参考99[RaceInput未照合],[不足],[不足],[不足],△(展開順5/),○,[不足],0,2,,,,能力;調教
01261805,6,ネージュエトワール,11,穴帯,26.1(基準/前日20260815T1143Z),×,△(天王星−)[参考:未照合],騎手ROI参考99[RaceInput未照合],[不足],[不足],[不足],△(展開順7/),×,[不足],3.4,0,,,,
01261805,7,シャイニーヒーロー,12,穴帯,41.6(基準/前日20260815T1143Z),×,△(木星−)[参考:未照合],騎手ROI参考83[RaceInput未照合],[不足],[不足],[不足],×(展開順11/),×,[不足],2.2,0,,,,
01261805,8,レッドマスキュラー,3,本命帯,4.4(基準/前日20260815T1143Z),◎,△(天王星−)[参考:未照合],騎手ROI参考102[RaceInput未照合],[不足],[不足],[不足],○(展開順1/),○,[不足]|激走上位,1.6,0,,,,
01261805,9,ハヤブサカツオー,4,中穴帯,6.5(基準/前日20260815T1143Z),○,×(金星−)[参考:未照合],騎手ROI参考99[RaceInput未照合],[不足],[不足],[不足],△(展開順4/),○,[不足]|激印2,0.2,3,,,,能力;調教;激印2
01261805,10,レッドディーヴァ,6,中穴帯,16.0(基準/前日20260815T1143Z),△,×(金星−)[参考:未照合],騎手ROI参考96[RaceInput未照合],[不足],[不足],[不足],△(展開順6/),△,[不足]|激印3,0,2,,,,能力;激印3
01261805,11,レジームチェンジ,1,本命帯,2.9(基準/前日20260815T1143Z),○,◎◎(天王星+)[参考:未照合],騎手ROI参考96[RaceInput未照合],[不足],[不足],[不足],○(展開順3/),○,[不足],-1.6,0,,,,
01261805,12,シティオブドリーム,2,本命帯,4.3(基準/前日20260815T1143Z),◎,◎(水星+)[参考:未照合],騎手ROI参考101[RaceInput未照合],[不足],[不足],[不足],○(展開順2/),△,[不足]|激印1+激走上位,-0.2,0,,,,
01261806,1,ジュジュドール,11,穴帯,22.7(基準/前日20260815T1143Z),×,○(天王星霊−)[参考:未照合],騎手ROI参考98[RaceInput未照合],[不足],[不足],[不足],△(展開順11/先),△,[不足],1,0,,,,
01261806,2,マカニ,12,穴帯,27.8(基準/前日20260815T1143Z),×,○(金星+)[参考:未照合],騎手ROI参考98[RaceInput未照合],[不足],[不足],[不足],×(展開順10/逃),△,[不足],1.7,0,,,,
01261806,3,イングラム,1,本命帯,4.1(基準/前日20260815T1143Z),◎,×(土星−)[参考:未照合],騎手ROI参考106[RaceInput未照合],[不足],[不足],[不足],×(展開順1/逃),○,[不足]|激走上位,0,0,,,,
01261806,4,ラテラルパーム,3,本命帯,4.9(基準/前日20260815T1143Z),◎,○(木星霊+)[参考:未照合],騎手ROI参考100[RaceInput未照合],[不足],[不足],[不足],△(展開順4/先),○,[不足]|激走上位,0.5,0,,,,
01261806,5,タイセイアビリティ,8,穴帯,18.5(基準/前日20260815T1143Z),×,○(水星霊−)[参考:未照合],騎手ROI参考104[RaceInput未照合],[不足],[不足],[不足],△(展開順7/先),×,[不足],-0.7,0,,,,
01261806,6,スパークルジョイ,10,穴帯,21.7(基準/前日20260815T1143Z),×,×(金星−)[参考:未照合],騎手ROI参考96[RaceInput未照合],[不足],[不足],[不足],△(展開順9/先),△,[不足]|激印2,3.7,0,,,,
01261806,7,ナンナンプー,7,穴帯,15.4(基準/前日20260815T1143Z),△,×(金星−)[参考:未照合],騎手ROI参考101[RaceInput未照合],[不足],[不足],[不足],△(展開順5/差),△,[不足],1.2,1,,,,能力
01261806,8,ビタミンドロップ,2,本命帯,4.9(基準/前日20260815T1143Z),△,△(天王星−)[参考:未照合],騎手ROI参考99[RaceInput未照合],[不足],[不足],[不足],×(展開順6/逃),△,[不足],-2.3,0,,,,
01261806,9,パドゼフィール,6,中穴帯,13.2(基準/前日20260815T1143Z),×,△(天王星−)[参考:未照合],騎手ROI参考84[RaceInput未照合],[不足],[不足],[不足],△(展開順8/先),△,[不足]|激印3,-1.3,0,,,,
01261806,10,ヨドノゴールド,5,中穴帯,6.0(基準/前日20260815T1143Z),○,○(火星−)[参考:未照合],騎手ROI参考101[RaceInput未照合],[不足],[不足],[不足],○(展開順2/差),△,[不足],1,3,,VALUE_H2_STRONG_PARTNER(PROV),,能力;運勢○;展開
01261806,11,エスカレイト,4,中穴帯,5.8(基準/前日20260815T1143Z),△,×(金星−)[参考:未照合],騎手ROI参考101[RaceInput未照合],[不足],[不足],[不足],○(展開順3/追),△,[不足],-1,2,,,,能力;展開
01261806,12,メイショウホダワラ,9,穴帯,20.0(基準/前日20260815T1143Z),×,×(金星−)[参考:未照合],騎手ROI参考99[RaceInput未照合],[不足],[不足],[不足],×(展開順12/逃),△,[不足],-2.2,0,,,,
01261807,1,ルクスユアン,12,穴帯,29.7(基準/前日20260815T1143Z),×,×(金星−)[参考:未照合],騎手ROI参考99[RaceInput未照合],[不足],[不足],[不足],△(展開順11/差),×,[不足],1.5,0,,,,
01261807,2,クールフィデル,5,中穴帯,10.8(基準/前日20260815T1143Z),△,△(天王星−)[参考:未照合],騎手ROI参考102[RaceInput未照合],[不足],[不足],[不足],△(展開順4/先),○,[不足]|激印4,0.5,3,,,,能力;調教;激印4
01261807,3,キトゥンズラスター,14,超穴帯,47.8(基準/前日20260815T1143Z),×,×(金星−)[参考:未照合],騎手ROI参考96[RaceInput未照合],[不足],[不足],[不足],△(展開順9/追),△,[不足],2.8,0,,,,
01261807,4,トーレス,15,超穴帯,65.5(基準/前日20260815T1143Z),×,△(木星−)[参考:未照合],騎手ROI参考83[RaceInput未照合],[不足],[不足],[不足],△(展開順12/追),×,[不足],1.8,0,,,,
01261807,5,デイズインザサン,9,穴帯,21.5(基準/前日20260815T1143Z),△,△(天王星−)[参考:未照合],騎手ROI参考99[RaceInput未照合],[不足],[不足],[不足],△(展開順8/差),○,[不足],2,2,,,,能力;調教
01261807,6,ロッサコメータ,4,中穴帯,7.7(基準/前日20260815T1143Z),○,△(天王星−)[参考:未照合],騎手ROI参考99[RaceInput未照合],[不足],[不足],[不足],×(展開順5/逃),○,[不足]|激印2+激走上位,0.7,3,,,,能力;調教;激印2+激走上位
01261807,7,マコトアディントン,2,本命帯,4.8(基準/前日20260815T1143Z),○,◎◎(天王星+)[参考:未照合],騎手ROI参考96[RaceInput未照合],[不足],[不足],[不足],○(展開順3/追),○,[不足],-1.5,0,,,,
01261807,8,アームアンフルール,8,穴帯,16.8(基準/前日20260815T1143Z),×,○(木星霊+)[参考:未照合],騎手ROI参考100[RaceInput未照合],[不足],[不足],[不足],×(展開順15/逃),△,[不足],-5.3,0,,,,
01261807,9,メイショウライガ,13,超穴帯,31.1(基準/前日20260815T1143Z),×,△(木星−)[参考:未照合],騎手ROI参考99[RaceInput未照合],[不足],[不足],[不足],△(展開順13/先),△,[不足],1.5,0,,,,
01261807,10,コスモマウイ,16,超穴帯,82.4(基準/前日20260815T1143Z),×,×(金星−)[参考:未照合],騎手ROI参考101[RaceInput未照合],[不足],[不足],[不足],△(展開順16/追),×,[不足],0.8,0,,,,
01261807,11,ホウオウワイズ,10,穴帯,26.2(基準/前日20260815T1143Z),×,○(天王星霊−)[参考:未照合],騎手ROI参考98[RaceInput未照合],[不足],[不足],[不足],△(展開順14/先),△,[不足],-2.8,0,,,,
01261807,12,ヒメヒオウギ,6,中穴帯,12.1(基準/前日20260815T1143Z),△,△(天王星−)[参考:未照合],騎手ROI参考84[RaceInput未照合],[不足],[不足],[不足],△(展開順6/差),×,[不足]|激印3+激走上位,0.7,2,,,,能力;激印3+激走上位
01261807,13,ヤクジョ,7,穴帯,15.7(基準/前日20260815T1143Z),△,×(土星−)[参考:未照合],騎手ROI参考101[RaceInput未照合],[不足],[不足],[不足],△(展開順7/追),○,[不足],-0.2,2,,,,能力;調教
01261807,14,ウイルソン,1,本命帯,3.7(基準/前日20260815T1143Z),◎,○(金星+)[参考:未照合],騎手ROI参考101[RaceInput未照合],[不足],[不足],[不足],○(展開順1/先),△,[不足],-0.8,0,,,,
01261807,15,スチョウプリンセス,11,穴帯,29.4(基準/前日20260815T1143Z),×,◎(水星+)[参考:未照合],騎手ROI参考101[RaceInput未照合],[不足],[不足],[不足],△(展開順10/追),△,[不足],1,0,,,,
01261807,16,ミナヅキ,3,本命帯,5.0(基準/前日20260815T1143Z),○,×(金星−)[参考:未照合],騎手ROI参考101[RaceInput未照合],[不足],[不足],[不足],×(展開順2/逃),○,[不足],-0.2,0,,,,
01261808,1,カフジクロミエ,7,穴帯,16.0(基準/前日20260815T1143Z),○,○(火星−)[参考:未照合],騎手ROI参考102[RaceInput未照合],[不足],[不足],[不足],△(展開順4/差),○,[不足],3,4,,VALUE_H1_HOLE_AXIS_RECHECK(PROV),PROVISIONAL_PENDING_GATE,能力;運勢○;調教;市場乖離+3
01261808,2,タイセイジェイド,6,中穴帯,8.1(基準/前日20260815T1143Z),○,×(金星−)[参考:未照合],騎手ROI参考101[RaceInput未照合],[不足],[不足],[不足],○(展開順3/先),○,[不足]|激印3,3.3,5,,VALUE_H2_STRONG_PARTNER(PROV),,能力;展開;調教;激印3;市場乖離+3.3
01261808,3,タイセイルビー,5,中穴帯,7.1(基準/前日20260815T1143Z),×,△(天王星−)[参考:未照合],騎手ROI参考99[RaceInput未照合],[不足],[不足],[不足],△(展開順7/追),△,[不足]|激印2,-0.7,0,,,,
01261808,4,グレイスフルマーチ,1,本命帯,3.3(基準/前日20260815T1143Z),◎,○(天王星霊−)[参考:未照合],騎手ROI参考98[RaceInput未照合],[不足],[不足],[不足],○(展開順1/差),△,[不足]|激走上位,-0.7,0,,,,
01261808,5,ロードアルディート,4,中穴帯,6.1(基準/前日20260815T1143Z),△,△(天王星−)[参考:未照合],騎手ROI参考102[RaceInput未照合],[不足],[不足],[不足],△(展開順5/追),△,[不足],-1.2,1,,,,能力
01261808,6,スパークルレイ,10,穴帯,31.0(基準/前日20260815T1143Z),×,○(金星+)[参考:未照合],騎手ROI参考68[RaceInput未照合],[不足],[不足],[不足],×(展開順11/追),△,[不足],-0.8,0,,,,
01261808,7,タイキインドラ,2,本命帯,4.0(基準/前日20260815T1143Z),○,×(土星−)[参考:未照合],騎手ROI参考101[RaceInput未照合],[不足],[不足],[不足],○(展開順2/逃),△,[不足],-0.7,0,,,,
01261808,8,ファミーユウルーズ,9,穴帯,25.6(基準/前日20260815T1143Z),×,△(木星−)[参考:未照合],騎手ROI参考99[RaceInput未照合],[不足],[不足],[不足],×(展開順9/先),×,[不足],-0.2,0,,,,
01261808,9,サマースプラッシュ,11,穴帯,34.7(基準/前日20260815T1143Z),×,○(金星+)[参考:未照合],騎手ROI参考98[RaceInput未照合],[不足],[不足],[不足],×(展開順10/差),×,[不足],2,0,,,,
01261808,10,ジェネラスキング,3,本命帯,5.2(基準/前日20260815T1143Z),×,◎◎(天王星+)[参考:未照合],騎手ROI参考96[RaceInput未照合],[不足],[不足],[不足],△(展開順6/差),△,[不足]|激走上位,-2.7,0,,,,
01261808,11,カフェブーケット,8,穴帯,23.6(基準/前日20260815T1143Z),×,△(天王星−)[参考:未照合],騎手ROI参考104[RaceInput未照合],[不足],[不足],[不足],△(展開順8/差),△,[不足],-0.3,0,,,,
01261809,1,シュークリーム,8,穴帯,13.0(基準/前日20260815T1143Z),△,×(土星−)[参考:未照合],騎手ROI参考101[RaceInput未照合],[不足],[不足],[不足],△(展開順6/先),△,[不足],2.7,1,,,,能力
01261809,2,ラスベガスサイン,10,穴帯,30.3(基準/前日20260815T1143Z),×,×(金星−)[参考:未照合],騎手ROI参考101[RaceInput未照合],[不足],[不足],[不足],△(展開順9/逃),×,[不足]|激印2+激走上位,1.2,0,,,,
01261809,3,エコロハート,1,本命帯,4.4(基準/前日20260815T1143Z),◎,○(火星−)[参考:未照合],騎手ROI参考101[RaceInput未照合],[不足],[不足],[不足],○(展開順1/差),○,[不足]|激走上位,-1,0,,,,
01261809,4,レッドカメリア,14,超穴帯,33.8(基準/前日20260815T1143Z),×,○(火星−)[参考:未照合],騎手ROI参考102[RaceInput未照合],[不足],[不足],[不足],△(展開順12/追),×,[不足],3.2,0,,,,
01261809,5,ハッピーラッキー,2,本命帯,5.5(基準/前日20260815T1143Z),○,△(天王星−)[参考:未照合],騎手ROI参考102[RaceInput未照合],[不足],[不足],[不足],○(展開順4/差),○,[不足],-0.7,0,,,,
01261809,6,キタノクニカラ,15,超穴帯,45.1(基準/前日20260815T1143Z),×,○(金星+)[参考:未照合],騎手ROI参考68[RaceInput未照合],[不足],[不足],[不足],×(展開順16/差),×,[不足],-0.7,0,,,,
01261809,7,ブライアーヒル,12,穴帯,31.2(基準/前日20260815T1143Z),×,○(天王星霊−)[参考:未照合],騎手ROI参考98[RaceInput未照合],[不足],[不足],[不足],△(展開順11/追),×,[不足],0.5,0,,,,
01261809,8,ユーティジャーニー,11,穴帯,30.8(基準/前日20260815T1143Z),×,△(天王星−)[参考:未照合],騎手ROI参考104[RaceInput未照合],[不足],[不足],[不足],△(展開順10/差),△,[不足]|激印3,2.3,0,,,,
01261809,9,フィオラーノ,9,穴帯,25.4(基準/前日20260815T1143Z),×,○(木星+)[参考:未照合],騎手ROI参考100[RaceInput未照合],[不足],[不足],[不足],×(展開順15/逃),△,[不足],-2.5,0,,,,
01261809,10,トーアサジタリウス,13,超穴帯,32.6(基準/前日20260815T1143Z),×,[不明],[不足],[不足],[不足],[不足],△(展開順13/差),×,[不足],-0.7,0,,,,
01261809,11,アルマロクザン,16,超穴帯,46.5(基準/前日20260815T1143Z),×,◎(水星+)[参考:未照合],騎手ROI参考101[RaceInput未照合],[不足],[不足],[不足],×(展開順14/差),×,[不足],4.2,0,,,,
01261809,12,ラヴノー,6,中穴帯,9.1(基準/前日20260815T1143Z),△,△(天王星−)[参考:未照合],騎手ROI参考99[RaceInput未照合],[不足],[不足],[不足],△(展開順8/先),○,[不足],-1.7,2,,,,能力;調教
01261809,13,ノアールビーナス,7,穴帯,11.3(基準/前日20260815T1143Z),△,×(土星−)[参考:未照合],騎手ROI参考106[RaceInput未照合],[不足],[不足],[不足],○(展開順2/差),×,[不足]|激印4,0,4,,,,能力;騎手ROI参考106;展開;激印4
01261809,14,ダブルチャレンジ,4,中穴帯,6.3(基準/前日20260815T1143Z),△,×(金星−)[参考:未照合],騎手ROI参考99[RaceInput未照合],[不足],[不足],[不足],△(展開順5/先),○,[不足],-2.5,2,,,,能力;調教
01261809,15,マイケルバローズ,5,中穴帯,8.9(基準/前日20260815T1143Z),△,◎◎(天王星+)[参考:未照合],騎手ROI参考96[RaceInput未照合],[不足],[不足],[不足],△(展開順7/先),△,[不足],-0.7,2,,,,能力;運勢◎◎
01261809,16,リヴァイ,3,本命帯,6.1(基準/前日20260815T1143Z),○,×(金星−)[参考:未照合],騎手ROI参考101[RaceInput未照合],[不足],[不足],[不足],○(展開順3/差),○,[不足],-0.3,0,,,,
01261810,1,カッタッパ,9,穴帯,25.1(基準/前日20260815T1143Z),×,○(木星+)[参考:未照合],騎手ROI参考100[RaceInput未照合],[不足],[不足],[不足],△(展開順10/先),×,[不足],-1.2,0,,,,
01261810,2,ビーマックス,5,中穴帯,7.2(基準/前日20260815T1143Z),△,○(火星−)[参考:未照合],騎手ROI参考101[RaceInput未照合],[不足],[不足],[不足],△(展開順6/差),○,[不足]|激印3,-0.3,4,,,,能力;運勢○;調教;激印3
01261810,3,キャリーグレイス,7,穴帯,15.1(基準/前日20260815T1143Z),×,×(土星−)[参考:未照合],騎手ROI参考106[RaceInput未照合],[不足],[不足],[不足],×(展開順7/逃),△,[不足],0.8,0,,,,
01261810,4,オセアエクスプレス,10,穴帯,28.9(基準/前日20260815T1143Z),×,△(天王星−)[参考:未照合],騎手ROI参考99[RaceInput未照合],[不足],[不足],[不足],△(展開順9/差),△,[不足],1,0,,,,
01261810,5,ストロングボンド,11,穴帯,33.1(基準/前日20260815T1143Z),×,△(天王星−)[参考:未照合],騎手ROI参考104[RaceInput未照合],[不足],[不足],[不足],△(展開順12/先),△,[不足],-0.7,0,,,,
01261810,6,マメタンク,2,本命帯,5.3(基準/前日20260815T1143Z),◎,○(天王星霊−)[参考:未照合],騎手ROI参考98[RaceInput未照合],[不足],[不足],[不足],○(展開順2/差),○,[不足],-0.2,0,,,,
01261810,7,タッカージーティー,3,本命帯,5.5(基準/前日20260815T1143Z),○,◎◎(天王星+)[参考:未照合],騎手ROI参考96[RaceInput未照合],[不足],[不足],[不足],△(展開順4/先),△,[不足],-1,0,,,,
01261810,8,クインズシフォン,6,中穴帯,9.1(基準/前日20260815T1143Z),△,×(金星−)[参考:未照合],騎手ROI参考99[RaceInput未照合],[不足],[不足],[不足],△(展開順5/追),×,[不足],0,1,,,,能力
01261810,9,ウーマンズパワー,4,中穴帯,6.7(基準/前日20260815T1143Z),○,×(金星−)[参考:未照合],騎手ROI参考101[RaceInput未照合],[不足],[不足],[不足],×(展開順3/逃),△,[不足],0.8,1,,,,能力
01261810,10,パールフロント,1,本命帯,2.9(基準/前日20260815T1143Z),◎,○(金星+)[参考:未照合],騎手ROI参考101[RaceInput未照合],[不足],[不足],[不足],○(展開順1/差),○,[不足]|激走上位,0,0,,,,
01261810,11,フェデルミエール,12,穴帯,38.0(基準/前日20260815T1143Z),×,○(水星霊−)[参考:未照合],騎手ROI参考104[RaceInput未照合],[不足],[不足],[不足],△(展開順11/差),△,[不足],1.2,0,,,,
01261810,12,キーガッツ,8,穴帯,18.0(基準/前日20260815T1143Z),×,×(金星−)[参考:未照合],騎手ROI参考101[RaceInput未照合],[不足],[不足],[不足],△(展開順8/先),×,[不足]|激印2+激走上位,0.8,0,,,,
01261811,1,オニャンコポン,15,超穴帯,58.5(基準/前日20260815T1143Z),×,×(金星−)[参考:未照合],騎手ROI参考101[RaceInput未照合],[不足],[不足],[不足],△(展開順8/追),×,[不足],4.5,0,,,,
01261811,2,イガッチ,12,穴帯,27.6(基準/前日20260815T1143Z),×,×(金星−)[参考:未照合],騎手ROI参考99[RaceInput未照合],[不足],[不足],[不足],△(展開順13/差),△,[不足],1.7,0,,,,
01261811,3,ピンクジン,16,超穴帯,86.7(基準/前日20260815T1143Z),×,○(水星霊−)[参考:未照合],騎手ROI参考104[RaceInput未照合],[不足],[不足],[不足],×(展開順14/差),×,[不足],1.5,0,,,,
01261811,4,マジックサンズ,3,本命帯,7.7(基準/前日20260815T1143Z),△,△(天王星−)[参考:未照合],騎手ROI参考102[RaceInput未照合],[不足],[不足],[不足],△(展開順9/差),△,[不足],-4.3,0,,,,
01261811,5,エコロヴァルツ,7,穴帯,12.6(基準/前日20260815T1143Z),×,◎◎(天王星+)[参考:未照合],騎手ROI参考96[RaceInput未照合],[不足],[不足],[不足],△(展開順7/先),○,[不足],-2.3,0,,,,
01261811,6,ローシャムパーク,8,穴帯,13.9(基準/前日20260815T1143Z),○,○(火星霊−)[参考:未照合],騎手ROI参考101[RaceInput未照合],[不足],[不足],[不足],○(展開順4/差),○,[不足]|激印2+激走上位,5,6,,VALUE_H1_HOLE_AXIS_RECHECK(PROV),PROVISIONAL_PENDING_GATE,能力;運勢○;展開;調教;激印2+激走上位;市場乖離+5
01261811,7,ショウヘイ,1,本命帯,4.0(基準/前日20260815T1143Z),○,○(火星−)[参考:未照合],騎手ROI参考101[RaceInput未照合],[不足],[不足],[不足],○(展開順1/先),△,[不足],-2.2,0,,,,
01261811,8,サクラファレル,6,中穴帯,12.6(基準/前日20260815T1143Z),×,△(天王星−)[参考:未照合],騎手ROI参考99[RaceInput未照合],[不足],[不足],[不足],△(展開順10/逃),△,[不足]|激印4,-4,0,,,,
01261811,9,マイネルモーント,11,穴帯,23.4(基準/前日20260815T1143Z),×,○(天王星霊−)[参考:未照合],騎手ROI参考98[RaceInput未照合],[不足],[不足],[不足],△(展開順6/差),×,[不足],2.5,0,,,,
01261811,10,アドマイヤテラ,2,本命帯,4.7(基準/前日20260815T1143Z),◎,×(土星−)[参考:未照合],騎手ROI参考101[RaceInput未照合],[不足],[不足],[不足],○(展開順2/差),△,[不足]|激走上位,0.2,0,,,,
01261811,11,アラタ,14,超穴帯,50.1(基準/前日20260815T1143Z),×,◎(水星+)[参考:未照合],騎手ROI参考101[RaceInput未照合],[不足],[不足],[不足],△(展開順12/追),△,[不足],4.3,0,,,,
01261811,12,ゼンダンハヤブサ,13,超穴帯,34.0(基準/前日20260815T1143Z),×,○(木星+)[参考:未照合],騎手ROI参考96[RaceInput未照合],[不足],[不足],[不足],△(展開順11/差),×,[不足],2.3,0,,,,
01261811,13,グランディア,5,中穴帯,8.7(基準/前日20260815T1143Z),△,×(金星−)[参考:未照合],騎手ROI参考101[RaceInput未照合],[不足],[不足],[不足],○(展開順3/差),×,[不足],-1.7,2,,,,能力;展開
01261811,14,レディネス,10,穴帯,18.4(基準/前日20260815T1143Z),×,◎(水星+)[参考:未照合],騎手ROI参考101[RaceInput未照合],[不足],[不足],[不足],×(展開順15/差),△,[不足],-2.5,0,,,,
01261811,15,シェイクユアハート,4,中穴帯,8.1(基準/前日20260815T1143Z),○,○(火星−)[参考:未照合],騎手ROI参考102[RaceInput未照合],[不足],[不足],[不足],△(展開順5/追),○,[不足]|激印3,0.2,4,,,,能力;運勢○;調教;激印3
01261811,16,ホウオウビスケッツ,9,穴帯,14.2(基準/前日20260815T1143Z),×,○(木星霊+)[参考:未照合],騎手ROI参考100[RaceInput未照合],[不足],[不足],[不足],×(展開順16/逃),△,[不足],-3.3,0,,,,
01261812,1,レイデラティエラ,6,中穴帯,15.4(基準/前日20260815T1143Z),○,○(木星+)[参考:未照合],騎手ROI参考100[RaceInput未照合],[不足],[不足],[不足],△(展開順4/差),△,[不足]|激印2+激走上位,2.3,3,,VALUE_H2_STRONG_PARTNER(PROV),,能力;運勢○;激印2+激走上位
01261812,2,ダノンヒストリー,1,本命帯,3.0(基準/前日20260815T1143Z),◎,△(天王星−)[参考:未照合],騎手ROI参考99[RaceInput未照合],[不足],[不足],[不足],○(展開順1/先),△,[不足]|激走上位,-0.2,0,,,,
01261812,3,ゲンジ,10,穴帯,23.3(基準/前日20260815T1143Z),△,×(金星−)[参考:未照合],騎手ROI参考101[RaceInput未照合],[不足],[不足],[不足],△(展開順10/差),△,[不足]|激印3,3.7,3,,VALUE_H2_STRONG_PARTNER(PROV),NO,能力;激印3;市場乖離+3.7
01261812,4,マイネルゼウス,7,穴帯,16.8(基準/前日20260815T1143Z),×,×(土星−)[参考:未照合],騎手ROI参考101[RaceInput未照合],[不足],[不足],[不足],△(展開順8/逃),×,[不足],-2.3,0,,,,
01261812,5,パープルクラウド,14,超穴帯,39.0(基準/前日20260815T1143Z),×,×(土星−)[参考:未照合],騎手ROI参考92[RaceInput未照合],[不足],[不足],[不足],×(展開順14/差),×,[不足],1,0,,,,
01261812,6,アスクデッドヒート,5,中穴帯,13.2(基準/前日20260815T1143Z),△,○(金星+)[参考:未照合],騎手ROI参考98[RaceInput未照合],[不足],[不足],[不足],○(展開順3/追),△,[不足],-0.5,3,,,,能力;運勢○;展開
01261812,7,ブリヤディアマンテ,11,穴帯,26.8(基準/前日20260815T1143Z),×,△(天王星−)[参考:未照合],騎手ROI参考102[RaceInput未照合],[不足],[不足],[不足],△(展開順11/追),△,[不足],0.2,0,,,,
01261812,8,レイデラルース,12,穴帯,28.1(基準/前日20260815T1143Z),×,○(天王星霊−)[参考:未照合],騎手ROI参考98[RaceInput未照合],[不足],[不足],[不足],×(展開順12/差),△,[不足],0.3,0,,,,
01261812,9,サラトガチップス,3,本命帯,4.9(基準/前日20260815T1143Z),△,×(金星−)[参考:未照合],騎手ROI参考101[RaceInput未照合],[不足],[不足],[不足],△(展開順6/先),△,[不足],-3.3,0,,,,
01261812,10,ドッビアーコ,13,超穴帯,33.7(基準/前日20260815T1143Z),×,×(金星−)[参考:未照合],騎手ROI参考96[RaceInput未照合],[不足],[不足],[不足],×(展開順13/逃),△,[不足],0.2,0,,,,
01261812,11,ライフセービング,8,穴帯,21.9(基準/前日20260815T1143Z),×,○(火星−)[参考:未照合],騎手ROI参考102[RaceInput未照合],[不足],[不足],[不足],△(展開順9/追),△,[不足],-2,0,,,,
01261812,12,ジュンツバメガエシ,2,本命帯,4.8(基準/前日20260815T1143Z),○,○(火星−)[参考:未照合],騎手ROI参考101[RaceInput未照合],[不足],[不足],[不足],○(展開順2/差),△,[不足],-1.7,0,,,,
01261812,13,ラーシャローム,4,中穴帯,7.5(基準/前日20260815T1143Z),○,○(木星霊+)[参考:未照合],騎手ROI参考100[RaceInput未照合],[不足],[不足],[不足],△(展開順5/差),○,[不足],0.5,3,,,,能力;運勢○;調教
01261812,14,リアルファインド,9,穴帯,22.4(基準/前日20260815T1143Z),△,×(金星−)[参考:未照合],騎手ROI参考99[RaceInput未照合],[不足],[不足],[不足],△(展開順7/先),△,[不足],3.7,2,,,,能力;市場乖離+3.7
