target_date,ba,r,uma,name,jockey,ninki,tan,fuku,mkt_p3,cal_p3,hosei,hosei_resid,hosei_z,compi_rank,total_rank,idm_rank,time_rank,kairi,kairi_idm,kairi_time,nsup,support,okure,tenkai,kyaku,rotation,zen3f,shobu,gmae,chokyo_c2,chokyo_z,unsei,unsei_kubun,myoumi,sinrai,flags,jisou,jisou_prev,hist,hist_gap,v21,decision
2026-09-06,中山,5,1,ハンサム,津村明秀,2,3.5,1.4,48.7,44.7,4.0,6.06,1.33,1.0,1.0,2.0,,0.0,0.0,,4,⑧IDM2位 / ④コンピ1位 / ⑦新聞(合計1.0位/妙味Ａ) / 激走(印0/指数2.0位),,2.0,,,3.0,3.0,2.0,B,0.272,○,素材一致,Ａ,ＡＡ,,,,,,HOLD,買い目・印・軸なし
2026-09-06,中山,5,2,ピクシーブラスト,菊沢一樹,4,7.0,2.0,34.1,34.4,-0.3,4.58,1.32,4.0,2.0,1.0,,2.0,3.0,,5,⑧IDM1位 / ④コンピ4位 / ⑥調教z3.5位 / ⑦新聞(合計2.0位/妙味Ｓ) / 激走(印2/指数1.0位),,3.0,,,1.0,1.0,3.0,B,-1.045,○,素材一致,Ｓ,Ａ,調教,,,,,HOLD,買い目・印・軸なし
2026-09-06,中山,5,3,ムービーマジック,団野大成,8,24.8,4.9,13.9,15.0,-1.1,-2.49,-0.87,8.0,6.0,7.0,,2.0,1.0,,1,激走(印3/指数5.0位),,8.0,,,7.0,7.0,8.0,A1,-0.663,△,素材一致,Ｄ,Ｄ,穴帯,,,,,HOLD,買い目・印・軸なし
2026-09-06,中山,5,4,タッカーヴィーチェ,丸山元気,6,13.1,3.0,22.7,23.8,-1.1,0.58,0.19,5.0,12.5,8.0,,-7.5,-2.0,,2,④コンピ5位 / ⑦新聞(合計12.5位/妙味ＡＡ),,7.0,,,9.0,9.0,7.0,B,0.929,○,素材一致,ＡＡ,Ｃ,,,,,,HOLD,買い目・印・軸なし
2026-09-06,中山,5,5,アッティーヤ,ミシェル,10,36.9,7.0,9.7,9.5,0.3,-1.77,-0.98,10.0,9.5,12.5,,0.5,-2.5,,0,,,9.0,,,15.0,15.0,9.0,A1,-0.765,,未結合,Ｄ,Ｄ,穴帯,,,,,HOLD,買い目・印・軸なし
2026-09-06,中山,5,6,ビシット,佐藤翔馬,15,168.0,28.8,2.4,3.3,-0.9,-3.08,-2.23,14.0,15.0,12.5,,-1.0,2.5,,0,,,15.0,,,13.0,14.0,15.0,B,1.927,×,素材一致,Ｄ,Ｄ,,,,,,HOLD,買い目・印・軸なし
2026-09-06,中山,5,7,オシゴリ,内田博幸,11,39.2,7.4,9.2,7.7,1.5,-0.69,-0.42,12.0,11.0,12.5,,1.0,-1.5,,0,,,14.0,,,11.0,11.0,14.0,A1,0.606,△,素材一致,Ｄ,Ｄ,穴帯,,,,,HOLD,買い目・印・軸なし
2026-09-06,中山,5,8,イズミル,大野拓弥,9,34.5,6.6,10.3,12.0,-1.7,-3.18,-1.34,11.0,9.5,12.5,,1.5,-3.5,,0,,,11.0,,,10.0,10.0,11.0,B,-0.058,△,素材一致,Ｄ,Ｄ,穴帯,,,,,HOLD,買い目・印・軸なし
2026-09-06,中山,5,9,ゴールデンパルス,北村友一,7,20.0,4.2,16.2,19.4,-3.2,-2.65,-0.84,7.0,7.0,6.0,,0.0,1.0,,1,⑦新聞(合計7.0位/妙味Ｓ),,4.0,,,5.0,5.0,4.0,A1,-0.305,×,素材一致,Ｓ,Ｂ,穴帯,,,,,HOLD,買い目・印・軸なし
2026-09-06,中山,5,10,ローザヴェローナ,ルメール,1,3.0,1.4,48.7,48.7,0.1,-0.13,-0.02,2.0,3.0,3.0,,-1.0,-2.0,,5,⑧IDM3位 / ④コンピ2位 / ⑥調教z3.5位 / ⑦新聞(合計3.0位/妙味Ｓ) / 激走(印0/指数3.0位),,1.0,,,2.0,2.0,1.0,B,-1.045,×,素材一致,Ｓ,ＡＡ,調教,,,,,HOLD,買い目・印・軸なし
2026-09-06,中山,5,11,レイナクリューソス,石橋脩,12,49.1,9.1,7.5,6.0,1.5,-1.01,-0.64,9.0,12.5,12.5,,-3.5,-0.5,,1,⑨運勢◎,,13.0,,,12.0,12.0,13.0,B,-0.305,◎,素材一致,Ｄ,Ｄ,穴帯 / 運勢,,,,,HOLD,買い目・印・軸なし
2026-09-06,中山,5,12,ハナビ,岩田康誠,5,10.9,2.6,26.2,28.7,-2.5,1.31,0.47,6.0,5.0,5.0,,1.0,0.0,,3,⑧IDM5位 / ⑥調教z3.5位 / 激走(印4/指数6.0位),,6.0,,,6.0,6.0,6.0,B,-1.045,○,素材一致,Ｂ,Ｃ,調教,,,,,HOLD,買い目・印・軸なし
2026-09-06,中山,5,13,ロイヤルガンモ,原優介,13,65.7,11.7,5.8,4.7,1.1,-1.67,-1.18,13.0,8.0,9.0,,5.0,4.0,,0,,,10.0,,,8.0,8.0,10.0,B,-0.305,○,素材一致,Ｄ,Ｄ,,,,,,HOLD,買い目・印・軸なし
2026-09-06,中山,5,14,アイムオンアロール,三浦皇成,3,5.1,1.7,40.1,38.1,2.1,3.45,0.79,3.0,4.0,4.0,,-1.0,-1.0,,4,⑧IDM4位 / ④コンピ3位 / ⑨運勢◎ / ⑥調教z3.5位,,5.0,,,4.0,4.0,5.0,B,-1.045,◎,素材一致,Ｃ,Ｃ,調教 / 運勢,,,,,HOLD,買い目・印・軸なし
2026-09-06,中山,5,15,マホロ,丸田恭介,14,95.5,16.7,4.1,3.9,0.2,-2.6,-1.85,15.0,14.0,12.5,,1.0,1.5,,2,⑨運勢◎ / ⑥調教z1位,,12.0,,,14.0,13.0,12.0,B,-1.292,◎,素材一致,Ｄ,Ｄ,調教 / 運勢,,,,,HOLD,買い目・印・軸なし
2026-09-06,中山,6,1,タイセイウィザード,津村明秀,5,7.7,2.3,31.0,29.9,1.1,4.91,1.77,5.0,2.0,3.0,,3.0,2.0,,4,⑧IDM3位 / ⑥調教z2.5位 / ⑦新聞(合計2.0位/妙味Ｓ) / 激走(印2/指数4.0位),,3.0,,,4.0,4.0,3.0,A2,-0.714,○,素材一致,Ｓ,Ｂ,調教,,,,,HOLD,買い目・印・軸なし
2026-09-06,中山,6,2,イールーファー,水沼元輝,12,65.4,12.8,5.6,6.3,-0.7,-3.21,-2.04,12.0,12.0,10.5,,0.0,1.5,,1,⑨運勢◎,,12.0,,,12.0,11.0,12.0,B,1.361,◎,素材一致,Ｄ,Ｄ,穴帯 / 運勢,,,,,HOLD,買い目・印・軸なし
2026-09-06,中山,6,3,プリンシパルギフト,大野拓弥,6,8.2,2.4,29.7,24.8,4.9,6.58,2.11,6.0,4.5,6.0,,1.5,0.0,,2,⑥調教z2.5位 / ⑦新聞(合計4.5位/妙味Ｓ),,5.0,,,5.0,5.0,5.0,A2,-0.714,△,素材一致,Ｓ,Ｃ,調教,,,,,HOLD,買い目・印・軸なし
2026-09-06,中山,6,4,ハーモニープルーフ,ルメール,2,4.5,1.7,42.0,46.6,-4.6,-2.54,-0.56,2.0,3.0,2.0,,-1.0,0.0,,4,⑧IDM2位 / ④コンピ2位 / ⑦新聞(合計3.0位/妙味Ａ) / 激走(印0/指数2.0位),,2.0,,,2.0,2.0,2.0,B,0.04,×,素材一致,Ａ,Ａ,,,,,,HOLD,買い目・印・軸なし
2026-09-06,中山,6,5,メイプルカモーン,丸田恭介,8,20.2,4.6,15.5,15.6,-0.1,-1.49,-0.52,8.0,6.0,5.0,,2.0,3.0,,2,⑨運勢◎ / ⑦新聞(合計6.0位/妙味Ｓ),,6.0,,,7.0,6.0,6.0,B,-0.305,◎,素材一致,Ｓ,Ｃ,穴帯 / 運勢,,,,,HOLD,買い目・印・軸なし
2026-09-06,中山,6,6,ニシノハクシャ,石神深道,11,49.1,10.0,7.1,8.0,-0.9,-3.09,-1.87,10.0,9.0,10.5,,1.0,0.5,,1,⑨運勢◎◎,,10.0,,,11.0,12.0,10.0,B,-0.058,◎◎,素材一致,Ｄ,Ｄ,穴帯 / 運勢,,,,,HOLD,買い目・印・軸なし
2026-09-06,中山,6,7,ヒゲキリ,三浦皇成,3,4.8,1.7,42.0,39.6,2.3,3.65,0.83,4.0,4.5,4.0,,-0.5,-1.0,,5,⑧IDM4位 / ④コンピ4位 / ⑨運勢◎ / ⑥調教z1位 / 激走(印0/指数3.0位),,4.0,,,3.0,3.0,4.0,A1,-0.903,◎,素材一致,Ｃ,Ｃ,運勢,,,,,HOLD,買い目・印・軸なし
2026-09-06,中山,6,8,エンジャムメント,北村友一,1,3.1,1.4,50.9,50.7,0.3,0.07,0.01,1.0,1.0,1.0,,0.0,0.0,,4,⑧IDM1位 / ④コンピ1位 / ⑦新聞(合計1.0位/妙味Ｓ) / 激走(印6/指数1.0位),,1.0,,,1.0,1.0,1.0,B,-0.305,×,素材一致,Ｓ,ＡＡ,,,,,,HOLD,買い目・印・軸なし
2026-09-06,中山,6,9,サードアイ,丸山元気,9,27.5,5.9,12.1,12.5,-0.5,-1.98,-0.84,9.0,10.0,10.5,,-1.0,-1.5,,0,,,9.0,,,10.0,10.0,9.0,B,0.189,○,素材一致,Ｄ,Ｄ,穴帯,,,,,HOLD,買い目・印・軸なし
2026-09-06,中山,6,10,サイモントレノ,内田博幸,10,32.9,6.9,10.3,9.9,0.5,-1.57,-0.87,11.0,11.0,10.5,,0.0,-0.5,,0,,,11.0,,,9.0,9.0,11.0,B,0.928,△,素材一致,Ｄ,Ｄ,穴帯,,,,,HOLD,買い目・印・軸なし
2026-09-06,中山,6,11,ドーンオブホープ,菊沢一樹,7,15.1,3.6,19.8,20.2,-0.4,0.15,0.05,7.0,8.0,8.0,,-1.0,-1.0,,0,,,8.0,,,6.0,7.0,8.0,A1,0.189,○,素材一致,Ｄ,Ｄ,穴帯,,,,,HOLD,買い目・印・軸なし
2026-09-06,中山,6,12,ファブリック,岩田康誠,4,6.5,2.1,34.0,35.8,-1.8,3.08,0.89,3.0,7.0,7.0,,-4.0,-3.0,,2,④コンピ3位 / 激走(印3/指数5.0位),,7.0,,,8.0,8.0,7.0,,0.189,○,素材一致,Ｄ,Ｄ,,,,,,HOLD,買い目・印・軸なし
2026-09-06,中山,8,1,ジーティーブラック,菊沢一樹,4,7.9,2.3,29.7,34.1,-4.4,0.48,0.14,7.0,3.0,2.0,9.0,4.0,2.0,-5.0,6,⑧IDM2位 / ⑧前走時計3位 / ⑬展開2位/出遅0% / ⑥調教z4.5位 / ⑦新聞(合計3.0位/妙味Ｓ) / 激走(印2/指数3.0位),0.0,2.0,差,中7週,13.0,7.0,2.0,B,-0.799,○,素材一致,Ｓ,Ｂ,次走,確定枠/sc6,20260719 福島ダ1700 7人気2着 上がり1位,07/19 ダ1700 2着 L3F38.2 / 04/25 ダ1600 10着 L3F38.9 / 02/28 芝2200 6着 L3F36.3,,HOLD,買い目・印・軸なし
2026-09-06,中山,8,2,ノーウェアマン,津村明秀,5,8.8,2.6,26.3,28.4,-2.2,1.61,0.58,4.0,5.5,7.0,14.0,-1.5,-2.0,-9.0,3,④コンピ4位 / ⑬展開5位/出遅14% / ⑥調教z1位,14.0,5.0,逃,中7週,2.0,1.0,5.0,A2,-1.538,○,素材一致,Ｃ,Ｃ,調教,,,07/19 ダ1700 4着 L3F40.5 / 04/18 芝2000 9着 L3F37.5 / 03/22 芝2000 6着 L3F36.2,,HOLD,買い目・印・軸なし
2026-09-06,中山,8,3,アイビーチーキー,上里直汰,8,21.7,4.8,14.2,14.9,-0.6,-1.99,-0.69,8.0,8.0,8.5,8.0,0.0,-0.5,0.0,1,⑧前走時計4.5位,0.0,8.0,先,中15週,4.0,3.0,8.0,A1,-0.337,○,素材一致,Ｄ,Ｄ,穴帯,,,05/24 ダ1800 1着 L3F40.4 / 05/10 ダ1800 2着 L3F38.2 / 04/19 ダ1700 2着 L3F38.4,,HOLD,買い目・印・軸なし
2026-09-06,中山,8,4,モヴレクス,丸山元気,13,58.5,11.4,6.0,4.7,1.3,-1.47,-1.04,13.0,9.0,13.0,2.0,4.0,0.0,11.0,2,⑧タイム2位 / ①適性,29.0,11.0,追,中8週,15.0,16.0,11.0,A1,-0.337,○,素材一致,Ｄ,Ｄ,,,,07/11 ダ1700 11着 L3F38.3 / 02/15 ダ2400 4着 L3F38.5 / 01/24 ダ2400 4着 L3F38.2,,HOLD,買い目・印・軸なし
2026-09-06,中山,8,5,エコロストーム,石神深道,16,97.5,18.6,3.7,2.9,0.8,-0.76,-0.71,15.0,13.0,14.0,6.5,2.0,2.0,9.5,2,⑨運勢◎◎ / ①適性,14.0,15.0,差,中9週,11.0,10.0,15.0,B,-0.305,◎◎,素材一致,Ｄ,Ｄ,運勢,,,07/04 ダ1700 13着 L3F38.5 / 06/07 ダ1800 14着 L3F39.6 / 05/10 ダ1800 6着 L3F38.3,,HOLD,買い目・印・軸なし
2026-09-06,中山,8,6,タケルムサシ,団野大成,7,12.4,3.0,22.8,19.2,3.5,4.05,1.29,6.0,5.5,5.0,4.5,0.5,2.0,2.5,6,⑧IDM5位 / ⑧タイム4.5位 / ⑬展開4位/出遅11% / ⑦新聞(合計5.5位/妙味Ｓ) / 激走(印4/指数5.0位) / ①適性,11.0,4.0,追,中8週,7.0,6.0,4.0,A2,-0.714,△,素材一致,Ｓ,Ｂ,穴帯 / 調教,,,07/11 ダ1700 10着 L3F38.2 / 05/23 ダ1600 8着 L3F36.4 / 04/25 ダ1600 3着 L3F36.6,,HOLD,買い目・印・軸なし
2026-09-06,中山,8,7,ストーリーオブラブ,江田照男,9,23.8,5.2,13.1,11.9,1.2,-0.28,-0.12,12.0,16.0,6.0,6.5,-4.0,3.0,2.5,2,⑧前走時計2位 / ⑨運勢◎,0.0,10.0,逃,中12週,1.0,5.0,10.0,B,-0.058,◎,素材一致,Ｄ,Ｄ,次走 / 穴帯 / 運勢,確定枠/sc3,20260613 東京ダ1600 4人気1着 上がり4位,06/13 ダ1600 1着 L3F37.2 / 04/19 ダ1800 6着 L3F38.7 / 04/04 ダ1800 4着 L3F38.8,,HOLD,買い目・印・軸なし
2026-09-06,中山,8,8,ガーデンカメリア,石田拓郎,14,60.9,11.9,5.7,3.8,1.9,-0.9,-0.64,11.0,15.0,12.0,3.0,-4.0,2.0,11.0,3,⑧タイム3位 / ⑨運勢◎ / ①適性,7.0,12.0,差,中13週,14.0,14.0,12.0,B,0.683,◎,素材一致,Ｄ,Ｄ,運勢,,,06/07 ダ1800 8着 L3F37.0 / 05/23 ダ1800 9着 L3F38.0 / 05/09 ダ1900 2着 L3F38.2,,HOLD,買い目・印・軸なし
2026-09-06,中山,8,9,ボニープリンス,三浦皇成,3,7.4,2.3,29.7,37.7,-8.0,-6.65,-1.52,5.0,7.0,8.5,,-2.0,-5.5,,4,⑧前走時計1位 / ④コンピ5位 / ⑨運勢◎ / ⑥調教z2.5位,25.0,9.0,差,中8週,16.0,15.0,9.0,A1,-0.903,◎,素材一致,Ｄ,Ｄ,運勢,,,07/11 芝2000 4着 L3F35.2 / 05/23 芝2000 1着 L3F34.0 / 12/07 芝1800 6着 L3F34.5,,HOLD,買い目・印・軸なし
2026-09-06,中山,8,10,ユキノグラス,大野拓弥,12,38.4,7.9,8.6,6.0,2.7,0.19,0.12,14.0,12.0,15.0,13.0,2.0,-3.0,-1.0,0,,33.0,14.0,先,中9週,8.0,11.0,14.0,B,0.436,△,素材一致,Ｄ,Ｄ,穴帯,,,07/04 ダ1700 8着 L3F38.8 / 05/03 ダ1400 11着 L3F37.1 / 01/31 ダ1400 1着 L3F37.4,,HOLD,買い目・印・軸なし
2026-09-06,中山,8,11,シンギュラリティ,ミシェル,11,28.3,6.0,11.4,7.6,3.7,1.51,0.92,9.0,10.5,10.5,11.5,-1.5,0.5,-0.5,0,,50.0,7.0,差,中13週,5.0,8.0,7.0,,-0.552,,未結合,Ｄ,Ｄ,次走 / 穴帯,確定枠/sc5,20260607 東京ダ1600 6人気1着 上がり2位,06/07 ダ1600 1着 L3F37.5 / 05/17 ダ1400 9着 L3F37.1,,HOLD,買い目・印・軸なし
2026-09-06,中山,8,12,ソニックキャット,岩田康誠,10,24.1,5.2,13.1,9.4,3.7,1.63,0.9,10.0,10.5,16.0,15.0,-0.5,-6.0,-5.0,0,,40.0,16.0,逃,中17週,10.0,12.0,16.0,B,-0.058,○,素材一致,Ｄ,Ｄ,次走 / 穴帯,確定枠/sc5,20260509 東京ダ2100 5人気1着 上がり2位,05/09 ダ2100 1着 L3F38.4 / 01/12 ダ1800 7着 L3F40.9 / 12/28 ダ1800 4着 L3F40.7,,HOLD,買い目・印・軸なし
2026-09-06,中山,8,13,カフェシューター,ルメール,1,2.8,1.4,48.8,48.2,0.5,0.27,0.05,1.0,4.0,3.0,11.5,-3.0,-2.0,-10.5,5,⑧IDM3位 / ④コンピ1位 / ⑬展開1位/出遅0% / ⑦新聞(合計4.0位/妙味Ｓ) / 激走(印0/指数2.0位),0.0,1.0,先,中19週,3.0,4.0,1.0,B,-0.305,×,素材一致,Ｓ,ＡＡ,,,,04/25 ダ1400 1着 L3F37.1,,HOLD,買い目・印・軸なし
2026-09-06,中山,8,14,ラヴアンドライク,原優介,2,5.5,1.9,35.9,44.3,-8.4,-6.34,-1.39,3.0,2.0,1.0,1.0,1.0,1.0,1.0,8,⑧IDM1位 / ⑧タイム1位 / ④コンピ3位 / ⑬展開3位/出遅0% / ⑥調教z4.5位 / ⑦新聞(合計2.0位/妙味Ｂ) / 激走(印0/指数1.0位) / ①適性,0.0,3.0,逃,中4週,6.0,2.0,3.0,,-0.799,○,素材一致,Ｂ,Ｂ,次走,確定枠/sc2,20260808 新潟ダ1800 4人気2着 上がり7位,08/08 ダ1800 2着 L3F39.5 / 12/21 ダ1800 4着 L3F38.2 / 11/23 ダ1600 4着 L3F36.8,,HOLD,買い目・印・軸なし
2026-09-06,中山,8,15,メトロポリターナ,丸田恭介,15,73.1,14.1,4.8,3.3,1.6,-0.58,-0.42,16.0,14.0,10.5,10.0,2.0,4.5,5.0,2,⑨運勢◎ / ①適性,20.0,13.0,差,中6週,12.0,9.0,13.0,,-0.058,◎,素材一致,Ｄ,Ｄ,運勢,,,07/25 ダ1800 8着 L3F39.4 / 06/20 ダ1600 10着 L3F36.7 / 05/02 ダ1800 5着 L3F41.0,,HOLD,買い目・印・軸なし
2026-09-06,中山,8,16,メディチパワー,木幡巧也,6,9.0,2.6,26.3,23.6,2.6,4.28,1.38,2.0,1.0,4.0,4.5,1.0,2.0,1.5,7,⑧IDM4位 / ⑧タイム4.5位 / ④コンピ2位 / ⑥調教z2.5位 / ⑦新聞(合計1.0位/妙味Ｄ) / 激走(印3/指数4.0位) / ①適性,14.0,6.0,差,中5週,9.0,13.0,6.0,A2,-0.903,△,素材一致,Ｄ,Ｄ,調教,,,08/02 ダ1800 6着 L3F38.7 / 05/23 ダ1600 4着 L3F35.1 / 04/18 ダ1800 1着 L3F38.9,,HOLD,買い目・印・軸なし
2026-09-06,中山,9,1,ホープエトワール,菅原隆一,16,144.0,30.3,2.3,2.9,-0.6,-2.16,-2.02,15.0,16.0,16.0,16.0,-1.0,0.0,0.0,0,,0.0,16.0,追,中5週,14.0,14.0,16.0,A1,-0.148,,未結合,Ｄ,Ｄ,,,,08/01 ダ1800 13着 L3F41.2 / 07/18 ダ1700 15着 L3F39.4,,HOLD,買い目・印・軸なし
2026-09-06,中山,9,2,キョウエイカンフ,石橋脩,4,7.2,2.4,29.1,34.1,-4.9,-0.02,-0.01,2.0,2.5,4.0,7.5,-0.5,0.0,-3.5,7,⑧IDM4位 / ④コンピ2位 / ⑨運勢◎ / ⑦新聞(合計2.5位/妙味ＡＡ) / ⑤MB1 / 激走(印4/指数5.0位) / ①適性,62.0,5.0,追,中4週,12.0,12.0,5.0,B,-0.058,◎,素材一致,ＡＡ,Ｃ,MB / 次走 / 運勢,優先中/sc2,20260809 新潟ダ1200 5人気4着 上がり4位,08/09 ダ1200 4着 L3F36.3 / 04/04 ダ1200 5着 L3F35.8 / 03/14 ダ1200 4着 L3F36.3,,HOLD,買い目・印・軸なし
2026-09-06,中山,9,3,サマースイートピー,内田博幸,9,23.5,5.6,12.5,11.9,0.6,-0.88,-0.37,11.0,12.0,9.0,10.0,-1.0,0.0,-1.0,1,⑧前走時計3位,12.0,10.0,先,中6週,4.0,4.0,10.0,,0.189,△,素材一致,Ｄ,Ｄ,穴帯,,,07/26 ダ1200 11着 L3F37.4 / 05/30 ダ1200 9着 L3F36.6 / 04/18 ダ1200 4着 L3F36.6,,HOLD,買い目・印・軸なし
2026-09-06,中山,9,4,ホウオウプレミア,岩田康誠,6,9.4,2.9,24.1,23.6,0.5,2.18,0.7,3.0,11.0,9.0,9.0,-8.0,-3.0,-3.0,1,④コンピ3位,23.0,11.0,追,中8週,15.0,15.0,11.0,,-0.799,○,素材一致,Ｄ,Ｄ,次走,優先高/sc6,20260712 福島ダ1150 9人気5着 上がり1位,07/12 ダ1150 5着 L3F35.1 / 06/07 ダ1400 8着 L3F36.9 / 04/18 ダ1200 6着 L3F35.9,,HOLD,買い目・印・軸なし
2026-09-06,中山,9,5,ラヴァグロウ,丸田恭介,15,70.0,15.1,4.6,3.3,1.4,-0.78,-0.56,12.0,13.5,11.5,11.0,-1.5,3.5,4.0,1,⑨運勢◎,42.0,12.0,追,中8週,16.0,16.0,12.0,,-0.058,◎,素材一致,Ｄ,Ｄ,次走 / 運勢,優先中/sc2,20260712 福島ダ1150 15人気8着 上がり3位,07/12 ダ1150 8着 L3F35.5 / 05/16 ダ1200 14着 L3F35.4 / 04/04 ダ1200 13着 L3F36.5,,HOLD,買い目・印・軸なし
2026-09-06,中山,9,6,アスタールフナ,北村友一,1,4.0,1.7,41.1,48.2,-7.1,-7.33,-1.31,1.0,1.0,1.0,1.0,0.0,0.0,0.0,6,⑧IDM1位 / ⑧タイム1位 / ④コンピ1位 / ⑦新聞(合計1.0位/妙味Ｓ) / 激走(印0/指数3.0位) / ①適性,6.0,7.0,先,中4週,2.0,2.0,7.0,,,×,素材一致,Ｓ,Ｄ,,,,08/09 ダ1200 2着 L3F37.2 / 05/30 ダ1200 15着 L3F37.9 / 04/11 ダ1200 8着 L3F37.9,,HOLD,買い目・印・軸なし
2026-09-06,中山,9,7,レヴィテーション,柴田大知,11,30.4,7.1,9.8,7.6,2.2,0.01,0.01,14.0,15.0,15.0,15.0,-1.0,-4.0,-4.0,2,⑨運勢◎ / ⑥調教z4位,31.0,15.0,追,中13週,13.0,13.0,15.0,,-1.045,◎,素材一致,Ｄ,Ｄ,穴帯 / 調教 / 運勢,,,06/07 ダ1400 12着 L3F37.5 / 11/29 ダ1200 11着 L3F36.0 / 10/25 ダ1400 11着 L3F35.7,,HOLD,買い目・印・軸なし
2026-09-06,中山,9,8,ルーフオブヘヴン,原優介,2,5.1,1.9,36.8,44.3,-7.5,-5.44,-1.19,4.0,2.5,4.0,5.5,1.5,-2.0,-3.5,4,⑧IDM4位 / ⑧前走時計3位 / ④コンピ4位 / ⑦新聞(合計2.5位/妙味Ｃ),36.0,2.0,差,中18週,6.0,7.0,2.0,,0.385,○,素材一致,Ｃ,Ｃ,,,,05/03 ダ1300 7着 L3F37.0 / 04/11 ダ1200 2着 L3F36.5 / 01/24 ダ1200 1着 L3F37.5,,HOLD,買い目・印・軸なし
2026-09-06,中山,9,9,ピコニ,木幡巧也,14,37.0,8.5,8.2,3.8,4.4,1.6,1.14,10.0,13.5,14.0,13.0,-3.5,0.0,1.0,1,①適性,8.0,14.0,先,中16週,10.0,10.0,14.0,B,0.606,△,素材一致,Ｄ,Ｄ,,,,05/16 ダ1200 9着 L3F36.2 / 04/25 ダ1600 12着 L3F38.6 / 07/12 ダ1700 10着 L3F38.5,,HOLD,買い目・印・軸なし
2026-09-06,中山,9,10,モーゲンセン,津村明秀,3,6.1,2.1,33.3,37.7,-4.4,-3.05,-0.7,5.0,5.0,7.0,13.0,0.0,-4.0,-10.0,4,④コンピ5位 / ⑬展開3位/出遅11% / ⑥調教z3位 / ⑤MB1,11.0,3.0,差,中9週,1.0,1.0,3.0,A1,-1.092,○,素材一致,Ｄ,Ｃ,MB / 次走 / 調教,確定枠/sc4,20260705 福島ダ1150 7人気1着 上がり7位,07/05 ダ1150 1着 L3F37.1 / 04/19 ダ1200 15着 L3F38.0 / 03/22 ダ1200 8着 L3F37.8,,HOLD,買い目・印・軸なし
2026-09-06,中山,9,11,サヨノジャンボリー,大野拓弥,7,11.4,3.1,22.6,19.2,3.3,3.85,1.22,8.0,4.0,6.0,2.5,4.0,1.0,4.5,4,⑧タイム2.5位 / ⑦新聞(合計4.0位/妙味Ａ) / 激走(印3/指数2.0位) / ①適性,54.0,4.0,差,中8週,8.0,8.0,4.0,B,0.436,△,素材一致,Ａ,Ｃ,穴帯,,,07/12 ダ1150 9着 L3F36.3 / 04/19 ダ1200 1着 L3F36.7 / 03/29 ダ1200 6着 L3F37.2,,HOLD,買い目・印・軸なし
2026-09-06,中山,9,12,ジャスパーソレイユ,団野大成,8,11.6,3.2,21.9,14.9,7.0,5.61,1.96,7.0,7.0,13.0,5.5,0.0,-5.0,2.5,3,⑧前走時計1位 / ⑥調教z1位 / ⑦新聞(合計7.0位/妙味Ａ),11.0,6.0,先,中9週,3.0,3.0,6.0,A1,-1.321,△,素材一致,Ａ,Ｃ,穴帯 / 調教,,,07/04 ダ1000 12着 L3F34.7 / 04/11 ダ1200 15着 L3F37.2 / 03/29 ダ1200 14着 L3F37.0,,HOLD,買い目・印・軸なし
2026-09-06,中山,9,13,キタノライブリー,木幡初也,10,27.8,6.5,10.8,9.4,1.4,-0.67,-0.37,9.0,9.0,4.0,4.0,0.0,6.0,6.0,4,⑧IDM4位 / ⑧タイム4位 / ⑦新聞(合計9.0位/妙味Ｓ) / ①適性,11.0,8.0,差,中2週,11.0,11.0,8.0,B,-0.799,,別ソース参照候補,Ｓ,Ｃ,次走 / 穴帯,優先中/sc2,20260822 新潟ダ1200 8人気5着 上がり3位,08/22 ダ1200 5着 L3F35.9 / 04/11 ダ1200 9着 L3F35.6 / 03/15 ダ1400 13着 L3F37.2,,HOLD,買い目・印・軸なし
2026-09-06,中山,9,14,イノキ,菊沢一樹,12,30.4,7.1,9.8,6.0,3.9,1.39,0.89,13.0,9.0,9.0,7.5,4.0,3.0,4.5,2,⑧前走時計5位 / ⑥調教z2位,0.0,13.0,追,中10週,9.0,9.0,13.0,A1,-1.292,○,素材一致,Ｄ,Ｄ,次走 / 穴帯 / 調教,優先中/sc3,20260627 福島ダ1150 9人気9着 上がり2位,06/27 ダ1150 9着 L3F35.1 / 04/12 ダ1150 6着 L3F36.2 / 04/05 ダ1200 1着 L3F36.1,,HOLD,買い目・印・軸なし
2026-09-06,中山,9,15,サードウインド,ミシェル,13,34.1,7.9,8.9,4.7,4.2,1.43,1.01,16.0,9.0,11.5,13.0,7.0,1.5,0.0,0,,8.0,9.0,差,中10週,7.0,6.0,9.0,B,0.606,,未結合,Ｄ,Ｄ,,,,06/27 ダ1150 12着 L3F36.7 / 04/12 ダ1150 5着 L3F36.6 / 01/25 ダ1200 10着 L3F38.6,,HOLD,買い目・印・軸なし
2026-09-06,中山,9,16,ドントゥザムーン,三浦皇成,5,9.2,2.9,24.1,28.4,-4.3,-0.49,-0.18,6.0,6.0,2.0,2.5,0.0,3.0,2.5,8,⑧IDM2位 / ⑧タイム2.5位 / ⑨運勢◎ / ⑬展開1位/出遅0% / ⑦新聞(合計6.0位/妙味Ｓ) / ⑤MB1 / 激走(印2/指数1.0位) / ①適性,0.0,1.0,先,中11週,5.0,5.0,1.0,A1,-0.552,◎,素材一致,Ｓ,Ｃ,MB / 運勢,,,06/21 ダ1400 13着 L3F36.5 / 05/30 ダ1400 4着 L3F36.1 / 05/16 ダ1400 5着 L3F36.3,,HOLD,買い目・印・軸なし
2026-09-06,中山,11,1,ジワタネホ,三浦皇成,10,23.7,4.8,14.4,10.1,4.3,2.23,1.24,11.0,10.0,11.0,11.0,1.0,-1.0,-1.0,1,⑨運勢◎,75.0,10.0,追,中5週,11.0,11.0,10.0,A1,-0.526,◎,素材一致,Ｄ,Ｄ,穴帯 / 運勢,,,08/01 芝2000 1着 L3F35.5 / 05/24 芝2000 2着 L3F36.0 / 05/03 芝1800 3着 L3F33.8,,HOLD,買い目・印・軸なし
2026-09-06,中山,11,2,サムシングスイート,団野大成,4,7.8,2.2,31.3,36.6,-5.2,-0.32,-0.09,5.0,5.0,6.0,4.0,0.0,-2.0,0.0,3,⑧タイム4位 / ⑥調教z1位 / ①適性,14.0,7.0,差,中5週,10.0,10.0,7.0,B,-2.033,△,素材一致,Ｄ,Ｄ,調教,,,08/01 芝2000 1着 L3F33.7 / 05/02 芝1800 4着 L3F33.8 / 04/26 芝2000 None着 L3FNone,,HOLD,買い目・印・軸なし
2026-09-06,中山,11,3,リアライズルミナス,津村明秀,3,5.7,1.8,38.3,40.5,-2.2,-0.85,-0.19,2.0,2.0,3.0,7.0,0.0,0.0,-4.0,4,⑧IDM3位 / ④コンピ2位 / ⑦新聞(合計2.0位/妙味Ｄ) / 激走(印0/指数2.0位),0.0,5.0,逃,中5週,4.0,2.0,5.0,B,-0.713,○,素材一致,Ｄ,Ｃ,,,,08/01 芝2200 3着 L3F34.8 / 05/24 芝2400 4着 L3F34.6 / 04/26 芝2000 3着 L3F33.4,,HOLD,買い目・印・軸なし
2026-09-06,中山,11,4,マスターソアラ,大野拓弥,6,11.7,2.7,25.5,25.4,0.2,1.88,0.6,4.0,6.0,4.5,5.0,-2.0,1.5,1.0,5,⑧前走時計3位 / ④コンピ4位 / ⑬展開3位/出遅0% / ⑦新聞(合計6.0位/妙味Ｓ) / 激走(印2/指数4.0位),0.0,3.0,差,中29週,2.0,4.0,3.0,B,0.189,△,素材一致,Ｓ,Ｃ,,,,02/14 芝1600 4着 L3F34.1 / 11/15 芝1600 1着 L3F32.8,,HOLD,買い目・印・軸なし
2026-09-06,中山,11,5,ファムクラジューズ,菊沢一樹,8,20.2,4.2,16.4,16.0,0.5,-0.89,-0.31,8.0,7.5,7.5,3.0,0.5,0.5,5.0,2,⑧タイム3位 / ①適性,20.0,9.0,先,中19週,3.0,7.0,9.0,B,0.189,○,素材一致,Ｄ,Ｄ,穴帯,,,04/26 芝2000 10着 L3F34.4 / 02/21 芝2000 1着 L3F34.1 / 11/30 芝2000 1着 L3F34.0,,HOLD,買い目・印・軸なし
2026-09-06,中山,11,6,アストリル,ミシェル,5,8.7,2.4,28.7,30.5,-1.8,2.01,0.72,7.0,3.5,4.5,9.0,3.5,0.5,-4.0,4,⑬展開4位/出遅12% / ⑥調教z2位 / 激走(印3/指数5.0位) / ①適性,12.0,4.0,差,中7週,9.0,9.0,4.0,,-1.539,,未結合,Ｃ,Ｃ,調教,,,07/19 芝1800 2着 L3F35.6 / 06/21 芝2000 1着 L3F35.5 / 05/02 芝1800 5着 L3F33.8,,HOLD,買い目・印・軸なし
2026-09-06,中山,11,7,ロングトールサリー,杉原誠人,11,32.6,6.3,10.9,8.2,2.8,0.61,0.37,9.0,7.5,7.5,6.0,1.5,3.5,5.0,1,①適性,0.0,8.0,先,中7週,7.0,3.0,8.0,,-1.118,×,素材一致,Ｄ,Ｄ,穴帯 / 調教,,,07/19 芝1800 3着 L3F36.5 / 05/24 芝2400 11着 L3F34.4 / 05/02 芝2200 7着 L3F34.9,,HOLD,買い目・印・軸なし
2026-09-06,中山,11,8,ナイスプレーアスク,岩田康誠,9,20.5,4.3,16.0,12.8,3.2,1.72,0.72,10.0,9.0,9.0,8.0,1.0,0.0,1.0,2,⑥調教z3位 / ①適性,14.0,11.0,逃,中8週,1.0,6.0,11.0,A1,-1.469,○,素材一致,Ｄ,Ｄ,穴帯 / 調教,,,07/11 芝1800 1着 L3F34.8 / 06/21 芝1800 5着 L3F34.9 / 03/14 芝1600 12着 L3F36.4,,HOLD,買い目・印・軸なし
2026-09-06,中山,11,9,ドリームコア,ルメール,1,2.6,1.3,53.0,51.8,1.3,1.07,0.19,1.0,1.0,1.0,2.0,0.0,0.0,-1.0,6,⑧IDM1位 / ⑧タイム2位 / ④コンピ1位 / ⑬展開1位/出遅0% / ⑦新聞(合計1.0位/妙味ＡＡ) / 激走(印0/指数1.0位),0.0,1.0,先,中15週,8.0,1.0,1.0,A1,-0.944,×,素材一致,ＡＡ,ＡＡ,,,,05/24 芝2400 2着 L3F34.3 / 04/12 芝1600 9着 L3F34.4 / 02/14 芝1600 1着 L3F33.8,,HOLD,買い目・印・軸なし
2026-09-06,中山,11,10,ジッピーチューン,北村友一,2,4.4,1.6,43.1,47.6,-4.5,-2.44,-0.54,3.0,3.5,2.0,1.0,-0.5,0.0,1.0,8,⑧IDM2位 / ⑧タイム1位 / ④コンピ3位 / ⑬展開2位/出遅0% / ⑥調教z4位 / ⑦新聞(合計3.5位/妙味Ａ) / 激走(印0/指数3.0位) / ①適性,0.0,2.0,差,中21週,6.0,5.0,2.0,A1,-1.28,×,素材一致,Ａ,Ａ,次走 / 調教,確定枠/sc8,20260412 阪神芝1600 12人気3着 上がり1位,04/12 芝1600 3着 L3F33.7 / 02/14 芝1600 2着 L3F33.8 / 12/21 芝1600 1着 L3F36.1,,HOLD,買い目・印・軸なし
2026-09-06,中山,11,11,ベンヴェヌータ,石橋脩,7,13.6,3.1,22.2,20.6,1.6,2.15,0.68,6.0,11.0,10.0,10.0,-5.0,-3.0,-3.0,2,⑨運勢◎ / ①適性,0.0,6.0,逃,中23週,5.0,8.0,6.0,A1,0.189,◎,素材一致,Ｂ,Ｄ,穴帯 / 運勢,,,03/29 芝2000 1着 L3F34.7 / 12/13 芝1800 1着 L3F34.4,,HOLD,買い目・印・軸なし
2026-09-06,札幌,6,1,キャンドルマス,鮫島克駿,6,9.4,2.7,25.6,24.8,0.8,2.48,0.8,4.0,5.0,7.5,1.0,-1.0,-1.5,5.0,3,⑧タイム1位 / ④コンピ4位 / ①適性,29.0,6.0,追,中7週,4.0,4.0,6.0,,,×,素材一致,Ｄ,Ｄ,,,,07/19 ダ1000 9着 L3F34.7 / 07/05 ダ1000 2着 L3F35.8 / 06/20 ダ1000 3着 L3F35.6,,HOLD,買い目・印・軸なし
2026-09-06,札幌,6,2,ステラノヴァ,長浜鴻緒,4,7.4,2.2,31.4,35.8,-4.4,0.48,0.14,6.0,4.0,3.5,4.5,2.0,0.5,-0.5,2,⑧IDM3.5位 / ⑦新聞(合計4.0位/妙味ＡＡ),27.0,3.0,先,中1週,10.0,11.0,3.0,,,○,素材一致,ＡＡ,Ｃ,次走,確定枠/sc5,20260830 札幌ダ1000 6人気2着 上がり1位,08/30 ダ1000 2着 L3F35.0 / 08/08 ダ1000 9着 L3F38.5 / 06/13 ダ1000 6着 L3F36.0,,HOLD,買い目・印・軸なし
2026-09-06,札幌,6,3,シェイプオブユー,川又賢治,7,11.1,2.8,24.7,20.2,4.5,5.05,1.6,5.0,7.5,1.0,6.5,-2.5,6.0,0.5,4,⑧IDM1位 / ⑧前走時計3位 / ⑦新聞(合計7.5位/妙味Ａ) / 激走(印3/指数4.0位),0.0,5.0,逃,中2週,5.0,5.0,5.0,,,○,素材一致,Ａ,Ｃ,穴帯,,,08/23 ダ1000 1着 L3F35.7 / 06/21 ダ1000 6着 L3F38.0 / 04/26 ダ1150 4着 L3F38.7,,HOLD,買い目・印・軸なし
2026-09-06,札幌,6,4,アドリアフレイバー,横山武史,3,6.4,2.0,34.6,39.6,-5.1,-3.75,-0.86,3.0,2.0,5.5,10.0,1.0,-2.5,-7.0,4,④コンピ3位 / ⑬展開4位/出遅0% / ⑦新聞(合計2.0位/妙味Ｄ) / 激走(印0/指数2.0位),0.0,4.0,先,中50週,3.0,3.0,4.0,,,○,素材一致,Ｄ,Ｃ,,,,09/20 ダ1200 13着 L3F39.2 / 08/30 ダ1200 2着 L3F37.5 / 06/28 ダ1150 1着 L3F37.0,,HOLD,買い目・印・軸なし
2026-09-06,札幌,6,5,パドゼフィール,河原田菜,8,13.5,3.2,21.6,15.6,6.0,4.61,1.61,7.0,6.0,9.0,9.0,1.0,-1.0,-1.0,0,,12.0,9.0,逃,中3週,8.0,8.0,9.0,,,○,素材一致,Ｄ,Ｄ,穴帯,,,08/16 ダ1000 4着 L3F36.2 / 08/01 ダ1000 6着 L3F35.6 / 06/28 ダ1000 10着 L3F39.2,,HOLD,買い目・印・軸なし
2026-09-06,札幌,6,6,ディアフリーゼ,大久保友,12,40.9,8.3,8.3,6.3,2.1,-0.41,-0.26,11.0,12.0,12.0,12.0,-1.0,0.0,0.0,1,⑨運勢◎,100.0,12.0,差,中105週,11.0,10.0,12.0,,,◎,素材一致,Ｄ,Ｄ,穴帯 / 運勢,,,09/01 ダ1200 15着 L3F40.5,,HOLD,買い目・印・軸なし
2026-09-06,札幌,6,7,レストプレドゥモア,小沢大仁,1,3.2,1.5,46.1,50.7,-4.6,-4.83,-0.86,1.0,3.0,2.0,2.0,-2.0,-1.0,-1.0,8,⑧IDM2位 / ⑧タイム2位 / ④コンピ1位 / ⑨運勢◎ / ⑬展開1位/出遅0% / ⑦新聞(合計3.0位/妙味ＡＡ) / 激走(印0/指数3.0位) / ①適性,0.0,1.0,逃,中2週,1.0,2.0,1.0,,,◎,素材一致,ＡＡ,Ｂ,次走 / 運勢,確定枠/sc3,20260822 札幌ダ1000 8人気2着 上がり4位,08/22 ダ1000 2着 L3F36.3 / 07/19 ダ1000 4着 L3F35.0 / 06/14 ダ1000 2着 L3F35.6,,HOLD,買い目・印・軸なし
2026-09-06,札幌,6,8,ヒナノムサシ,落合玄太,10,31.5,6.6,10.5,9.9,0.6,-1.47,-0.82,12.0,10.0,11.0,3.0,2.0,-1.0,7.0,1,⑧タイム3位,0.0,10.0,先,中18週,2.0,1.0,10.0,,,,未結合,Ｄ,Ｄ,穴帯,,,05/03 ダ1400 15着 L3F39.4 / 04/11 芝1200 9着 L3F34.7 / 03/22 ダ1200 7着 L3F38.3,,HOLD,買い目・印・軸なし
2026-09-06,札幌,6,9,マカニ,遠藤汰月,11,32.2,6.7,10.3,8.0,2.3,0.11,0.07,9.0,9.0,10.0,11.0,0.0,1.0,0.0,2,⑥調教z2位 / ①適性,14.0,11.0,先,中3週,12.0,12.0,11.0,,-0.975,×,素材一致,Ｄ,Ｄ,次走 / 穴帯,優先中/sc3,20260816 札幌ダ1000 12人気5着 上がり5位,08/16 ダ1000 5着 L3F35.5 / 04/11 ダ1150 15着 L3F41.1 / 02/08 ダ1000 7着 L3F36.8,,HOLD,買い目・印・軸なし
2026-09-06,札幌,6,10,ロードヴィゴラス,和田陽希,5,8.9,2.6,26.6,29.9,-3.3,0.51,0.18,8.0,11.0,5.5,4.5,-3.0,-0.5,0.5,4,⑧前走時計2位 / ⑨運勢◎ / ⑥調教z1位 / 激走(印2/指数1.0位),40.0,8.0,追,中20週,9.0,9.0,8.0,B,-0.995,◎,素材一致,Ｄ,Ｄ,次走 / 運勢,優先高/sc4,20260419 阪神ダ1200 10人気8着 上がり1位,04/19 ダ1200 8着 L3F35.8 / 03/29 ダ1200 5着 L3F36.3 / 03/07 ダ1200 6着 L3F37.3,,HOLD,買い目・印・軸なし
2026-09-06,札幌,6,11,ドリームガッサン,小林美駒,2,4.2,1.6,43.2,46.6,-3.3,-1.24,-0.27,2.0,1.0,3.5,8.0,1.0,-1.5,-6.0,4,⑧IDM3.5位 / ④コンピ2位 / ⑬展開2位/出遅0% / ⑦新聞(合計1.0位/妙味Ｄ),0.0,2.0,先,中2週,6.0,6.0,2.0,,,○,素材一致,Ｄ,Ｃ,,,,08/22 ダ1000 3着 L3F36.5 / 08/01 ダ1000 1着 L3F35.5 / 07/18 ダ1000 2着 L3F36.8,,HOLD,買い目・印・軸なし
2026-09-06,札幌,6,12,スパークルジョイ,斎藤新,9,17.9,4.1,16.9,12.5,4.3,2.82,1.19,10.0,7.5,7.5,6.5,2.5,1.5,2.5,1,①適性,10.0,7.0,逃,中1週,7.0,7.0,7.0,,,○,素材一致,Ｄ,Ｄ,穴帯,,,08/30 ダ1000 4着 L3F35.7 / 08/16 ダ1000 12着 L3F37.8 / 07/11 ダ1000 8着 L3F35.3,,HOLD,買い目・印・軸なし
2026-09-06,札幌,7,1,ネネキリマル,鮫島克駿,8,14.6,3.6,19.1,14.9,4.2,2.81,0.98,6.0,8.0,13.5,6.5,-2.0,-5.5,1.5,1,⑦新聞(合計8.0位/妙味Ａ),25.0,7.0,追,中8週,7.0,7.0,7.0,,,×,素材一致,Ａ,Ｄ,穴帯,,,07/11 芝1200 13着 L3F35.1 / 05/02 芝1400 10着 L3F34.5 / 02/21 芝1200 4着 L3F34.2,,HOLD,買い目・印・軸なし
2026-09-06,札幌,7,2,ダブルチャレンジ,吉田隼人,7,13.1,3.3,20.8,19.2,1.6,2.15,0.68,9.0,8.0,10.5,14.0,1.0,-3.5,-7.0,1,⑨運勢◎,8.0,10.0,先,中3週,8.0,8.0,10.0,,,◎,素材一致,Ｄ,Ｄ,穴帯 / 運勢,,,08/16 芝1200 5着 L3F34.7 / 08/02 芝1200 5着 L3F34.0 / 07/12 芝1200 3着 L3F36.1,,HOLD,買い目・印・軸なし
2026-09-06,札幌,7,3,ライトニングロッド,横山琉人,4,10.7,2.8,24.5,34.1,-9.5,-4.62,-1.33,7.0,4.5,7.5,9.0,2.5,-3.5,-5.0,4,⑧前走時計1位 / ⑨運勢◎ / ⑬展開2位/出遅20% / ⑦新聞(合計4.5位/妙味Ｓ),20.0,2.0,逃,中9週,5.0,5.0,2.0,,,◎,素材一致,Ｓ,Ｃ,次走 / 運勢,確定枠/sc2,20260704 函館芝1200 6人気3着 上がり7位,07/04 芝1200 3着 L3F34.9 / 06/14 ダ1000 1着 L3F35.7 / 03/21 ダ1200 9着 L3F39.1,,HOLD,買い目・印・軸なし
2026-09-06,札幌,7,4,スプリングデイ,黛弘人,11,24.0,5.4,12.7,7.6,5.1,2.91,1.76,13.0,6.0,4.0,4.5,7.0,7.0,6.5,5,⑧IDM4位 / ⑧タイム4.5位 / ⑦新聞(合計6.0位/妙味Ｓ) / 激走(印4/指数4.0位) / ①適性,27.0,5.0,差,中1週,10.0,10.0,5.0,,,○,素材一致,Ｓ,Ｃ,次走 / 穴帯,確定枠/sc4,20260829 札幌芝1200 11人気2着 上がり3位,08/29 芝1200 2着 L3F34.7 / 08/09 芝1200 8着 L3F34.9 / 06/21 芝1200 8着 L3F34.6,,HOLD,買い目・印・軸なし
2026-09-06,札幌,7,5,ペガサスノース,小沢大仁,12,26.2,5.8,11.8,6.0,5.9,3.39,2.16,8.0,13.0,5.0,15.0,-5.0,7.0,-3.0,3,⑧IDM5位 / ⑨運勢◎ / 激走(印3/指数2.0位),14.0,14.0,追,中1週,14.0,12.0,14.0,,,◎,素材一致,Ｄ,Ｄ,次走 / 穴帯 / 運勢,確定枠/sc8,20260829 札幌芝1200 15人気3着 上がり1位,08/29 芝1200 3着 L3F34.0 / 07/25 芝1200 15着 L3F51.5 / 07/04 芝1200 4着 L3F34.7,,HOLD,買い目・印・軸なし
2026-09-06,札幌,7,6,バレンタインビスタ,長浜鴻緒,6,11.3,2.9,23.7,23.6,0.0,1.68,0.54,10.0,14.0,12.0,9.0,-4.0,-6.0,-3.0,0,,12.0,13.0,逃,中7週,6.0,6.0,13.0,,,○,素材一致,Ｄ,Ｄ,,,,07/18 芝1200 4着 L3F35.7 / 07/05 芝1200 1着 L3F35.1 / 06/21 芝1200 3着 L3F35.7,,HOLD,買い目・印・軸なし
2026-09-06,札幌,7,7,フレンドモナコ,松本大輝,15,45.1,9.5,7.2,3.3,4.0,1.82,1.31,15.0,16.0,15.0,9.0,-1.0,0.0,6.0,0,,0.0,16.0,差,中7週,15.0,15.0,16.0,,,△,素材一致,Ｄ,Ｄ,,,,07/19 芝1200 13着 L3F36.3 / 07/05 芝1200 7着 L3F34.5 / 06/20 芝1200 8着 L3F35.0,,HOLD,買い目・印・軸なし
2026-09-06,札幌,7,8,コスモファーブロス,小林美駒,3,8.6,2.6,26.4,37.7,-11.3,-9.95,-2.27,5.0,3.0,3.0,1.0,2.0,0.0,2.0,7,⑧IDM3位 / ⑧タイム1位 / ④コンピ5位 / ⑬展開3位/出遅15% / ⑦新聞(合計3.0位/妙味Ｃ) / 激走(印0/指数3.0位) / ①適性,15.0,3.0,逃,中4週,1.0,1.0,3.0,,,○,素材一致,Ｃ,Ｃ,次走,確定枠/sc2,20260809 札幌芝1200 4人気3着 上がり9位,08/09 芝1200 3着 L3F35.5 / 07/19 芝1200 1着 L3F36.3 / 07/05 芝1200 4着 L3F35.1,,HOLD,買い目・印・軸なし
2026-09-06,札幌,7,9,レッドアイスピア,和田陽希,13,30.6,6.7,10.2,4.7,5.5,2.73,1.93,11.0,12.0,2.0,11.5,-1.0,11.0,1.5,6,⑧IDM2位 / ⑧前走時計3位 / ⑨運勢◎ / ⑦新聞(合計12.0位/妙味Ａ) / 激走(印2/指数1.0位) / ①適性,20.0,6.0,差,中2週,4.0,4.0,6.0,,,◎,素材一致,Ａ,Ｄ,運勢,,,08/23 芝1200 1着 L3F34.6 / 08/08 芝1200 2着 L3F35.2 / 07/18 芝1200 2着 L3F34.8,,HOLD,買い目・印・軸なし
2026-09-06,札幌,7,10,クレセントウイング,落合玄太,2,6.6,2.2,31.2,44.3,-13.1,-11.04,-2.42,2.0,4.5,7.5,2.5,-2.5,-5.5,-0.5,3,⑧タイム2.5位 / ④コンピ2位 / ①適性,33.0,4.0,追,中10週,16.0,16.0,4.0,,,,未結合,Ｄ,Ｃ,,,,06/28 芝1200 5着 L3F34.4 / 06/14 芝1200 4着 L3F33.5 / 04/25 芝1200 10着 L3F34.5,,HOLD,買い目・印・軸なし
2026-09-06,札幌,7,11,カリヨンアヴォン,古川吉洋,14,41.4,8.8,7.8,3.8,4.0,1.2,0.85,14.0,15.0,16.0,,-1.0,-2.0,,0,,25.0,15.0,追,中13週,12.0,13.0,15.0,,,×,素材一致,Ｄ,Ｄ,,,,06/06 ダ1600 16着 L3F38.8 / 03/07 ダ1200 12着 L3F38.8 / 12/07 ダ1200 4着 L3F36.7,,HOLD,買い目・印・軸なし
2026-09-06,札幌,7,12,ウィングブルー,斎藤新,1,2.8,1.5,45.7,48.2,-2.5,-2.73,-0.49,1.0,1.5,1.0,11.5,-0.5,0.0,-10.5,6,⑧IDM1位 / ⑧前走時計3位 / ④コンピ1位 / ⑬展開1位/出遅0% / ⑦新聞(合計1.5位/妙味ＡＡ) / ①適性,0.0,1.0,先,中4週,2.0,2.0,1.0,,,○,素材一致,ＡＡ,Ｂ,,,,08/09 芝1200 2着 L3F35.1 / 05/23 芝1000 2着 L3F33.2 / 05/09 芝1200 4着 L3F36.0,,HOLD,買い目・印・軸なし
2026-09-06,札幌,7,13,ジャンヌローサ,丹内祐次,10,20.5,4.8,14.3,9.4,4.9,2.83,1.57,12.0,11.0,7.5,2.5,1.0,2.5,7.5,2,⑧タイム2.5位 / ⑨運勢◎,6.0,11.0,差,中8週,13.0,14.0,11.0,,,◎,素材一致,Ｄ,Ｄ,穴帯 / 運勢,,,07/11 芝1200 6着 L3F35.2 / 07/04 芝1200 5着 L3F34.4 / 02/28 芝1200 2着 L3F34.5,,HOLD,買い目・印・軸なし
2026-09-06,札幌,7,14,ディーズメンフィス,河原田菜,9,19.6,4.6,14.9,11.9,3.0,1.52,0.64,4.0,8.0,10.5,6.5,-4.0,-1.5,2.5,1,④コンピ4位,0.0,12.0,逃,中5週,3.0,3.0,12.0,,,○,素材一致,Ｄ,Ｄ,穴帯,,,08/02 芝1200 6着 L3F35.4 / 06/28 芝1200 3着 L3F34.9 / 06/13 芝1200 1着 L3F34.6,,HOLD,買い目・印・軸なし
2026-09-06,札幌,7,15,ルージュナリッシュ,小野楓馬,16,56.9,11.5,6.0,2.9,3.1,1.54,1.44,16.0,10.0,13.5,4.5,6.0,2.5,11.5,3,⑧タイム4.5位 / ⑦新聞(合計10.0位/妙味Ａ) / ①適性,29.0,9.0,差,中7週,11.0,11.0,9.0,,,,未結合,Ａ,Ｄ,,,,07/18 芝1200 9着 L3F35.5 / 07/04 芝1200 5着 L3F34.3 / 05/03 芝1400 6着 L3F35.8,,HOLD,買い目・印・軸なし
2026-09-06,札幌,7,16,ラヴノー,佐々木大,5,11.1,2.9,23.7,28.4,-4.8,-0.99,-0.36,3.0,1.5,7.5,13.0,1.5,-2.5,-8.0,3,④コンピ3位 / ⑦新聞(合計1.5位/妙味Ｄ) / ①適性,0.0,8.0,先,中3週,9.0,9.0,8.0,,,○,素材一致,Ｄ,Ｄ,次走,確定枠/sc2,20260816 札幌芝1200 5人気3着 上がり5位,08/16 芝1200 3着 L3F34.4 / 07/04 芝1200 10着 L3F34.9 / 04/05 芝1200 12着 L3F35.7,,HOLD,買い目・印・軸なし
2026-09-06,札幌,11,1,レクスノヴァス,横山武史,2,4.9,1.9,37.3,45.2,-7.9,-5.84,-1.28,3.0,3.0,3.0,2.0,0.0,-1.0,0.0,7,⑧IDM3位 / ⑧タイム2位 / ④コンピ3位 / ⑬展開1位/出遅10% / ⑦新聞(合計3.0位/妙味ＡＡ) / 激走(印0/指数2.0位) / ①適性,10.0,1.0,逃,中6週,8.0,1.0,1.0,,,○,素材一致,ＡＡ,Ｂ,,,,07/26 芝2600 7着 L3F35.6 / 05/10 芝2400 1着 L3F33.9 / 02/01 芝2200 2着 L3F33.4,,HOLD,買い目・印・軸なし
2026-09-06,札幌,11,2,サクソンジェンヌ,川又賢治,14,30.3,7.1,10.0,3.9,6.1,3.3,2.34,14.0,7.0,12.5,10.5,7.0,1.5,3.5,0,,0.0,10.0,先,中11週,1.0,13.0,10.0,,,○,素材一致,Ｄ,Ｄ,,,,06/20 芝2200 1着 L3F35.3 / 05/23 芝2000 6着 L3F34.9 / 04/19 芝2200 4着 L3F34.0,,HOLD,買い目・印・軸なし
2026-09-06,札幌,11,3,パレハ,吉田隼人,11,23.9,5.8,12.2,7.8,4.4,2.21,1.34,10.0,13.0,6.0,9.0,-3.0,5.0,2.0,2,⑨運勢◎ / ①適性,0.0,9.0,差,中8週,6.0,11.0,9.0,,,◎,素材一致,Ｄ,Ｄ,穴帯 / 運勢,,,07/12 芝1800 8着 L3F35.9 / 04/19 芝1800 9着 L3F34.5 / 02/22 芝1800 9着 L3F35.4,,HOLD,買い目・印・軸なし
2026-09-06,札幌,11,4,ヨヒーン,鮫島克駿,5,8.3,2.7,26.2,29.0,-2.8,1.01,0.36,7.0,5.0,7.5,5.0,2.0,-2.5,0.0,2,⑧タイム5位 / ①適性,20.0,7.0,追,中5週,4.0,10.0,7.0,,,×,素材一致,Ｄ,Ｄ,次走,確定枠/sc6,20260801 札幌芝2000 5人気1着 上がり3位,08/01 芝2000 1着 L3F35.3 / 06/27 芝2000 1着 L3F35.0 / 03/29 芝2000 6着 L3F34.5,,HOLD,買い目・印・軸なし
2026-09-06,札幌,11,5,ボンドロア,横山典弘,6,12.4,3.4,20.8,24.1,-3.3,-1.62,-0.52,8.0,10.0,9.0,14.0,-2.0,-3.0,-8.0,0,,14.0,11.0,先,中6週,5.0,9.0,11.0,,,△,素材一致,Ｄ,Ｄ,次走,確定枠/sc6,20260725 札幌芝2600 5人気1着 上がり1位,07/25 芝2600 1着 L3F35.1 / 06/28 芝2600 8着 L3F35.3 / 02/21 芝2600 10着 L3F36.8,,HOLD,買い目・印・軸なし
2026-09-06,札幌,11,6,シュトルーヴェ,佐々木大,10,23.0,5.6,12.7,9.6,3.1,1.03,0.57,11.0,8.5,12.5,1.0,2.5,-2.5,9.0,1,⑧タイム1位,35.0,13.0,追,中16週,7.0,7.0,13.0,,,○,素材一致,Ｄ,Ｄ,穴帯,,,05/16 芝2000 11着 L3F34.3 / 11/30 芝2400 10着 L3F34.9 / 11/09 芝2500 5着 L3F34.0,,HOLD,買い目・印・軸なし
2026-09-06,札幌,11,7,コーチェラバレー,横山和生,7,13.6,3.6,19.7,19.6,0.0,0.55,0.17,5.0,11.5,5.0,4.0,-6.5,2.0,3.0,4,⑧IDM5位 / ⑧タイム4位 / ④コンピ5位 / ⑦新聞(合計11.5位/妙味ＡＡ),40.0,5.0,追,中6週,9.0,6.0,5.0,,,○,素材一致,ＡＡ,Ｃ,穴帯,,,07/26 芝2600 9着 L3F35.6 / 03/29 芝2400 3着 L3F34.3 / 01/18 芝2400 6着 L3F34.0,,HOLD,買い目・印・軸なし
2026-09-06,札幌,11,8,グランドカリナン,小林美駒,12,25.9,6.2,11.4,6.1,5.3,2.79,1.78,12.0,11.5,14.0,13.0,0.5,-2.0,-1.0,1,①適性,7.0,14.0,差,中16週,2.0,14.0,14.0,,,○,素材一致,Ｄ,Ｄ,穴帯,,,05/16 芝2000 9着 L3F34.0 / 05/10 芝2400 10着 L3F35.9 / 04/11 芝2600 5着 L3F34.5,,HOLD,買い目・印・軸なし
2026-09-06,札幌,11,9,エコロレイズ,横山琉人,13,29.0,6.9,10.3,4.8,5.5,2.73,1.93,13.0,4.0,3.0,7.0,9.0,10.0,6.0,4,⑧IDM3位 / ⑨運勢◎ / ⑦新聞(合計4.0位/妙味Ｓ) / 激走(印2/指数1.0位),11.0,6.0,差,中6週,14.0,4.0,6.0,,,◎,素材一致,Ｓ,Ｃ,次走 / 運勢,優先中/sc2,20260726 札幌芝2600 12人気6着 上がり3位,07/26 芝2600 6着 L3F35.2 / 06/14 芝2400 5着 L3F34.7 / 04/19 芝2200 8着 L3F33.9,,HOLD,買い目・印・軸なし
2026-09-06,札幌,11,10,マイネルカンパーナ,丹内祐次,8,13.6,3.6,19.7,15.2,4.5,3.11,1.09,6.0,14.0,7.5,6.0,-8.0,0.5,2.0,3,⑧前走時計1位 / ⑨運勢◎ / ①適性,19.0,8.0,先,中18週,10.0,12.0,8.0,,,◎,素材一致,Ｄ,Ｄ,穴帯 / 運勢,,,05/03 芝3200 10着 L3F36.6 / 02/21 芝3400 7着 L3F35.3 / 12/06 芝3600 2着 L3F34.0,,HOLD,買い目・印・軸なし
2026-09-06,札幌,11,11,ブレイヴロッカー,斎藤新,9,15.3,4.0,17.7,12.2,5.5,4.02,1.69,9.0,8.5,10.5,8.0,0.5,-1.5,1.0,1,①適性,0.0,12.0,先,中6週,3.0,3.0,12.0,,,○,素材一致,Ｄ,Ｄ,穴帯,,,07/26 芝2600 None着 L3FNone / 03/28 芝2500 12着 L3F37.9 / 02/21 芝3400 3着 L3F34.9,,HOLD,買い目・印・軸なし
2026-09-06,札幌,11,12,ゴールデンスナップ,浜中俊,1,4.3,1.8,39.4,49.2,-9.9,-10.13,-1.81,2.0,6.0,10.5,12.0,-4.0,-9.5,-11.0,4,⑧前走時計3位 / ④コンピ2位 / ⑦新聞(合計6.0位/妙味Ｓ) / ①適性,47.0,4.0,先,中17週,12.0,8.0,4.0,,,△,素材一致,Ｓ,Ｄ,,,,05/10 芝2400 6着 L3F34.7 / 09/07 芝2600 2着 L3F35.4 / 03/23 芝3000 6着 L3F36.3,,HOLD,買い目・印・軸なし
2026-09-06,札幌,11,13,ホールネス,小沢大仁,3,5.5,2.0,35.4,38.5,-3.1,-1.75,-0.4,1.0,1.5,1.0,10.5,-0.5,2.0,-7.5,6,⑧IDM1位 / ④コンピ1位 / ⑨運勢◎ / ⑬展開2位/出遅17% / ⑦新聞(合計1.5位/妙味Ｂ) / 激走(印0/指数3.0位),17.0,2.0,先,中6週,11.0,2.0,2.0,,,◎,素材一致,Ｂ,Ｂ,次走 / 運勢,確定枠/sc8,20260726 札幌芝2600 8人気2着 上がり1位,07/26 芝2600 2着 L3F34.9 / 06/21 芝1800 6着 L3F35.1 / 05/16 芝2000 8着 L3F34.0,,HOLD,買い目・印・軸なし
2026-09-06,札幌,11,14,ギャンブルルーム,松本大輝,4,7.9,2.6,27.2,34.8,-7.5,-2.62,-0.75,4.0,1.5,3.0,3.0,2.5,1.0,1.0,7,⑧IDM3位 / ⑧タイム3位 / ④コンピ4位 / ⑬展開3位/出遅0% / ⑦新聞(合計1.5位/妙味Ｓ) / 激走(印3/指数4.0位) / ①適性,0.0,3.0,差,中6週,13.0,5.0,3.0,,,△,素材一致,Ｓ,Ｃ,次走,確定枠/sc4,20260726 札幌芝2600 7人気3着 上がり3位,07/26 芝2600 3着 L3F35.2 / 05/31 芝2500 14着 L3F34.5 / 03/29 芝2400 1着 L3F33.9,,HOLD,買い目・印・軸なし
2026-09-06,阪神,2,1,ミスジェイド,秋山稔樹,13,52.3,9.8,6.8,4.7,2.1,-0.67,-0.47,15.0,4.5,4.0,11.0,10.5,9.0,2.0,2,⑧IDM4位 / ⑨運勢◎,14.0,9.0,差,中3週,12.0,12.0,9.0,B,0.108,◎,素材一致,Ｄ,Ｄ,運勢,,,08/15 ダ1200 5着 L3F36.9 / 05/31 ダ1200 8着 L3F36.1 / 05/09 ダ1200 5着 L3F40.2,,HOLD,買い目・印・軸なし
2026-09-06,阪神,2,2,アルムアポジェ,永島まな,8,16.8,3.6,18.4,14.9,3.6,2.21,0.77,9.0,7.5,10.5,1.5,1.5,-2.5,6.5,4,⑧タイム1.5位 / ⑨運勢◎ / ⑥調教z2位 / ①適性,10.0,11.0,先,中2週,3.0,3.0,11.0,A2,-0.877,◎,素材一致,Ｄ,Ｄ,穴帯 / 調教 / 運勢,,,08/22 ダ1400 4着 L3F38.5 / 07/18 ダ1000 9着 L3F36.3 / 06/27 ダ1000 5着 L3F35.2,,HOLD,買い目・印・軸なし
2026-09-06,阪神,2,3,メイショウピュルテ,西塚洸二,14,58.6,10.6,6.3,3.8,2.4,-0.4,-0.28,11.0,14.0,14.0,16.0,-3.0,0.0,-2.0,0,,0.0,14.0,逃,中10週,4.0,5.0,14.0,B,0.272,×,素材一致,Ｄ,Ｄ,,,,06/28 芝1200 13着 L3F37.3 / 05/09 芝1200 6着 L3F36.8 / 04/26 芝1200 2着 L3F34.3,,HOLD,買い目・印・軸なし
2026-09-06,阪神,2,4,ユウトザイシン,藤懸貴志,7,15.7,3.5,18.9,19.2,-0.3,0.25,0.08,4.0,2.0,2.0,7.5,2.0,5.0,-0.5,6,⑧IDM2位 / ④コンピ4位 / ⑨運勢◎◎ / ⑦新聞(合計2.0位/妙味Ｓ) / 激走(印2/指数3.0位) / ①適性,67.0,6.0,差,中2週,11.0,11.0,6.0,B,-0.035,◎◎,素材一致,Ｓ,Ｃ,次走 / 穴帯 / 運勢,確定枠/sc7,20260823 中京ダ1200 13人気2着 上がり2位,08/23 ダ1200 2着 L3F36.5 / 05/24 芝1600 14着 L3F35.4 / 05/10 芝1600 13着 L3F35.4,,HOLD,買い目・印・軸なし
2026-09-06,阪神,2,5,マイベスティー,長岡禎仁,15,59.8,10.8,6.1,3.3,2.9,0.72,0.52,13.0,12.0,12.0,12.0,1.0,3.0,3.0,3,⑨運勢◎ / ⑥調教z1位 / ①適性,17.0,13.0,先,中4週,10.0,10.0,13.0,,-1.118,◎,素材一致,Ｄ,Ｄ,調教 / 運勢,,,08/08 ダ1200 5着 L3F37.0 / 06/21 ダ1400 4着 L3F39.5 / 05/23 ダ1200 2着 L3F37.9,,HOLD,買い目・印・軸なし
2026-09-06,阪神,2,6,パスリヤージュ,城戸義政,11,43.1,8.2,8.1,7.6,0.5,-1.69,-1.02,16.0,15.0,15.5,14.0,1.0,-4.5,-3.0,1,⑥調教z5位,0.0,15.0,追,中10週,16.0,16.0,15.0,A1,-0.384,△,素材一致,Ｄ,Ｄ,穴帯,,,06/28 ダ1700 12着 L3F40.1,,HOLD,買い目・印・軸なし
2026-09-06,阪神,2,7,リアライズステラ,酒井学,16,82.4,14.6,4.5,2.9,1.6,0.04,0.04,14.0,16.0,15.5,15.0,-2.0,0.5,1.0,0,,0.0,16.0,先,中10週,14.0,14.0,16.0,B,-0.056,△,素材一致,Ｄ,Ｄ,,,,06/28 ダ1700 14着 L3F41.0 / 12/20 芝2000 17着 L3F39.3,,HOLD,買い目・印・軸なし
2026-09-06,阪神,2,8,ナムラロダン,田山旺佑,1,3.1,1.4,47.3,48.2,-0.9,-1.13,-0.2,2.0,1.0,1.0,5.0,1.0,0.0,-4.0,7,⑧IDM1位 / ⑧タイム5位 / ④コンピ2位 / ⑬展開2位/出遅9% / ⑦新聞(合計1.0位/妙味ＡＡ) / 激走(印0/指数1.0位) / ①適性,9.0,2.0,先,中3週,5.0,4.0,2.0,B,0.397,,別ソース参照候補,ＡＡ,Ｄ,,,,08/15 ダ1200 2着 L3F36.8 / 08/02 ダ1200 2着 L3F37.2 / 06/06 ダ1200 5着 L3F37.6,,HOLD,買い目・印・軸なし
2026-09-06,阪神,2,9,エバイダンス,岩田望来,6,15.4,3.4,19.5,23.6,-4.1,-2.42,-0.78,7.0,7.5,8.0,5.0,-0.5,-2.0,1.0,3,⑧タイム5位 / ⑥調教z3.5位 / ①適性,0.0,10.0,先,中2週,7.0,7.0,10.0,A1,-0.548,×,素材一致,Ｄ,Ｄ,,,,08/23 ダ1200 5着 L3F38.2 / 08/08 ダ1200 2着 L3F36.9 / 06/13 ダ1200 3着 L3F37.3,,HOLD,買い目・印・軸なし
2026-09-06,阪神,2,10,ラッキーヴォーグ,菱田裕二,9,22.0,4.5,14.7,11.9,2.8,1.32,0.56,6.0,12.0,10.5,7.5,-6.0,-1.5,1.5,1,激走(印3/指数4.0位),38.0,12.0,逃,中1週,1.0,1.0,12.0,B,,△,素材一致,Ｄ,Ｄ,次走 / 穴帯,確定枠/sc2,20260830 中京ダ1400 4人気3着 上がり6位,08/30 ダ1400 3着 L3F38.2 / 07/11 ダ1700 6着 L3F40.3 / 06/27 ダ1700 4着 L3F38.9,,HOLD,買い目・印・軸なし
2026-09-06,阪神,2,11,サカトクフェイス,松若風馬,12,46.3,8.7,7.6,6.0,1.6,-0.91,-0.58,10.0,12.0,13.0,9.0,-2.0,-1.0,3.0,0,,20.0,8.0,差,中1週,6.0,6.0,8.0,B,,○,素材一致,Ｄ,Ｄ,穴帯,,,08/30 ダ1400 5着 L3F38.3 / 07/19 ダ1700 10着 L3F41.5 / 06/27 ダ1700 8着 L3F39.1,,HOLD,買い目・印・軸なし
2026-09-06,阪神,2,12,アンガーザガール,松山弘平,3,6.7,2.0,33.1,37.7,-4.6,-3.25,-0.74,5.0,10.0,8.0,13.0,-5.0,-5.0,-10.0,3,⑧前走時計1位 / ④コンピ5位 / ⑨運勢◎,22.0,5.0,先,中2週,15.0,15.0,5.0,B,0.108,◎,素材一致,Ｄ,Ｃ,運勢,,,08/22 芝1200 2着 L3F33.0 / 08/15 芝1400 3着 L3F34.4 / 06/28 芝1200 12着 L3F36.8,,HOLD,買い目・印・軸なし
2026-09-06,阪神,2,13,ガルディエンヌ,西村淳也,5,13.2,3.0,22.1,28.4,-6.3,-2.49,-0.9,8.0,9.0,6.0,1.5,-1.0,-1.0,3.5,5,⑧タイム1.5位 / ⑨運勢◎ / ⑬展開1位/出遅12% / ⑦新聞(合計9.0位/妙味Ｓ) / ①適性,12.0,1.0,逃,中4週,8.0,8.0,1.0,,0.397,◎,素材一致,Ｓ,Ｂ,運勢,,,08/08 ダ1200 3着 L3F37.6 / 06/13 ダ1200 10着 L3F37.7 / 04/26 ダ1200 4着 L3F36.8,,HOLD,買い目・印・軸なし
2026-09-06,阪神,2,14,ペプチドアロン,吉村誠之,2,3.4,1.5,44.2,44.3,-0.1,1.96,0.43,1.0,3.0,4.0,3.0,-2.0,-2.0,-1.0,6,⑧IDM4位 / ⑧タイム3位 / ④コンピ1位 / ⑥調教z3.5位 / ⑦新聞(合計3.0位/妙味Ｄ) / 激走(印0/指数2.0位),33.0,4.0,差,中3週,9.0,9.0,4.0,A1,-0.548,○,素材一致,Ｄ,Ｃ,,,,08/16 ダ1400 3着 L3F37.2 / 07/26 ダ1400 2着 L3F38.3 / 05/09 ダ1400 6着 L3F35.8,,HOLD,買い目・印・軸なし
2026-09-06,阪神,2,15,ペコリズム,幸英明,10,31.8,6.2,10.7,9.4,1.3,-0.77,-0.43,12.0,4.5,4.0,10.0,7.5,6.0,0.0,3,⑧IDM4位 / ⑦新聞(合計4.5位/妙味Ｓ) / ①適性,40.0,7.0,差,中3週,13.0,13.0,7.0,A2,0.108,△,素材一致,Ｓ,Ｃ,次走 / 穴帯 / 調教,優先中/sc2,20260815 中京ダ1200 6人気4着 上がり2位,08/15 ダ1200 4着 L3F36.7 / 07/12 ダ1000 6着 L3F36.6 / 06/21 ダ1400 5着 L3F39.4,,HOLD,買い目・印・軸なし
2026-09-06,阪神,2,16,マカロンブルー,今村聖奈,4,7.3,2.1,31.6,34.1,-2.5,2.38,0.69,3.0,6.0,8.0,5.0,-3.0,-4.0,-1.0,5,⑧タイム5位 / ④コンピ3位 / ⑬展開3位/出遅0% / ⑦新聞(合計6.0位/妙味ＡＡ) / 激走(印4/指数5.0位),0.0,3.0,逃,中2週,2.0,2.0,3.0,,,,マスタ競合,ＡＡ,Ｃ,,,,08/22 ダ1400 3着 L3F38.8 / 07/11 ダ1700 2着 L3F39.4 / 05/17 ダ1800 7着 L3F39.6,,HOLD,買い目・印・軸なし
2026-09-06,阪神,11,1,ママコチャ,武豊,5,11.1,2.7,25.1,28.4,-3.3,0.51,0.18,4.0,3.0,8.0,6.0,1.0,-3.0,-1.0,5,⑧前走時計4位 / ④コンピ4位 / ⑬展開2位/出遅12% / ⑦新聞(合計3.0位/妙味Ｓ) / ①適性,12.0,2.0,差,中23週,10.0,9.0,2.0,A2,-0.713,×,素材一致,Ｓ,Ａ,調教,,,03/29 芝1200 9着 L3F32.8 / 02/28 芝1200 4着 L3F34.3 / 09/28 芝1200 6着 L3F33.2,,HOLD,買い目・印・軸なし
2026-09-06,阪神,11,2,クラスペディア,小崎綾也,16,84.0,15.6,4.3,2.9,1.5,-0.06,-0.06,15.0,8.0,8.0,11.0,7.0,8.0,5.0,1,⑨運勢◎,0.0,10.0,先,中4週,3.0,1.0,10.0,B,-0.384,◎,素材一致,Ｄ,Ｄ,運勢,,,08/09 芝1200 11着 L3F34.5 / 06/13 芝1200 None着 L3FNone / 04/12 芝1200 1着 L3F33.9,,HOLD,買い目・印・軸なし
2026-09-06,阪神,11,3,フリッカージャブ,松山弘平,1,3.3,1.4,48.5,48.2,0.3,0.07,0.01,1.0,1.0,2.0,2.5,0.0,-1.0,-1.5,8,⑧IDM2位 / ⑧タイム2.5位 / ④コンピ1位 / ⑨運勢◎ / ⑬展開1位/出遅0% / ⑦新聞(合計1.0位/妙味Ｓ) / 激走(印0/指数1.0位) / ①適性,0.0,1.0,逃,中9週,4.0,3.0,1.0,A2,-1.205,◎,素材一致,Ｓ,ＡＡ,調教 / 運勢,,,07/05 芝1200 1着 L3F34.8 / 05/16 芝1200 1着 L3F33.3 / 02/28 芝1200 6着 L3F34.6,,HOLD,買い目・印・軸なし
2026-09-06,阪神,11,4,ティニア,田口貫太,12,46.2,9.1,7.5,6.0,1.5,-1.01,-0.64,13.0,12.0,13.0,9.5,1.0,-1.0,2.5,2,⑨運勢◎◎ / ⑥調教z3.5位,12.0,15.0,追,中10週,15.0,15.0,15.0,A2,-1.369,◎◎,素材一致,Ｄ,Ｄ,穴帯 / 調教 / 運勢,,,06/27 芝1200 5着 L3F33.7 / 05/16 芝1200 7着 L3F32.6 / 01/17 芝1200 13着 L3F33.1,,HOLD,買い目・印・軸なし
2026-09-06,阪神,11,5,ダイヤモンドノット,川田将雅,4,6.4,2.0,33.9,34.1,-0.1,4.78,1.38,5.0,6.0,8.0,7.5,-1.0,-4.0,-3.5,4,④コンピ5位 / ⑦新聞(合計6.0位/妙味Ａ) / 激走(印2/指数2.0位) / ①適性,0.0,7.0,先,中17週,5.0,4.0,7.0,A1,-1.041,×,素材一致,Ａ,Ｃ,調教,,,05/10 芝1600 5着 L3F34.8 / 03/21 芝1400 1着 L3F33.6 / 12/21 芝1600 2着 L3F35.1,,HOLD,買い目・印・軸なし
2026-09-06,阪神,11,6,プロトポロス,亀田温心,15,56.0,10.6,6.4,3.3,3.1,0.92,0.66,16.0,8.0,8.0,9.5,8.0,7.0,5.5,1,⑧前走時計3位,0.0,9.0,差,中4週,9.0,10.0,9.0,,-0.901,○,素材一致,Ｄ,Ｄ,次走,優先中/sc3,20260809 中京芝1200 17人気4着 上がり5位,08/09 芝1200 4着 L3F33.1 / 07/05 芝1200 12着 L3F36.8 / 04/26 ダ1600 15着 L3F40.7,,HOLD,買い目・印・軸なし
2026-09-06,阪神,11,7,メイショウヨゾラ,吉村誠之,14,51.5,10.0,6.8,3.8,3.0,0.2,0.14,12.0,11.0,12.0,14.5,1.0,2.0,-0.5,1,⑥調教z1位,6.0,13.0,先,中8週,14.0,14.0,13.0,A2,-2.033,○,素材一致,Ｄ,Ｄ,調教,,,07/11 芝1200 1着 L3F33.9 / 04/18 芝1200 1着 L3F33.4 / 01/24 芝1400 9着 L3F34.7,,HOLD,買い目・印・軸なし
2026-09-06,阪神,11,8,ファストネットワーク,レーン,3,4.7,1.6,42.4,37.7,4.7,6.05,1.38,3.0,,3.0,,,0.0,,2,⑧IDM3位 / ④コンピ3位,,,差,,,,,,,,別ソース参照候補,,,,,,,,HOLD,買い目・印・軸なし
2026-09-06,阪神,11,9,ピューロマジック,岩田望来,2,3.7,1.5,45.2,44.3,1.0,3.06,0.67,2.0,4.0,5.0,2.5,-2.0,-3.0,-0.5,8,⑧IDM5位 / ⑧タイム2.5位 / ④コンピ2位 / ⑬展開3位/出遅6% / ⑥調教z5位 / ⑤MB1+UL1 / 激走(印0/指数3.0位) / ①適性,6.0,4.0,先,中5週,1.0,2.0,4.0,B,-1.334,×,素材一致,Ｃ,Ｂ,MB / UL / 調教,,,08/02 芝1000 1着 L3F31.7 / 06/13 芝1200 1着 L3F34.0 / 03/29 芝1200 13着 L3F34.5,,HOLD,買い目・印・軸なし
2026-09-06,阪神,11,10,ヤブサメ,田山旺佑,11,40.0,8.0,8.5,7.6,0.9,-1.29,-0.78,9.0,15.0,16.0,4.5,-6.0,-5.0,6.5,2,⑧タイム4.5位 / ①適性,42.0,16.0,追,中2週,16.0,16.0,16.0,B,,,別ソース参照候補,Ｄ,Ｄ,次走 / 穴帯,優先中/sc1,20260822 新潟芝1400 4人気12着 上がり3位,08/22 芝1400 12着 L3F33.9 / 05/31 芝1400 8着 L3F32.5 / 05/02 芝1400 10着 L3F32.4,,HOLD,買い目・印・軸なし
2026-09-06,阪神,11,11,ヨシノイースター,田辺裕信,6,15.1,3.5,19.4,23.6,-4.2,-2.52,-0.81,7.0,2.0,4.0,4.5,5.0,2.0,1.5,6,⑧IDM4位 / ⑧タイム4.5位 / ⑬展開5位/出遅14% / ⑥調教z3.5位 / ⑦新聞(合計2.0位/妙味Ｓ) / ①適性,14.0,6.0,差,中9週,7.0,6.0,6.0,B,-1.369,×,素材一致,Ｓ,Ｂ,次走 / 調教,確定枠/sc4,20260705 小倉芝1200 4人気3着 上がり2位,07/05 芝1200 3着 L3F34.5 / 05/31 芝1400 4着 L3F32.7 / 03/29 芝1200 12着 L3F33.9,,HOLD,買い目・印・軸なし
2026-09-06,阪神,11,12,レッドモンレーヴ,酒井学,10,34.0,6.9,9.8,9.4,0.4,-1.67,-0.93,8.0,5.0,1.0,1.0,3.0,9.0,9.0,5,⑧IDM1位 / ⑧タイム1位 / ⑦新聞(合計5.0位/妙味Ｓ) / 激走(印4/指数5.0位) / ①適性,28.0,5.0,追,中23週,12.0,11.0,5.0,,-1.292,△,素材一致,Ｓ,Ｂ,次走 / 穴帯 / 調教,確定枠/sc7,20260329 中京芝1200 15人気2着 上がり2位,03/29 芝1200 2着 L3F32.5 / 02/10 芝1600 8着 L3F32.9 / 11/16 芝1400 2着 L3F32.5,,HOLD,買い目・印・軸なし
2026-09-06,阪神,11,13,カルプスペルシュ,西村淳也,8,30.3,6.2,10.9,14.9,-3.9,-5.29,-1.85,11.0,14.0,15.0,14.5,-3.0,-7.0,-6.5,1,⑨運勢◎,0.0,12.0,先,中12週,2.0,7.0,12.0,A1,-0.901,◎,素材一致,Ｄ,Ｄ,穴帯 / 運勢,,,06/13 芝1200 5着 L3F33.9 / 03/22 芝1400 11着 L3F34.6 / 02/01 芝1200 4着 L3F33.3,,HOLD,買い目・印・軸なし
2026-09-06,阪神,11,14,タマモブラックタイ,幸英明,13,46.5,9.1,7.5,4.7,2.8,0.03,0.02,14.0,13.0,14.0,13.0,1.0,-1.0,0.0,2,⑥調教z2位 / ①適性,0.0,11.0,追,中4週,11.0,13.0,11.0,B,-1.551,△,素材一致,Ｄ,Ｄ,調教,,,08/09 芝1200 16着 L3F33.8 / 04/12 芝1200 8着 L3F33.6 / 03/15 芝1200 1着 L3F33.4,,HOLD,買い目・印・軸なし
2026-09-06,阪神,11,15,ビッグシーザー,Ｍ．デム,7,24.3,5.1,13.3,19.2,-5.9,-5.35,-1.7,10.0,10.0,11.0,7.5,0.0,-4.0,-0.5,1,⑨運勢◎,4.0,14.0,差,中5週,6.0,5.0,14.0,A1,-1.205,◎,素材一致,Ｄ,Ｄ,次走 / 穴帯 / 調教 / 運勢,優先中/sc1,20260802 新潟芝1000 4人気4着 上がり3位,08/02 芝1000 4着 L3F32.0 / 03/29 芝1200 11着 L3F33.7 / 02/28 芝1200 9着 L3F34.0,,HOLD,買い目・印・軸なし
2026-09-06,阪神,11,16,タマモイカロス,池添謙一,9,32.0,6.5,10.4,11.9,-1.5,-2.98,-1.26,6.0,8.0,8.0,12.0,-2.0,1.0,-3.0,3,⑧前走時計5位 / ⑦新聞(合計8.0位/妙味Ｓ) / 激走(印3/指数4.0位),0.0,8.0,差,中4週,8.0,8.0,8.0,B,0.181,×,素材一致,Ｓ,Ｃ,穴帯,,,08/09 芝1200 6着 L3F33.4 / 05/30 芝1200 3着 L3F32.7 / 03/21 芝1400 6着 L3F33.9,,HOLD,買い目・印・軸なし
