target_date,ba,r,race_id,uma,name,scratched,jockey,shinbun_jockey,kubun,join,book_key,name_check,seijin_group,mark_raw,unki,mark_usable,source_row,source_xlsx_row,candidate,master_conflict
2026-09-06,中山,2,202606040202,1,アルデラッシュ,0,丸山元気,丸山元気,素材一致,逆前方一致(丸山),丸山,一致,天王星＋,○,緑生,○,運勢_20260905-06_結合用.csv 行23（9/6記号列）,騎手運勢2026.09.05.xlsx!2026.09.06 行24（B列=9/6記号・D列=名簿）[推:CSV行+1],,
2026-09-06,中山,2,202606040202,2,ヒーローシー,0,丸田恭介,丸田恭介,素材一致,逆前方一致(丸田),丸田,一致,土星＋,◎,財成,◎,運勢_20260905-06_結合用.csv 行19（9/6記号列）,騎手運勢2026.09.05.xlsx!2026.09.06 行20（B列=9/6記号・D列=名簿）[推:CSV行+1],,
2026-09-06,中山,2,202606040202,3,ノワールブレイブ,0,杉原誠人,杉原誠人,素材一致,完全一致,杉原誠人,一致,金星霊＋,×,陰影,×,運勢_20260905-06_結合用.csv 行5（9/6記号列）,騎手運勢2026.09.05.xlsx!2026.09.06 行6（B列=9/6記号・D列=名簿）[推:CSV行+1],,
2026-09-06,中山,2,202606040202,4,スリーフラワー,0,佐藤翔馬,佐藤翔馬,素材一致,逆前方一致(佐藤),佐藤,一致,火星＋,×,減退,×,運勢_20260905-06_結合用.csv 行15（9/6記号列）,騎手運勢2026.09.05.xlsx!2026.09.06 行16（B列=9/6記号・D列=名簿）[推:CSV行+1],,
2026-09-06,中山,2,202606040202,5,モチロンコクラ,0,小林凌大,小林凌大,素材一致,逆前方一致(小林凌),小林凌,一致,水星－,◎◎,達成,◎◎,運勢_20260905-06_結合用.csv 行10（9/6記号列）,騎手運勢2026.09.05.xlsx!2026.09.06 行11（B列=9/6記号・D列=名簿）[推:CSV行+1],,
2026-09-06,中山,2,202606040202,6,ノーブルミント,0,木幡初也,木幡初也,別ソース参照候補,[不足]_対応表に無い,,,,,,,,,土星霊－/○ [要確認]_表記ゆれ候補(小幡初→木幡初也)。自動結合していない,
2026-09-06,中山,2,202606040202,7,ソナタテソーロ,0,木幡巧也,木幡巧也,素材一致,逆前方一致(木幡巧),木幡巧,一致,木星＋,△,健弱,△,運勢_20260905-06_結合用.csv 行7（9/6記号列）,騎手運勢2026.09.05.xlsx!2026.09.06 行8（B列=9/6記号・D列=名簿）[推:CSV行+1],,
2026-09-06,中山,2,202606040202,8,セイウンリリーナ,0,武藤雅,武藤雅,素材一致,逆前方一致(武藤),武藤,一致,水星＋,△,乱気,△,運勢_20260905-06_結合用.csv 行11（9/6記号列）,騎手運勢2026.09.05.xlsx!2026.09.06 行12（B列=9/6記号・D列=名簿）[推:CSV行+1],,
2026-09-06,中山,2,202606040202,9,フォーエバーブルー,0,大野拓弥,大野拓弥,素材一致,逆前方一致(大野拓),大野拓,一致,水星＋,△,乱気,△,運勢_20260905-06_結合用.csv 行11（9/6記号列）,騎手運勢2026.09.05.xlsx!2026.09.06 行12（B列=9/6記号・D列=名簿）[推:CSV行+1],,
2026-09-06,中山,2,202606040202,10,ワイズジュエル,0,三浦皇成,三浦皇成,素材一致,逆前方一致(三浦),三浦,一致,木星－,◎,立花,◎,運勢_20260905-06_結合用.csv 行6（9/6記号列）,騎手運勢2026.09.05.xlsx!2026.09.06 行7（B列=9/6記号・D列=名簿）[推:CSV行+1],,
2026-09-06,中山,2,202606040202,11,クールボビー,0,石田拓郎,石田拓郎,素材一致,完全一致,石田拓郎,一致,木星－,◎,立花,◎,運勢_20260905-06_結合用.csv 行6（9/6記号列）,騎手運勢2026.09.05.xlsx!2026.09.06 行7（B列=9/6記号・D列=名簿）[推:CSV行+1],,
2026-09-06,中山,2,202606040202,12,スペシャルサンクス,0,嶋田純次,嶋田純次,素材一致,逆前方一致(嶋田),嶋田,一致,火星－,×,停止,×,運勢_20260905-06_結合用.csv 行14（9/6記号列）,騎手運勢2026.09.05.xlsx!2026.09.06 行15（B列=9/6記号・D列=名簿）[推:CSV行+1],,
2026-09-06,中山,2,202606040202,13,スノーキャップ,0,柴田大知,柴田大知,素材一致,逆前方一致(柴田大),柴田大,一致,木星－,◎,立花,◎,運勢_20260905-06_結合用.csv 行6（9/6記号列）,騎手運勢2026.09.05.xlsx!2026.09.06 行7（B列=9/6記号・D列=名簿）[推:CSV行+1],,
2026-09-06,中山,2,202606040202,14,イヴナンバーフォー,0,菊沢一樹,菊沢一樹,素材一致,逆前方一致(菊沢),菊沢,一致,天王星－,○,種子,○,運勢_20260905-06_結合用.csv 行22（9/6記号列）,騎手運勢2026.09.05.xlsx!2026.09.06 行23（B列=9/6記号・D列=名簿）[推:CSV行+1],,
2026-09-06,中山,3,202606040203,1,セレスティアハート,0,水沼元輝,水沼元輝,素材一致,逆前方一致(水沼),水沼,一致,土星＋,◎,財成,◎,運勢_20260905-06_結合用.csv 行19（9/6記号列）,騎手運勢2026.09.05.xlsx!2026.09.06 行20（B列=9/6記号・D列=名簿）[推:CSV行+1],,
2026-09-06,中山,3,202606040203,2,マイネルトレマーズ,0,嶋田純次,嶋田純次,素材一致,逆前方一致(嶋田),嶋田,一致,火星－,×,停止,×,運勢_20260905-06_結合用.csv 行14（9/6記号列）,騎手運勢2026.09.05.xlsx!2026.09.06 行15（B列=9/6記号・D列=名簿）[推:CSV行+1],,
2026-09-06,中山,3,202606040203,3,ピクシーゲイル,0,木幡育也,木幡育也,別ソース参照候補,[不足]_対応表に無い,,,,,,,,,土星＋/◎ [要確認]_表記ゆれ候補(小幡育→木幡育也)。自動結合していない,
2026-09-06,中山,3,202606040203,4,トルネードアイル,0,北村友一,北村友一,素材一致,完全一致,北村友一,一致,金星＋,×,陰影,×,運勢_20260905-06_結合用.csv 行3（9/6記号列）,騎手運勢2026.09.05.xlsx!2026.09.06 行4（B列=9/6記号・D列=名簿）[推:CSV行+1],,
2026-09-06,中山,3,202606040203,5,ソナタムーンライト,0,木幡巧也,木幡巧也,素材一致,逆前方一致(木幡巧),木幡巧,一致,木星＋,△,健弱,△,運勢_20260905-06_結合用.csv 行7（9/6記号列）,騎手運勢2026.09.05.xlsx!2026.09.06 行8（B列=9/6記号・D列=名簿）[推:CSV行+1],,
2026-09-06,中山,3,202606040203,6,ペタルズダンス,0,武藤雅,武藤雅,素材一致,逆前方一致(武藤),武藤,一致,水星＋,△,乱気,△,運勢_20260905-06_結合用.csv 行11（9/6記号列）,騎手運勢2026.09.05.xlsx!2026.09.06 行12（B列=9/6記号・D列=名簿）[推:CSV行+1],,
2026-09-06,中山,3,202606040203,7,ラブトゥエニイワン,0,岩田康誠,岩田康誠,素材一致,逆前方一致(岩田康),岩田康,一致,木星霊＋,○,健弱,○,運勢_20260905-06_結合用.csv 行9（9/6記号列）,騎手運勢2026.09.05.xlsx!2026.09.06 行10（B列=9/6記号・D列=名簿）[推:CSV行+1],,
2026-09-06,中山,3,202606040203,8,ペルシアーノ,0,佐藤翔馬,佐藤翔馬,素材一致,逆前方一致(佐藤),佐藤,一致,火星＋,×,減退,×,運勢_20260905-06_結合用.csv 行15（9/6記号列）,騎手運勢2026.09.05.xlsx!2026.09.06 行16（B列=9/6記号・D列=名簿）[推:CSV行+1],,
2026-09-06,中山,3,202606040203,9,ユイノサダハル,0,江田照男,江田照男,素材一致,逆前方一致(江田照),江田照,一致,土星＋,◎,財成,◎,運勢_20260905-06_結合用.csv 行19（9/6記号列）,騎手運勢2026.09.05.xlsx!2026.09.06 行20（B列=9/6記号・D列=名簿）[推:CSV行+1],,
2026-09-06,中山,3,202606040203,10,コーリンクレア,0,石橋脩,石橋脩,素材一致,完全一致,石橋脩,一致,土星＋,◎,財成,◎,運勢_20260905-06_結合用.csv 行19（9/6記号列）,騎手運勢2026.09.05.xlsx!2026.09.06 行20（B列=9/6記号・D列=名簿）[推:CSV行+1],,
2026-09-06,中山,3,202606040203,11,ルシアージュ,0,三浦皇成,三浦皇成,素材一致,逆前方一致(三浦),三浦,一致,木星－,◎,立花,◎,運勢_20260905-06_結合用.csv 行6（9/6記号列）,騎手運勢2026.09.05.xlsx!2026.09.06 行7（B列=9/6記号・D列=名簿）[推:CSV行+1],,
2026-09-06,中山,3,202606040203,12,ホウオウロレンシア,0,菊沢一樹,菊沢一樹,素材一致,逆前方一致(菊沢),菊沢,一致,天王星－,○,種子,○,運勢_20260905-06_結合用.csv 行22（9/6記号列）,騎手運勢2026.09.05.xlsx!2026.09.06 行23（B列=9/6記号・D列=名簿）[推:CSV行+1],,
2026-09-06,中山,3,202606040203,13,アルティソナンテ,0,原優介,原優介,素材一致,逆前方一致1字(原),原,一致,天王星霊＋,○,緑生,○,運勢_20260905-06_結合用.csv 行25（9/6記号列）,騎手運勢2026.09.05.xlsx!2026.09.06 行26（B列=9/6記号・D列=名簿）[推:CSV行+1],,
2026-09-06,中山,3,202606040203,14,オートカリテ,0,ミシェル,Ｍ．ミシェル,未結合,[不足]_対応表に無い,,,,,,,,,,
2026-09-06,中山,3,202606040203,15,イサチルクイーン,0,木幡初也,木幡初也,別ソース参照候補,[不足]_対応表に無い,,,,,,,,,土星霊－/○ [要確認]_表記ゆれ候補(小幡初→木幡初也)。自動結合していない,
2026-09-06,中山,4,202606040204,1,セイウンヤオヨロズ,0,佐藤翔馬,佐藤翔馬,素材一致,逆前方一致(佐藤),佐藤,一致,火星＋,×,減退,×,運勢_20260905-06_結合用.csv 行15（9/6記号列）,騎手運勢2026.09.05.xlsx!2026.09.06 行16（B列=9/6記号・D列=名簿）[推:CSV行+1],,
2026-09-06,中山,4,202606040204,2,アクロスメモリア,0,菊沢一樹,菊沢一樹,素材一致,逆前方一致(菊沢),菊沢,一致,天王星－,○,種子,○,運勢_20260905-06_結合用.csv 行22（9/6記号列）,騎手運勢2026.09.05.xlsx!2026.09.06 行23（B列=9/6記号・D列=名簿）[推:CSV行+1],,
2026-09-06,中山,4,202606040204,3,メビウスロマンス,0,嶋田純次,嶋田純次,素材一致,逆前方一致(嶋田),嶋田,一致,火星－,×,停止,×,運勢_20260905-06_結合用.csv 行14（9/6記号列）,騎手運勢2026.09.05.xlsx!2026.09.06 行15（B列=9/6記号・D列=名簿）[推:CSV行+1],,
2026-09-06,中山,4,202606040204,4,フォルナカリア,0,杉原誠人,杉原誠人,素材一致,完全一致,杉原誠人,一致,金星霊＋,×,陰影,×,運勢_20260905-06_結合用.csv 行5（9/6記号列）,騎手運勢2026.09.05.xlsx!2026.09.06 行6（B列=9/6記号・D列=名簿）[推:CSV行+1],,
2026-09-06,中山,4,202606040204,5,ハングローズ,0,岩田康誠,岩田康誠,素材一致,逆前方一致(岩田康),岩田康,一致,木星霊＋,○,健弱,○,運勢_20260905-06_結合用.csv 行9（9/6記号列）,騎手運勢2026.09.05.xlsx!2026.09.06 行10（B列=9/6記号・D列=名簿）[推:CSV行+1],,
2026-09-06,中山,4,202606040204,6,グラスアロー,0,柴田大知,柴田大知,素材一致,逆前方一致(柴田大),柴田大,一致,木星－,◎,立花,◎,運勢_20260905-06_結合用.csv 行6（9/6記号列）,騎手運勢2026.09.05.xlsx!2026.09.06 行7（B列=9/6記号・D列=名簿）[推:CSV行+1],,
2026-09-06,中山,4,202606040204,7,クラージュスター,0,石田拓郎,石田拓郎,素材一致,完全一致,石田拓郎,一致,木星－,◎,立花,◎,運勢_20260905-06_結合用.csv 行6（9/6記号列）,騎手運勢2026.09.05.xlsx!2026.09.06 行7（B列=9/6記号・D列=名簿）[推:CSV行+1],,
2026-09-06,中山,4,202606040204,8,トゥモローズウェイ,0,上里直汰,上里直汰,素材一致,逆前方一致(上里),上里,一致,天王星－,○,種子,○,運勢_20260905-06_結合用.csv 行22（9/6記号列）,騎手運勢2026.09.05.xlsx!2026.09.06 行23（B列=9/6記号・D列=名簿）[推:CSV行+1],,
2026-09-06,中山,4,202606040204,9,テリオスレイ,0,丸山元気,丸山元気,素材一致,逆前方一致(丸山),丸山,一致,天王星＋,○,緑生,○,運勢_20260905-06_結合用.csv 行23（9/6記号列）,騎手運勢2026.09.05.xlsx!2026.09.06 行24（B列=9/6記号・D列=名簿）[推:CSV行+1],,
2026-09-06,中山,4,202606040204,10,リゼクールグレー,0,小林脩斗,小林脩斗,素材一致,逆前方一致(小林脩),小林脩,一致,金星－,◎,安定,◎,運勢_20260905-06_結合用.csv 行2（9/6記号列）,騎手運勢2026.09.05.xlsx!2026.09.06 行3（B列=9/6記号・D列=名簿）[推:CSV行+1],,
2026-09-06,中山,4,202606040204,11,サリーアン,0,大野拓弥,大野拓弥,素材一致,逆前方一致(大野拓),大野拓,一致,水星＋,△,乱気,△,運勢_20260905-06_結合用.csv 行11（9/6記号列）,騎手運勢2026.09.05.xlsx!2026.09.06 行12（B列=9/6記号・D列=名簿）[推:CSV行+1],,
2026-09-06,中山,4,202606040204,12,ハンナパール,0,石橋脩,石橋脩,素材一致,完全一致,石橋脩,一致,土星＋,◎,財成,◎,運勢_20260905-06_結合用.csv 行19（9/6記号列）,騎手運勢2026.09.05.xlsx!2026.09.06 行20（B列=9/6記号・D列=名簿）[推:CSV行+1],,
2026-09-06,中山,4,202606040204,13,ライヴマルガリータ,0,木幡巧也,木幡巧也,素材一致,逆前方一致(木幡巧),木幡巧,一致,木星＋,△,健弱,△,運勢_20260905-06_結合用.csv 行7（9/6記号列）,騎手運勢2026.09.05.xlsx!2026.09.06 行8（B列=9/6記号・D列=名簿）[推:CSV行+1],,
2026-09-06,中山,4,202606040204,14,スマートレイナ,0,ルメール,Ｃ．ルメール,素材一致,完全一致,ルメール,一致,火星霊－,×,停止,×,運勢_20260905-06_結合用.csv 行16（9/6記号列）,騎手運勢2026.09.05.xlsx!2026.09.06 行17（B列=9/6記号・D列=名簿）[推:CSV行+1],,
2026-09-06,中山,4,202606040204,15,ロジザボード,0,団野大成,団野大成,素材一致,逆前方一致(団野),団野,一致,木星＋,△,健弱,△,運勢_20260905-06_結合用.csv 行7（9/6記号列）,騎手運勢2026.09.05.xlsx!2026.09.06 行8（B列=9/6記号・D列=名簿）[推:CSV行+1],,
2026-09-06,中山,4,202606040204,16,ニシノトマラナイ,0,江田照男,江田照男,素材一致,逆前方一致(江田照),江田照,一致,土星＋,◎,財成,◎,運勢_20260905-06_結合用.csv 行19（9/6記号列）,騎手運勢2026.09.05.xlsx!2026.09.06 行20（B列=9/6記号・D列=名簿）[推:CSV行+1],,
2026-09-06,中山,5,202606040205,1,ハンサム,0,津村明秀,津村明秀,素材一致,逆前方一致(津村),津村,一致,木星霊＋,○,健弱,○,運勢_20260905-06_結合用.csv 行9（9/6記号列）,騎手運勢2026.09.05.xlsx!2026.09.06 行10（B列=9/6記号・D列=名簿）[推:CSV行+1],,
2026-09-06,中山,5,202606040205,2,ピクシーブラスト,0,菊沢一樹,菊沢一樹,素材一致,逆前方一致(菊沢),菊沢,一致,天王星－,○,種子,○,運勢_20260905-06_結合用.csv 行22（9/6記号列）,騎手運勢2026.09.05.xlsx!2026.09.06 行23（B列=9/6記号・D列=名簿）[推:CSV行+1],,
2026-09-06,中山,5,202606040205,3,ムービーマジック,0,団野大成,団野大成,素材一致,逆前方一致(団野),団野,一致,木星＋,△,健弱,△,運勢_20260905-06_結合用.csv 行7（9/6記号列）,騎手運勢2026.09.05.xlsx!2026.09.06 行8（B列=9/6記号・D列=名簿）[推:CSV行+1],,
2026-09-06,中山,5,202606040205,4,タッカーヴィーチェ,0,丸山元気,丸山元気,素材一致,逆前方一致(丸山),丸山,一致,天王星＋,○,緑生,○,運勢_20260905-06_結合用.csv 行23（9/6記号列）,騎手運勢2026.09.05.xlsx!2026.09.06 行24（B列=9/6記号・D列=名簿）[推:CSV行+1],,
2026-09-06,中山,5,202606040205,5,アッティーヤ,0,ミシェル,Ｍ．ミシェル,未結合,[不足]_対応表に無い,,,,,,,,,,
2026-09-06,中山,5,202606040205,6,ビシット,0,佐藤翔馬,佐藤翔馬,素材一致,逆前方一致(佐藤),佐藤,一致,火星＋,×,減退,×,運勢_20260905-06_結合用.csv 行15（9/6記号列）,騎手運勢2026.09.05.xlsx!2026.09.06 行16（B列=9/6記号・D列=名簿）[推:CSV行+1],,
2026-09-06,中山,5,202606040205,7,オシゴリ,0,内田博幸,内田博幸,素材一致,逆前方一致(内田博),内田博,一致,木星＋,△,健弱,△,運勢_20260905-06_結合用.csv 行7（9/6記号列）,騎手運勢2026.09.05.xlsx!2026.09.06 行8（B列=9/6記号・D列=名簿）[推:CSV行+1],,
2026-09-06,中山,5,202606040205,8,イズミル,0,大野拓弥,大野拓弥,素材一致,逆前方一致(大野拓),大野拓,一致,水星＋,△,乱気,△,運勢_20260905-06_結合用.csv 行11（9/6記号列）,騎手運勢2026.09.05.xlsx!2026.09.06 行12（B列=9/6記号・D列=名簿）[推:CSV行+1],,
2026-09-06,中山,5,202606040205,9,ゴールデンパルス,0,北村友一,北村友一,素材一致,完全一致,北村友一,一致,金星＋,×,陰影,×,運勢_20260905-06_結合用.csv 行3（9/6記号列）,騎手運勢2026.09.05.xlsx!2026.09.06 行4（B列=9/6記号・D列=名簿）[推:CSV行+1],,
2026-09-06,中山,5,202606040205,10,ローザヴェローナ,0,ルメール,Ｃ．ルメール,素材一致,完全一致,ルメール,一致,火星霊－,×,停止,×,運勢_20260905-06_結合用.csv 行16（9/6記号列）,騎手運勢2026.09.05.xlsx!2026.09.06 行17（B列=9/6記号・D列=名簿）[推:CSV行+1],,
2026-09-06,中山,5,202606040205,11,レイナクリューソス,0,石橋脩,石橋脩,素材一致,完全一致,石橋脩,一致,土星＋,◎,財成,◎,運勢_20260905-06_結合用.csv 行19（9/6記号列）,騎手運勢2026.09.05.xlsx!2026.09.06 行20（B列=9/6記号・D列=名簿）[推:CSV行+1],,
2026-09-06,中山,5,202606040205,12,ハナビ,0,岩田康誠,岩田康誠,素材一致,逆前方一致(岩田康),岩田康,一致,木星霊＋,○,健弱,○,運勢_20260905-06_結合用.csv 行9（9/6記号列）,騎手運勢2026.09.05.xlsx!2026.09.06 行10（B列=9/6記号・D列=名簿）[推:CSV行+1],,
2026-09-06,中山,5,202606040205,13,ロイヤルガンモ,0,原優介,原優介,素材一致,逆前方一致1字(原),原,一致,天王星霊＋,○,緑生,○,運勢_20260905-06_結合用.csv 行25（9/6記号列）,騎手運勢2026.09.05.xlsx!2026.09.06 行26（B列=9/6記号・D列=名簿）[推:CSV行+1],,
2026-09-06,中山,5,202606040205,14,アイムオンアロール,0,三浦皇成,三浦皇成,素材一致,逆前方一致(三浦),三浦,一致,木星－,◎,立花,◎,運勢_20260905-06_結合用.csv 行6（9/6記号列）,騎手運勢2026.09.05.xlsx!2026.09.06 行7（B列=9/6記号・D列=名簿）[推:CSV行+1],,
2026-09-06,中山,5,202606040205,15,マホロ,0,丸田恭介,丸田恭介,素材一致,逆前方一致(丸田),丸田,一致,土星＋,◎,財成,◎,運勢_20260905-06_結合用.csv 行19（9/6記号列）,騎手運勢2026.09.05.xlsx!2026.09.06 行20（B列=9/6記号・D列=名簿）[推:CSV行+1],,
2026-09-06,中山,6,202606040206,1,タイセイウィザード,0,津村明秀,津村明秀,素材一致,逆前方一致(津村),津村,一致,木星霊＋,○,健弱,○,運勢_20260905-06_結合用.csv 行9（9/6記号列）,騎手運勢2026.09.05.xlsx!2026.09.06 行10（B列=9/6記号・D列=名簿）[推:CSV行+1],,
2026-09-06,中山,6,202606040206,2,イールーファー,0,水沼元輝,水沼元輝,素材一致,逆前方一致(水沼),水沼,一致,土星＋,◎,財成,◎,運勢_20260905-06_結合用.csv 行19（9/6記号列）,騎手運勢2026.09.05.xlsx!2026.09.06 行20（B列=9/6記号・D列=名簿）[推:CSV行+1],,
2026-09-06,中山,6,202606040206,3,プリンシパルギフト,0,大野拓弥,大野拓弥,素材一致,逆前方一致(大野拓),大野拓,一致,水星＋,△,乱気,△,運勢_20260905-06_結合用.csv 行11（9/6記号列）,騎手運勢2026.09.05.xlsx!2026.09.06 行12（B列=9/6記号・D列=名簿）[推:CSV行+1],,
2026-09-06,中山,6,202606040206,4,ハーモニープルーフ,0,ルメール,Ｃ．ルメール,素材一致,完全一致,ルメール,一致,火星霊－,×,停止,×,運勢_20260905-06_結合用.csv 行16（9/6記号列）,騎手運勢2026.09.05.xlsx!2026.09.06 行17（B列=9/6記号・D列=名簿）[推:CSV行+1],,
2026-09-06,中山,6,202606040206,5,メイプルカモーン,0,丸田恭介,丸田恭介,素材一致,逆前方一致(丸田),丸田,一致,土星＋,◎,財成,◎,運勢_20260905-06_結合用.csv 行19（9/6記号列）,騎手運勢2026.09.05.xlsx!2026.09.06 行20（B列=9/6記号・D列=名簿）[推:CSV行+1],,
2026-09-06,中山,6,202606040206,6,ニシノハクシャ,0,石神深道,石神深道,素材一致,完全一致,石神深道,一致,金星霊－,◎◎,安定,◎◎,運勢_20260905-06_結合用.csv 行4（9/6記号列）,騎手運勢2026.09.05.xlsx!2026.09.06 行5（B列=9/6記号・D列=名簿）[推:CSV行+1],,
2026-09-06,中山,6,202606040206,7,ヒゲキリ,0,三浦皇成,三浦皇成,素材一致,逆前方一致(三浦),三浦,一致,木星－,◎,立花,◎,運勢_20260905-06_結合用.csv 行6（9/6記号列）,騎手運勢2026.09.05.xlsx!2026.09.06 行7（B列=9/6記号・D列=名簿）[推:CSV行+1],,
2026-09-06,中山,6,202606040206,8,エンジャムメント,0,北村友一,北村友一,素材一致,完全一致,北村友一,一致,金星＋,×,陰影,×,運勢_20260905-06_結合用.csv 行3（9/6記号列）,騎手運勢2026.09.05.xlsx!2026.09.06 行4（B列=9/6記号・D列=名簿）[推:CSV行+1],,
2026-09-06,中山,6,202606040206,9,サードアイ,0,丸山元気,丸山元気,素材一致,逆前方一致(丸山),丸山,一致,天王星＋,○,緑生,○,運勢_20260905-06_結合用.csv 行23（9/6記号列）,騎手運勢2026.09.05.xlsx!2026.09.06 行24（B列=9/6記号・D列=名簿）[推:CSV行+1],,
2026-09-06,中山,6,202606040206,10,サイモントレノ,0,内田博幸,内田博幸,素材一致,逆前方一致(内田博),内田博,一致,木星＋,△,健弱,△,運勢_20260905-06_結合用.csv 行7（9/6記号列）,騎手運勢2026.09.05.xlsx!2026.09.06 行8（B列=9/6記号・D列=名簿）[推:CSV行+1],,
2026-09-06,中山,6,202606040206,11,ドーンオブホープ,0,菊沢一樹,菊沢一樹,素材一致,逆前方一致(菊沢),菊沢,一致,天王星－,○,種子,○,運勢_20260905-06_結合用.csv 行22（9/6記号列）,騎手運勢2026.09.05.xlsx!2026.09.06 行23（B列=9/6記号・D列=名簿）[推:CSV行+1],,
2026-09-06,中山,6,202606040206,12,ファブリック,0,岩田康誠,岩田康誠,素材一致,逆前方一致(岩田康),岩田康,一致,木星霊＋,○,健弱,○,運勢_20260905-06_結合用.csv 行9（9/6記号列）,騎手運勢2026.09.05.xlsx!2026.09.06 行10（B列=9/6記号・D列=名簿）[推:CSV行+1],,
2026-09-06,中山,7,202606040207,1,ウインスターリング,0,ミシェル,Ｍ．ミシェル,未結合,[不足]_対応表に無い,,,,,,,,,,
2026-09-06,中山,7,202606040207,2,セキテイリノ,0,江田照男,江田照男,素材一致,逆前方一致(江田照),江田照,一致,土星＋,◎,財成,◎,運勢_20260905-06_結合用.csv 行19（9/6記号列）,騎手運勢2026.09.05.xlsx!2026.09.06 行20（B列=9/6記号・D列=名簿）[推:CSV行+1],,
2026-09-06,中山,7,202606040207,3,ラクシオンデクラ,0,石神深道,石神深道,素材一致,完全一致,石神深道,一致,金星霊－,◎◎,安定,◎◎,運勢_20260905-06_結合用.csv 行4（9/6記号列）,騎手運勢2026.09.05.xlsx!2026.09.06 行5（B列=9/6記号・D列=名簿）[推:CSV行+1],,
2026-09-06,中山,7,202606040207,4,ジェイエルグリーン,0,原優介,原優介,素材一致,逆前方一致1字(原),原,一致,天王星霊＋,○,緑生,○,運勢_20260905-06_結合用.csv 行25（9/6記号列）,騎手運勢2026.09.05.xlsx!2026.09.06 行26（B列=9/6記号・D列=名簿）[推:CSV行+1],,
2026-09-06,中山,7,202606040207,5,カテドラルクォーツ,0,岩田康誠,岩田康誠,素材一致,逆前方一致(岩田康),岩田康,一致,木星霊＋,○,健弱,○,運勢_20260905-06_結合用.csv 行9（9/6記号列）,騎手運勢2026.09.05.xlsx!2026.09.06 行10（B列=9/6記号・D列=名簿）[推:CSV行+1],,
2026-09-06,中山,7,202606040207,6,マイネルオラクル,0,柴田大知,柴田大知,素材一致,逆前方一致(柴田大),柴田大,一致,木星－,◎,立花,◎,運勢_20260905-06_結合用.csv 行6（9/6記号列）,騎手運勢2026.09.05.xlsx!2026.09.06 行7（B列=9/6記号・D列=名簿）[推:CSV行+1],,
2026-09-06,中山,7,202606040207,7,ジャストマイウェイ,0,内田博幸,内田博幸,素材一致,逆前方一致(内田博),内田博,一致,木星＋,△,健弱,△,運勢_20260905-06_結合用.csv 行7（9/6記号列）,騎手運勢2026.09.05.xlsx!2026.09.06 行8（B列=9/6記号・D列=名簿）[推:CSV行+1],,
2026-09-06,中山,7,202606040207,8,ブラッキッシュ,0,ルメール,Ｃ．ルメール,素材一致,完全一致,ルメール,一致,火星霊－,×,停止,×,運勢_20260905-06_結合用.csv 行16（9/6記号列）,騎手運勢2026.09.05.xlsx!2026.09.06 行17（B列=9/6記号・D列=名簿）[推:CSV行+1],,
2026-09-06,中山,7,202606040207,9,クリスタルドレス,0,杉原誠人,杉原誠人,素材一致,完全一致,杉原誠人,一致,金星霊＋,×,陰影,×,運勢_20260905-06_結合用.csv 行5（9/6記号列）,騎手運勢2026.09.05.xlsx!2026.09.06 行6（B列=9/6記号・D列=名簿）[推:CSV行+1],,
2026-09-06,中山,7,202606040207,10,シホノグラツィア,0,団野大成,団野大成,素材一致,逆前方一致(団野),団野,一致,木星＋,△,健弱,△,運勢_20260905-06_結合用.csv 行7（9/6記号列）,騎手運勢2026.09.05.xlsx!2026.09.06 行8（B列=9/6記号・D列=名簿）[推:CSV行+1],,
2026-09-06,中山,7,202606040207,11,エラガバリウム,0,津村明秀,津村明秀,素材一致,逆前方一致(津村),津村,一致,木星霊＋,○,健弱,○,運勢_20260905-06_結合用.csv 行9（9/6記号列）,騎手運勢2026.09.05.xlsx!2026.09.06 行10（B列=9/6記号・D列=名簿）[推:CSV行+1],,
2026-09-06,中山,7,202606040207,12,ディエスルージュ,0,木幡巧也,木幡巧也,素材一致,逆前方一致(木幡巧),木幡巧,一致,木星＋,△,健弱,△,運勢_20260905-06_結合用.csv 行7（9/6記号列）,騎手運勢2026.09.05.xlsx!2026.09.06 行8（B列=9/6記号・D列=名簿）[推:CSV行+1],,
2026-09-06,中山,7,202606040207,13,サンクレゾン,0,北村友一,北村友一,素材一致,完全一致,北村友一,一致,金星＋,×,陰影,×,運勢_20260905-06_結合用.csv 行3（9/6記号列）,騎手運勢2026.09.05.xlsx!2026.09.06 行4（B列=9/6記号・D列=名簿）[推:CSV行+1],,
2026-09-06,中山,7,202606040207,14,ピグマリオン,0,嶋田純次,嶋田純次,素材一致,逆前方一致(嶋田),嶋田,一致,火星－,×,停止,×,運勢_20260905-06_結合用.csv 行14（9/6記号列）,騎手運勢2026.09.05.xlsx!2026.09.06 行15（B列=9/6記号・D列=名簿）[推:CSV行+1],,
2026-09-06,中山,7,202606040207,15,ワイズファミリア,0,丸田恭介,丸田恭介,素材一致,逆前方一致(丸田),丸田,一致,土星＋,◎,財成,◎,運勢_20260905-06_結合用.csv 行19（9/6記号列）,騎手運勢2026.09.05.xlsx!2026.09.06 行20（B列=9/6記号・D列=名簿）[推:CSV行+1],,
2026-09-06,中山,7,202606040207,16,ブリックアブラック,0,石田拓郎,石田拓郎,素材一致,完全一致,石田拓郎,一致,木星－,◎,立花,◎,運勢_20260905-06_結合用.csv 行6（9/6記号列）,騎手運勢2026.09.05.xlsx!2026.09.06 行7（B列=9/6記号・D列=名簿）[推:CSV行+1],,
2026-09-06,中山,7,202606040207,17,ソフィア,0,木幡初也,木幡初也,別ソース参照候補,[不足]_対応表に無い,,,,,,,,,土星霊－/○ [要確認]_表記ゆれ候補(小幡初→木幡初也)。自動結合していない,
2026-09-06,中山,7,202606040207,18,ハルノアメ,0,佐藤翔馬,佐藤翔馬,素材一致,逆前方一致(佐藤),佐藤,一致,火星＋,×,減退,×,運勢_20260905-06_結合用.csv 行15（9/6記号列）,騎手運勢2026.09.05.xlsx!2026.09.06 行16（B列=9/6記号・D列=名簿）[推:CSV行+1],,
2026-09-06,中山,8,202606040208,1,ジーティーブラック,0,菊沢一樹,菊沢一樹,素材一致,逆前方一致(菊沢),菊沢,一致,天王星－,○,種子,○,運勢_20260905-06_結合用.csv 行22（9/6記号列）,騎手運勢2026.09.05.xlsx!2026.09.06 行23（B列=9/6記号・D列=名簿）[推:CSV行+1],,
2026-09-06,中山,8,202606040208,2,ノーウェアマン,0,津村明秀,津村明秀,素材一致,逆前方一致(津村),津村,一致,木星霊＋,○,健弱,○,運勢_20260905-06_結合用.csv 行9（9/6記号列）,騎手運勢2026.09.05.xlsx!2026.09.06 行10（B列=9/6記号・D列=名簿）[推:CSV行+1],,
2026-09-06,中山,8,202606040208,3,アイビーチーキー,0,上里直汰,上里直汰,素材一致,逆前方一致(上里),上里,一致,天王星－,○,種子,○,運勢_20260905-06_結合用.csv 行22（9/6記号列）,騎手運勢2026.09.05.xlsx!2026.09.06 行23（B列=9/6記号・D列=名簿）[推:CSV行+1],,
2026-09-06,中山,8,202606040208,4,モヴレクス,0,丸山元気,丸山元気,素材一致,逆前方一致(丸山),丸山,一致,天王星＋,○,緑生,○,運勢_20260905-06_結合用.csv 行23（9/6記号列）,騎手運勢2026.09.05.xlsx!2026.09.06 行24（B列=9/6記号・D列=名簿）[推:CSV行+1],,
2026-09-06,中山,8,202606040208,5,エコロストーム,0,石神深道,石神深道,素材一致,完全一致,石神深道,一致,金星霊－,◎◎,安定,◎◎,運勢_20260905-06_結合用.csv 行4（9/6記号列）,騎手運勢2026.09.05.xlsx!2026.09.06 行5（B列=9/6記号・D列=名簿）[推:CSV行+1],,
2026-09-06,中山,8,202606040208,6,タケルムサシ,0,団野大成,団野大成,素材一致,逆前方一致(団野),団野,一致,木星＋,△,健弱,△,運勢_20260905-06_結合用.csv 行7（9/6記号列）,騎手運勢2026.09.05.xlsx!2026.09.06 行8（B列=9/6記号・D列=名簿）[推:CSV行+1],,
2026-09-06,中山,8,202606040208,7,ストーリーオブラブ,0,江田照男,江田照男,素材一致,逆前方一致(江田照),江田照,一致,土星＋,◎,財成,◎,運勢_20260905-06_結合用.csv 行19（9/6記号列）,騎手運勢2026.09.05.xlsx!2026.09.06 行20（B列=9/6記号・D列=名簿）[推:CSV行+1],,
2026-09-06,中山,8,202606040208,8,ガーデンカメリア,0,石田拓郎,石田拓郎,素材一致,完全一致,石田拓郎,一致,木星－,◎,立花,◎,運勢_20260905-06_結合用.csv 行6（9/6記号列）,騎手運勢2026.09.05.xlsx!2026.09.06 行7（B列=9/6記号・D列=名簿）[推:CSV行+1],,
2026-09-06,中山,8,202606040208,9,ボニープリンス,0,三浦皇成,三浦皇成,素材一致,逆前方一致(三浦),三浦,一致,木星－,◎,立花,◎,運勢_20260905-06_結合用.csv 行6（9/6記号列）,騎手運勢2026.09.05.xlsx!2026.09.06 行7（B列=9/6記号・D列=名簿）[推:CSV行+1],,
2026-09-06,中山,8,202606040208,10,ユキノグラス,0,大野拓弥,大野拓弥,素材一致,逆前方一致(大野拓),大野拓,一致,水星＋,△,乱気,△,運勢_20260905-06_結合用.csv 行11（9/6記号列）,騎手運勢2026.09.05.xlsx!2026.09.06 行12（B列=9/6記号・D列=名簿）[推:CSV行+1],,
2026-09-06,中山,8,202606040208,11,シンギュラリティ,0,ミシェル,Ｍ．ミシェル,未結合,[不足]_対応表に無い,,,,,,,,,,
2026-09-06,中山,8,202606040208,12,ソニックキャット,0,岩田康誠,岩田康誠,素材一致,逆前方一致(岩田康),岩田康,一致,木星霊＋,○,健弱,○,運勢_20260905-06_結合用.csv 行9（9/6記号列）,騎手運勢2026.09.05.xlsx!2026.09.06 行10（B列=9/6記号・D列=名簿）[推:CSV行+1],,
2026-09-06,中山,8,202606040208,13,カフェシューター,0,ルメール,Ｃ．ルメール,素材一致,完全一致,ルメール,一致,火星霊－,×,停止,×,運勢_20260905-06_結合用.csv 行16（9/6記号列）,騎手運勢2026.09.05.xlsx!2026.09.06 行17（B列=9/6記号・D列=名簿）[推:CSV行+1],,
2026-09-06,中山,8,202606040208,14,ラヴアンドライク,0,原優介,原優介,素材一致,逆前方一致1字(原),原,一致,天王星霊＋,○,緑生,○,運勢_20260905-06_結合用.csv 行25（9/6記号列）,騎手運勢2026.09.05.xlsx!2026.09.06 行26（B列=9/6記号・D列=名簿）[推:CSV行+1],,
2026-09-06,中山,8,202606040208,15,メトロポリターナ,0,丸田恭介,丸田恭介,素材一致,逆前方一致(丸田),丸田,一致,土星＋,◎,財成,◎,運勢_20260905-06_結合用.csv 行19（9/6記号列）,騎手運勢2026.09.05.xlsx!2026.09.06 行20（B列=9/6記号・D列=名簿）[推:CSV行+1],,
2026-09-06,中山,8,202606040208,16,メディチパワー,0,木幡巧也,木幡巧也,素材一致,逆前方一致(木幡巧),木幡巧,一致,木星＋,△,健弱,△,運勢_20260905-06_結合用.csv 行7（9/6記号列）,騎手運勢2026.09.05.xlsx!2026.09.06 行8（B列=9/6記号・D列=名簿）[推:CSV行+1],,
2026-09-06,中山,9,202606040209,1,ホープエトワール,0,菅原隆一,菅原隆一,未結合,[不足]_対応表に無い,,,,,,,,,,
2026-09-06,中山,9,202606040209,2,キョウエイカンフ,0,石橋脩,石橋脩,素材一致,完全一致,石橋脩,一致,土星＋,◎,財成,◎,運勢_20260905-06_結合用.csv 行19（9/6記号列）,騎手運勢2026.09.05.xlsx!2026.09.06 行20（B列=9/6記号・D列=名簿）[推:CSV行+1],,
2026-09-06,中山,9,202606040209,3,サマースイートピー,0,内田博幸,内田博幸,素材一致,逆前方一致(内田博),内田博,一致,木星＋,△,健弱,△,運勢_20260905-06_結合用.csv 行7（9/6記号列）,騎手運勢2026.09.05.xlsx!2026.09.06 行8（B列=9/6記号・D列=名簿）[推:CSV行+1],,
2026-09-06,中山,9,202606040209,4,ホウオウプレミア,0,岩田康誠,岩田康誠,素材一致,逆前方一致(岩田康),岩田康,一致,木星霊＋,○,健弱,○,運勢_20260905-06_結合用.csv 行9（9/6記号列）,騎手運勢2026.09.05.xlsx!2026.09.06 行10（B列=9/6記号・D列=名簿）[推:CSV行+1],,
2026-09-06,中山,9,202606040209,5,ラヴァグロウ,0,丸田恭介,丸田恭介,素材一致,逆前方一致(丸田),丸田,一致,土星＋,◎,財成,◎,運勢_20260905-06_結合用.csv 行19（9/6記号列）,騎手運勢2026.09.05.xlsx!2026.09.06 行20（B列=9/6記号・D列=名簿）[推:CSV行+1],,
2026-09-06,中山,9,202606040209,6,アスタールフナ,0,北村友一,北村友一,素材一致,完全一致,北村友一,一致,金星＋,×,陰影,×,運勢_20260905-06_結合用.csv 行3（9/6記号列）,騎手運勢2026.09.05.xlsx!2026.09.06 行4（B列=9/6記号・D列=名簿）[推:CSV行+1],,
2026-09-06,中山,9,202606040209,7,レヴィテーション,0,柴田大知,柴田大知,素材一致,逆前方一致(柴田大),柴田大,一致,木星－,◎,立花,◎,運勢_20260905-06_結合用.csv 行6（9/6記号列）,騎手運勢2026.09.05.xlsx!2026.09.06 行7（B列=9/6記号・D列=名簿）[推:CSV行+1],,
2026-09-06,中山,9,202606040209,8,ルーフオブヘヴン,0,原優介,原優介,素材一致,逆前方一致1字(原),原,一致,天王星霊＋,○,緑生,○,運勢_20260905-06_結合用.csv 行25（9/6記号列）,騎手運勢2026.09.05.xlsx!2026.09.06 行26（B列=9/6記号・D列=名簿）[推:CSV行+1],,
2026-09-06,中山,9,202606040209,9,ピコニ,0,木幡巧也,木幡巧也,素材一致,逆前方一致(木幡巧),木幡巧,一致,木星＋,△,健弱,△,運勢_20260905-06_結合用.csv 行7（9/6記号列）,騎手運勢2026.09.05.xlsx!2026.09.06 行8（B列=9/6記号・D列=名簿）[推:CSV行+1],,
2026-09-06,中山,9,202606040209,10,モーゲンセン,0,津村明秀,津村明秀,素材一致,逆前方一致(津村),津村,一致,木星霊＋,○,健弱,○,運勢_20260905-06_結合用.csv 行9（9/6記号列）,騎手運勢2026.09.05.xlsx!2026.09.06 行10（B列=9/6記号・D列=名簿）[推:CSV行+1],,
2026-09-06,中山,9,202606040209,11,サヨノジャンボリー,0,大野拓弥,大野拓弥,素材一致,逆前方一致(大野拓),大野拓,一致,水星＋,△,乱気,△,運勢_20260905-06_結合用.csv 行11（9/6記号列）,騎手運勢2026.09.05.xlsx!2026.09.06 行12（B列=9/6記号・D列=名簿）[推:CSV行+1],,
2026-09-06,中山,9,202606040209,12,ジャスパーソレイユ,0,団野大成,団野大成,素材一致,逆前方一致(団野),団野,一致,木星＋,△,健弱,△,運勢_20260905-06_結合用.csv 行7（9/6記号列）,騎手運勢2026.09.05.xlsx!2026.09.06 行8（B列=9/6記号・D列=名簿）[推:CSV行+1],,
2026-09-06,中山,9,202606040209,13,キタノライブリー,0,木幡初也,木幡初也,別ソース参照候補,[不足]_対応表に無い,,,,,,,,,土星霊－/○ [要確認]_表記ゆれ候補(小幡初→木幡初也)。自動結合していない,
2026-09-06,中山,9,202606040209,14,イノキ,0,菊沢一樹,菊沢一樹,素材一致,逆前方一致(菊沢),菊沢,一致,天王星－,○,種子,○,運勢_20260905-06_結合用.csv 行22（9/6記号列）,騎手運勢2026.09.05.xlsx!2026.09.06 行23（B列=9/6記号・D列=名簿）[推:CSV行+1],,
2026-09-06,中山,9,202606040209,15,サードウインド,0,ミシェル,Ｍ．ミシェル,未結合,[不足]_対応表に無い,,,,,,,,,,
2026-09-06,中山,9,202606040209,16,ドントゥザムーン,0,三浦皇成,三浦皇成,素材一致,逆前方一致(三浦),三浦,一致,木星－,◎,立花,◎,運勢_20260905-06_結合用.csv 行6（9/6記号列）,騎手運勢2026.09.05.xlsx!2026.09.06 行7（B列=9/6記号・D列=名簿）[推:CSV行+1],,
2026-09-06,中山,10,202606040210,1,フォルテム,0,団野大成,団野大成,素材一致,逆前方一致(団野),団野,一致,木星＋,△,健弱,△,運勢_20260905-06_結合用.csv 行7（9/6記号列）,騎手運勢2026.09.05.xlsx!2026.09.06 行8（B列=9/6記号・D列=名簿）[推:CSV行+1],,
2026-09-06,中山,10,202606040210,2,メイショウピース,0,丸山元気,丸山元気,素材一致,逆前方一致(丸山),丸山,一致,天王星＋,○,緑生,○,運勢_20260905-06_結合用.csv 行23（9/6記号列）,騎手運勢2026.09.05.xlsx!2026.09.06 行24（B列=9/6記号・D列=名簿）[推:CSV行+1],,
2026-09-06,中山,10,202606040210,3,トーセントラム,0,菊沢一樹,菊沢一樹,素材一致,逆前方一致(菊沢),菊沢,一致,天王星－,○,種子,○,運勢_20260905-06_結合用.csv 行22（9/6記号列）,騎手運勢2026.09.05.xlsx!2026.09.06 行23（B列=9/6記号・D列=名簿）[推:CSV行+1],,
2026-09-06,中山,10,202606040210,4,マックアルイーン,0,津村明秀,津村明秀,素材一致,逆前方一致(津村),津村,一致,木星霊＋,○,健弱,○,運勢_20260905-06_結合用.csv 行9（9/6記号列）,騎手運勢2026.09.05.xlsx!2026.09.06 行10（B列=9/6記号・D列=名簿）[推:CSV行+1],,
2026-09-06,中山,10,202606040210,5,フクチャンショウ,0,北村友一,北村友一,素材一致,完全一致,北村友一,一致,金星＋,×,陰影,×,運勢_20260905-06_結合用.csv 行3（9/6記号列）,騎手運勢2026.09.05.xlsx!2026.09.06 行4（B列=9/6記号・D列=名簿）[推:CSV行+1],,
2026-09-06,中山,10,202606040210,6,パクスロマーナ,0,杉原誠人,杉原誠人,素材一致,完全一致,杉原誠人,一致,金星霊＋,×,陰影,×,運勢_20260905-06_結合用.csv 行5（9/6記号列）,騎手運勢2026.09.05.xlsx!2026.09.06 行6（B列=9/6記号・D列=名簿）[推:CSV行+1],,
2026-09-06,中山,10,202606040210,7,ルーフ,0,原優介,原優介,素材一致,逆前方一致1字(原),原,一致,天王星霊＋,○,緑生,○,運勢_20260905-06_結合用.csv 行25（9/6記号列）,騎手運勢2026.09.05.xlsx!2026.09.06 行26（B列=9/6記号・D列=名簿）[推:CSV行+1],,
2026-09-06,中山,10,202606040210,8,カーヌスティ,0,ルメール,Ｃ．ルメール,素材一致,完全一致,ルメール,一致,火星霊－,×,停止,×,運勢_20260905-06_結合用.csv 行16（9/6記号列）,騎手運勢2026.09.05.xlsx!2026.09.06 行17（B列=9/6記号・D列=名簿）[推:CSV行+1],,
2026-09-06,中山,10,202606040210,9,ポッドロワール,0,木幡巧也,木幡巧也,素材一致,逆前方一致(木幡巧),木幡巧,一致,木星＋,△,健弱,△,運勢_20260905-06_結合用.csv 行7（9/6記号列）,騎手運勢2026.09.05.xlsx!2026.09.06 行8（B列=9/6記号・D列=名簿）[推:CSV行+1],,
2026-09-06,中山,11,202606040211,1,ジワタネホ,0,三浦皇成,三浦皇成,素材一致,逆前方一致(三浦),三浦,一致,木星－,◎,立花,◎,運勢_20260905-06_結合用.csv 行6（9/6記号列）,騎手運勢2026.09.05.xlsx!2026.09.06 行7（B列=9/6記号・D列=名簿）[推:CSV行+1],,
2026-09-06,中山,11,202606040211,2,サムシングスイート,0,団野大成,団野大成,素材一致,逆前方一致(団野),団野,一致,木星＋,△,健弱,△,運勢_20260905-06_結合用.csv 行7（9/6記号列）,騎手運勢2026.09.05.xlsx!2026.09.06 行8（B列=9/6記号・D列=名簿）[推:CSV行+1],,
2026-09-06,中山,11,202606040211,3,リアライズルミナス,0,津村明秀,津村明秀,素材一致,逆前方一致(津村),津村,一致,木星霊＋,○,健弱,○,運勢_20260905-06_結合用.csv 行9（9/6記号列）,騎手運勢2026.09.05.xlsx!2026.09.06 行10（B列=9/6記号・D列=名簿）[推:CSV行+1],,
2026-09-06,中山,11,202606040211,4,マスターソアラ,0,大野拓弥,大野拓弥,素材一致,逆前方一致(大野拓),大野拓,一致,水星＋,△,乱気,△,運勢_20260905-06_結合用.csv 行11（9/6記号列）,騎手運勢2026.09.05.xlsx!2026.09.06 行12（B列=9/6記号・D列=名簿）[推:CSV行+1],,
2026-09-06,中山,11,202606040211,5,ファムクラジューズ,0,菊沢一樹,菊沢一樹,素材一致,逆前方一致(菊沢),菊沢,一致,天王星－,○,種子,○,運勢_20260905-06_結合用.csv 行22（9/6記号列）,騎手運勢2026.09.05.xlsx!2026.09.06 行23（B列=9/6記号・D列=名簿）[推:CSV行+1],,
2026-09-06,中山,11,202606040211,6,アストリル,0,ミシェル,Ｍ．ミシェル,未結合,[不足]_対応表に無い,,,,,,,,,,
2026-09-06,中山,11,202606040211,7,ロングトールサリー,0,杉原誠人,杉原誠人,素材一致,完全一致,杉原誠人,一致,金星霊＋,×,陰影,×,運勢_20260905-06_結合用.csv 行5（9/6記号列）,騎手運勢2026.09.05.xlsx!2026.09.06 行6（B列=9/6記号・D列=名簿）[推:CSV行+1],,
2026-09-06,中山,11,202606040211,8,ナイスプレーアスク,0,岩田康誠,岩田康誠,素材一致,逆前方一致(岩田康),岩田康,一致,木星霊＋,○,健弱,○,運勢_20260905-06_結合用.csv 行9（9/6記号列）,騎手運勢2026.09.05.xlsx!2026.09.06 行10（B列=9/6記号・D列=名簿）[推:CSV行+1],,
2026-09-06,中山,11,202606040211,9,ドリームコア,0,ルメール,Ｃ．ルメール,素材一致,完全一致,ルメール,一致,火星霊－,×,停止,×,運勢_20260905-06_結合用.csv 行16（9/6記号列）,騎手運勢2026.09.05.xlsx!2026.09.06 行17（B列=9/6記号・D列=名簿）[推:CSV行+1],,
2026-09-06,中山,11,202606040211,10,ジッピーチューン,0,北村友一,北村友一,素材一致,完全一致,北村友一,一致,金星＋,×,陰影,×,運勢_20260905-06_結合用.csv 行3（9/6記号列）,騎手運勢2026.09.05.xlsx!2026.09.06 行4（B列=9/6記号・D列=名簿）[推:CSV行+1],,
2026-09-06,中山,11,202606040211,11,ベンヴェヌータ,0,石橋脩,石橋脩,素材一致,完全一致,石橋脩,一致,土星＋,◎,財成,◎,運勢_20260905-06_結合用.csv 行19（9/6記号列）,騎手運勢2026.09.05.xlsx!2026.09.06 行20（B列=9/6記号・D列=名簿）[推:CSV行+1],,
2026-09-06,中山,12,202606040212,1,ダイユウヴェンティ,0,団野大成,団野大成,素材一致,逆前方一致(団野),団野,一致,木星＋,△,健弱,△,運勢_20260905-06_結合用.csv 行7（9/6記号列）,騎手運勢2026.09.05.xlsx!2026.09.06 行8（B列=9/6記号・D列=名簿）[推:CSV行+1],,
2026-09-06,中山,12,202606040212,2,ファインサマーデイ,0,津村明秀,津村明秀,素材一致,逆前方一致(津村),津村,一致,木星霊＋,○,健弱,○,運勢_20260905-06_結合用.csv 行9（9/6記号列）,騎手運勢2026.09.05.xlsx!2026.09.06 行10（B列=9/6記号・D列=名簿）[推:CSV行+1],,
2026-09-06,中山,12,202606040212,3,アイムインディ,0,ルメール,Ｃ．ルメール,素材一致,完全一致,ルメール,一致,火星霊－,×,停止,×,運勢_20260905-06_結合用.csv 行16（9/6記号列）,騎手運勢2026.09.05.xlsx!2026.09.06 行17（B列=9/6記号・D列=名簿）[推:CSV行+1],,
2026-09-06,中山,12,202606040212,4,ブライティアブーケ,0,大野拓弥,大野拓弥,素材一致,逆前方一致(大野拓),大野拓,一致,水星＋,△,乱気,△,運勢_20260905-06_結合用.csv 行11（9/6記号列）,騎手運勢2026.09.05.xlsx!2026.09.06 行12（B列=9/6記号・D列=名簿）[推:CSV行+1],,
2026-09-06,中山,12,202606040212,5,ルシェロアズーリ,0,佐藤翔馬,佐藤翔馬,素材一致,逆前方一致(佐藤),佐藤,一致,火星＋,×,減退,×,運勢_20260905-06_結合用.csv 行15（9/6記号列）,騎手運勢2026.09.05.xlsx!2026.09.06 行16（B列=9/6記号・D列=名簿）[推:CSV行+1],,
2026-09-06,中山,12,202606040212,6,ホウオウショコラ,0,上里直汰,上里直汰,素材一致,逆前方一致(上里),上里,一致,天王星－,○,種子,○,運勢_20260905-06_結合用.csv 行22（9/6記号列）,騎手運勢2026.09.05.xlsx!2026.09.06 行23（B列=9/6記号・D列=名簿）[推:CSV行+1],,
2026-09-06,中山,12,202606040212,7,カシオペア,0,石橋脩,石橋脩,素材一致,完全一致,石橋脩,一致,土星＋,◎,財成,◎,運勢_20260905-06_結合用.csv 行19（9/6記号列）,騎手運勢2026.09.05.xlsx!2026.09.06 行20（B列=9/6記号・D列=名簿）[推:CSV行+1],,
2026-09-06,中山,12,202606040212,8,ジュエルドレーサー,0,原優介,原優介,素材一致,逆前方一致1字(原),原,一致,天王星霊＋,○,緑生,○,運勢_20260905-06_結合用.csv 行25（9/6記号列）,騎手運勢2026.09.05.xlsx!2026.09.06 行26（B列=9/6記号・D列=名簿）[推:CSV行+1],,
2026-09-06,中山,12,202606040212,9,カイトグート,0,柴田大知,柴田大知,素材一致,逆前方一致(柴田大),柴田大,一致,木星－,◎,立花,◎,運勢_20260905-06_結合用.csv 行6（9/6記号列）,騎手運勢2026.09.05.xlsx!2026.09.06 行7（B列=9/6記号・D列=名簿）[推:CSV行+1],,
2026-09-06,中山,12,202606040212,10,マイネルユーゲント,0,三浦皇成,三浦皇成,素材一致,逆前方一致(三浦),三浦,一致,木星－,◎,立花,◎,運勢_20260905-06_結合用.csv 行6（9/6記号列）,騎手運勢2026.09.05.xlsx!2026.09.06 行7（B列=9/6記号・D列=名簿）[推:CSV行+1],,
2026-09-06,中山,12,202606040212,11,ラエトゥス,0,北村友一,北村友一,素材一致,完全一致,北村友一,一致,金星＋,×,陰影,×,運勢_20260905-06_結合用.csv 行3（9/6記号列）,騎手運勢2026.09.05.xlsx!2026.09.06 行4（B列=9/6記号・D列=名簿）[推:CSV行+1],,
2026-09-06,中山,12,202606040212,12,メーゼ,0,菊沢一樹,菊沢一樹,素材一致,逆前方一致(菊沢),菊沢,一致,天王星－,○,種子,○,運勢_20260905-06_結合用.csv 行22（9/6記号列）,騎手運勢2026.09.05.xlsx!2026.09.06 行23（B列=9/6記号・D列=名簿）[推:CSV行+1],,
2026-09-06,中山,12,202606040212,13,ココボロ,0,嶋田純次,嶋田純次,素材一致,逆前方一致(嶋田),嶋田,一致,火星－,×,停止,×,運勢_20260905-06_結合用.csv 行14（9/6記号列）,騎手運勢2026.09.05.xlsx!2026.09.06 行15（B列=9/6記号・D列=名簿）[推:CSV行+1],,
2026-09-06,中山,12,202606040212,14,ヴィヴァラリス,0,石田拓郎,石田拓郎,素材一致,完全一致,石田拓郎,一致,木星－,◎,立花,◎,運勢_20260905-06_結合用.csv 行6（9/6記号列）,騎手運勢2026.09.05.xlsx!2026.09.06 行7（B列=9/6記号・D列=名簿）[推:CSV行+1],,
2026-09-06,中山,12,202606040212,15,クラディスティーナ,0,木幡巧也,木幡巧也,素材一致,逆前方一致(木幡巧),木幡巧,一致,木星＋,△,健弱,△,運勢_20260905-06_結合用.csv 行7（9/6記号列）,騎手運勢2026.09.05.xlsx!2026.09.06 行8（B列=9/6記号・D列=名簿）[推:CSV行+1],,
2026-09-06,中山,12,202606040212,16,エバーラスト,0,石神深道,石神深道,素材一致,完全一致,石神深道,一致,金星霊－,◎◎,安定,◎◎,運勢_20260905-06_結合用.csv 行4（9/6記号列）,騎手運勢2026.09.05.xlsx!2026.09.06 行5（B列=9/6記号・D列=名簿）[推:CSV行+1],,
2026-09-06,札幌,1,202601020601,1,ルージュエピック,0,松本大輝,松本大輝,素材一致,逆前方一致(松本),松本,一致,木星＋,△,健弱,△,運勢_20260905-06_結合用.csv 行7（9/6記号列）,騎手運勢2026.09.05.xlsx!2026.09.06 行8（B列=9/6記号・D列=名簿）[推:CSV行+1],,
2026-09-06,札幌,1,202601020601,2,テンレッドサン,0,丹内祐次,丹内祐次,素材一致,逆前方一致(丹内),丹内,一致,木星－,◎,立花,◎,運勢_20260905-06_結合用.csv 行6（9/6記号列）,騎手運勢2026.09.05.xlsx!2026.09.06 行7（B列=9/6記号・D列=名簿）[推:CSV行+1],,
2026-09-06,札幌,1,202601020601,3,エリカビアリッツ,0,鮫島克駿,鮫島克駿,素材一致,略記逆一致(鮫島駿),鮫島駿,一致(略記),火星＋,×,減退,×,運勢_20260905-06_結合用.csv 行15（9/6記号列）,騎手運勢2026.09.05.xlsx!2026.09.06 行16（B列=9/6記号・D列=名簿）[推:CSV行+1],,
2026-09-06,札幌,1,202601020601,4,ルージュリヴィエラ,0,小林美駒,小林美駒,素材一致,完全一致,小林美駒,一致,天王星－,○,種子,○,運勢_20260905-06_結合用.csv 行22（9/6記号列）,騎手運勢2026.09.05.xlsx!2026.09.06 行23（B列=9/6記号・D列=名簿）[推:CSV行+1],,
2026-09-06,札幌,1,202601020601,5,サンセリテ,0,長浜鴻緒,長浜鴻緒,素材一致,逆前方一致(長浜),長浜,一致,天王星－,○,種子,○,運勢_20260905-06_結合用.csv 行22（9/6記号列）,騎手運勢2026.09.05.xlsx!2026.09.06 行23（B列=9/6記号・D列=名簿）[推:CSV行+1],,
2026-09-06,札幌,1,202601020601,6,ウォータースパウト,0,吉田隼人,吉田隼人,素材一致,逆前方一致(吉田隼),吉田隼,一致,金星－,◎,安定,◎,運勢_20260905-06_結合用.csv 行2（9/6記号列）,騎手運勢2026.09.05.xlsx!2026.09.06 行3（B列=9/6記号・D列=名簿）[推:CSV行+1],,
2026-09-06,札幌,1,202601020601,7,ワンダーアスク,0,川又賢治,川又賢治,素材一致,逆前方一致(川又),川又,一致,土星－,○,再会,○,運勢_20260905-06_結合用.csv 行18（9/6記号列）,騎手運勢2026.09.05.xlsx!2026.09.06 行19（B列=9/6記号・D列=名簿）[推:CSV行+1],,
2026-09-06,札幌,1,202601020601,8,クリコイーコ,0,遠藤汰月,遠藤汰月,素材一致,逆前方一致(遠藤),遠藤,一致,金星＋,×,陰影,×,運勢_20260905-06_結合用.csv 行3（9/6記号列）,騎手運勢2026.09.05.xlsx!2026.09.06 行4（B列=9/6記号・D列=名簿）[推:CSV行+1],,
2026-09-06,札幌,1,202601020601,9,シンデレラカラー,0,原田和真,原田和真,素材一致,逆前方一致(原田),原田,一致,天王星＋,○,緑生,○,運勢_20260905-06_結合用.csv 行23（9/6記号列）,騎手運勢2026.09.05.xlsx!2026.09.06 行24（B列=9/6記号・D列=名簿）[推:CSV行+1],,
2026-09-06,札幌,1,202601020601,10,セラサイト,0,横山武史,横山武史,素材一致,逆前方一致(横山武),横山武,一致,天王星＋,○,緑生,○,運勢_20260905-06_結合用.csv 行23（9/6記号列）,騎手運勢2026.09.05.xlsx!2026.09.06 行24（B列=9/6記号・D列=名簿）[推:CSV行+1],,
2026-09-06,札幌,1,202601020601,11,マスカルポーネ,0,斎藤新,斎藤新,素材一致,完全一致,斎藤新,一致,天王星霊－,○,種子,○,運勢_20260905-06_結合用.csv 行24（9/6記号列）,騎手運勢2026.09.05.xlsx!2026.09.06 行25（B列=9/6記号・D列=名簿）[推:CSV行+1],,
2026-09-06,札幌,1,202601020601,12,ティンクルバレット,0,古川奈穂,古川奈穂,素材一致,完全一致,古川奈穂,一致,金星＋,×,陰影,×,運勢_20260905-06_結合用.csv 行3（9/6記号列）,騎手運勢2026.09.05.xlsx!2026.09.06 行4（B列=9/6記号・D列=名簿）[推:CSV行+1],,
2026-09-06,札幌,1,202601020601,13,サマースプラッシュ,0,和田陽希,和田陽希,素材一致,完全一致,和田陽希,一致,木星－,◎,立花,◎,運勢_20260905-06_結合用.csv 行6（9/6記号列）,騎手運勢2026.09.05.xlsx!2026.09.06 行7（B列=9/6記号・D列=名簿）[推:CSV行+1],,
2026-09-06,札幌,2,202601020602,1,マイネルリコルディ,0,丹内祐次,丹内祐次,素材一致,逆前方一致(丹内),丹内,一致,木星－,◎,立花,◎,運勢_20260905-06_結合用.csv 行6（9/6記号列）,騎手運勢2026.09.05.xlsx!2026.09.06 行7（B列=9/6記号・D列=名簿）[推:CSV行+1],,
2026-09-06,札幌,2,202601020602,2,ロゼプレミア,0,鮫島克駿,鮫島克駿,素材一致,略記逆一致(鮫島駿),鮫島駿,一致(略記),火星＋,×,減退,×,運勢_20260905-06_結合用.csv 行15（9/6記号列）,騎手運勢2026.09.05.xlsx!2026.09.06 行16（B列=9/6記号・D列=名簿）[推:CSV行+1],,
2026-09-06,札幌,2,202601020602,3,ソフィーサンライズ,0,小沢大仁,小沢大仁,素材一致,逆前方一致(小沢),小沢,一致,金星－,◎,安定,◎,運勢_20260905-06_結合用.csv 行2（9/6記号列）,騎手運勢2026.09.05.xlsx!2026.09.06 行3（B列=9/6記号・D列=名簿）[推:CSV行+1],,
2026-09-06,札幌,2,202601020602,4,アオイゲート,0,横山武史,横山武史,素材一致,逆前方一致(横山武),横山武,一致,天王星＋,○,緑生,○,運勢_20260905-06_結合用.csv 行23（9/6記号列）,騎手運勢2026.09.05.xlsx!2026.09.06 行24（B列=9/6記号・D列=名簿）[推:CSV行+1],,
2026-09-06,札幌,2,202601020602,5,ラヴァンドローリエ,0,古川吉洋,古川吉洋,素材一致,完全一致,古川吉洋,一致,火星－,×,停止,×,運勢_20260905-06_結合用.csv 行14（9/6記号列）,騎手運勢2026.09.05.xlsx!2026.09.06 行15（B列=9/6記号・D列=名簿）[推:CSV行+1],,
2026-09-06,札幌,2,202601020602,6,イッペイ,0,浜中俊,浜中俊,素材一致,逆前方一致(浜中),浜中,一致,水星＋,△,乱気,△,運勢_20260905-06_結合用.csv 行11（9/6記号列）,騎手運勢2026.09.05.xlsx!2026.09.06 行12（B列=9/6記号・D列=名簿）[推:CSV行+1],,
2026-09-06,札幌,2,202601020602,7,マサノブルスカイ,0,和田陽希,和田陽希,素材一致,完全一致,和田陽希,一致,木星－,◎,立花,◎,運勢_20260905-06_結合用.csv 行6（9/6記号列）,騎手運勢2026.09.05.xlsx!2026.09.06 行7（B列=9/6記号・D列=名簿）[推:CSV行+1],,
2026-09-06,札幌,2,202601020602,8,バトルナイト,0,横山和生,横山和生,素材一致,逆前方一致(横山和),横山和,一致,天王星－,○,種子,○,運勢_20260905-06_結合用.csv 行22（9/6記号列）,騎手運勢2026.09.05.xlsx!2026.09.06 行23（B列=9/6記号・D列=名簿）[推:CSV行+1],,
2026-09-06,札幌,2,202601020602,9,アオイノリプー,0,佐々木大,佐々木大輔,素材一致,逆前方一致(佐々木),佐々木,一致,天王星－,○,種子,○,運勢_20260905-06_結合用.csv 行22（9/6記号列）,騎手運勢2026.09.05.xlsx!2026.09.06 行23（B列=9/6記号・D列=名簿）[推:CSV行+1],,
2026-09-06,札幌,2,202601020602,10,ブライトシーン,0,遠藤汰月,遠藤汰月,素材一致,逆前方一致(遠藤),遠藤,一致,金星＋,×,陰影,×,運勢_20260905-06_結合用.csv 行3（9/6記号列）,騎手運勢2026.09.05.xlsx!2026.09.06 行4（B列=9/6記号・D列=名簿）[推:CSV行+1],,
2026-09-06,札幌,3,202601020603,1,ニシノモリミチ,0,鮫島克駿,鮫島克駿,素材一致,略記逆一致(鮫島駿),鮫島駿,一致(略記),火星＋,×,減退,×,運勢_20260905-06_結合用.csv 行15（9/6記号列）,騎手運勢2026.09.05.xlsx!2026.09.06 行16（B列=9/6記号・D列=名簿）[推:CSV行+1],,
2026-09-06,札幌,3,202601020603,2,アオイミズホ,0,丹内祐次,丹内祐次,素材一致,逆前方一致(丹内),丹内,一致,木星－,◎,立花,◎,運勢_20260905-06_結合用.csv 行6（9/6記号列）,騎手運勢2026.09.05.xlsx!2026.09.06 行7（B列=9/6記号・D列=名簿）[推:CSV行+1],,
2026-09-06,札幌,3,202601020603,3,ゴンフィンガー,0,小沢大仁,小沢大仁,素材一致,逆前方一致(小沢),小沢,一致,金星－,◎,安定,◎,運勢_20260905-06_結合用.csv 行2（9/6記号列）,騎手運勢2026.09.05.xlsx!2026.09.06 行3（B列=9/6記号・D列=名簿）[推:CSV行+1],,
2026-09-06,札幌,3,202601020603,4,シンエンドーツダ,0,斎藤新,斎藤新,素材一致,完全一致,斎藤新,一致,天王星霊－,○,種子,○,運勢_20260905-06_結合用.csv 行24（9/6記号列）,騎手運勢2026.09.05.xlsx!2026.09.06 行25（B列=9/6記号・D列=名簿）[推:CSV行+1],,
2026-09-06,札幌,3,202601020603,5,ブルーアンビエンス,0,河原田菜,河原田菜々,素材一致,前方一致(河原田菜々),河原田菜々,一致,天王星－,○,種子,○,運勢_20260905-06_結合用.csv 行22（9/6記号列）,騎手運勢2026.09.05.xlsx!2026.09.06 行23（B列=9/6記号・D列=名簿）[推:CSV行+1],,
2026-09-06,札幌,3,202601020603,6,ツクバヴァンガード,0,長浜鴻緒,長浜鴻緒,素材一致,逆前方一致(長浜),長浜,一致,天王星－,○,種子,○,運勢_20260905-06_結合用.csv 行22（9/6記号列）,騎手運勢2026.09.05.xlsx!2026.09.06 行23（B列=9/6記号・D列=名簿）[推:CSV行+1],,
2026-09-06,札幌,3,202601020603,7,ロスニーニョス,0,和田陽希,和田陽希,素材一致,完全一致,和田陽希,一致,木星－,◎,立花,◎,運勢_20260905-06_結合用.csv 行6（9/6記号列）,騎手運勢2026.09.05.xlsx!2026.09.06 行7（B列=9/6記号・D列=名簿）[推:CSV行+1],,
2026-09-06,札幌,3,202601020603,8,マコトアディントン,0,横山武史,横山武史,素材一致,逆前方一致(横山武),横山武,一致,天王星＋,○,緑生,○,運勢_20260905-06_結合用.csv 行23（9/6記号列）,騎手運勢2026.09.05.xlsx!2026.09.06 行24（B列=9/6記号・D列=名簿）[推:CSV行+1],,
2026-09-06,札幌,3,202601020603,9,アメリカンダンス,0,荻野琢真,荻野琢真,素材一致,完全一致,荻野琢真,一致,火星＋,×,減退,×,運勢_20260905-06_結合用.csv 行15（9/6記号列）,騎手運勢2026.09.05.xlsx!2026.09.06 行16（B列=9/6記号・D列=名簿）[推:CSV行+1],,
2026-09-06,札幌,3,202601020603,10,イセッセイ,0,遠藤汰月,遠藤汰月,素材一致,逆前方一致(遠藤),遠藤,一致,金星＋,×,陰影,×,運勢_20260905-06_結合用.csv 行3（9/6記号列）,騎手運勢2026.09.05.xlsx!2026.09.06 行4（B列=9/6記号・D列=名簿）[推:CSV行+1],,
2026-09-06,札幌,3,202601020603,11,ジャストグレース,0,古川吉洋,古川吉洋,素材一致,完全一致,古川吉洋,一致,火星－,×,停止,×,運勢_20260905-06_結合用.csv 行14（9/6記号列）,騎手運勢2026.09.05.xlsx!2026.09.06 行15（B列=9/6記号・D列=名簿）[推:CSV行+1],,
2026-09-06,札幌,3,202601020603,12,ヘイジュード,0,佐々木大,佐々木大輔,素材一致,逆前方一致(佐々木),佐々木,一致,天王星－,○,種子,○,運勢_20260905-06_結合用.csv 行22（9/6記号列）,騎手運勢2026.09.05.xlsx!2026.09.06 行23（B列=9/6記号・D列=名簿）[推:CSV行+1],,
2026-09-06,札幌,3,202601020603,13,ブラックパロット,0,横山琉人,横山琉人,素材一致,逆前方一致(横山琉),横山琉,一致,金星－,◎,安定,◎,運勢_20260905-06_結合用.csv 行2（9/6記号列）,騎手運勢2026.09.05.xlsx!2026.09.06 行3（B列=9/6記号・D列=名簿）[推:CSV行+1],,
2026-09-06,札幌,3,202601020603,14,ロードステラート,0,横山和生,横山和生,素材一致,逆前方一致(横山和),横山和,一致,天王星－,○,種子,○,運勢_20260905-06_結合用.csv 行22（9/6記号列）,騎手運勢2026.09.05.xlsx!2026.09.06 行23（B列=9/6記号・D列=名簿）[推:CSV行+1],,
2026-09-06,札幌,4,202601020604,1,ロジスカヤ,0,長浜鴻緒,長浜鴻緒,素材一致,逆前方一致(長浜),長浜,一致,天王星－,○,種子,○,運勢_20260905-06_結合用.csv 行22（9/6記号列）,騎手運勢2026.09.05.xlsx!2026.09.06 行23（B列=9/6記号・D列=名簿）[推:CSV行+1],,
2026-09-06,札幌,4,202601020604,2,メイショウテンジン,0,河原田菜,河原田菜々,素材一致,前方一致(河原田菜々),河原田菜々,一致,天王星－,○,種子,○,運勢_20260905-06_結合用.csv 行22（9/6記号列）,騎手運勢2026.09.05.xlsx!2026.09.06 行23（B列=9/6記号・D列=名簿）[推:CSV行+1],,
2026-09-06,札幌,4,202601020604,3,グローリアスダンス,0,川又賢治,川又賢治,素材一致,逆前方一致(川又),川又,一致,土星－,○,再会,○,運勢_20260905-06_結合用.csv 行18（9/6記号列）,騎手運勢2026.09.05.xlsx!2026.09.06 行19（B列=9/6記号・D列=名簿）[推:CSV行+1],,
2026-09-06,札幌,4,202601020604,4,ブラックジャック,0,横山典弘,横山典弘,素材一致,逆前方一致(横山典),横山典,一致,水星＋,△,乱気,△,運勢_20260905-06_結合用.csv 行11（9/6記号列）,騎手運勢2026.09.05.xlsx!2026.09.06 行12（B列=9/6記号・D列=名簿）[推:CSV行+1],,
2026-09-06,札幌,4,202601020604,5,テンタイムトップ,0,落合玄太,落合玄太,未結合,[不足]_対応表に無い,,,,,,,,,,
2026-09-06,札幌,4,202601020604,6,ドラリズム,0,黛弘人,黛弘人,素材一致,逆前方一致1字(黛),黛,一致,水星霊－,○,達成,○,運勢_20260905-06_結合用.csv 行12（9/6記号列）,騎手運勢2026.09.05.xlsx!2026.09.06 行13（B列=9/6記号・D列=名簿）[推:CSV行+1],,
2026-09-06,札幌,4,202601020604,7,フルムーン,0,小林美駒,小林美駒,素材一致,完全一致,小林美駒,一致,天王星－,○,種子,○,運勢_20260905-06_結合用.csv 行22（9/6記号列）,騎手運勢2026.09.05.xlsx!2026.09.06 行23（B列=9/6記号・D列=名簿）[推:CSV行+1],,
2026-09-06,札幌,4,202601020604,8,リアララ,0,小沢大仁,小沢大仁,素材一致,逆前方一致(小沢),小沢,一致,金星－,◎,安定,◎,運勢_20260905-06_結合用.csv 行2（9/6記号列）,騎手運勢2026.09.05.xlsx!2026.09.06 行3（B列=9/6記号・D列=名簿）[推:CSV行+1],,
2026-09-06,札幌,4,202601020604,9,エンジェルサン,0,丹内祐次,丹内祐次,素材一致,逆前方一致(丹内),丹内,一致,木星－,◎,立花,◎,運勢_20260905-06_結合用.csv 行6（9/6記号列）,騎手運勢2026.09.05.xlsx!2026.09.06 行7（B列=9/6記号・D列=名簿）[推:CSV行+1],,
2026-09-06,札幌,4,202601020604,10,ヒルノボローニャ,0,古川吉洋,古川吉洋,素材一致,完全一致,古川吉洋,一致,火星－,×,停止,×,運勢_20260905-06_結合用.csv 行14（9/6記号列）,騎手運勢2026.09.05.xlsx!2026.09.06 行15（B列=9/6記号・D列=名簿）[推:CSV行+1],,
2026-09-06,札幌,4,202601020604,11,スピットブレイク,0,斎藤新,斎藤新,素材一致,完全一致,斎藤新,一致,天王星霊－,○,種子,○,運勢_20260905-06_結合用.csv 行24（9/6記号列）,騎手運勢2026.09.05.xlsx!2026.09.06 行25（B列=9/6記号・D列=名簿）[推:CSV行+1],,
2026-09-06,札幌,4,202601020604,12,ソレイユルヴァン,0,吉田隼人,吉田隼人,素材一致,逆前方一致(吉田隼),吉田隼,一致,金星－,◎,安定,◎,運勢_20260905-06_結合用.csv 行2（9/6記号列）,騎手運勢2026.09.05.xlsx!2026.09.06 行3（B列=9/6記号・D列=名簿）[推:CSV行+1],,
2026-09-06,札幌,4,202601020604,13,メーレスブリーゼ,0,横山琉人,横山琉人,素材一致,逆前方一致(横山琉),横山琉,一致,金星－,◎,安定,◎,運勢_20260905-06_結合用.csv 行2（9/6記号列）,騎手運勢2026.09.05.xlsx!2026.09.06 行3（B列=9/6記号・D列=名簿）[推:CSV行+1],,
2026-09-06,札幌,4,202601020604,14,ルージュフィーリア,0,佐々木大,佐々木大輔,素材一致,逆前方一致(佐々木),佐々木,一致,天王星－,○,種子,○,運勢_20260905-06_結合用.csv 行22（9/6記号列）,騎手運勢2026.09.05.xlsx!2026.09.06 行23（B列=9/6記号・D列=名簿）[推:CSV行+1],,
2026-09-06,札幌,4,202601020604,15,アドマイヤパープル,0,横山武史,横山武史,素材一致,逆前方一致(横山武),横山武,一致,天王星＋,○,緑生,○,運勢_20260905-06_結合用.csv 行23（9/6記号列）,騎手運勢2026.09.05.xlsx!2026.09.06 行24（B列=9/6記号・D列=名簿）[推:CSV行+1],,
2026-09-06,札幌,4,202601020604,16,メメボス,0,遠藤汰月,遠藤汰月,素材一致,逆前方一致(遠藤),遠藤,一致,金星＋,×,陰影,×,運勢_20260905-06_結合用.csv 行3（9/6記号列）,騎手運勢2026.09.05.xlsx!2026.09.06 行4（B列=9/6記号・D列=名簿）[推:CSV行+1],,
2026-09-06,札幌,5,202601020605,1,カタカムナ,0,原田和真,原田和真,素材一致,逆前方一致(原田),原田,一致,天王星＋,○,緑生,○,運勢_20260905-06_結合用.csv 行23（9/6記号列）,騎手運勢2026.09.05.xlsx!2026.09.06 行24（B列=9/6記号・D列=名簿）[推:CSV行+1],,
2026-09-06,札幌,5,202601020605,2,スチョウプリンセス,0,大久保友,大久保友雅,素材一致,逆前方一致(大久保),大久保,一致,木星－,◎,立花,◎,運勢_20260905-06_結合用.csv 行6（9/6記号列）,騎手運勢2026.09.05.xlsx!2026.09.06 行7（B列=9/6記号・D列=名簿）[推:CSV行+1],,
2026-09-06,札幌,5,202601020605,3,ゴールドエンバー,0,小林美駒,小林美駒,素材一致,完全一致,小林美駒,一致,天王星－,○,種子,○,運勢_20260905-06_結合用.csv 行22（9/6記号列）,騎手運勢2026.09.05.xlsx!2026.09.06 行23（B列=9/6記号・D列=名簿）[推:CSV行+1],,
2026-09-06,札幌,5,202601020605,4,レッドレグルス,0,横山和生,横山和生,素材一致,逆前方一致(横山和),横山和,一致,天王星－,○,種子,○,運勢_20260905-06_結合用.csv 行22（9/6記号列）,騎手運勢2026.09.05.xlsx!2026.09.06 行23（B列=9/6記号・D列=名簿）[推:CSV行+1],,
2026-09-06,札幌,5,202601020605,5,ラッキーシグネチャ,0,小沢大仁,小沢大仁,素材一致,逆前方一致(小沢),小沢,一致,金星－,◎,安定,◎,運勢_20260905-06_結合用.csv 行2（9/6記号列）,騎手運勢2026.09.05.xlsx!2026.09.06 行3（B列=9/6記号・D列=名簿）[推:CSV行+1],,
2026-09-06,札幌,5,202601020605,6,ダイナソーコー,0,吉田隼人,吉田隼人,素材一致,逆前方一致(吉田隼),吉田隼,一致,金星－,◎,安定,◎,運勢_20260905-06_結合用.csv 行2（9/6記号列）,騎手運勢2026.09.05.xlsx!2026.09.06 行3（B列=9/6記号・D列=名簿）[推:CSV行+1],,
2026-09-06,札幌,5,202601020605,7,アージュドール,0,落合玄太,落合玄太,未結合,[不足]_対応表に無い,,,,,,,,,,
2026-09-06,札幌,5,202601020605,8,デイズインザサン,0,佐々木大,佐々木大輔,素材一致,逆前方一致(佐々木),佐々木,一致,天王星－,○,種子,○,運勢_20260905-06_結合用.csv 行22（9/6記号列）,騎手運勢2026.09.05.xlsx!2026.09.06 行23（B列=9/6記号・D列=名簿）[推:CSV行+1],,
2026-09-06,札幌,5,202601020605,9,ブライスフェアリー,0,丹内祐次,丹内祐次,素材一致,逆前方一致(丹内),丹内,一致,木星－,◎,立花,◎,運勢_20260905-06_結合用.csv 行6（9/6記号列）,騎手運勢2026.09.05.xlsx!2026.09.06 行7（B列=9/6記号・D列=名簿）[推:CSV行+1],,
2026-09-06,札幌,5,202601020605,10,ゴコウコイコイ,0,横山武史,横山武史,素材一致,逆前方一致(横山武),横山武,一致,天王星＋,○,緑生,○,運勢_20260905-06_結合用.csv 行23（9/6記号列）,騎手運勢2026.09.05.xlsx!2026.09.06 行24（B列=9/6記号・D列=名簿）[推:CSV行+1],,
2026-09-06,札幌,5,202601020605,11,フォーチュンローズ,0,鮫島克駿,鮫島克駿,素材一致,略記逆一致(鮫島駿),鮫島駿,一致(略記),火星＋,×,減退,×,運勢_20260905-06_結合用.csv 行15（9/6記号列）,騎手運勢2026.09.05.xlsx!2026.09.06 行16（B列=9/6記号・D列=名簿）[推:CSV行+1],,
2026-09-06,札幌,5,202601020605,12,ブリリアンブルーム,0,河原田菜,河原田菜々,素材一致,前方一致(河原田菜々),河原田菜々,一致,天王星－,○,種子,○,運勢_20260905-06_結合用.csv 行22（9/6記号列）,騎手運勢2026.09.05.xlsx!2026.09.06 行23（B列=9/6記号・D列=名簿）[推:CSV行+1],,
2026-09-06,札幌,5,202601020605,13,スリールーディカ,0,浜中俊,浜中俊,素材一致,逆前方一致(浜中),浜中,一致,水星＋,△,乱気,△,運勢_20260905-06_結合用.csv 行11（9/6記号列）,騎手運勢2026.09.05.xlsx!2026.09.06 行12（B列=9/6記号・D列=名簿）[推:CSV行+1],,
2026-09-06,札幌,5,202601020605,14,サクセスブルー,0,小野楓馬,小野楓馬,未結合,[不足]_対応表に無い,,,,,,,,,,
2026-09-06,札幌,5,202601020605,15,フクチャンブラック,0,松本大輝,松本大輝,素材一致,逆前方一致(松本),松本,一致,木星＋,△,健弱,△,運勢_20260905-06_結合用.csv 行7（9/6記号列）,騎手運勢2026.09.05.xlsx!2026.09.06 行8（B列=9/6記号・D列=名簿）[推:CSV行+1],,
2026-09-06,札幌,5,202601020605,16,インテンスゲイズ,0,斎藤新,斎藤新,素材一致,完全一致,斎藤新,一致,天王星霊－,○,種子,○,運勢_20260905-06_結合用.csv 行24（9/6記号列）,騎手運勢2026.09.05.xlsx!2026.09.06 行25（B列=9/6記号・D列=名簿）[推:CSV行+1],,
2026-09-06,札幌,6,202601020606,1,キャンドルマス,0,鮫島克駿,鮫島克駿,素材一致,略記逆一致(鮫島駿),鮫島駿,一致(略記),火星＋,×,減退,×,運勢_20260905-06_結合用.csv 行15（9/6記号列）,騎手運勢2026.09.05.xlsx!2026.09.06 行16（B列=9/6記号・D列=名簿）[推:CSV行+1],,
2026-09-06,札幌,6,202601020606,2,ステラノヴァ,0,長浜鴻緒,長浜鴻緒,素材一致,逆前方一致(長浜),長浜,一致,天王星－,○,種子,○,運勢_20260905-06_結合用.csv 行22（9/6記号列）,騎手運勢2026.09.05.xlsx!2026.09.06 行23（B列=9/6記号・D列=名簿）[推:CSV行+1],,
2026-09-06,札幌,6,202601020606,3,シェイプオブユー,0,川又賢治,川又賢治,素材一致,逆前方一致(川又),川又,一致,土星－,○,再会,○,運勢_20260905-06_結合用.csv 行18（9/6記号列）,騎手運勢2026.09.05.xlsx!2026.09.06 行19（B列=9/6記号・D列=名簿）[推:CSV行+1],,
2026-09-06,札幌,6,202601020606,4,アドリアフレイバー,0,横山武史,横山武史,素材一致,逆前方一致(横山武),横山武,一致,天王星＋,○,緑生,○,運勢_20260905-06_結合用.csv 行23（9/6記号列）,騎手運勢2026.09.05.xlsx!2026.09.06 行24（B列=9/6記号・D列=名簿）[推:CSV行+1],,
2026-09-06,札幌,6,202601020606,5,パドゼフィール,0,河原田菜,河原田菜々,素材一致,前方一致(河原田菜々),河原田菜々,一致,天王星－,○,種子,○,運勢_20260905-06_結合用.csv 行22（9/6記号列）,騎手運勢2026.09.05.xlsx!2026.09.06 行23（B列=9/6記号・D列=名簿）[推:CSV行+1],,
2026-09-06,札幌,6,202601020606,6,ディアフリーゼ,0,大久保友,大久保友雅,素材一致,逆前方一致(大久保),大久保,一致,木星－,◎,立花,◎,運勢_20260905-06_結合用.csv 行6（9/6記号列）,騎手運勢2026.09.05.xlsx!2026.09.06 行7（B列=9/6記号・D列=名簿）[推:CSV行+1],,
2026-09-06,札幌,6,202601020606,7,レストプレドゥモア,0,小沢大仁,小沢大仁,素材一致,逆前方一致(小沢),小沢,一致,金星－,◎,安定,◎,運勢_20260905-06_結合用.csv 行2（9/6記号列）,騎手運勢2026.09.05.xlsx!2026.09.06 行3（B列=9/6記号・D列=名簿）[推:CSV行+1],,
2026-09-06,札幌,6,202601020606,8,ヒナノムサシ,0,落合玄太,落合玄太,未結合,[不足]_対応表に無い,,,,,,,,,,
2026-09-06,札幌,6,202601020606,9,マカニ,0,遠藤汰月,遠藤汰月,素材一致,逆前方一致(遠藤),遠藤,一致,金星＋,×,陰影,×,運勢_20260905-06_結合用.csv 行3（9/6記号列）,騎手運勢2026.09.05.xlsx!2026.09.06 行4（B列=9/6記号・D列=名簿）[推:CSV行+1],,
2026-09-06,札幌,6,202601020606,10,ロードヴィゴラス,0,和田陽希,和田陽希,素材一致,完全一致,和田陽希,一致,木星－,◎,立花,◎,運勢_20260905-06_結合用.csv 行6（9/6記号列）,騎手運勢2026.09.05.xlsx!2026.09.06 行7（B列=9/6記号・D列=名簿）[推:CSV行+1],,
2026-09-06,札幌,6,202601020606,11,ドリームガッサン,0,小林美駒,小林美駒,素材一致,完全一致,小林美駒,一致,天王星－,○,種子,○,運勢_20260905-06_結合用.csv 行22（9/6記号列）,騎手運勢2026.09.05.xlsx!2026.09.06 行23（B列=9/6記号・D列=名簿）[推:CSV行+1],,
2026-09-06,札幌,6,202601020606,12,スパークルジョイ,0,斎藤新,斎藤新,素材一致,完全一致,斎藤新,一致,天王星霊－,○,種子,○,運勢_20260905-06_結合用.csv 行24（9/6記号列）,騎手運勢2026.09.05.xlsx!2026.09.06 行25（B列=9/6記号・D列=名簿）[推:CSV行+1],,
2026-09-06,札幌,7,202601020607,1,ネネキリマル,0,鮫島克駿,鮫島克駿,素材一致,略記逆一致(鮫島駿),鮫島駿,一致(略記),火星＋,×,減退,×,運勢_20260905-06_結合用.csv 行15（9/6記号列）,騎手運勢2026.09.05.xlsx!2026.09.06 行16（B列=9/6記号・D列=名簿）[推:CSV行+1],,
2026-09-06,札幌,7,202601020607,2,ダブルチャレンジ,0,吉田隼人,吉田隼人,素材一致,逆前方一致(吉田隼),吉田隼,一致,金星－,◎,安定,◎,運勢_20260905-06_結合用.csv 行2（9/6記号列）,騎手運勢2026.09.05.xlsx!2026.09.06 行3（B列=9/6記号・D列=名簿）[推:CSV行+1],,
2026-09-06,札幌,7,202601020607,3,ライトニングロッド,0,横山琉人,横山琉人,素材一致,逆前方一致(横山琉),横山琉,一致,金星－,◎,安定,◎,運勢_20260905-06_結合用.csv 行2（9/6記号列）,騎手運勢2026.09.05.xlsx!2026.09.06 行3（B列=9/6記号・D列=名簿）[推:CSV行+1],,
2026-09-06,札幌,7,202601020607,4,スプリングデイ,0,黛弘人,黛弘人,素材一致,逆前方一致1字(黛),黛,一致,水星霊－,○,達成,○,運勢_20260905-06_結合用.csv 行12（9/6記号列）,騎手運勢2026.09.05.xlsx!2026.09.06 行13（B列=9/6記号・D列=名簿）[推:CSV行+1],,
2026-09-06,札幌,7,202601020607,5,ペガサスノース,0,小沢大仁,小沢大仁,素材一致,逆前方一致(小沢),小沢,一致,金星－,◎,安定,◎,運勢_20260905-06_結合用.csv 行2（9/6記号列）,騎手運勢2026.09.05.xlsx!2026.09.06 行3（B列=9/6記号・D列=名簿）[推:CSV行+1],,
2026-09-06,札幌,7,202601020607,6,バレンタインビスタ,0,長浜鴻緒,長浜鴻緒,素材一致,逆前方一致(長浜),長浜,一致,天王星－,○,種子,○,運勢_20260905-06_結合用.csv 行22（9/6記号列）,騎手運勢2026.09.05.xlsx!2026.09.06 行23（B列=9/6記号・D列=名簿）[推:CSV行+1],,
2026-09-06,札幌,7,202601020607,7,フレンドモナコ,0,松本大輝,松本大輝,素材一致,逆前方一致(松本),松本,一致,木星＋,△,健弱,△,運勢_20260905-06_結合用.csv 行7（9/6記号列）,騎手運勢2026.09.05.xlsx!2026.09.06 行8（B列=9/6記号・D列=名簿）[推:CSV行+1],,
2026-09-06,札幌,7,202601020607,8,コスモファーブロス,0,小林美駒,小林美駒,素材一致,完全一致,小林美駒,一致,天王星－,○,種子,○,運勢_20260905-06_結合用.csv 行22（9/6記号列）,騎手運勢2026.09.05.xlsx!2026.09.06 行23（B列=9/6記号・D列=名簿）[推:CSV行+1],,
2026-09-06,札幌,7,202601020607,9,レッドアイスピア,0,和田陽希,和田陽希,素材一致,完全一致,和田陽希,一致,木星－,◎,立花,◎,運勢_20260905-06_結合用.csv 行6（9/6記号列）,騎手運勢2026.09.05.xlsx!2026.09.06 行7（B列=9/6記号・D列=名簿）[推:CSV行+1],,
2026-09-06,札幌,7,202601020607,10,クレセントウイング,0,落合玄太,落合玄太,未結合,[不足]_対応表に無い,,,,,,,,,,
2026-09-06,札幌,7,202601020607,11,カリヨンアヴォン,0,古川吉洋,古川吉洋,素材一致,完全一致,古川吉洋,一致,火星－,×,停止,×,運勢_20260905-06_結合用.csv 行14（9/6記号列）,騎手運勢2026.09.05.xlsx!2026.09.06 行15（B列=9/6記号・D列=名簿）[推:CSV行+1],,
2026-09-06,札幌,7,202601020607,12,ウィングブルー,0,斎藤新,斎藤新,素材一致,完全一致,斎藤新,一致,天王星霊－,○,種子,○,運勢_20260905-06_結合用.csv 行24（9/6記号列）,騎手運勢2026.09.05.xlsx!2026.09.06 行25（B列=9/6記号・D列=名簿）[推:CSV行+1],,
2026-09-06,札幌,7,202601020607,13,ジャンヌローサ,0,丹内祐次,丹内祐次,素材一致,逆前方一致(丹内),丹内,一致,木星－,◎,立花,◎,運勢_20260905-06_結合用.csv 行6（9/6記号列）,騎手運勢2026.09.05.xlsx!2026.09.06 行7（B列=9/6記号・D列=名簿）[推:CSV行+1],,
2026-09-06,札幌,7,202601020607,14,ディーズメンフィス,0,河原田菜,河原田菜々,素材一致,前方一致(河原田菜々),河原田菜々,一致,天王星－,○,種子,○,運勢_20260905-06_結合用.csv 行22（9/6記号列）,騎手運勢2026.09.05.xlsx!2026.09.06 行23（B列=9/6記号・D列=名簿）[推:CSV行+1],,
2026-09-06,札幌,7,202601020607,15,ルージュナリッシュ,0,小野楓馬,小野楓馬,未結合,[不足]_対応表に無い,,,,,,,,,,
2026-09-06,札幌,7,202601020607,16,ラヴノー,0,佐々木大,佐々木大輔,素材一致,逆前方一致(佐々木),佐々木,一致,天王星－,○,種子,○,運勢_20260905-06_結合用.csv 行22（9/6記号列）,騎手運勢2026.09.05.xlsx!2026.09.06 行23（B列=9/6記号・D列=名簿）[推:CSV行+1],,
2026-09-06,札幌,8,202601020608,1,ザカリナン,0,斎藤新,斎藤新,素材一致,完全一致,斎藤新,一致,天王星霊－,○,種子,○,運勢_20260905-06_結合用.csv 行24（9/6記号列）,騎手運勢2026.09.05.xlsx!2026.09.06 行25（B列=9/6記号・D列=名簿）[推:CSV行+1],,
2026-09-06,札幌,8,202601020608,2,コスモキャバリエ,0,和田陽希,和田陽希,素材一致,完全一致,和田陽希,一致,木星－,◎,立花,◎,運勢_20260905-06_結合用.csv 行6（9/6記号列）,騎手運勢2026.09.05.xlsx!2026.09.06 行7（B列=9/6記号・D列=名簿）[推:CSV行+1],,
2026-09-06,札幌,8,202601020608,3,シュガービスケッツ,0,鮫島克駿,鮫島克駿,素材一致,略記逆一致(鮫島駿),鮫島駿,一致(略記),火星＋,×,減退,×,運勢_20260905-06_結合用.csv 行15（9/6記号列）,騎手運勢2026.09.05.xlsx!2026.09.06 行16（B列=9/6記号・D列=名簿）[推:CSV行+1],,
2026-09-06,札幌,8,202601020608,4,タイキプレジール,0,小林美駒,小林美駒,素材一致,完全一致,小林美駒,一致,天王星－,○,種子,○,運勢_20260905-06_結合用.csv 行22（9/6記号列）,騎手運勢2026.09.05.xlsx!2026.09.06 行23（B列=9/6記号・D列=名簿）[推:CSV行+1],,
2026-09-06,札幌,8,202601020608,5,グロリアスマーチ,0,佐々木大,佐々木大輔,素材一致,逆前方一致(佐々木),佐々木,一致,天王星－,○,種子,○,運勢_20260905-06_結合用.csv 行22（9/6記号列）,騎手運勢2026.09.05.xlsx!2026.09.06 行23（B列=9/6記号・D列=名簿）[推:CSV行+1],,
2026-09-06,札幌,8,202601020608,6,アルマロクザン,0,遠藤汰月,遠藤汰月,素材一致,逆前方一致(遠藤),遠藤,一致,金星＋,×,陰影,×,運勢_20260905-06_結合用.csv 行3（9/6記号列）,騎手運勢2026.09.05.xlsx!2026.09.06 行4（B列=9/6記号・D列=名簿）[推:CSV行+1],,
2026-09-06,札幌,8,202601020608,7,アクアアイ,0,横山和生,横山和生,素材一致,逆前方一致(横山和),横山和,一致,天王星－,○,種子,○,運勢_20260905-06_結合用.csv 行22（9/6記号列）,騎手運勢2026.09.05.xlsx!2026.09.06 行23（B列=9/6記号・D列=名簿）[推:CSV行+1],,
2026-09-06,札幌,8,202601020608,8,ゴーゴーリチャード,0,小沢大仁,小沢大仁,素材一致,逆前方一致(小沢),小沢,一致,金星－,◎,安定,◎,運勢_20260905-06_結合用.csv 行2（9/6記号列）,騎手運勢2026.09.05.xlsx!2026.09.06 行3（B列=9/6記号・D列=名簿）[推:CSV行+1],,
2026-09-06,札幌,8,202601020608,9,クラウンアールシー,0,小野楓馬,小野楓馬,未結合,[不足]_対応表に無い,,,,,,,,,,
2026-09-06,札幌,8,202601020608,10,レッドカメリア,0,黛弘人,黛弘人,素材一致,逆前方一致1字(黛),黛,一致,水星霊－,○,達成,○,運勢_20260905-06_結合用.csv 行12（9/6記号列）,騎手運勢2026.09.05.xlsx!2026.09.06 行13（B列=9/6記号・D列=名簿）[推:CSV行+1],,
2026-09-06,札幌,8,202601020608,11,ルールザウェイヴ,0,丹内祐次,丹内祐次,素材一致,逆前方一致(丹内),丹内,一致,木星－,◎,立花,◎,運勢_20260905-06_結合用.csv 行6（9/6記号列）,騎手運勢2026.09.05.xlsx!2026.09.06 行7（B列=9/6記号・D列=名簿）[推:CSV行+1],,
2026-09-06,札幌,8,202601020608,12,トクシージェネラル,0,横山琉人,横山琉人,素材一致,逆前方一致(横山琉),横山琉,一致,金星－,◎,安定,◎,運勢_20260905-06_結合用.csv 行2（9/6記号列）,騎手運勢2026.09.05.xlsx!2026.09.06 行3（B列=9/6記号・D列=名簿）[推:CSV行+1],,
2026-09-06,札幌,8,202601020608,13,ブライトフレア,0,浜中俊,浜中俊,素材一致,逆前方一致(浜中),浜中,一致,水星＋,△,乱気,△,運勢_20260905-06_結合用.csv 行11（9/6記号列）,騎手運勢2026.09.05.xlsx!2026.09.06 行12（B列=9/6記号・D列=名簿）[推:CSV行+1],,
2026-09-06,札幌,8,202601020608,14,クリスレジーナ,0,横山武史,横山武史,素材一致,逆前方一致(横山武),横山武,一致,天王星＋,○,緑生,○,運勢_20260905-06_結合用.csv 行23（9/6記号列）,騎手運勢2026.09.05.xlsx!2026.09.06 行24（B列=9/6記号・D列=名簿）[推:CSV行+1],,
2026-09-06,札幌,9,202601020609,1,ヒミノエトワール,0,鮫島克駿,鮫島克駿,素材一致,略記逆一致(鮫島駿),鮫島駿,一致(略記),火星＋,×,減退,×,運勢_20260905-06_結合用.csv 行15（9/6記号列）,騎手運勢2026.09.05.xlsx!2026.09.06 行16（B列=9/6記号・D列=名簿）[推:CSV行+1],,
2026-09-06,札幌,9,202601020609,2,ユウェンタース,0,浜中俊,浜中俊,素材一致,逆前方一致(浜中),浜中,一致,水星＋,△,乱気,△,運勢_20260905-06_結合用.csv 行11（9/6記号列）,騎手運勢2026.09.05.xlsx!2026.09.06 行12（B列=9/6記号・D列=名簿）[推:CSV行+1],,
2026-09-06,札幌,9,202601020609,3,ライフゲート,0,丹内祐次,丹内祐次,素材一致,逆前方一致(丹内),丹内,一致,木星－,◎,立花,◎,運勢_20260905-06_結合用.csv 行6（9/6記号列）,騎手運勢2026.09.05.xlsx!2026.09.06 行7（B列=9/6記号・D列=名簿）[推:CSV行+1],,
2026-09-06,札幌,9,202601020609,4,リメンバーヒム,0,横山琉人,横山琉人,素材一致,逆前方一致(横山琉),横山琉,一致,金星－,◎,安定,◎,運勢_20260905-06_結合用.csv 行2（9/6記号列）,騎手運勢2026.09.05.xlsx!2026.09.06 行3（B列=9/6記号・D列=名簿）[推:CSV行+1],,
2026-09-06,札幌,9,202601020609,5,タイヨウフレア,0,荻野琢真,荻野琢真,素材一致,完全一致,荻野琢真,一致,火星＋,×,減退,×,運勢_20260905-06_結合用.csv 行15（9/6記号列）,騎手運勢2026.09.05.xlsx!2026.09.06 行16（B列=9/6記号・D列=名簿）[推:CSV行+1],,
2026-09-06,札幌,9,202601020609,6,ロードアマルフィ,0,佐々木大,佐々木大輔,素材一致,逆前方一致(佐々木),佐々木,一致,天王星－,○,種子,○,運勢_20260905-06_結合用.csv 行22（9/6記号列）,騎手運勢2026.09.05.xlsx!2026.09.06 行23（B列=9/6記号・D列=名簿）[推:CSV行+1],,
2026-09-06,札幌,9,202601020609,7,ユージュアーナ,0,斎藤新,斎藤新,素材一致,完全一致,斎藤新,一致,天王星霊－,○,種子,○,運勢_20260905-06_結合用.csv 行24（9/6記号列）,騎手運勢2026.09.05.xlsx!2026.09.06 行25（B列=9/6記号・D列=名簿）[推:CSV行+1],,
2026-09-06,札幌,9,202601020609,8,コスモオピニオン,0,長浜鴻緒,長浜鴻緒,素材一致,逆前方一致(長浜),長浜,一致,天王星－,○,種子,○,運勢_20260905-06_結合用.csv 行22（9/6記号列）,騎手運勢2026.09.05.xlsx!2026.09.06 行23（B列=9/6記号・D列=名簿）[推:CSV行+1],,
2026-09-06,札幌,9,202601020609,9,アオハルブルース,0,横山武史,横山武史,素材一致,逆前方一致(横山武),横山武,一致,天王星＋,○,緑生,○,運勢_20260905-06_結合用.csv 行23（9/6記号列）,騎手運勢2026.09.05.xlsx!2026.09.06 行24（B列=9/6記号・D列=名簿）[推:CSV行+1],,
2026-09-06,札幌,9,202601020609,10,エスシービクトリア,0,横山和生,横山和生,素材一致,逆前方一致(横山和),横山和,一致,天王星－,○,種子,○,運勢_20260905-06_結合用.csv 行22（9/6記号列）,騎手運勢2026.09.05.xlsx!2026.09.06 行23（B列=9/6記号・D列=名簿）[推:CSV行+1],,
2026-09-06,札幌,9,202601020609,11,スターオブロンドン,0,小沢大仁,小沢大仁,素材一致,逆前方一致(小沢),小沢,一致,金星－,◎,安定,◎,運勢_20260905-06_結合用.csv 行2（9/6記号列）,騎手運勢2026.09.05.xlsx!2026.09.06 行3（B列=9/6記号・D列=名簿）[推:CSV行+1],,
2026-09-06,札幌,9,202601020609,12,アラナコア,0,吉田隼人,吉田隼人,素材一致,逆前方一致(吉田隼),吉田隼,一致,金星－,◎,安定,◎,運勢_20260905-06_結合用.csv 行2（9/6記号列）,騎手運勢2026.09.05.xlsx!2026.09.06 行3（B列=9/6記号・D列=名簿）[推:CSV行+1],,
2026-09-06,札幌,9,202601020609,13,エーリアル,0,古川吉洋,古川吉洋,素材一致,完全一致,古川吉洋,一致,火星－,×,停止,×,運勢_20260905-06_結合用.csv 行14（9/6記号列）,騎手運勢2026.09.05.xlsx!2026.09.06 行15（B列=9/6記号・D列=名簿）[推:CSV行+1],,
2026-09-06,札幌,9,202601020609,14,ラインフォルテ,0,小野楓馬,小野楓馬,未結合,[不足]_対応表に無い,,,,,,,,,,
2026-09-06,札幌,10,202601020610,1,フナデ,0,横山和生,横山和生,素材一致,逆前方一致(横山和),横山和,一致,天王星－,○,種子,○,運勢_20260905-06_結合用.csv 行22（9/6記号列）,騎手運勢2026.09.05.xlsx!2026.09.06 行23（B列=9/6記号・D列=名簿）[推:CSV行+1],,
2026-09-06,札幌,10,202601020610,2,ヒズマスターピース,0,佐々木大,佐々木大輔,素材一致,逆前方一致(佐々木),佐々木,一致,天王星－,○,種子,○,運勢_20260905-06_結合用.csv 行22（9/6記号列）,騎手運勢2026.09.05.xlsx!2026.09.06 行23（B列=9/6記号・D列=名簿）[推:CSV行+1],,
2026-09-06,札幌,10,202601020610,3,ドッグウッド,0,斎藤新,斎藤新,素材一致,完全一致,斎藤新,一致,天王星霊－,○,種子,○,運勢_20260905-06_結合用.csv 行24（9/6記号列）,騎手運勢2026.09.05.xlsx!2026.09.06 行25（B列=9/6記号・D列=名簿）[推:CSV行+1],,
2026-09-06,札幌,10,202601020610,4,ロートホルン,0,浜中俊,浜中俊,素材一致,逆前方一致(浜中),浜中,一致,水星＋,△,乱気,△,運勢_20260905-06_結合用.csv 行11（9/6記号列）,騎手運勢2026.09.05.xlsx!2026.09.06 行12（B列=9/6記号・D列=名簿）[推:CSV行+1],,
2026-09-06,札幌,10,202601020610,5,エーデル,0,古川吉洋,古川吉洋,素材一致,完全一致,古川吉洋,一致,火星－,×,停止,×,運勢_20260905-06_結合用.csv 行14（9/6記号列）,騎手運勢2026.09.05.xlsx!2026.09.06 行15（B列=9/6記号・D列=名簿）[推:CSV行+1],,
2026-09-06,札幌,10,202601020610,6,グレーヌドジョワ,0,荻野琢真,荻野琢真,素材一致,完全一致,荻野琢真,一致,火星＋,×,減退,×,運勢_20260905-06_結合用.csv 行15（9/6記号列）,騎手運勢2026.09.05.xlsx!2026.09.06 行16（B列=9/6記号・D列=名簿）[推:CSV行+1],,
2026-09-06,札幌,10,202601020610,7,プレアレジェンド,0,小野楓馬,小野楓馬,未結合,[不足]_対応表に無い,,,,,,,,,,
2026-09-06,札幌,10,202601020610,8,ワザモノ,0,丹内祐次,丹内祐次,素材一致,逆前方一致(丹内),丹内,一致,木星－,◎,立花,◎,運勢_20260905-06_結合用.csv 行6（9/6記号列）,騎手運勢2026.09.05.xlsx!2026.09.06 行7（B列=9/6記号・D列=名簿）[推:CSV行+1],,
2026-09-06,札幌,10,202601020610,9,ハヤブササキチャン,0,吉田隼人,吉田隼人,素材一致,逆前方一致(吉田隼),吉田隼,一致,金星－,◎,安定,◎,運勢_20260905-06_結合用.csv 行2（9/6記号列）,騎手運勢2026.09.05.xlsx!2026.09.06 行3（B列=9/6記号・D列=名簿）[推:CSV行+1],,
2026-09-06,札幌,10,202601020610,10,コッツォリーノ,0,鮫島克駿,鮫島克駿,素材一致,略記逆一致(鮫島駿),鮫島駿,一致(略記),火星＋,×,減退,×,運勢_20260905-06_結合用.csv 行15（9/6記号列）,騎手運勢2026.09.05.xlsx!2026.09.06 行16（B列=9/6記号・D列=名簿）[推:CSV行+1],,
2026-09-06,札幌,10,202601020610,11,サンセットゴールド,0,小沢大仁,小沢大仁,素材一致,逆前方一致(小沢),小沢,一致,金星－,◎,安定,◎,運勢_20260905-06_結合用.csv 行2（9/6記号列）,騎手運勢2026.09.05.xlsx!2026.09.06 行3（B列=9/6記号・D列=名簿）[推:CSV行+1],,
2026-09-06,札幌,10,202601020610,12,ジャルディニエ,0,和田陽希,和田陽希,素材一致,完全一致,和田陽希,一致,木星－,◎,立花,◎,運勢_20260905-06_結合用.csv 行6（9/6記号列）,騎手運勢2026.09.05.xlsx!2026.09.06 行7（B列=9/6記号・D列=名簿）[推:CSV行+1],,
2026-09-06,札幌,10,202601020610,13,ファーマドール,0,落合玄太,落合玄太,未結合,[不足]_対応表に無い,,,,,,,,,,
2026-09-06,札幌,10,202601020610,14,ダノンフィオーレ,0,横山武史,横山武史,素材一致,逆前方一致(横山武),横山武,一致,天王星＋,○,緑生,○,運勢_20260905-06_結合用.csv 行23（9/6記号列）,騎手運勢2026.09.05.xlsx!2026.09.06 行24（B列=9/6記号・D列=名簿）[推:CSV行+1],,
2026-09-06,札幌,11,202601020611,1,レクスノヴァス,0,横山武史,横山武史,素材一致,逆前方一致(横山武),横山武,一致,天王星＋,○,緑生,○,運勢_20260905-06_結合用.csv 行23（9/6記号列）,騎手運勢2026.09.05.xlsx!2026.09.06 行24（B列=9/6記号・D列=名簿）[推:CSV行+1],,
2026-09-06,札幌,11,202601020611,2,サクソンジェンヌ,0,川又賢治,川又賢治,素材一致,逆前方一致(川又),川又,一致,土星－,○,再会,○,運勢_20260905-06_結合用.csv 行18（9/6記号列）,騎手運勢2026.09.05.xlsx!2026.09.06 行19（B列=9/6記号・D列=名簿）[推:CSV行+1],,
2026-09-06,札幌,11,202601020611,3,パレハ,0,吉田隼人,吉田隼人,素材一致,逆前方一致(吉田隼),吉田隼,一致,金星－,◎,安定,◎,運勢_20260905-06_結合用.csv 行2（9/6記号列）,騎手運勢2026.09.05.xlsx!2026.09.06 行3（B列=9/6記号・D列=名簿）[推:CSV行+1],,
2026-09-06,札幌,11,202601020611,4,ヨヒーン,0,鮫島克駿,鮫島克駿,素材一致,略記逆一致(鮫島駿),鮫島駿,一致(略記),火星＋,×,減退,×,運勢_20260905-06_結合用.csv 行15（9/6記号列）,騎手運勢2026.09.05.xlsx!2026.09.06 行16（B列=9/6記号・D列=名簿）[推:CSV行+1],,
2026-09-06,札幌,11,202601020611,5,ボンドロア,0,横山典弘,横山典弘,素材一致,逆前方一致(横山典),横山典,一致,水星＋,△,乱気,△,運勢_20260905-06_結合用.csv 行11（9/6記号列）,騎手運勢2026.09.05.xlsx!2026.09.06 行12（B列=9/6記号・D列=名簿）[推:CSV行+1],,
2026-09-06,札幌,11,202601020611,6,シュトルーヴェ,0,佐々木大,佐々木大輔,素材一致,逆前方一致(佐々木),佐々木,一致,天王星－,○,種子,○,運勢_20260905-06_結合用.csv 行22（9/6記号列）,騎手運勢2026.09.05.xlsx!2026.09.06 行23（B列=9/6記号・D列=名簿）[推:CSV行+1],,
2026-09-06,札幌,11,202601020611,7,コーチェラバレー,0,横山和生,横山和生,素材一致,逆前方一致(横山和),横山和,一致,天王星－,○,種子,○,運勢_20260905-06_結合用.csv 行22（9/6記号列）,騎手運勢2026.09.05.xlsx!2026.09.06 行23（B列=9/6記号・D列=名簿）[推:CSV行+1],,
2026-09-06,札幌,11,202601020611,8,グランドカリナン,0,小林美駒,小林美駒,素材一致,完全一致,小林美駒,一致,天王星－,○,種子,○,運勢_20260905-06_結合用.csv 行22（9/6記号列）,騎手運勢2026.09.05.xlsx!2026.09.06 行23（B列=9/6記号・D列=名簿）[推:CSV行+1],,
2026-09-06,札幌,11,202601020611,9,エコロレイズ,0,横山琉人,横山琉人,素材一致,逆前方一致(横山琉),横山琉,一致,金星－,◎,安定,◎,運勢_20260905-06_結合用.csv 行2（9/6記号列）,騎手運勢2026.09.05.xlsx!2026.09.06 行3（B列=9/6記号・D列=名簿）[推:CSV行+1],,
2026-09-06,札幌,11,202601020611,10,マイネルカンパーナ,0,丹内祐次,丹内祐次,素材一致,逆前方一致(丹内),丹内,一致,木星－,◎,立花,◎,運勢_20260905-06_結合用.csv 行6（9/6記号列）,騎手運勢2026.09.05.xlsx!2026.09.06 行7（B列=9/6記号・D列=名簿）[推:CSV行+1],,
2026-09-06,札幌,11,202601020611,11,ブレイヴロッカー,0,斎藤新,斎藤新,素材一致,完全一致,斎藤新,一致,天王星霊－,○,種子,○,運勢_20260905-06_結合用.csv 行24（9/6記号列）,騎手運勢2026.09.05.xlsx!2026.09.06 行25（B列=9/6記号・D列=名簿）[推:CSV行+1],,
2026-09-06,札幌,11,202601020611,12,ゴールデンスナップ,0,浜中俊,浜中俊,素材一致,逆前方一致(浜中),浜中,一致,水星＋,△,乱気,△,運勢_20260905-06_結合用.csv 行11（9/6記号列）,騎手運勢2026.09.05.xlsx!2026.09.06 行12（B列=9/6記号・D列=名簿）[推:CSV行+1],,
2026-09-06,札幌,11,202601020611,13,ホールネス,0,小沢大仁,小沢大仁,素材一致,逆前方一致(小沢),小沢,一致,金星－,◎,安定,◎,運勢_20260905-06_結合用.csv 行2（9/6記号列）,騎手運勢2026.09.05.xlsx!2026.09.06 行3（B列=9/6記号・D列=名簿）[推:CSV行+1],,
2026-09-06,札幌,11,202601020611,14,ギャンブルルーム,0,松本大輝,松本大輝,素材一致,逆前方一致(松本),松本,一致,木星＋,△,健弱,△,運勢_20260905-06_結合用.csv 行7（9/6記号列）,騎手運勢2026.09.05.xlsx!2026.09.06 行8（B列=9/6記号・D列=名簿）[推:CSV行+1],,
2026-09-06,札幌,12,202601020612,1,エチゴドラゴン,0,荻野琢真,荻野琢真,素材一致,完全一致,荻野琢真,一致,火星＋,×,減退,×,運勢_20260905-06_結合用.csv 行15（9/6記号列）,騎手運勢2026.09.05.xlsx!2026.09.06 行16（B列=9/6記号・D列=名簿）[推:CSV行+1],,
2026-09-06,札幌,12,202601020612,2,チェイサー,0,小林美駒,小林美駒,素材一致,完全一致,小林美駒,一致,天王星－,○,種子,○,運勢_20260905-06_結合用.csv 行22（9/6記号列）,騎手運勢2026.09.05.xlsx!2026.09.06 行23（B列=9/6記号・D列=名簿）[推:CSV行+1],,
2026-09-06,札幌,12,202601020612,3,ロードスカイブルー,0,落合玄太,落合玄太,未結合,[不足]_対応表に無い,,,,,,,,,,
2026-09-06,札幌,12,202601020612,4,ザハント,0,小沢大仁,小沢大仁,素材一致,逆前方一致(小沢),小沢,一致,金星－,◎,安定,◎,運勢_20260905-06_結合用.csv 行2（9/6記号列）,騎手運勢2026.09.05.xlsx!2026.09.06 行3（B列=9/6記号・D列=名簿）[推:CSV行+1],,
2026-09-06,札幌,12,202601020612,5,グレイスフルマーチ,0,斎藤新,斎藤新,素材一致,完全一致,斎藤新,一致,天王星霊－,○,種子,○,運勢_20260905-06_結合用.csv 行24（9/6記号列）,騎手運勢2026.09.05.xlsx!2026.09.06 行25（B列=9/6記号・D列=名簿）[推:CSV行+1],,
2026-09-06,札幌,12,202601020612,6,ホウオウファラオ,0,横山琉人,横山琉人,素材一致,逆前方一致(横山琉),横山琉,一致,金星－,◎,安定,◎,運勢_20260905-06_結合用.csv 行2（9/6記号列）,騎手運勢2026.09.05.xlsx!2026.09.06 行3（B列=9/6記号・D列=名簿）[推:CSV行+1],,
2026-09-06,札幌,12,202601020612,7,ファイアリービート,0,長浜鴻緒,長浜鴻緒,素材一致,逆前方一致(長浜),長浜,一致,天王星－,○,種子,○,運勢_20260905-06_結合用.csv 行22（9/6記号列）,騎手運勢2026.09.05.xlsx!2026.09.06 行23（B列=9/6記号・D列=名簿）[推:CSV行+1],,
2026-09-06,札幌,12,202601020612,8,アチーヴァー,0,丹内祐次,丹内祐次,素材一致,逆前方一致(丹内),丹内,一致,木星－,◎,立花,◎,運勢_20260905-06_結合用.csv 行6（9/6記号列）,騎手運勢2026.09.05.xlsx!2026.09.06 行7（B列=9/6記号・D列=名簿）[推:CSV行+1],,
2026-09-06,札幌,12,202601020612,9,クルビデンス,0,佐々木大,佐々木大輔,素材一致,逆前方一致(佐々木),佐々木,一致,天王星－,○,種子,○,運勢_20260905-06_結合用.csv 行22（9/6記号列）,騎手運勢2026.09.05.xlsx!2026.09.06 行23（B列=9/6記号・D列=名簿）[推:CSV行+1],,
2026-09-06,札幌,12,202601020612,10,ココデイック,0,鮫島克駿,鮫島克駿,素材一致,略記逆一致(鮫島駿),鮫島駿,一致(略記),火星＋,×,減退,×,運勢_20260905-06_結合用.csv 行15（9/6記号列）,騎手運勢2026.09.05.xlsx!2026.09.06 行16（B列=9/6記号・D列=名簿）[推:CSV行+1],,
2026-09-06,札幌,12,202601020612,11,ホウオウバローロ,0,河原田菜,河原田菜々,素材一致,前方一致(河原田菜々),河原田菜々,一致,天王星－,○,種子,○,運勢_20260905-06_結合用.csv 行22（9/6記号列）,騎手運勢2026.09.05.xlsx!2026.09.06 行23（B列=9/6記号・D列=名簿）[推:CSV行+1],,
2026-09-06,札幌,12,202601020612,12,カップッチョ,0,黛弘人,黛弘人,素材一致,逆前方一致1字(黛),黛,一致,水星霊－,○,達成,○,運勢_20260905-06_結合用.csv 行12（9/6記号列）,騎手運勢2026.09.05.xlsx!2026.09.06 行13（B列=9/6記号・D列=名簿）[推:CSV行+1],,
2026-09-06,阪神,1,202609040201,1,ルースソラール,0,松山弘平,松山弘平,素材一致,逆前方一致(松山),松山,一致,土星＋,◎,財成,◎,運勢_20260905-06_結合用.csv 行19（9/6記号列）,騎手運勢2026.09.05.xlsx!2026.09.06 行20（B列=9/6記号・D列=名簿）[推:CSV行+1],,
2026-09-06,阪神,1,202609040201,2,グルード,0,田口貫太,田口貫太,素材一致,逆前方一致(田口),田口,一致,水星－,◎◎,達成,◎◎,運勢_20260905-06_結合用.csv 行10（9/6記号列）,騎手運勢2026.09.05.xlsx!2026.09.06 行11（B列=9/6記号・D列=名簿）[推:CSV行+1],,
2026-09-06,阪神,1,202609040201,3,ニクスルーナ,0,岩田望来,岩田望来,素材一致,逆前方一致(岩田望),岩田望,一致,火星＋,×,減退,×,運勢_20260905-06_結合用.csv 行15（9/6記号列）,騎手運勢2026.09.05.xlsx!2026.09.06 行16（B列=9/6記号・D列=名簿）[推:CSV行+1],,
2026-09-06,阪神,1,202609040201,4,マッセート,0,幸英明,幸英明,素材一致,逆前方一致1字(幸),幸,一致,水星＋,△,乱気,△,運勢_20260905-06_結合用.csv 行11（9/6記号列）,騎手運勢2026.09.05.xlsx!2026.09.06 行12（B列=9/6記号・D列=名簿）[推:CSV行+1],,
2026-09-06,阪神,1,202609040201,5,テラレガル,0,松若風馬,松若風馬,素材一致,逆前方一致(松若),松若,一致,天王星－,○,種子,○,運勢_20260905-06_結合用.csv 行22（9/6記号列）,騎手運勢2026.09.05.xlsx!2026.09.06 行23（B列=9/6記号・D列=名簿）[推:CSV行+1],,
2026-09-06,阪神,1,202609040201,6,エイダンバローズ,0,富田暁,富田暁,素材一致,逆前方一致(富田),富田,一致,金星＋,×,陰影,×,運勢_20260905-06_結合用.csv 行3（9/6記号列）,騎手運勢2026.09.05.xlsx!2026.09.06 行4（B列=9/6記号・D列=名簿）[推:CSV行+1],,
2026-09-06,阪神,1,202609040201,7,スマートメモリー,0,武豊,武豊,素材一致,完全一致,武豊,一致,火星－,×,停止,×,運勢_20260905-06_結合用.csv 行14（9/6記号列）,騎手運勢2026.09.05.xlsx!2026.09.06 行15（B列=9/6記号・D列=名簿）[推:CSV行+1],,
2026-09-06,阪神,1,202609040201,8,シュプレヒコール,0,吉村誠之,吉村誠之助,素材一致,逆前方一致(吉村),吉村,一致,天王星＋,○,緑生,○,運勢_20260905-06_結合用.csv 行23（9/6記号列）,騎手運勢2026.09.05.xlsx!2026.09.06 行24（B列=9/6記号・D列=名簿）[推:CSV行+1],,
2026-09-06,阪神,1,202609040201,9,ヤマニンアルセド,0,田山旺佑,田山旺佑,別ソース参照候補,[不足]_対応表に無い,,,,,,,,,木星＋/△ [要確認]_表記差(ブック=田山旺祐／DE=田山旺佑)。承認済み別名対応なし。自動結合していない,
2026-09-06,阪神,1,202609040201,10,アンドヴェローナ,0,国分恭介,国分恭介,素材一致,逆前方一致(国分恭),国分恭,一致,土星＋,◎,財成,◎,運勢_20260905-06_結合用.csv 行19（9/6記号列）,騎手運勢2026.09.05.xlsx!2026.09.06 行20（B列=9/6記号・D列=名簿）[推:CSV行+1],,
2026-09-06,阪神,2,202609040202,1,ミスジェイド,0,秋山稔樹,秋山稔樹,素材一致,逆前方一致(秋山稔),秋山稔,一致,金星－,◎,安定,◎,運勢_20260905-06_結合用.csv 行2（9/6記号列）,騎手運勢2026.09.05.xlsx!2026.09.06 行3（B列=9/6記号・D列=名簿）[推:CSV行+1],,
2026-09-06,阪神,2,202609040202,2,アルムアポジェ,0,永島まな,永島まなみ,素材一致,前方一致(永島まなみ),永島まなみ,一致,土星＋,◎,財成,◎,運勢_20260905-06_結合用.csv 行19（9/6記号列）,騎手運勢2026.09.05.xlsx!2026.09.06 行20（B列=9/6記号・D列=名簿）[推:CSV行+1],,
2026-09-06,阪神,2,202609040202,3,メイショウピュルテ,0,西塚洸二,西塚洸二,素材一致,逆前方一致(西塚),西塚,一致,火星＋,×,減退,×,運勢_20260905-06_結合用.csv 行15（9/6記号列）,騎手運勢2026.09.05.xlsx!2026.09.06 行16（B列=9/6記号・D列=名簿）[推:CSV行+1],,
2026-09-06,阪神,2,202609040202,4,ユウトザイシン,0,藤懸貴志,藤懸貴志,素材一致,逆前方一致(藤懸),藤懸,一致,金星霊－,◎◎,安定,◎◎,運勢_20260905-06_結合用.csv 行4（9/6記号列）,騎手運勢2026.09.05.xlsx!2026.09.06 行5（B列=9/6記号・D列=名簿）[推:CSV行+1],,
2026-09-06,阪神,2,202609040202,5,マイベスティー,0,長岡禎仁,長岡禎仁,素材一致,逆前方一致(長岡禎),長岡禎,一致,木星－,◎,立花,◎,運勢_20260905-06_結合用.csv 行6（9/6記号列）,騎手運勢2026.09.05.xlsx!2026.09.06 行7（B列=9/6記号・D列=名簿）[推:CSV行+1],,
2026-09-06,阪神,2,202609040202,6,パスリヤージュ,0,城戸義政,城戸義政,素材一致,逆前方一致(城戸),城戸,一致,水星＋,△,乱気,△,運勢_20260905-06_結合用.csv 行11（9/6記号列）,騎手運勢2026.09.05.xlsx!2026.09.06 行12（B列=9/6記号・D列=名簿）[推:CSV行+1],,
2026-09-06,阪神,2,202609040202,7,リアライズステラ,0,酒井学,酒井学,素材一致,逆前方一致(酒井),酒井,一致,木星＋,△,健弱,△,運勢_20260905-06_結合用.csv 行7（9/6記号列）,騎手運勢2026.09.05.xlsx!2026.09.06 行8（B列=9/6記号・D列=名簿）[推:CSV行+1],,
2026-09-06,阪神,2,202609040202,8,ナムラロダン,0,田山旺佑,田山旺佑,別ソース参照候補,[不足]_対応表に無い,,,,,,,,,木星＋/△ [要確認]_表記差(ブック=田山旺祐／DE=田山旺佑)。承認済み別名対応なし。自動結合していない,
2026-09-06,阪神,2,202609040202,9,エバイダンス,0,岩田望来,岩田望来,素材一致,逆前方一致(岩田望),岩田望,一致,火星＋,×,減退,×,運勢_20260905-06_結合用.csv 行15（9/6記号列）,騎手運勢2026.09.05.xlsx!2026.09.06 行16（B列=9/6記号・D列=名簿）[推:CSV行+1],,
2026-09-06,阪神,2,202609040202,10,ラッキーヴォーグ,0,菱田裕二,菱田裕二,素材一致,逆前方一致(菱田),菱田,一致,木星＋,△,健弱,△,運勢_20260905-06_結合用.csv 行7（9/6記号列）,騎手運勢2026.09.05.xlsx!2026.09.06 行8（B列=9/6記号・D列=名簿）[推:CSV行+1],,
2026-09-06,阪神,2,202609040202,11,サカトクフェイス,0,松若風馬,松若風馬,素材一致,逆前方一致(松若),松若,一致,天王星－,○,種子,○,運勢_20260905-06_結合用.csv 行22（9/6記号列）,騎手運勢2026.09.05.xlsx!2026.09.06 行23（B列=9/6記号・D列=名簿）[推:CSV行+1],,
2026-09-06,阪神,2,202609040202,12,アンガーザガール,0,松山弘平,松山弘平,素材一致,逆前方一致(松山),松山,一致,土星＋,◎,財成,◎,運勢_20260905-06_結合用.csv 行19（9/6記号列）,騎手運勢2026.09.05.xlsx!2026.09.06 行20（B列=9/6記号・D列=名簿）[推:CSV行+1],,
2026-09-06,阪神,2,202609040202,13,ガルディエンヌ,0,西村淳也,西村淳也,素材一致,逆前方一致(西村淳),西村淳,一致,金星－,◎,安定,◎,運勢_20260905-06_結合用.csv 行2（9/6記号列）,騎手運勢2026.09.05.xlsx!2026.09.06 行3（B列=9/6記号・D列=名簿）[推:CSV行+1],,
2026-09-06,阪神,2,202609040202,14,ペプチドアロン,0,吉村誠之,吉村誠之助,素材一致,逆前方一致(吉村),吉村,一致,天王星＋,○,緑生,○,運勢_20260905-06_結合用.csv 行23（9/6記号列）,騎手運勢2026.09.05.xlsx!2026.09.06 行24（B列=9/6記号・D列=名簿）[推:CSV行+1],,
2026-09-06,阪神,2,202609040202,15,ペコリズム,0,幸英明,幸英明,素材一致,逆前方一致1字(幸),幸,一致,水星＋,△,乱気,△,運勢_20260905-06_結合用.csv 行11（9/6記号列）,騎手運勢2026.09.05.xlsx!2026.09.06 行12（B列=9/6記号・D列=名簿）[推:CSV行+1],,
2026-09-06,阪神,2,202609040202,16,マカロンブルー,0,今村聖奈,今村聖奈,マスタ競合,完全一致,今村聖奈,一致,水星－,◎◎,達成,,運勢_20260905-06_結合用.csv 行10（9/6記号列）,騎手運勢2026.09.05.xlsx!2026.09.06 行11（B列=9/6記号・D列=名簿）[推:CSV行+1],,[要確認]_7/4マスタ=木星－（現週表=水星－）
2026-09-06,阪神,3,202609040203,1,キミガスキダ,0,吉村誠之,吉村誠之助,素材一致,逆前方一致(吉村),吉村,一致,天王星＋,○,緑生,○,運勢_20260905-06_結合用.csv 行23（9/6記号列）,騎手運勢2026.09.05.xlsx!2026.09.06 行24（B列=9/6記号・D列=名簿）[推:CSV行+1],,
2026-09-06,阪神,3,202609040203,2,キタノトレボーネ,0,中井裕二,中井裕二,素材一致,逆前方一致(中井),中井,一致,金星霊－,◎◎,安定,◎◎,運勢_20260905-06_結合用.csv 行4（9/6記号列）,騎手運勢2026.09.05.xlsx!2026.09.06 行5（B列=9/6記号・D列=名簿）[推:CSV行+1],,
2026-09-06,阪神,3,202609040203,3,カセノコンコルド,0,田辺裕信,田辺裕信,素材一致,逆前方一致(田辺),田辺,一致,金星＋,×,陰影,×,運勢_20260905-06_結合用.csv 行3（9/6記号列）,騎手運勢2026.09.05.xlsx!2026.09.06 行4（B列=9/6記号・D列=名簿）[推:CSV行+1],,
2026-09-06,阪神,3,202609040203,4,レッドセドナ,0,西村淳也,西村淳也,素材一致,逆前方一致(西村淳),西村淳,一致,金星－,◎,安定,◎,運勢_20260905-06_結合用.csv 行2（9/6記号列）,騎手運勢2026.09.05.xlsx!2026.09.06 行3（B列=9/6記号・D列=名簿）[推:CSV行+1],,
2026-09-06,阪神,3,202609040203,5,ジーティーピカソ,0,松山弘平,松山弘平,素材一致,逆前方一致(松山),松山,一致,土星＋,◎,財成,◎,運勢_20260905-06_結合用.csv 行19（9/6記号列）,騎手運勢2026.09.05.xlsx!2026.09.06 行20（B列=9/6記号・D列=名簿）[推:CSV行+1],,
2026-09-06,阪神,3,202609040203,6,ニシノエビガタメ,0,Ｍ．デム,Ｍ．デムーロ,素材一致,前方一致・区切り無視(Mデムーロ),Mデムーロ,一致,金星－,◎,安定,◎,運勢_20260905-06_結合用.csv 行2（9/6記号列）,騎手運勢2026.09.05.xlsx!2026.09.06 行3（B列=9/6記号・D列=名簿）[推:CSV行+1],,
2026-09-06,阪神,3,202609040203,7,ソニックブーム,0,川端海翼,川端海翼,素材一致,逆前方一致(川端),川端,一致,天王星－,○,種子,○,運勢_20260905-06_結合用.csv 行22（9/6記号列）,騎手運勢2026.09.05.xlsx!2026.09.06 行23（B列=9/6記号・D列=名簿）[推:CSV行+1],,
2026-09-06,阪神,3,202609040203,8,フォーシーファイン,0,池添謙一,池添謙一,素材一致,逆前方一致(池添),池添,一致,火星霊－,×,停止,×,運勢_20260905-06_結合用.csv 行16（9/6記号列）,騎手運勢2026.09.05.xlsx!2026.09.06 行17（B列=9/6記号・D列=名簿）[推:CSV行+1],,
2026-09-06,阪神,3,202609040203,9,ジューンマーチ,0,川須栄彦,川須栄彦,素材一致,逆前方一致(川須),川須,一致,金星－,◎,安定,◎,運勢_20260905-06_結合用.csv 行2（9/6記号列）,騎手運勢2026.09.05.xlsx!2026.09.06 行3（B列=9/6記号・D列=名簿）[推:CSV行+1],,
2026-09-06,阪神,3,202609040203,10,ジャスティンアポロ,0,田山旺佑,田山旺佑,別ソース参照候補,[不足]_対応表に無い,,,,,,,,,木星＋/△ [要確認]_表記差(ブック=田山旺祐／DE=田山旺佑)。承認済み別名対応なし。自動結合していない,
2026-09-06,阪神,3,202609040203,11,セキゾウ,0,藤懸貴志,藤懸貴志,素材一致,逆前方一致(藤懸),藤懸,一致,金星霊－,◎◎,安定,◎◎,運勢_20260905-06_結合用.csv 行4（9/6記号列）,騎手運勢2026.09.05.xlsx!2026.09.06 行5（B列=9/6記号・D列=名簿）[推:CSV行+1],,
2026-09-06,阪神,3,202609040203,12,フルドフォルク,0,加藤祥太,加藤祥太,素材一致,逆前方一致(加藤祥),加藤祥,一致,木星－,◎,立花,◎,運勢_20260905-06_結合用.csv 行6（9/6記号列）,騎手運勢2026.09.05.xlsx!2026.09.06 行7（B列=9/6記号・D列=名簿）[推:CSV行+1],,
2026-09-06,阪神,3,202609040203,13,ゼランテ,0,松若風馬,松若風馬,素材一致,逆前方一致(松若),松若,一致,天王星－,○,種子,○,運勢_20260905-06_結合用.csv 行22（9/6記号列）,騎手運勢2026.09.05.xlsx!2026.09.06 行23（B列=9/6記号・D列=名簿）[推:CSV行+1],,
2026-09-06,阪神,3,202609040203,14,アラムシャピラス,0,川田将雅,川田将雅,素材一致,逆前方一致(川田),川田,一致,火星－,×,停止,×,運勢_20260905-06_結合用.csv 行14（9/6記号列）,騎手運勢2026.09.05.xlsx!2026.09.06 行15（B列=9/6記号・D列=名簿）[推:CSV行+1],,
2026-09-06,阪神,3,202609040203,15,アスクハッピーマン,0,レーン,Ｄ．レーン,素材一致,完全一致,レーン,一致,水星＋,△,乱気,△,運勢_20260905-06_結合用.csv 行11（9/6記号列）,騎手運勢2026.09.05.xlsx!2026.09.06 行12（B列=9/6記号・D列=名簿）[推:CSV行+1],,
2026-09-06,阪神,4,202609040204,1,ロールスワン,0,中井裕二,中井裕二,素材一致,逆前方一致(中井),中井,一致,金星霊－,◎◎,安定,◎◎,運勢_20260905-06_結合用.csv 行4（9/6記号列）,騎手運勢2026.09.05.xlsx!2026.09.06 行5（B列=9/6記号・D列=名簿）[推:CSV行+1],,
2026-09-06,阪神,4,202609040204,2,ディアーモルタル,0,田山旺佑,田山旺佑,別ソース参照候補,[不足]_対応表に無い,,,,,,,,,木星＋/△ [要確認]_表記差(ブック=田山旺祐／DE=田山旺佑)。承認済み別名対応なし。自動結合していない,
2026-09-06,阪神,4,202609040204,3,ティタノマキア,0,松山弘平,松山弘平,素材一致,逆前方一致(松山),松山,一致,土星＋,◎,財成,◎,運勢_20260905-06_結合用.csv 行19（9/6記号列）,騎手運勢2026.09.05.xlsx!2026.09.06 行20（B列=9/6記号・D列=名簿）[推:CSV行+1],,
2026-09-06,阪神,4,202609040204,4,パンキー,0,西村淳也,西村淳也,素材一致,逆前方一致(西村淳),西村淳,一致,金星－,◎,安定,◎,運勢_20260905-06_結合用.csv 行2（9/6記号列）,騎手運勢2026.09.05.xlsx!2026.09.06 行3（B列=9/6記号・D列=名簿）[推:CSV行+1],,
2026-09-06,阪神,4,202609040204,5,レイワノキセキ,0,高倉稜,高倉稜,素材一致,逆前方一致(高倉),高倉,一致,金星－,◎,安定,◎,運勢_20260905-06_結合用.csv 行2（9/6記号列）,騎手運勢2026.09.05.xlsx!2026.09.06 行3（B列=9/6記号・D列=名簿）[推:CSV行+1],,
2026-09-06,阪神,4,202609040204,6,フィールライクユー,0,川須栄彦,川須栄彦,素材一致,逆前方一致(川須),川須,一致,金星－,◎,安定,◎,運勢_20260905-06_結合用.csv 行2（9/6記号列）,騎手運勢2026.09.05.xlsx!2026.09.06 行3（B列=9/6記号・D列=名簿）[推:CSV行+1],,
2026-09-06,阪神,4,202609040204,7,ドットカモン,0,西塚洸二,西塚洸二,素材一致,逆前方一致(西塚),西塚,一致,火星＋,×,減退,×,運勢_20260905-06_結合用.csv 行15（9/6記号列）,騎手運勢2026.09.05.xlsx!2026.09.06 行16（B列=9/6記号・D列=名簿）[推:CSV行+1],,
2026-09-06,阪神,4,202609040204,8,オーマイラッキーン,0,永島まな,永島まなみ,素材一致,前方一致(永島まなみ),永島まなみ,一致,土星＋,◎,財成,◎,運勢_20260905-06_結合用.csv 行19（9/6記号列）,騎手運勢2026.09.05.xlsx!2026.09.06 行20（B列=9/6記号・D列=名簿）[推:CSV行+1],,
2026-09-06,阪神,4,202609040204,9,ミッキーギャラン,0,高杉吏麒,高杉吏麒,素材一致,逆前方一致(高杉),高杉,一致,水星－,◎◎,達成,◎◎,運勢_20260905-06_結合用.csv 行10（9/6記号列）,騎手運勢2026.09.05.xlsx!2026.09.06 行11（B列=9/6記号・D列=名簿）[推:CSV行+1],,
2026-09-06,阪神,4,202609040204,10,グリミスティ,0,森田誠也,森田誠也,マスタ競合,完全一致,森田誠也,一致,木星－,◎,立花,,運勢_20260905-06_結合用.csv 行6（9/6記号列）,騎手運勢2026.09.05.xlsx!2026.09.06 行7（B列=9/6記号・D列=名簿）[推:CSV行+1],,[要確認]_7/4マスタ=天王星－（現週表=木星－）
2026-09-06,阪神,4,202609040204,11,ライツェントライゼ,0,松若風馬,松若風馬,素材一致,逆前方一致(松若),松若,一致,天王星－,○,種子,○,運勢_20260905-06_結合用.csv 行22（9/6記号列）,騎手運勢2026.09.05.xlsx!2026.09.06 行23（B列=9/6記号・D列=名簿）[推:CSV行+1],,
2026-09-06,阪神,4,202609040204,12,ウィスピア,0,国分恭介,国分恭介,素材一致,逆前方一致(国分恭),国分恭,一致,土星＋,◎,財成,◎,運勢_20260905-06_結合用.csv 行19（9/6記号列）,騎手運勢2026.09.05.xlsx!2026.09.06 行20（B列=9/6記号・D列=名簿）[推:CSV行+1],,
2026-09-06,阪神,4,202609040204,13,インヴァイト,0,加藤祥太,加藤祥太,素材一致,逆前方一致(加藤祥),加藤祥,一致,木星－,◎,立花,◎,運勢_20260905-06_結合用.csv 行6（9/6記号列）,騎手運勢2026.09.05.xlsx!2026.09.06 行7（B列=9/6記号・D列=名簿）[推:CSV行+1],,
2026-09-06,阪神,4,202609040204,14,ヴェルサイユシエル,0,幸英明,幸英明,素材一致,逆前方一致1字(幸),幸,一致,水星＋,△,乱気,△,運勢_20260905-06_結合用.csv 行11（9/6記号列）,騎手運勢2026.09.05.xlsx!2026.09.06 行12（B列=9/6記号・D列=名簿）[推:CSV行+1],,
2026-09-06,阪神,4,202609040204,15,クロスボーダー,0,川田将雅,川田将雅,素材一致,逆前方一致(川田),川田,一致,火星－,×,停止,×,運勢_20260905-06_結合用.csv 行14（9/6記号列）,騎手運勢2026.09.05.xlsx!2026.09.06 行15（B列=9/6記号・D列=名簿）[推:CSV行+1],,
2026-09-06,阪神,4,202609040204,16,ノチェブエナ,0,富田暁,富田暁,素材一致,逆前方一致(富田),富田,一致,金星＋,×,陰影,×,運勢_20260905-06_結合用.csv 行3（9/6記号列）,騎手運勢2026.09.05.xlsx!2026.09.06 行4（B列=9/6記号・D列=名簿）[推:CSV行+1],,
2026-09-06,阪神,5,202609040205,1,リスグロワール,0,レーン,Ｄ．レーン,素材一致,完全一致,レーン,一致,水星＋,△,乱気,△,運勢_20260905-06_結合用.csv 行11（9/6記号列）,騎手運勢2026.09.05.xlsx!2026.09.06 行12（B列=9/6記号・D列=名簿）[推:CSV行+1],,
2026-09-06,阪神,5,202609040205,2,エモティコン,0,西村淳也,西村淳也,素材一致,逆前方一致(西村淳),西村淳,一致,金星－,◎,安定,◎,運勢_20260905-06_結合用.csv 行2（9/6記号列）,騎手運勢2026.09.05.xlsx!2026.09.06 行3（B列=9/6記号・D列=名簿）[推:CSV行+1],,
2026-09-06,阪神,5,202609040205,3,マーゴットプレ,0,菱田裕二,菱田裕二,素材一致,逆前方一致(菱田),菱田,一致,木星＋,△,健弱,△,運勢_20260905-06_結合用.csv 行7（9/6記号列）,騎手運勢2026.09.05.xlsx!2026.09.06 行8（B列=9/6記号・D列=名簿）[推:CSV行+1],,
2026-09-06,阪神,5,202609040205,4,ガヤーズアモーレ,0,武豊,武豊,素材一致,完全一致,武豊,一致,火星－,×,停止,×,運勢_20260905-06_結合用.csv 行14（9/6記号列）,騎手運勢2026.09.05.xlsx!2026.09.06 行15（B列=9/6記号・D列=名簿）[推:CSV行+1],,
2026-09-06,阪神,5,202609040205,5,アストラルライト,0,岩田望来,岩田望来,素材一致,逆前方一致(岩田望),岩田望,一致,火星＋,×,減退,×,運勢_20260905-06_結合用.csv 行15（9/6記号列）,騎手運勢2026.09.05.xlsx!2026.09.06 行16（B列=9/6記号・D列=名簿）[推:CSV行+1],,
2026-09-06,阪神,5,202609040205,6,シーグロリオーゾ,0,池添謙一,池添謙一,素材一致,逆前方一致(池添),池添,一致,火星霊－,×,停止,×,運勢_20260905-06_結合用.csv 行16（9/6記号列）,騎手運勢2026.09.05.xlsx!2026.09.06 行17（B列=9/6記号・D列=名簿）[推:CSV行+1],,
2026-09-06,阪神,5,202609040205,7,ルージュムーサ,0,今村聖奈,今村聖奈,マスタ競合,完全一致,今村聖奈,一致,水星－,◎◎,達成,,運勢_20260905-06_結合用.csv 行10（9/6記号列）,騎手運勢2026.09.05.xlsx!2026.09.06 行11（B列=9/6記号・D列=名簿）[推:CSV行+1],,[要確認]_7/4マスタ=木星－（現週表=水星－）
2026-09-06,阪神,5,202609040205,8,ロードメガロポリス,0,吉村誠之,吉村誠之助,素材一致,逆前方一致(吉村),吉村,一致,天王星＋,○,緑生,○,運勢_20260905-06_結合用.csv 行23（9/6記号列）,騎手運勢2026.09.05.xlsx!2026.09.06 行24（B列=9/6記号・D列=名簿）[推:CSV行+1],,
2026-09-06,阪神,5,202609040205,9,ハートノート,0,松山弘平,松山弘平,素材一致,逆前方一致(松山),松山,一致,土星＋,◎,財成,◎,運勢_20260905-06_結合用.csv 行19（9/6記号列）,騎手運勢2026.09.05.xlsx!2026.09.06 行20（B列=9/6記号・D列=名簿）[推:CSV行+1],,
2026-09-06,阪神,5,202609040205,10,レイディアントサン,0,幸英明,幸英明,素材一致,逆前方一致1字(幸),幸,一致,水星＋,△,乱気,△,運勢_20260905-06_結合用.csv 行11（9/6記号列）,騎手運勢2026.09.05.xlsx!2026.09.06 行12（B列=9/6記号・D列=名簿）[推:CSV行+1],,
2026-09-06,阪神,6,202609040206,1,フェルシナ,0,田山旺佑,田山旺佑,別ソース参照候補,[不足]_対応表に無い,,,,,,,,,木星＋/△ [要確認]_表記差(ブック=田山旺祐／DE=田山旺佑)。承認済み別名対応なし。自動結合していない,
2026-09-06,阪神,6,202609040206,2,ヴェントステラーレ,0,秋山稔樹,秋山稔樹,素材一致,逆前方一致(秋山稔),秋山稔,一致,金星－,◎,安定,◎,運勢_20260905-06_結合用.csv 行2（9/6記号列）,騎手運勢2026.09.05.xlsx!2026.09.06 行3（B列=9/6記号・D列=名簿）[推:CSV行+1],,
2026-09-06,阪神,6,202609040206,3,ルルフィーユ,0,森田誠也,森田誠也,マスタ競合,完全一致,森田誠也,一致,木星－,◎,立花,,運勢_20260905-06_結合用.csv 行6（9/6記号列）,騎手運勢2026.09.05.xlsx!2026.09.06 行7（B列=9/6記号・D列=名簿）[推:CSV行+1],,[要確認]_7/4マスタ=天王星－（現週表=木星－）
2026-09-06,阪神,6,202609040206,4,アルビオン,0,Ｍ．デム,Ｍ．デムーロ,素材一致,前方一致・区切り無視(Mデムーロ),Mデムーロ,一致,金星－,◎,安定,◎,運勢_20260905-06_結合用.csv 行2（9/6記号列）,騎手運勢2026.09.05.xlsx!2026.09.06 行3（B列=9/6記号・D列=名簿）[推:CSV行+1],,
2026-09-06,阪神,6,202609040206,5,インマイポケット,0,今村聖奈,今村聖奈,マスタ競合,完全一致,今村聖奈,一致,水星－,◎◎,達成,,運勢_20260905-06_結合用.csv 行10（9/6記号列）,騎手運勢2026.09.05.xlsx!2026.09.06 行11（B列=9/6記号・D列=名簿）[推:CSV行+1],,[要確認]_7/4マスタ=木星－（現週表=水星－）
2026-09-06,阪神,6,202609040206,6,ガールズデイアウト,0,岩田望来,岩田望来,素材一致,逆前方一致(岩田望),岩田望,一致,火星＋,×,減退,×,運勢_20260905-06_結合用.csv 行15（9/6記号列）,騎手運勢2026.09.05.xlsx!2026.09.06 行16（B列=9/6記号・D列=名簿）[推:CSV行+1],,
2026-09-06,阪神,6,202609040206,7,マクノス,0,田口貫太,田口貫太,素材一致,逆前方一致(田口),田口,一致,水星－,◎◎,達成,◎◎,運勢_20260905-06_結合用.csv 行10（9/6記号列）,騎手運勢2026.09.05.xlsx!2026.09.06 行11（B列=9/6記号・D列=名簿）[推:CSV行+1],,
2026-09-06,阪神,6,202609040206,8,アリストクラシア,0,松山弘平,松山弘平,素材一致,逆前方一致(松山),松山,一致,土星＋,◎,財成,◎,運勢_20260905-06_結合用.csv 行19（9/6記号列）,騎手運勢2026.09.05.xlsx!2026.09.06 行20（B列=9/6記号・D列=名簿）[推:CSV行+1],,
2026-09-06,阪神,6,202609040206,9,シュネルアンジュ,0,武豊,武豊,素材一致,完全一致,武豊,一致,火星－,×,停止,×,運勢_20260905-06_結合用.csv 行14（9/6記号列）,騎手運勢2026.09.05.xlsx!2026.09.06 行15（B列=9/6記号・D列=名簿）[推:CSV行+1],,
2026-09-06,阪神,6,202609040206,10,ザラタン,0,柴田裕一,柴田裕一郎,素材一致,前方一致(柴田裕一郎),柴田裕一郎,一致,木星－,◎,立花,◎,運勢_20260905-06_結合用.csv 行6（9/6記号列）,騎手運勢2026.09.05.xlsx!2026.09.06 行7（B列=9/6記号・D列=名簿）[推:CSV行+1],,
2026-09-06,阪神,6,202609040206,11,ガイラルディア,0,松若風馬,松若風馬,素材一致,逆前方一致(松若),松若,一致,天王星－,○,種子,○,運勢_20260905-06_結合用.csv 行22（9/6記号列）,騎手運勢2026.09.05.xlsx!2026.09.06 行23（B列=9/6記号・D列=名簿）[推:CSV行+1],,
2026-09-06,阪神,6,202609040206,12,ミティリーニ,0,西村淳也,西村淳也,素材一致,逆前方一致(西村淳),西村淳,一致,金星－,◎,安定,◎,運勢_20260905-06_結合用.csv 行2（9/6記号列）,騎手運勢2026.09.05.xlsx!2026.09.06 行3（B列=9/6記号・D列=名簿）[推:CSV行+1],,
2026-09-06,阪神,7,202609040207,1,エレガンスアスク,0,岩田望来,岩田望来,素材一致,逆前方一致(岩田望),岩田望,一致,火星＋,×,減退,×,運勢_20260905-06_結合用.csv 行15（9/6記号列）,騎手運勢2026.09.05.xlsx!2026.09.06 行16（B列=9/6記号・D列=名簿）[推:CSV行+1],,
2026-09-06,阪神,7,202609040207,2,コマチチャン,0,柴田裕一,柴田裕一郎,素材一致,前方一致(柴田裕一郎),柴田裕一郎,一致,木星－,◎,立花,◎,運勢_20260905-06_結合用.csv 行6（9/6記号列）,騎手運勢2026.09.05.xlsx!2026.09.06 行7（B列=9/6記号・D列=名簿）[推:CSV行+1],,
2026-09-06,阪神,7,202609040207,3,マゲバスピード,0,西村淳也,西村淳也,素材一致,逆前方一致(西村淳),西村淳,一致,金星－,◎,安定,◎,運勢_20260905-06_結合用.csv 行2（9/6記号列）,騎手運勢2026.09.05.xlsx!2026.09.06 行3（B列=9/6記号・D列=名簿）[推:CSV行+1],,
2026-09-06,阪神,7,202609040207,4,バースデイフライト,0,田口貫太,田口貫太,素材一致,逆前方一致(田口),田口,一致,水星－,◎◎,達成,◎◎,運勢_20260905-06_結合用.csv 行10（9/6記号列）,騎手運勢2026.09.05.xlsx!2026.09.06 行11（B列=9/6記号・D列=名簿）[推:CSV行+1],,
2026-09-06,阪神,7,202609040207,5,ムーンライトラガー,0,池添謙一,池添謙一,素材一致,逆前方一致(池添),池添,一致,火星霊－,×,停止,×,運勢_20260905-06_結合用.csv 行16（9/6記号列）,騎手運勢2026.09.05.xlsx!2026.09.06 行17（B列=9/6記号・D列=名簿）[推:CSV行+1],,
2026-09-06,阪神,7,202609040207,6,リガーレ,0,吉村誠之,吉村誠之助,素材一致,逆前方一致(吉村),吉村,一致,天王星＋,○,緑生,○,運勢_20260905-06_結合用.csv 行23（9/6記号列）,騎手運勢2026.09.05.xlsx!2026.09.06 行24（B列=9/6記号・D列=名簿）[推:CSV行+1],,
2026-09-06,阪神,7,202609040207,7,アイガーリー,0,菱田裕二,菱田裕二,素材一致,逆前方一致(菱田),菱田,一致,木星＋,△,健弱,△,運勢_20260905-06_結合用.csv 行7（9/6記号列）,騎手運勢2026.09.05.xlsx!2026.09.06 行8（B列=9/6記号・D列=名簿）[推:CSV行+1],,
2026-09-06,阪神,7,202609040207,8,ビーチェマーレ,0,西塚洸二,西塚洸二,素材一致,逆前方一致(西塚),西塚,一致,火星＋,×,減退,×,運勢_20260905-06_結合用.csv 行15（9/6記号列）,騎手運勢2026.09.05.xlsx!2026.09.06 行16（B列=9/6記号・D列=名簿）[推:CSV行+1],,
2026-09-06,阪神,7,202609040207,9,プチプランス,0,酒井学,酒井学,素材一致,逆前方一致(酒井),酒井,一致,木星＋,△,健弱,△,運勢_20260905-06_結合用.csv 行7（9/6記号列）,騎手運勢2026.09.05.xlsx!2026.09.06 行8（B列=9/6記号・D列=名簿）[推:CSV行+1],,
2026-09-06,阪神,7,202609040207,10,ベイリークロア,0,Ｍ．デム,Ｍ．デムーロ,素材一致,前方一致・区切り無視(Mデムーロ),Mデムーロ,一致,金星－,◎,安定,◎,運勢_20260905-06_結合用.csv 行2（9/6記号列）,騎手運勢2026.09.05.xlsx!2026.09.06 行3（B列=9/6記号・D列=名簿）[推:CSV行+1],,
2026-09-06,阪神,7,202609040207,11,マイコンチェルト,0,田山旺佑,田山旺佑,別ソース参照候補,[不足]_対応表に無い,,,,,,,,,木星＋/△ [要確認]_表記差(ブック=田山旺祐／DE=田山旺佑)。承認済み別名対応なし。自動結合していない,
2026-09-06,阪神,7,202609040207,12,ファニーバニー,0,長岡禎仁,長岡禎仁,素材一致,逆前方一致(長岡禎),長岡禎,一致,木星－,◎,立花,◎,運勢_20260905-06_結合用.csv 行6（9/6記号列）,騎手運勢2026.09.05.xlsx!2026.09.06 行7（B列=9/6記号・D列=名簿）[推:CSV行+1],,
2026-09-06,阪神,7,202609040207,13,ロードレジェロ,0,松若風馬,松若風馬,素材一致,逆前方一致(松若),松若,一致,天王星－,○,種子,○,運勢_20260905-06_結合用.csv 行22（9/6記号列）,騎手運勢2026.09.05.xlsx!2026.09.06 行23（B列=9/6記号・D列=名簿）[推:CSV行+1],,
2026-09-06,阪神,7,202609040207,14,ベネサルート,0,幸英明,幸英明,素材一致,逆前方一致1字(幸),幸,一致,水星＋,△,乱気,△,運勢_20260905-06_結合用.csv 行11（9/6記号列）,騎手運勢2026.09.05.xlsx!2026.09.06 行12（B列=9/6記号・D列=名簿）[推:CSV行+1],,
2026-09-06,阪神,8,202609040208,1,テーオーアルアイン,0,レーン,Ｄ．レーン,素材一致,完全一致,レーン,一致,水星＋,△,乱気,△,運勢_20260905-06_結合用.csv 行11（9/6記号列）,騎手運勢2026.09.05.xlsx!2026.09.06 行12（B列=9/6記号・D列=名簿）[推:CSV行+1],,
2026-09-06,阪神,8,202609040208,2,ストップザタイム,0,幸英明,幸英明,素材一致,逆前方一致1字(幸),幸,一致,水星＋,△,乱気,△,運勢_20260905-06_結合用.csv 行11（9/6記号列）,騎手運勢2026.09.05.xlsx!2026.09.06 行12（B列=9/6記号・D列=名簿）[推:CSV行+1],,
2026-09-06,阪神,8,202609040208,3,ツーネサーン,0,富田暁,富田暁,素材一致,逆前方一致(富田),富田,一致,金星＋,×,陰影,×,運勢_20260905-06_結合用.csv 行3（9/6記号列）,騎手運勢2026.09.05.xlsx!2026.09.06 行4（B列=9/6記号・D列=名簿）[推:CSV行+1],,
2026-09-06,阪神,8,202609040208,4,ダノンカゼルタ,0,岩田望来,岩田望来,素材一致,逆前方一致(岩田望),岩田望,一致,火星＋,×,減退,×,運勢_20260905-06_結合用.csv 行15（9/6記号列）,騎手運勢2026.09.05.xlsx!2026.09.06 行16（B列=9/6記号・D列=名簿）[推:CSV行+1],,
2026-09-06,阪神,8,202609040208,5,ショウナンバルドル,0,田山旺佑,田山旺佑,別ソース参照候補,[不足]_対応表に無い,,,,,,,,,木星＋/△ [要確認]_表記差(ブック=田山旺祐／DE=田山旺佑)。承認済み別名対応なし。自動結合していない,
2026-09-06,阪神,8,202609040208,6,バルセシート,0,西村淳也,西村淳也,素材一致,逆前方一致(西村淳),西村淳,一致,金星－,◎,安定,◎,運勢_20260905-06_結合用.csv 行2（9/6記号列）,騎手運勢2026.09.05.xlsx!2026.09.06 行3（B列=9/6記号・D列=名簿）[推:CSV行+1],,
2026-09-06,阪神,8,202609040208,7,クイックバイオ,0,田口貫太,田口貫太,素材一致,逆前方一致(田口),田口,一致,水星－,◎◎,達成,◎◎,運勢_20260905-06_結合用.csv 行10（9/6記号列）,騎手運勢2026.09.05.xlsx!2026.09.06 行11（B列=9/6記号・D列=名簿）[推:CSV行+1],,
2026-09-06,阪神,9,202609040209,1,タイセイサーブル,0,富田暁,富田暁,素材一致,逆前方一致(富田),富田,一致,金星＋,×,陰影,×,運勢_20260905-06_結合用.csv 行3（9/6記号列）,騎手運勢2026.09.05.xlsx!2026.09.06 行4（B列=9/6記号・D列=名簿）[推:CSV行+1],,
2026-09-06,阪神,9,202609040209,2,メイショウサッソウ,0,加藤祥太,加藤祥太,素材一致,逆前方一致(加藤祥),加藤祥,一致,木星－,◎,立花,◎,運勢_20260905-06_結合用.csv 行6（9/6記号列）,騎手運勢2026.09.05.xlsx!2026.09.06 行7（B列=9/6記号・D列=名簿）[推:CSV行+1],,
2026-09-06,阪神,9,202609040209,3,ボーントゥウォリア,0,岩田望来,岩田望来,素材一致,逆前方一致(岩田望),岩田望,一致,火星＋,×,減退,×,運勢_20260905-06_結合用.csv 行15（9/6記号列）,騎手運勢2026.09.05.xlsx!2026.09.06 行16（B列=9/6記号・D列=名簿）[推:CSV行+1],,
2026-09-06,阪神,9,202609040209,4,ロードヴェリタス,0,西塚洸二,西塚洸二,素材一致,逆前方一致(西塚),西塚,一致,火星＋,×,減退,×,運勢_20260905-06_結合用.csv 行15（9/6記号列）,騎手運勢2026.09.05.xlsx!2026.09.06 行16（B列=9/6記号・D列=名簿）[推:CSV行+1],,
2026-09-06,阪神,9,202609040209,5,ドウジャスティ,0,吉村誠之,吉村誠之助,素材一致,逆前方一致(吉村),吉村,一致,天王星＋,○,緑生,○,運勢_20260905-06_結合用.csv 行23（9/6記号列）,騎手運勢2026.09.05.xlsx!2026.09.06 行24（B列=9/6記号・D列=名簿）[推:CSV行+1],,
2026-09-06,阪神,9,202609040209,6,アスクチャンスマン,0,川田将雅,川田将雅,素材一致,逆前方一致(川田),川田,一致,火星－,×,停止,×,運勢_20260905-06_結合用.csv 行14（9/6記号列）,騎手運勢2026.09.05.xlsx!2026.09.06 行15（B列=9/6記号・D列=名簿）[推:CSV行+1],,
2026-09-06,阪神,9,202609040209,7,ドメイン,0,田口貫太,田口貫太,素材一致,逆前方一致(田口),田口,一致,水星－,◎◎,達成,◎◎,運勢_20260905-06_結合用.csv 行10（9/6記号列）,騎手運勢2026.09.05.xlsx!2026.09.06 行11（B列=9/6記号・D列=名簿）[推:CSV行+1],,
2026-09-06,阪神,9,202609040209,8,エイユーファイヤー,0,中井裕二,中井裕二,素材一致,逆前方一致(中井),中井,一致,金星霊－,◎◎,安定,◎◎,運勢_20260905-06_結合用.csv 行4（9/6記号列）,騎手運勢2026.09.05.xlsx!2026.09.06 行5（B列=9/6記号・D列=名簿）[推:CSV行+1],,
2026-09-06,阪神,9,202609040209,9,ゼンノゾンターク,0,国分恭介,国分恭介,素材一致,逆前方一致(国分恭),国分恭,一致,土星＋,◎,財成,◎,運勢_20260905-06_結合用.csv 行19（9/6記号列）,騎手運勢2026.09.05.xlsx!2026.09.06 行20（B列=9/6記号・D列=名簿）[推:CSV行+1],,
2026-09-06,阪神,9,202609040209,10,ブラックレジェンド,0,今村聖奈,今村聖奈,マスタ競合,完全一致,今村聖奈,一致,水星－,◎◎,達成,,運勢_20260905-06_結合用.csv 行10（9/6記号列）,騎手運勢2026.09.05.xlsx!2026.09.06 行11（B列=9/6記号・D列=名簿）[推:CSV行+1],,[要確認]_7/4マスタ=木星－（現週表=水星－）
2026-09-06,阪神,9,202609040209,11,アメリカンコール,0,西村淳也,西村淳也,素材一致,逆前方一致(西村淳),西村淳,一致,金星－,◎,安定,◎,運勢_20260905-06_結合用.csv 行2（9/6記号列）,騎手運勢2026.09.05.xlsx!2026.09.06 行3（B列=9/6記号・D列=名簿）[推:CSV行+1],,
2026-09-06,阪神,9,202609040209,12,レーンアジリティ,0,高倉稜,高倉稜,素材一致,逆前方一致(高倉),高倉,一致,金星－,◎,安定,◎,運勢_20260905-06_結合用.csv 行2（9/6記号列）,騎手運勢2026.09.05.xlsx!2026.09.06 行3（B列=9/6記号・D列=名簿）[推:CSV行+1],,
2026-09-06,阪神,9,202609040209,13,ミランド,0,田山旺佑,田山旺佑,別ソース参照候補,[不足]_対応表に無い,,,,,,,,,木星＋/△ [要確認]_表記差(ブック=田山旺祐／DE=田山旺佑)。承認済み別名対応なし。自動結合していない,
2026-09-06,阪神,9,202609040209,14,パイオニアスクエア,0,松山弘平,松山弘平,素材一致,逆前方一致(松山),松山,一致,土星＋,◎,財成,◎,運勢_20260905-06_結合用.csv 行19（9/6記号列）,騎手運勢2026.09.05.xlsx!2026.09.06 行20（B列=9/6記号・D列=名簿）[推:CSV行+1],,
2026-09-06,阪神,9,202609040209,15,ケイアイアマゾン,0,藤懸貴志,藤懸貴志,素材一致,逆前方一致(藤懸),藤懸,一致,金星霊－,◎◎,安定,◎◎,運勢_20260905-06_結合用.csv 行4（9/6記号列）,騎手運勢2026.09.05.xlsx!2026.09.06 行5（B列=9/6記号・D列=名簿）[推:CSV行+1],,
2026-09-06,阪神,9,202609040209,16,スターチスブーケ,0,酒井学,酒井学,素材一致,逆前方一致(酒井),酒井,一致,木星＋,△,健弱,△,運勢_20260905-06_結合用.csv 行7（9/6記号列）,騎手運勢2026.09.05.xlsx!2026.09.06 行8（B列=9/6記号・D列=名簿）[推:CSV行+1],,
2026-09-06,阪神,10,202609040210,1,ボディブロー,0,田辺裕信,田辺裕信,素材一致,逆前方一致(田辺),田辺,一致,金星＋,×,陰影,×,運勢_20260905-06_結合用.csv 行3（9/6記号列）,騎手運勢2026.09.05.xlsx!2026.09.06 行4（B列=9/6記号・D列=名簿）[推:CSV行+1],,
2026-09-06,阪神,10,202609040210,2,ランウインディ,0,柴田裕一,柴田裕一郎,素材一致,前方一致(柴田裕一郎),柴田裕一郎,一致,木星－,◎,立花,◎,運勢_20260905-06_結合用.csv 行6（9/6記号列）,騎手運勢2026.09.05.xlsx!2026.09.06 行7（B列=9/6記号・D列=名簿）[推:CSV行+1],,
2026-09-06,阪神,10,202609040210,3,ビバップ,0,吉村誠之,吉村誠之助,素材一致,逆前方一致(吉村),吉村,一致,天王星＋,○,緑生,○,運勢_20260905-06_結合用.csv 行23（9/6記号列）,騎手運勢2026.09.05.xlsx!2026.09.06 行24（B列=9/6記号・D列=名簿）[推:CSV行+1],,
2026-09-06,阪神,10,202609040210,4,ヨリノレジェンド,0,武豊,武豊,素材一致,完全一致,武豊,一致,火星－,×,停止,×,運勢_20260905-06_結合用.csv 行14（9/6記号列）,騎手運勢2026.09.05.xlsx!2026.09.06 行15（B列=9/6記号・D列=名簿）[推:CSV行+1],,
2026-09-06,阪神,10,202609040210,5,テーオーグレーザー,0,レーン,Ｄ．レーン,素材一致,完全一致,レーン,一致,水星＋,△,乱気,△,運勢_20260905-06_結合用.csv 行11（9/6記号列）,騎手運勢2026.09.05.xlsx!2026.09.06 行12（B列=9/6記号・D列=名簿）[推:CSV行+1],,
2026-09-06,阪神,10,202609040210,6,イミュータブル,0,田山旺佑,田山旺佑,別ソース参照候補,[不足]_対応表に無い,,,,,,,,,木星＋/△ [要確認]_表記差(ブック=田山旺祐／DE=田山旺佑)。承認済み別名対応なし。自動結合していない,
2026-09-06,阪神,10,202609040210,7,ワークソング,0,岩田望来,岩田望来,素材一致,逆前方一致(岩田望),岩田望,一致,火星＋,×,減退,×,運勢_20260905-06_結合用.csv 行15（9/6記号列）,騎手運勢2026.09.05.xlsx!2026.09.06 行16（B列=9/6記号・D列=名簿）[推:CSV行+1],,
2026-09-06,阪神,10,202609040210,8,エムズマインド,0,松山弘平,松山弘平,素材一致,逆前方一致(松山),松山,一致,土星＋,◎,財成,◎,運勢_20260905-06_結合用.csv 行19（9/6記号列）,騎手運勢2026.09.05.xlsx!2026.09.06 行20（B列=9/6記号・D列=名簿）[推:CSV行+1],,
2026-09-06,阪神,10,202609040210,9,メイショウヤーキス,0,菱田裕二,菱田裕二,素材一致,逆前方一致(菱田),菱田,一致,木星＋,△,健弱,△,運勢_20260905-06_結合用.csv 行7（9/6記号列）,騎手運勢2026.09.05.xlsx!2026.09.06 行8（B列=9/6記号・D列=名簿）[推:CSV行+1],,
2026-09-06,阪神,10,202609040210,10,ウルスクローム,0,田口貫太,田口貫太,素材一致,逆前方一致(田口),田口,一致,水星－,◎◎,達成,◎◎,運勢_20260905-06_結合用.csv 行10（9/6記号列）,騎手運勢2026.09.05.xlsx!2026.09.06 行11（B列=9/6記号・D列=名簿）[推:CSV行+1],,
2026-09-06,阪神,10,202609040210,11,スペシャルナンバー,0,西村淳也,西村淳也,素材一致,逆前方一致(西村淳),西村淳,一致,金星－,◎,安定,◎,運勢_20260905-06_結合用.csv 行2（9/6記号列）,騎手運勢2026.09.05.xlsx!2026.09.06 行3（B列=9/6記号・D列=名簿）[推:CSV行+1],,
2026-09-06,阪神,10,202609040210,12,ライジン,0,松若風馬,松若風馬,素材一致,逆前方一致(松若),松若,一致,天王星－,○,種子,○,運勢_20260905-06_結合用.csv 行22（9/6記号列）,騎手運勢2026.09.05.xlsx!2026.09.06 行23（B列=9/6記号・D列=名簿）[推:CSV行+1],,
2026-09-06,阪神,10,202609040210,13,クリノオリーブ,0,幸英明,幸英明,素材一致,逆前方一致1字(幸),幸,一致,水星＋,△,乱気,△,運勢_20260905-06_結合用.csv 行11（9/6記号列）,騎手運勢2026.09.05.xlsx!2026.09.06 行12（B列=9/6記号・D列=名簿）[推:CSV行+1],,
2026-09-06,阪神,11,202609040211,1,ママコチャ,0,武豊,武豊,素材一致,完全一致,武豊,一致,火星－,×,停止,×,運勢_20260905-06_結合用.csv 行14（9/6記号列）,騎手運勢2026.09.05.xlsx!2026.09.06 行15（B列=9/6記号・D列=名簿）[推:CSV行+1],,
2026-09-06,阪神,11,202609040211,2,クラスペディア,0,小崎綾也,小崎綾也,素材一致,逆前方一致(小崎),小崎,一致,木星－,◎,立花,◎,運勢_20260905-06_結合用.csv 行6（9/6記号列）,騎手運勢2026.09.05.xlsx!2026.09.06 行7（B列=9/6記号・D列=名簿）[推:CSV行+1],,
2026-09-06,阪神,11,202609040211,3,フリッカージャブ,0,松山弘平,松山弘平,素材一致,逆前方一致(松山),松山,一致,土星＋,◎,財成,◎,運勢_20260905-06_結合用.csv 行19（9/6記号列）,騎手運勢2026.09.05.xlsx!2026.09.06 行20（B列=9/6記号・D列=名簿）[推:CSV行+1],,
2026-09-06,阪神,11,202609040211,4,ティニア,0,田口貫太,田口貫太,素材一致,逆前方一致(田口),田口,一致,水星－,◎◎,達成,◎◎,運勢_20260905-06_結合用.csv 行10（9/6記号列）,騎手運勢2026.09.05.xlsx!2026.09.06 行11（B列=9/6記号・D列=名簿）[推:CSV行+1],,
2026-09-06,阪神,11,202609040211,5,ダイヤモンドノット,0,川田将雅,川田将雅,素材一致,逆前方一致(川田),川田,一致,火星－,×,停止,×,運勢_20260905-06_結合用.csv 行14（9/6記号列）,騎手運勢2026.09.05.xlsx!2026.09.06 行15（B列=9/6記号・D列=名簿）[推:CSV行+1],,
2026-09-06,阪神,11,202609040211,6,プロトポロス,0,亀田温心,亀田温心,素材一致,逆前方一致(亀田),亀田,一致,天王星霊－,○,種子,○,運勢_20260905-06_結合用.csv 行24（9/6記号列）,騎手運勢2026.09.05.xlsx!2026.09.06 行25（B列=9/6記号・D列=名簿）[推:CSV行+1],,
2026-09-06,阪神,11,202609040211,7,メイショウヨゾラ,0,吉村誠之,吉村誠之助,素材一致,逆前方一致(吉村),吉村,一致,天王星＋,○,緑生,○,運勢_20260905-06_結合用.csv 行23（9/6記号列）,騎手運勢2026.09.05.xlsx!2026.09.06 行24（B列=9/6記号・D列=名簿）[推:CSV行+1],,
2026-09-06,阪神,11,202609040211,8,ファストネットワーク,0,レーン,,別ソース参照候補,完全一致,レーン,新聞欠,水星＋,△,乱気,,運勢_20260905-06_結合用.csv 行11（9/6記号列）,騎手運勢2026.09.05.xlsx!2026.09.06 行12（B列=9/6記号・D列=名簿）[推:CSV行+1],水星＋/△ [要確認]_新聞欠。人物ID(ブック側に無い)で同定できず、承認済み別名対応も無い。自動結合していない,
2026-09-06,阪神,11,202609040211,9,ピューロマジック,0,岩田望来,岩田望来,素材一致,逆前方一致(岩田望),岩田望,一致,火星＋,×,減退,×,運勢_20260905-06_結合用.csv 行15（9/6記号列）,騎手運勢2026.09.05.xlsx!2026.09.06 行16（B列=9/6記号・D列=名簿）[推:CSV行+1],,
2026-09-06,阪神,11,202609040211,10,ヤブサメ,0,田山旺佑,田山旺佑,別ソース参照候補,[不足]_対応表に無い,,,,,,,,,木星＋/△ [要確認]_表記差(ブック=田山旺祐／DE=田山旺佑)。承認済み別名対応なし。自動結合していない,
2026-09-06,阪神,11,202609040211,11,ヨシノイースター,0,田辺裕信,田辺裕信,素材一致,逆前方一致(田辺),田辺,一致,金星＋,×,陰影,×,運勢_20260905-06_結合用.csv 行3（9/6記号列）,騎手運勢2026.09.05.xlsx!2026.09.06 行4（B列=9/6記号・D列=名簿）[推:CSV行+1],,
2026-09-06,阪神,11,202609040211,12,レッドモンレーヴ,0,酒井学,酒井学,素材一致,逆前方一致(酒井),酒井,一致,木星＋,△,健弱,△,運勢_20260905-06_結合用.csv 行7（9/6記号列）,騎手運勢2026.09.05.xlsx!2026.09.06 行8（B列=9/6記号・D列=名簿）[推:CSV行+1],,
2026-09-06,阪神,11,202609040211,13,カルプスペルシュ,0,西村淳也,西村淳也,素材一致,逆前方一致(西村淳),西村淳,一致,金星－,◎,安定,◎,運勢_20260905-06_結合用.csv 行2（9/6記号列）,騎手運勢2026.09.05.xlsx!2026.09.06 行3（B列=9/6記号・D列=名簿）[推:CSV行+1],,
2026-09-06,阪神,11,202609040211,14,タマモブラックタイ,0,幸英明,幸英明,素材一致,逆前方一致1字(幸),幸,一致,水星＋,△,乱気,△,運勢_20260905-06_結合用.csv 行11（9/6記号列）,騎手運勢2026.09.05.xlsx!2026.09.06 行12（B列=9/6記号・D列=名簿）[推:CSV行+1],,
2026-09-06,阪神,11,202609040211,15,ビッグシーザー,0,Ｍ．デム,Ｍ．デムーロ,素材一致,前方一致・区切り無視(Mデムーロ),Mデムーロ,一致,金星－,◎,安定,◎,運勢_20260905-06_結合用.csv 行2（9/6記号列）,騎手運勢2026.09.05.xlsx!2026.09.06 行3（B列=9/6記号・D列=名簿）[推:CSV行+1],,
2026-09-06,阪神,11,202609040211,16,タマモイカロス,0,池添謙一,池添謙一,素材一致,逆前方一致(池添),池添,一致,火星霊－,×,停止,×,運勢_20260905-06_結合用.csv 行16（9/6記号列）,騎手運勢2026.09.05.xlsx!2026.09.06 行17（B列=9/6記号・D列=名簿）[推:CSV行+1],,
2026-09-06,阪神,12,202609040212,1,モカラマーズ,0,松山弘平,松山弘平,素材一致,逆前方一致(松山),松山,一致,土星＋,◎,財成,◎,運勢_20260905-06_結合用.csv 行19（9/6記号列）,騎手運勢2026.09.05.xlsx!2026.09.06 行20（B列=9/6記号・D列=名簿）[推:CSV行+1],,
2026-09-06,阪神,12,202609040212,2,ヴリトラハン,0,川田将雅,川田将雅,素材一致,逆前方一致(川田),川田,一致,火星－,×,停止,×,運勢_20260905-06_結合用.csv 行14（9/6記号列）,騎手運勢2026.09.05.xlsx!2026.09.06 行15（B列=9/6記号・D列=名簿）[推:CSV行+1],,
2026-09-06,阪神,12,202609040212,3,ミルミナーヴァ,0,永島まな,永島まなみ,素材一致,前方一致(永島まなみ),永島まなみ,一致,土星＋,◎,財成,◎,運勢_20260905-06_結合用.csv 行19（9/6記号列）,騎手運勢2026.09.05.xlsx!2026.09.06 行20（B列=9/6記号・D列=名簿）[推:CSV行+1],,
2026-09-06,阪神,12,202609040212,4,ザックザク,0,西村淳也,西村淳也,素材一致,逆前方一致(西村淳),西村淳,一致,金星－,◎,安定,◎,運勢_20260905-06_結合用.csv 行2（9/6記号列）,騎手運勢2026.09.05.xlsx!2026.09.06 行3（B列=9/6記号・D列=名簿）[推:CSV行+1],,
2026-09-06,阪神,12,202609040212,5,スーパージョック,0,松若風馬,松若風馬,素材一致,逆前方一致(松若),松若,一致,天王星－,○,種子,○,運勢_20260905-06_結合用.csv 行22（9/6記号列）,騎手運勢2026.09.05.xlsx!2026.09.06 行23（B列=9/6記号・D列=名簿）[推:CSV行+1],,
2026-09-06,阪神,12,202609040212,6,ダイシンリンク,0,中井裕二,中井裕二,素材一致,逆前方一致(中井),中井,一致,金星霊－,◎◎,安定,◎◎,運勢_20260905-06_結合用.csv 行4（9/6記号列）,騎手運勢2026.09.05.xlsx!2026.09.06 行5（B列=9/6記号・D列=名簿）[推:CSV行+1],,
2026-09-06,阪神,12,202609040212,7,ポッドドンナー,0,吉村誠之,吉村誠之助,素材一致,逆前方一致(吉村),吉村,一致,天王星＋,○,緑生,○,運勢_20260905-06_結合用.csv 行23（9/6記号列）,騎手運勢2026.09.05.xlsx!2026.09.06 行24（B列=9/6記号・D列=名簿）[推:CSV行+1],,
2026-09-06,阪神,12,202609040212,8,アリエスキング,0,田口貫太,田口貫太,素材一致,逆前方一致(田口),田口,一致,水星－,◎◎,達成,◎◎,運勢_20260905-06_結合用.csv 行10（9/6記号列）,騎手運勢2026.09.05.xlsx!2026.09.06 行11（B列=9/6記号・D列=名簿）[推:CSV行+1],,
2026-09-06,阪神,12,202609040212,9,タマモナポリ,0,酒井学,酒井学,素材一致,逆前方一致(酒井),酒井,一致,木星＋,△,健弱,△,運勢_20260905-06_結合用.csv 行7（9/6記号列）,騎手運勢2026.09.05.xlsx!2026.09.06 行8（B列=9/6記号・D列=名簿）[推:CSV行+1],,
2026-09-06,阪神,12,202609040212,10,ピカラ,0,岩田望来,岩田望来,素材一致,逆前方一致(岩田望),岩田望,一致,火星＋,×,減退,×,運勢_20260905-06_結合用.csv 行15（9/6記号列）,騎手運勢2026.09.05.xlsx!2026.09.06 行16（B列=9/6記号・D列=名簿）[推:CSV行+1],,
2026-09-06,阪神,12,202609040212,11,ボルセーナ,0,Ｍ．デム,Ｍ．デムーロ,素材一致,前方一致・区切り無視(Mデムーロ),Mデムーロ,一致,金星－,◎,安定,◎,運勢_20260905-06_結合用.csv 行2（9/6記号列）,騎手運勢2026.09.05.xlsx!2026.09.06 行3（B列=9/6記号・D列=名簿）[推:CSV行+1],,
2026-09-06,阪神,12,202609040212,12,フェスティヴドレス,0,田山旺佑,田山旺佑,別ソース参照候補,[不足]_対応表に無い,,,,,,,,,木星＋/△ [要確認]_表記差(ブック=田山旺祐／DE=田山旺佑)。承認済み別名対応なし。自動結合していない,
2026-09-06,阪神,12,202609040212,13,フェンダー,0,幸英明,幸英明,素材一致,逆前方一致1字(幸),幸,一致,水星＋,△,乱気,△,運勢_20260905-06_結合用.csv 行11（9/6記号列）,騎手運勢2026.09.05.xlsx!2026.09.06 行12（B列=9/6記号・D列=名簿）[推:CSV行+1],,
2026-09-06,阪神,12,202609040212,14,モンシェリ,0,菱田裕二,菱田裕二,素材一致,逆前方一致(菱田),菱田,一致,木星＋,△,健弱,△,運勢_20260905-06_結合用.csv 行7（9/6記号列）,騎手運勢2026.09.05.xlsx!2026.09.06 行8（B列=9/6記号・D列=名簿）[推:CSV行+1],,
2026-09-06,阪神,12,202609040212,15,ランスオブセヘル,0,レーン,Ｄ．レーン,素材一致,完全一致,レーン,一致,水星＋,△,乱気,△,運勢_20260905-06_結合用.csv 行11（9/6記号列）,騎手運勢2026.09.05.xlsx!2026.09.06 行12（B列=9/6記号・D列=名簿）[推:CSV行+1],,
2026-09-06,阪神,12,202609040212,16,モズタチアガレ,0,田辺裕信,田辺裕信,素材一致,逆前方一致(田辺),田辺,一致,金星＋,×,陰影,×,運勢_20260905-06_結合用.csv 行3（9/6記号列）,騎手運勢2026.09.05.xlsx!2026.09.06 行4（B列=9/6記号・D列=名簿）[推:CSV行+1],,
